suite,instance,size_class,n,inst_seed,config,method,run,policy_seed,budget_s,Z_best,Z_init,routing,emission,split,cpu_s,wall_s,iters,routes,split_customers,extra_visits,max_util,demand_viol,cap_viol,n1_viol,n2_viol,dup_visit_viol,zero_qty_stops
family18,CSDVRP-L-n100-s4,L,100,4,base,Random-18,2,,35,2939.7173,3371.4529,2926.9364,12.7809,0.0,35.016,37.244,591,31,0,0,0.9976,0,0,0,0,0,0
family18,CSDVRP-S-n20-s0,S,20,0,base,Marginal-18,2,3,6,756.3441,835.2978,752.4896,3.8544,0.0,6.0,6.278,4336,7,0,0,0.9987,0,0,0,0,0,0
family18,CSDVRP-XL-n150-s3,XL,150,3,base,Fixed-dominant,6,,50,3905.1846,4237.9876,3889.6162,15.5684,0.0,50.0,53.313,1062,44,0,0,0.9967,0,0,0,0,0,0
family18,CSDVRP-L-n75-s3,L,75,3,base,Marginal-18,9,5,25,2113.9267,2332.9982,2078.3404,5.5863,30.0,25.0,26.341,940,24,1,2,1.0,0,0,0,0,0,0
family18,CSDVRP-M-n30-s2,M,30,2,base,Marginal-18,9,5,10,941.8994,1162.4183,938.9579,2.9414,0.0,10.0,10.276,2835,10,0,0,0.9865,0,0,0,0,0,0
family18,CSDVRP-S-n15-s0,S,15,0,base,VNS-18,9,,5,606.5233,666.3141,602.2712,4.2521,0.0,5.0,5.057,5882,5,0,0,0.9927,0,0,0,0,0,0
family18,CSDVRP-S-n20-s2,S,20,2,base,DRL-VNS18,5,1,6,670.1283,732.8183,667.0092,3.1191,0.0,6.0,6.072,3210,7,0,0,0.9933,0,0,0,0,0,0
family18,CSDVRP-S-n15-s1,S,15,1,base,Fixed-dominant,4,,5,599.6997,675.8866,596.1341,3.5656,0.0,5.0,5.106,5606,6,0,0,0.9,0,0,0,0,0,0
family18,CSDVRP-S-n10-s3,S,10,3,base,Fixed-dominant,4,,5,398.3226,456.2198,394.9219,3.4007,0.0,5.0,5.014,14493,3,0,0,0.9427,0,0,0,0,0,0
family18,CSDVRP-M-n30-s3,M,30,3,base,VNS-18,0,,10,981.4303,1099.7766,963.276,3.1544,15.0,10.0,10.592,4028,10,1,1,1.0,0,0,0,0,0,0
family18,CSDVRP-S-n10-s5,S,10,5,base,DRL-VNS18,2,3,5,454.5993,485.8354,450.6688,3.9305,0.0,5.0,5.1,5646,3,0,0,0.956,0,0,0,0,0,0
family18,CSDVRP-L-n100-s1,L,100,1,base,Marginal-18,7,3,35,2662.4017,3146.4881,2650.2376,12.1641,0.0,35.047,35.286,638,29,0,0,0.9984,0,0,0,0,0,0
family18,CSDVRP-S-n20-s3,S,20,3,base,VNS-18,7,,6,703.796,797.0264,684.6426,4.1534,15.0,6.0,6.007,4705,7,1,1,1.0,0,0,0,0,0,0
family18,CSDVRP-XL-n150-s4,XL,150,4,base,Marginal-18,0,1,50,4003.0613,4802.2805,3854.7831,13.2781,135.0,50.078,50.909,882,45,5,9,1.0,0,0,0,0,0,0
family18,CSDVRP-M-n50-s5,M,50,5,base,Random-18,9,,15,1675.388,1904.3598,1636.4389,8.9491,30.0,15.0,15.167,1745,15,1,2,1.0,0,0,0,0,0,0
family18,CSDVRP-S-n10-s1,S,10,1,base,Fixed-dominant,1,,5,426.2743,479.2322,408.8806,2.3938,15.0,5.0,5.073,11666,4,1,1,1.0,0,0,0,0,0,0
family18,CSDVRP-S-n20-s5,S,20,5,base,Marginal-18,0,1,6,763.1659,865.7,758.6853,4.4806,0.0,6.0,6.012,5226,7,0,0,0.9947,0,0,0,0,0,0
family18,CSDVRP-S-n15-s1,S,15,1,base,Roulette-18,0,,5,599.4153,675.8866,596.1341,3.2813,0.0,5.0,4.998,5525,6,0,0,0.9,0,0,0,0,0,0
family18,CSDVRP-L-n75-s5,L,75,5,base,Random-18,4,,25,2074.3153,2327.4464,2065.9905,8.3248,0.0,25.031,25.604,1059,22,0,0,0.9992,0,0,0,0,0,0
family18,CSDVRP-S-n12-s1,S,12,1,base,Random-18,0,,5,546.6653,602.7068,512.8082,3.8571,30.0,5.0,5.063,9090,4,2,2,1.0,0,0,0,0,0,0
family18,CSDVRP-M-n50-s2,M,50,2,base,Fixed-dominant,9,,15,1468.8703,1677.4231,1461.7612,7.1091,0.0,15.0,15.18,1803,16,0,0,0.9985,0,0,0,0,0,0
family18,CSDVRP-L-n75-s0,L,75,0,base,Random-18,7,,25,2409.9408,2688.4285,2401.1797,8.7611,0.0,25.0,25.231,1002,24,0,0,0.9984,0,0,0,0,0,0
family18,CSDVRP-M-n30-s2,M,30,2,base,Roulette-18,7,,10,941.0551,1162.4183,938.3163,2.7388,0.0,10.0,10.007,3359,10,0,0,0.9865,0,0,0,0,0,0
family18,CSDVRP-M-n30-s2,M,30,2,base,VNS-18,4,,10,950.8409,1162.4183,933.102,2.7389,15.0,10.0,10.029,3301,10,1,1,1.0,0,0,0,0,0,0
family18,CSDVRP-S-n15-s1,S,15,1,base,DRL-VNS18,6,2,5,599.6997,675.8866,596.1341,3.5656,0.0,5.0,5.07,3963,6,0,0,0.9,0,0,0,0,0,0
family18,CSDVRP-S-n10-s3,S,10,3,base,Roulette-18,3,,5,398.3934,456.2198,394.9219,3.4715,0.0,5.0,5.419,14144,3,0,0,0.9427,0,0,0,0,0,0
family18,CSDVRP-M-n30-s5,M,30,5,base,Fixed-dominant,4,,10,1130.6418,1247.2838,1123.3845,7.2574,0.0,10.0,10.122,4110,10,0,0,0.9905,0,0,0,0,0,0
family18,CSDVRP-S-n8-s5,S,8,5,base,Fixed-dominant,5,,5,423.2126,427.0275,419.9371,3.2754,0.0,5.0,5.045,17730,3,0,0,0.894,0,0,0,0,0,0
family18,CSDVRP-S-n10-s2,S,10,2,base,DRL-VNS18,4,5,5,391.6922,436.4179,389.0812,2.6111,0.0,5.0,5.135,6670,3,0,0,0.9787,0,0,0,0,0,0
family18,CSDVRP-S-n6-s2,S,6,2,base,VNS-18,8,,5,330.7872,334.9047,328.2873,2.4999,0.0,5.0,5.012,16697,3,0,0,0.8567,0,0,0,0,0,0
family18,CSDVRP-L-n100-s0,L,100,0,base,Random-18,1,,35,3097.2602,3458.8862,3083.25,14.0102,0.0,35.047,35.244,596,31,0,0,0.9988,0,0,0,0,0,0
family18,CSDVRP-S-n20-s4,S,20,4,base,Marginal-18,9,5,6,719.4697,798.0501,715.5041,3.9656,0.0,6.0,6.019,4667,7,0,0,0.986,0,0,0,0,0,0
family18,CSDVRP-M-n50-s1,M,50,1,base,Random-18,3,,15,1502.0976,1718.5004,1495.5816,6.5161,0.0,15.0,15.597,1697,15,0,0,0.9985,0,0,0,0,0,0
family18,CSDVRP-M-n30-s3,M,30,3,base,DRL-VNS18,9,5,10,969.1696,1099.7766,965.9069,3.2627,0.0,10.0,10.007,3309,10,0,0,0.988,0,0,0,0,0,0
family18,CSDVRP-S-n10-s5,S,10,5,base,Roulette-18,0,,5,454.5993,485.8354,450.6688,3.9305,0.0,5.0,5.028,10417,3,0,0,0.956,0,0,0,0,0,0
family18,CSDVRP-S-n10-s2,S,10,2,base,Marginal-18,9,5,5,391.6922,436.4179,389.0812,2.6111,0.0,5.0,5.014,14963,3,0,0,0.9787,0,0,0,0,0,0
family18,CSDVRP-L-n100-s1,L,100,1,base,Roulette-18,5,,35,2732.1553,3146.4881,2647.0379,10.1174,75.0,35.047,35.287,721,29,3,5,1.0,0,0,0,0,0,0
family18,CSDVRP-S-n20-s5,S,20,5,base,Random-18,4,,6,763.1659,865.7,758.6853,4.4806,0.0,6.0,6.021,5010,7,0,0,0.9947,0,0,0,0,0,0
family18,CSDVRP-L-n100-s3,L,100,3,base,Random-18,4,,35,2756.6223,3095.0715,2686.5758,10.0465,60.0,35.078,35.705,699,30,3,4,1.0,0,0,0,0,0,0
family18,CSDVRP-M-n50-s2,M,50,2,base,Random-18,7,,15,1467.8485,1677.4231,1462.0673,5.7812,0.0,15.0,15.039,1597,16,0,0,0.9985,0,0,0,0,0,0
family18,CSDVRP-S-n20-s5,S,20,5,base,Roulette-18,3,,6,763.1659,865.7,758.6853,4.4806,0.0,6.0,6.03,4989,7,0,0,0.9947,0,0,0,0,0,0
family18,CSDVRP-S-n20-s1,S,20,1,base,VNS-18,5,,6,785.2664,908.0268,780.5879,4.6785,0.0,6.0,6.045,4583,7,0,0,0.9833,0,0,0,0,0,0
family18,CSDVRP-L-n100-s5,L,100,5,base,VNS-18,1,,35,2590.4138,3154.3549,2548.1782,12.2356,30.0,35.0,35.544,724,30,1,2,1.0,0,0,0,0,0,0
family18,CSDVRP-L-n100-s2,L,100,2,base,Random-18,6,,35,2815.2739,3167.7225,2789.2095,11.0643,15.0,35.0,35.399,659,30,1,1,1.0,0,0,0,0,0,0
family18,CSDVRP-S-n10-s5,S,10,5,base,Roulette-18,1,,5,454.5993,485.8354,450.6688,3.9305,0.0,5.0,5.001,10510,3,0,0,0.956,0,0,0,0,0,0
family18,CSDVRP-L-n75-s0,L,75,0,base,Fixed-dominant,6,,25,2411.6233,2688.4285,2401.1797,10.4436,0.0,25.0,25.479,1046,24,0,0,0.9984,0,0,0,0,0,0
family18,CSDVRP-L-n75-s0,L,75,0,base,Roulette-18,4,,25,2425.8934,2688.4285,2401.7346,9.1588,15.0,25.0,25.337,1017,24,1,1,1.0,0,0,0,0,0,0
family18,CSDVRP-M-n50-s3,M,50,3,base,DRL-VNS18,8,4,15,1398.355,1746.7745,1392.5811,5.7739,0.0,15.0,15.134,1789,15,0,0,0.994,0,0,0,0,0,0
family18,CSDVRP-S-n10-s2,S,10,2,base,DRL-VNS18,0,1,5,391.6922,436.4179,389.0812,2.6111,0.0,5.0,5.017,6582,3,0,0,0.9787,0,0,0,0,0,0
family18,CSDVRP-S-n6-s5,S,6,5,base,Fixed-dominant,0,,5,347.3173,347.7063,345.0582,2.2591,0.0,5.0,5.076,22223,3,0,0,0.9907,0,0,0,0,0,0
family18,CSDVRP-L-n75-s3,L,75,3,base,Marginal-18,0,1,25,2114.5415,2332.9982,2078.8836,5.6578,30.0,25.016,25.091,1063,24,1,2,1.0,0,0,0,0,0,0
family18,CSDVRP-S-n8-s5,S,8,5,base,Fixed-dominant,8,,5,423.2126,427.0275,419.9371,3.2754,0.0,5.0,5.5,19073,3,0,0,0.894,0,0,0,0,0,0
family18,CSDVRP-S-n20-s3,S,20,3,base,DRL-VNS18,1,2,6,709.2782,797.0264,704.645,4.6332,0.0,6.0,6.027,3688,7,0,0,0.994,0,0,0,0,0,0
family18,CSDVRP-M-n30-s5,M,30,5,base,DRL-VNS18,1,2,10,1128.7287,1247.2838,1123.3845,5.3443,0.0,10.0,10.075,3554,10,0,0,0.9905,0,0,0,0,0,0
family18,CSDVRP-M-n30-s2,M,30,2,base,Fixed-dominant,8,,10,941.7654,1162.4183,938.3163,3.4491,0.0,10.0,10.107,3383,10,0,0,0.9865,0,0,0,0,0,0
family18,CSDVRP-L-n100-s4,L,100,4,base,Fixed-dominant,0,,35,2953.233,3371.4529,2940.1488,13.0842,0.0,35.047,35.264,756,31,0,0,0.9976,0,0,0,0,0,0
family18,CSDVRP-S-n6-s2,S,6,2,base,VNS-18,7,,5,330.7872,334.9047,328.2873,2.4999,0.0,5.0,5.041,18129,3,0,0,0.8567,0,0,0,0,0,0
family18,CSDVRP-XL-n150-s1,XL,150,1,base,Random-18,3,,50,4255.1982,4744.1508,4237.0757,18.1225,0.0,50.0,50.762,955,44,0,0,1.0,0,0,0,0,0,0
family18,CSDVRP-S-n15-s2,S,15,2,base,Roulette-18,7,,5,604.4369,645.109,602.0225,2.4144,0.0,5.0,5.016,5801,6,0,0,0.9953,0,0,0,0,0,0
family18,CSDVRP-M-n50-s2,M,50,2,base,DRL-VNS18,2,3,15,1468.7702,1677.4231,1461.7612,7.009,0.0,15.0,15.096,1413,16,0,0,0.9985,0,0,0,0,0,0
family18,CSDVRP-S-n15-s2,S,15,2,base,VNS-18,0,,5,604.4369,645.109,602.0225,2.4144,0.0,5.0,5.007,6040,6,0,0,0.9953,0,0,0,0,0,0
family18,CSDVRP-CS-Riyadh,case,30,0,base,Roulette-18,3,,30,416.3117,711.0291,411.6246,4.6871,0.0,30.0,30.68,14565,4,0,0,0.986,0,0,0,0,0,0
family18,CSDVRP-L-n75-s1,L,75,1,base,Marginal-18,2,3,25,2096.6037,2408.8056,2059.7734,6.8303,30.0,25.0,25.209,949,23,2,2,1.0,0,0,0,0,0,0
family18,CSDVRP-L-n100-s2,L,100,2,base,VNS-18,3,,35,2800.809,3167.7225,2790.1018,10.7072,0.0,35.0,35.564,692,30,0,0,0.9972,0,0,0,0,0,0
family18,CSDVRP-M-n50-s1,M,50,1,base,Roulette-18,1,,15,1533.0754,1718.5004,1497.946,5.1293,30.0,15.0,15.221,1755,15,2,2,1.0,0,0,0,0,0,0
family18,CSDVRP-XL-n150-s5,XL,150,5,base,Roulette-18,2,,50,3863.3332,4291.4727,3845.2603,18.0729,0.0,50.016,50.468,842,45,0,0,0.999,0,0,0,0,0,0
family18,CSDVRP-M-n30-s0,M,30,0,base,Marginal-18,9,5,10,1110.5393,1303.6377,1091.4559,4.0833,15.0,10.0,10.493,3720,11,1,1,0.997,0,0,0,0,0,0
family18,CSDVRP-S-n12-s2,S,12,2,base,VNS-18,4,,5,460.175,518.4642,458.0808,2.0942,0.0,5.0,5.122,12747,4,0,0,0.998,0,0,0,0,0,0
family18,CSDVRP-M-n30-s5,M,30,5,base,Fixed-dominant,9,,10,1130.6418,1247.2838,1123.3845,7.2574,0.0,10.0,10.092,4137,10,0,0,0.9905,0,0,0,0,0,0
family18,CSDVRP-L-n75-s5,L,75,5,base,Marginal-18,5,1,25,2119.4994,2327.4464,2111.5077,7.9917,0.0,25.016,25.34,1008,23,0,0,0.9944,0,0,0,0,0,0
family18,CSDVRP-CS-Riyadh,case,30,0,base,Roulette-18,5,,30,420.1501,711.0291,414.0897,6.0604,0.0,30.0,30.2,11936,4,0,0,0.982,0,0,0,0,0,0
family18,CSDVRP-S-n6-s2,S,6,2,base,Marginal-18,1,2,5,330.2083,334.9047,328.2873,1.921,0.0,5.0,5.279,18547,3,0,0,0.8567,0,0,0,0,0,0
family18,CSDVRP-S-n6-s4,S,6,4,base,VNS-18,2,,5,307.1905,316.7228,305.135,2.0555,0.0,5.0,5.248,18396,3,0,0,0.906,0,0,0,0,0,0
family18,CSDVRP-S-n20-s5,S,20,5,base,Roulette-18,4,,6,763.1659,865.7,758.6853,4.4806,0.0,6.0,6.153,5203,7,0,0,0.9947,0,0,0,0,0,0
family18,CSDVRP-L-n75-s5,L,75,5,base,VNS-18,7,,25,2112.0751,2327.4464,2089.6638,7.4112,15.0,25.0,25.164,1030,23,1,1,1.0,0,0,0,0,0,0
family18,CSDVRP-S-n6-s3,S,6,3,base,Marginal-18,0,1,5,230.2731,253.5784,228.5871,1.686,0.0,5.0,5.051,25126,2,0,0,0.9873,0,0,0,0,0,0
family18,CSDVRP-S-n10-s4,S,10,4,base,Fixed-dominant,8,,5,387.4582,460.8567,384.9244,2.5338,0.0,5.0,5.076,14925,3,0,0,0.98,0,0,0,0,0,0
family18,CSDVRP-L-n75-s2,L,75,2,base,Marginal-18,2,3,25,2134.898,2442.0216,2124.3066,10.5914,0.0,25.0,25.178,1025,22,0,0,0.9996,0,0,0,0,0,0
family18,CSDVRP-S-n8-s4,S,8,4,base,Fixed-dominant,2,,5,359.1905,397.2233,357.0731,2.1174,0.0,5.0,5.067,16219,3,0,0,0.8793,0,0,0,0,0,0
family18,CSDVRP-XL-n150-s3,XL,150,3,base,Random-18,4,,50,3809.216,4237.9876,3791.9734,17.2426,0.0,50.109,50.83,809,43,0,0,0.9983,0,0,0,0,0,0
family18,CSDVRP-L-n75-s2,L,75,2,base,Random-18,0,,25,2117.8871,2442.0216,2109.5928,8.2943,0.0,25.016,25.184,1022,22,0,0,0.9988,0,0,0,0,0,0
family18,CSDVRP-S-n15-s4,S,15,4,base,Roulette-18,0,,5,585.7427,624.2332,582.2908,3.4519,0.0,5.0,5.54,7170,6,0,0,0.9347,0,0,0,0,0,0
family18,CSDVRP-S-n10-s3,S,10,3,base,Marginal-18,9,5,5,398.3934,456.2198,394.9219,3.4715,0.0,5.0,5.342,13623,3,0,0,0.9427,0,0,0,0,0,0
family18,CSDVRP-S-n8-s4,S,8,4,base,DRL-VNS18,0,1,5,359.1905,397.2233,357.0731,2.1174,0.0,5.0,5.044,6451,3,0,0,0.8793,0,0,0,0,0,0
family18,CSDVRP-M-n50-s5,M,50,5,base,Random-18,2,,15,1661.8866,1904.3598,1624.0543,7.8323,30.0,15.0,15.114,1723,15,1,2,1.0,0,0,0,0,0,0
family18,CSDVRP-XL-n150-s2,XL,150,2,base,Marginal-18,3,4,50,3996.194,4545.4892,3978.4921,17.702,0.0,50.016,50.416,920,45,0,0,1.0,0,0,0,0,0,0
family18,CSDVRP-S-n12-s2,S,12,2,base,Marginal-18,6,2,5,460.175,518.4642,458.0808,2.0942,0.0,5.0,5.07,12746,4,0,0,0.998,0,0,0,0,0,0
family18,CSDVRP-L-n100-s2,L,100,2,base,Marginal-18,6,2,35,2799.3919,3167.7225,2788.4431,10.9488,0.0,35.047,35.395,744,30,0,0,0.9972,0,0,0,0,0,0
family18,CSDVRP-M-n30-s5,M,30,5,base,VNS-18,4,,10,1109.9995,1247.2838,1089.8435,5.1561,15.0,10.0,10.023,3632,10,1,1,1.0,0,0,0,0,0,0
family18,CSDVRP-S-n10-s2,S,10,2,base,DRL-VNS18,9,5,5,391.6922,436.4179,389.0812,2.6111,0.0,5.0,5.01,6534,3,0,0,0.9787,0,0,0,0,0,0
family18,CSDVRP-S-n10-s1,S,10,1,base,DRL-VNS18,9,5,5,394.7924,479.2322,392.2685,2.5239,0.0,5.0,5.075,5071,4,0,0,0.9253,0,0,0,0,0,0
family18,CSDVRP-S-n6-s5,S,6,5,base,Roulette-18,6,,5,347.3173,347.7063,345.0582,2.2591,0.0,5.0,5.029,20864,3,0,0,0.9907,0,0,0,0,0,0
family18,CSDVRP-M-n30-s3,M,30,3,base,VNS-18,6,,10,970.8464,1099.7766,968.1897,2.6567,0.0,10.0,10.076,3456,10,0,0,0.9975,0,0,0,0,0,0
family18,CSDVRP-M-n30-s4,M,30,4,base,VNS-18,1,,10,943.3935,1151.8487,923.7915,4.602,15.0,10.0,10.484,3593,10,1,1,1.0,0,0,0,0,0,0
family18,CSDVRP-L-n100-s2,L,100,2,base,Random-18,1,,35,2853.2677,3167.7225,2811.7932,11.4745,30.0,35.0,35.204,591,30,1,2,1.0,0,0,0,0,0,0
family18,CSDVRP-XL-n150-s1,XL,150,1,base,Roulette-18,4,,50,4344.3724,4744.1508,4182.4479,11.9245,150.0,50.0,50.755,966,45,5,10,1.0,0,0,0,0,0,0
family18,CSDVRP-S-n15-s1,S,15,1,base,DRL-VNS18,2,3,5,599.4153,675.8866,596.1341,3.2813,0.0,5.0,5.046,3760,6,0,0,0.9,0,0,0,0,0,0
family18,CSDVRP-XL-n150-s4,XL,150,4,base,Roulette-18,0,,50,3970.3302,4802.2805,3808.657,11.6732,150.0,50.094,50.57,899,44,7,10,1.0,0,0,0,0,0,0
family18,CSDVRP-L-n75-s2,L,75,2,base,Roulette-18,1,,25,2103.2576,2442.0216,2093.2529,10.0047,0.0,25.0,25.57,1127,23,0,0,0.9936,0,0,0,0,0,0
family18,CSDVRP-S-n12-s5,S,12,5,base,DRL-VNS18,0,1,5,521.0601,535.5205,517.6832,3.3769,0.0,5.0,5.021,5100,4,0,0,0.978,0,0,0,0,0,0
family18,CSDVRP-M-n50-s3,M,50,3,base,Roulette-18,3,,15,1426.1546,1746.7745,1405.4051,5.7495,15.0,15.031,15.171,1734,15,1,1,1.0,0,0,0,0,0,0
family18,CSDVRP-S-n6-s4,S,6,4,base,VNS-18,3,,5,307.3738,316.7228,305.135,2.2389,0.0,5.0,5.028,17031,3,0,0,0.906,0,0,0,0,0,0
family18,CSDVRP-L-n100-s4,L,100,4,base,Roulette-18,0,,35,2997.852,3371.4529,2910.5838,12.2682,75.0,35.016,35.477,712,30,3,5,1.0,0,0,0,0,0,0
family18,CSDVRP-S-n6-s4,S,6,4,base,Roulette-18,5,,5,307.3738,316.7228,305.135,2.2389,0.0,5.0,5.08,16585,3,0,0,0.906,0,0,0,0,0,0
family18,CSDVRP-L-n75-s3,L,75,3,base,Roulette-18,5,,25,2087.6105,2332.9982,2067.8315,4.779,15.0,25.0,25.228,1119,24,1,1,1.0,0,0,0,0,0,0
family18,CSDVRP-M-n50-s2,M,50,2,base,DRL-VNS18,5,1,15,1467.9434,1677.4231,1462.0673,5.8761,0.0,15.0,15.071,1454,16,0,0,0.9985,0,0,0,0,0,0
family18,CSDVRP-L-n75-s5,L,75,5,base,DRL-VNS18,7,3,25,2080.9316,2327.4464,2071.6413,9.2903,0.0,25.031,25.167,997,22,0,0,0.9864,0,0,0,0,0,0
family18,CSDVRP-S-n12-s4,S,12,4,base,DRL-VNS18,9,5,5,487.5063,536.3904,484.4937,3.0126,0.0,5.0,5.754,5964,4,0,0,0.9867,0,0,0,0,0,0
family18,CSDVRP-S-n6-s4,S,6,4,base,VNS-18,5,,5,307.3738,316.7228,305.135,2.2389,0.0,5.0,5.28,17817,3,0,0,0.906,0,0,0,0,0,0
family18,CSDVRP-S-n10-s3,S,10,3,base,Marginal-18,2,3,5,398.3934,456.2198,394.9219,3.4715,0.0,5.0,5.06,12754,3,0,0,0.9427,0,0,0,0,0,0
family18,CSDVRP-XL-n150-s2,XL,150,2,base,VNS-18,3,,50,4019.106,4545.4892,3960.4848,13.6212,45.0,50.047,50.412,912,45,2,3,1.0,0,0,0,0,0,0
family18,CSDVRP-S-n8-s3,S,8,3,base,Roulette-18,0,,5,339.8466,351.7127,337.5902,2.2564,0.0,5.0,5.051,14668,3,0,0,0.9567,0,0,0,0,0,0
family18,CSDVRP-L-n100-s0,L,100,0,base,Marginal-18,2,3,35,3088.3951,3458.8862,3028.263,15.132,45.0,35.047,35.725,597,31,2,3,1.0,0,0,0,0,0,0
family18,CSDVRP-L-n75-s5,L,75,5,base,Fixed-dominant,9,,25,2110.0034,2327.4464,2101.1278,8.8756,0.0,25.0,25.173,1090,23,0,0,1.0,0,0,0,0,0,0
family18,CSDVRP-S-n8-s5,S,8,5,base,Marginal-18,7,3,5,423.2126,427.0275,419.9371,3.2754,0.0,5.0,5.017,13172,3,0,0,0.894,0,0,0,0,0,0
family18,CSDVRP-L-n100-s3,L,100,3,base,Random-18,3,,35,2712.2733,3095.0715,2701.2053,11.068,0.0,35.0,35.347,624,31,0,0,1.0,0,0,0,0,0,0
family18,CSDVRP-S-n10-s5,S,10,5,base,DRL-VNS18,7,3,5,454.5993,485.8354,450.6688,3.9305,0.0,5.0,5.006,5643,3,0,0,0.956,0,0,0,0,0,0
family18,CSDVRP-S-n6-s5,S,6,5,base,Marginal-18,5,1,5,347.3173,347.7063,345.0582,2.2591,0.0,5.0,5.044,21316,3,0,0,0.9907,0,0,0,0,0,0
family18,CSDVRP-XL-n150-s1,XL,150,1,base,Roulette-18,6,,50,4239.5204,4744.1508,4221.133,18.3874,0.0,50.016,50.202,877,44,0,0,0.9993,0,0,0,0,0,0
family18,CSDVRP-S-n8-s2,S,8,2,base,Roulette-18,0,,5,344.8888,398.3755,342.4078,2.481,0.0,5.0,5.464,16492,3,0,0,0.8753,0,0,0,0,0,0
family18,CSDVRP-S-n10-s2,S,10,2,base,VNS-18,0,,5,391.6922,436.4179,389.0812,2.6111,0.0,5.0,5.077,15509,3,0,0,0.9787,0,0,0,0,0,0
family18,CSDVRP-S-n6-s2,S,6,2,base,DRL-VNS18,2,3,5,330.7872,334.9047,328.2873,2.4999,0.0,5.0,5.136,6977,3,0,0,0.8567,0,0,0,0,0,0
family18,CSDVRP-S-n15-s0,S,15,0,base,Random-18,4,,5,606.5233,666.3141,602.2712,4.2521,0.0,5.0,4.999,6816,5,0,0,0.9927,0,0,0,0,0,0
family18,CSDVRP-M-n30-s5,M,30,5,base,Roulette-18,0,,10,1128.5178,1247.2838,1123.3845,5.1334,0.0,10.0,10.033,3830,10,0,0,0.9905,0,0,0,0,0,0
family18,CSDVRP-S-n8-s2,S,8,2,base,Marginal-18,2,3,5,344.8888,398.3755,342.4078,2.481,0.0,5.0,5.039,14990,3,0,0,0.8753,0,0,0,0,0,0
family18,CSDVRP-L-n100-s5,L,100,5,base,VNS-18,2,,35,2623.3369,3154.3549,2567.1844,11.1525,45.0,35.0,35.362,702,30,2,3,1.0,0,0,0,0,0,0
family18,CSDVRP-L-n100-s3,L,100,3,base,Marginal-18,6,2,35,2738.6858,3095.0715,2697.6458,11.04,30.0,35.078,36.141,735,30,1,2,1.0,0,0,0,0,0,0
family18,CSDVRP-M-n50-s2,M,50,2,base,DRL-VNS18,7,3,15,1468.9028,1677.4231,1461.7612,7.1416,0.0,15.0,15.06,1585,16,0,0,0.9985,0,0,0,0,0,0
family18,CSDVRP-S-n20-s1,S,20,1,base,Marginal-18,2,3,6,785.2664,908.0268,780.5879,4.6785,0.0,6.0,6.034,4601,7,0,0,0.9833,0,0,0,0,0,0
family18,CSDVRP-S-n8-s1,S,8,1,base,VNS-18,3,,5,335.8429,376.3954,333.6723,2.1706,0.0,5.0,5.061,16684,3,0,0,0.9073,0,0,0,0,0,0
family18,CSDVRP-S-n6-s3,S,6,3,base,Roulette-18,3,,5,230.2731,253.5784,228.5871,1.686,0.0,5.0,4.998,24395,2,0,0,0.9873,0,0,0,0,0,0
family18,CSDVRP-S-n20-s2,S,20,2,base,Marginal-18,3,4,6,670.121,732.8183,667.0092,3.1118,0.0,6.0,6.107,4513,7,0,0,0.9933,0,0,0,0,0,0
family18,CSDVRP-S-n8-s1,S,8,1,base,VNS-18,1,,5,335.8429,376.3954,333.6723,2.1706,0.0,5.0,4.999,16561,3,0,0,0.9073,0,0,0,0,0,0
family18,CSDVRP-S-n20-s2,S,20,2,base,DRL-VNS18,1,2,6,670.1283,732.8183,667.0092,3.1191,0.0,6.0,6.059,3561,7,0,0,0.9933,0,0,0,0,0,0
family18,CSDVRP-M-n30-s3,M,30,3,base,Fixed-dominant,6,,10,970.2197,1099.7766,965.9069,4.3128,0.0,10.0,10.389,3886,10,0,0,0.988,0,0,0,0,0,0
family18,CSDVRP-L-n75-s5,L,75,5,base,Roulette-18,7,,25,2108.3918,2327.4464,2101.3907,7.0011,0.0,25.0,25.285,1141,23,0,0,0.9944,0,0,0,0,0,0
family18,CSDVRP-S-n6-s2,S,6,2,base,Roulette-18,6,,5,330.7872,334.9047,328.2873,2.4999,0.0,5.0,5.022,16293,3,0,0,0.8567,0,0,0,0,0,0
family18,CSDVRP-L-n100-s2,L,100,2,base,Fixed-dominant,6,,35,2798.3453,3167.7225,2782.695,15.6503,0.0,35.016,35.3,755,30,0,0,0.9916,0,0,0,0,0,0
family18,CSDVRP-S-n20-s0,S,20,0,base,DRL-VNS18,0,1,6,756.3441,835.2978,752.4896,3.8544,0.0,6.0,6.382,3653,7,0,0,0.9987,0,0,0,0,0,0
family18,CSDVRP-M-n30-s3,M,30,3,base,Roulette-18,6,,10,969.5566,1099.7766,965.9069,3.6497,0.0,10.0,10.169,3719,10,0,0,0.988,0,0,0,0,0,0
family18,CSDVRP-M-n50-s5,M,50,5,base,Fixed-dominant,7,,15,1617.5296,1904.3598,1608.1915,9.3381,0.0,15.0,15.096,1777,15,0,0,1.0,0,0,0,0,0,0
family18,CSDVRP-S-n20-s4,S,20,4,base,Marginal-18,5,1,6,719.4697,798.0501,715.5041,3.9656,0.0,6.0,6.072,4420,7,0,0,0.986,0,0,0,0,0,0
family18,CSDVRP-S-n8-s3,S,8,3,base,Fixed-dominant,8,,5,339.8466,351.7127,337.5902,2.2564,0.0,5.0,5.588,13771,3,0,0,0.9567,0,0,0,0,0,0
family18,CSDVRP-XL-n150-s5,XL,150,5,base,Random-18,5,,50,3933.7112,4291.4727,3842.6433,16.0679,75.0,50.016,50.832,846,44,3,5,1.0,0,0,0,0,0,0
family18,CSDVRP-S-n10-s1,S,10,1,base,VNS-18,8,,5,394.7924,479.2322,392.2685,2.5239,0.0,5.0,5.085,8530,4,0,0,0.9253,0,0,0,0,0,0
family18,CSDVRP-M-n30-s2,M,30,2,base,DRL-VNS18,5,1,10,941.6665,1162.4183,938.3163,3.3502,0.0,10.0,10.042,2713,10,0,0,0.9865,0,0,0,0,0,0
family18,CSDVRP-S-n8-s3,S,8,3,base,Fixed-dominant,2,,5,339.8466,351.7127,337.5902,2.2564,0.0,5.0,5.121,15507,3,0,0,0.9567,0,0,0,0,0,0
family18,CSDVRP-M-n30-s1,M,30,1,base,Roulette-18,5,,10,1083.2436,1231.1888,1049.2221,4.0214,30.0,10.0,10.078,3059,10,2,2,1.0,0,0,0,0,0,0
family18,CSDVRP-M-n50-s4,M,50,4,base,Roulette-18,6,,15,1643.3523,1919.2804,1622.4377,5.9147,15.0,15.0,15.077,1752,16,1,1,1.0,0,0,0,0,0,0
family18,CSDVRP-M-n50-s1,M,50,1,base,Roulette-18,2,,15,1525.7684,1718.5004,1505.4401,5.3283,15.0,15.016,15.153,1643,16,1,1,1.0,0,0,0,0,0,0
family18,CSDVRP-S-n10-s4,S,10,4,base,Roulette-18,6,,5,387.4582,460.8567,384.9244,2.5338,0.0,5.0,5.026,13531,3,0,0,0.98,0,0,0,0,0,0
family18,CSDVRP-S-n6-s3,S,6,3,base,Random-18,3,,5,230.2731,253.5784,228.5871,1.686,0.0,5.0,5.64,29355,2,0,0,0.9873,0,0,0,0,0,0
family18,CSDVRP-S-n12-s5,S,12,5,base,Fixed-dominant,5,,5,521.0601,535.5205,517.6832,3.3769,0.0,5.0,5.059,9885,4,0,0,0.978,0,0,0,0,0,0
family18,CSDVRP-M-n50-s2,M,50,2,base,Marginal-18,4,5,15,1502.9792,1677.4231,1466.3179,6.6613,30.0,15.0,15.08,1766,16,1,2,1.0,0,0,0,0,0,0
family18,CSDVRP-M-n50-s0,M,50,0,base,Fixed-dominant,8,,15,1704.6414,1986.2853,1698.6227,6.0187,0.0,15.0,15.119,1872,16,0,0,0.991,0,0,0,0,0,0
family18,CSDVRP-L-n75-s4,L,75,4,base,Marginal-18,3,4,25,2235.5475,2460.454,2227.042,8.5055,0.0,25.016,25.158,991,24,0,0,0.9996,0,0,0,0,0,0
family18,CSDVRP-S-n10-s1,S,10,1,base,Random-18,5,,5,412.7783,479.2322,395.3076,2.4708,15.0,5.0,5.01,9074,4,1,1,0.9433,0,0,0,0,0,0
family18,CSDVRP-L-n100-s3,L,100,3,base,Roulette-18,3,,35,2744.7399,3095.0715,2704.9101,9.8299,30.0,35.0,35.529,722,31,1,2,1.0,0,0,0,0,0,0
family18,CSDVRP-M-n30-s0,M,30,0,base,Marginal-18,1,2,10,1092.9389,1303.6377,1089.1614,3.7775,0.0,10.0,10.107,3333,11,0,0,0.997,0,0,0,0,0,0
family18,CSDVRP-S-n12-s2,S,12,2,base,Roulette-18,6,,5,460.175,518.4642,458.0808,2.0942,0.0,5.0,5.059,11937,4,0,0,0.998,0,0,0,0,0,0
family18,CSDVRP-M-n30-s3,M,30,3,base,VNS-18,2,,10,969.1696,1099.7766,965.9069,3.2627,0.0,10.0,10.045,3825,10,0,0,0.988,0,0,0,0,0,0
family18,CSDVRP-S-n15-s0,S,15,0,base,Random-18,2,,5,606.5233,666.3141,602.2712,4.2521,0.0,5.0,5.045,6964,5,0,0,0.9927,0,0,0,0,0,0
family18,CSDVRP-S-n10-s3,S,10,3,base,Fixed-dominant,5,,5,420.1822,456.2198,416.4464,3.7358,0.0,5.0,5.107,15686,3,0,0,0.9593,0,0,0,0,0,0
family18,CSDVRP-L-n100-s0,L,100,0,base,Roulette-18,6,,35,3223.6437,3458.8862,3120.2959,13.3478,90.0,35.016,35.794,603,31,3,6,1.0,0,0,0,0,0,0
family18,CSDVRP-XL-n150-s3,XL,150,3,base,Fixed-dominant,3,,50,3854.4748,4237.9876,3838.6991,15.7757,0.0,50.031,50.358,1196,44,0,0,0.9993,0,0,0,0,0,0
family18,CSDVRP-S-n6-s1,S,6,1,base,Fixed-dominant,5,,5,341.7876,362.2464,340.1093,1.6783,0.0,5.0,5.026,22019,3,0,0,0.926,0,0,0,0,0,0
family18,CSDVRP-L-n75-s0,L,75,0,base,Roulette-18,7,,25,2409.8328,2688.4285,2401.1797,8.6531,0.0,25.0,25.858,1090,24,0,0,0.9984,0,0,0,0,0,0
family18,CSDVRP-CS-Riyadh,case,30,0,base,VNS-18,0,,30,420.0991,711.0291,414.0897,6.0094,0.0,30.0,30.37,12536,4,0,0,0.982,0,0,0,0,0,0
family18,CSDVRP-M-n50-s0,M,50,0,base,Random-18,8,,15,1713.5095,1986.2853,1707.0241,6.4855,0.0,15.0,15.069,1841,16,0,0,0.986,0,0,0,0,0,0
family18,CSDVRP-S-n20-s3,S,20,3,base,Fixed-dominant,7,,6,691.2399,797.0264,687.1116,4.1284,0.0,6.0,5.991,5831,7,0,0,0.9707,0,0,0,0,0,0
family18,CSDVRP-S-n20-s3,S,20,3,base,VNS-18,4,,6,727.4957,797.0264,693.2198,4.2759,30.0,6.0,6.483,4846,7,2,2,0.9833,0,0,0,0,0,0
family18,CSDVRP-S-n10-s4,S,10,4,base,DRL-VNS18,6,2,5,387.4582,460.8567,384.9244,2.5338,0.0,5.0,5.152,6593,3,0,0,0.98,0,0,0,0,0,0
family18,CSDVRP-XL-n150-s3,XL,150,3,base,DRL-VNS18,6,2,50,3801.8505,4237.9876,3784.9094,16.941,0.0,50.125,50.583,989,43,0,0,0.9983,0,0,0,0,0,0
family18,CSDVRP-S-n20-s5,S,20,5,base,VNS-18,2,,6,763.1659,865.7,758.6853,4.4806,0.0,6.0,6.003,5140,7,0,0,0.9947,0,0,0,0,0,0
family18,CSDVRP-M-n50-s2,M,50,2,base,DRL-VNS18,3,4,15,1471.2989,1677.4231,1465.5918,5.7072,0.0,15.0,15.513,1724,16,0,0,0.9985,0,0,0,0,0,0
family18,CSDVRP-S-n6-s5,S,6,5,base,Random-18,2,,5,347.3173,347.7063,345.0582,2.2591,0.0,5.0,5.107,22509,3,0,0,0.9907,0,0,0,0,0,0
family18,CSDVRP-S-n6-s1,S,6,1,base,Fixed-dominant,7,,5,341.7876,362.2464,340.1093,1.6783,0.0,5.0,5.029,22135,3,0,0,0.926,0,0,0,0,0,0
family18,CSDVRP-S-n6-s1,S,6,1,base,DRL-VNS18,6,2,5,341.7876,362.2464,340.1093,1.6783,0.0,5.0,5.045,7247,3,0,0,0.926,0,0,0,0,0,0
family18,CSDVRP-XL-n150-s5,XL,150,5,base,VNS-18,8,,50,3859.8307,4291.4727,3812.7012,17.1295,30.0,50.0,50.25,928,44,1,2,1.0,0,0,0,0,0,0
family18,CSDVRP-L-n75-s2,L,75,2,base,Random-18,1,,25,2102.6813,2442.0216,2093.08,9.6013,0.0,25.016,25.821,985,23,0,0,0.9932,0,0,0,0,0,0
family18,CSDVRP-S-n15-s3,S,15,3,base,Fixed-dominant,6,,5,601.4006,692.2972,597.8561,3.5445,0.0,5.0,5.015,6550,6,0,0,0.998,0,0,0,0,0,0
family18,CSDVRP-S-n12-s3,S,12,3,base,VNS-18,0,,5,522.4878,589.3086,503.6872,3.8005,15.0,5.0,5.013,10958,4,1,1,1.0,0,0,0,0,0,0
family18,CSDVRP-M-n50-s0,M,50,0,base,Random-18,7,,15,1704.9129,1986.2853,1698.6227,6.2903,0.0,15.0,15.272,1819,16,0,0,0.991,0,0,0,0,0,0
family18,CSDVRP-S-n12-s2,S,12,2,base,DRL-VNS18,9,5,5,460.175,518.4642,458.0808,2.0942,0.0,5.0,5.113,5647,4,0,0,0.998,0,0,0,0,0,0
family18,CSDVRP-S-n8-s3,S,8,3,base,Fixed-dominant,3,,5,339.8466,351.7127,337.5902,2.2564,0.0,5.0,5.075,15121,3,0,0,0.9567,0,0,0,0,0,0
family18,CSDVRP-S-n12-s3,S,12,3,base,VNS-18,3,,5,522.4878,589.3086,503.6872,3.8005,15.0,5.0,5.062,10393,4,1,1,1.0,0,0,0,0,0,0
family18,CSDVRP-S-n15-s2,S,15,2,base,Random-18,9,,5,604.4369,645.109,602.0225,2.4144,0.0,5.0,5.06,6095,6,0,0,0.9953,0,0,0,0,0,0
family18,CSDVRP-L-n75-s5,L,75,5,base,DRL-VNS18,0,1,25,2074.8615,2327.4464,2066.2991,8.5623,0.0,25.0,25.847,1062,22,0,0,0.9864,0,0,0,0,0,0
family18,CSDVRP-M-n30-s5,M,30,5,base,Roulette-18,9,,10,1128.6575,1247.2838,1123.3823,5.2752,0.0,10.0,10.021,3861,10,0,0,0.9905,0,0,0,0,0,0
family18,CSDVRP-S-n15-s0,S,15,0,base,Fixed-dominant,9,,5,607.3126,666.3141,602.2712,5.0414,0.0,5.0,4.998,8256,5,0,0,0.9927,0,0,0,0,0,0
family18,CSDVRP-M-n50-s5,M,50,5,base,Random-18,5,,15,1612.2779,1904.3598,1603.9005,8.3773,0.0,15.0,15.123,1813,15,0,0,0.9985,0,0,0,0,0,0
family18,CSDVRP-CS-Riyadh,case,30,0,base,Marginal-18,6,2,30,424.5677,711.0291,419.1337,5.4341,0.0,30.0,30.154,14372,4,0,0,0.982,0,0,0,0,0,0
family18,CSDVRP-L-n100-s1,L,100,1,base,Marginal-18,2,3,35,2655.268,3146.4881,2643.5759,11.6921,0.0,35.031,35.702,642,29,0,0,0.9988,0,0,0,0,0,0
family18,CSDVRP-M-n30-s5,M,30,5,base,Roulette-18,6,,10,1128.5178,1247.2838,1123.3845,5.1334,0.0,10.0,10.042,3944,10,0,0,0.9905,0,0,0,0,0,0
family18,CSDVRP-S-n10-s1,S,10,1,base,Random-18,6,,5,394.7924,479.2322,392.2685,2.5239,0.0,5.0,5.029,9139,4,0,0,0.9253,0,0,0,0,0,0
family18,CSDVRP-M-n50-s0,M,50,0,base,Roulette-18,9,,15,1712.89,1986.2853,1705.7308,7.1592,0.0,15.0,15.123,1832,16,0,0,0.986,0,0,0,0,0,0
family18,CSDVRP-XL-n150-s5,XL,150,5,base,Random-18,2,,50,3930.0345,4291.4727,3913.819,16.2154,0.0,50.016,50.817,791,46,0,0,0.999,0,0,0,0,0,0
family18,CSDVRP-S-n6-s1,S,6,1,base,Marginal-18,4,5,5,341.7876,362.2464,340.1093,1.6783,0.0,5.0,5.037,19764,3,0,0,0.926,0,0,0,0,0,0
family18,CSDVRP-S-n12-s1,S,12,1,base,VNS-18,9,,5,511.8119,602.7068,507.9062,3.9057,0.0,5.0,5.044,9406,4,0,0,0.994,0,0,0,0,0,0
family18,CSDVRP-L-n75-s5,L,75,5,base,Random-18,9,,25,2130.6661,2327.4464,2092.2323,8.4338,30.0,25.0,25.173,1000,22,1,2,1.0,0,0,0,0,0,0
family18,CSDVRP-M-n30-s2,M,30,2,base,DRL-VNS18,1,2,10,941.6625,1162.4183,938.3163,3.3461,0.0,10.0,10.042,3026,10,0,0,0.9865,0,0,0,0,0,0
family18,CSDVRP-L-n75-s1,L,75,1,base,Marginal-18,9,5,25,2096.5046,2408.8056,2057.595,8.9096,30.0,25.016,25.642,1090,23,1,2,1.0,0,0,0,0,0,0
family18,CSDVRP-M-n50-s0,M,50,0,base,Marginal-18,2,3,15,1708.0141,1986.2853,1700.9035,7.1106,0.0,15.0,15.165,1736,16,0,0,0.9865,0,0,0,0,0,0
family18,CSDVRP-S-n8-s2,S,8,2,base,Fixed-dominant,3,,5,344.8888,398.3755,342.4078,2.481,0.0,5.0,5.026,17105,3,0,0,0.8753,0,0,0,0,0,0
family18,CSDVRP-S-n20-s4,S,20,4,base,Roulette-18,0,,6,719.4697,798.0501,715.5041,3.9656,0.0,6.0,6.093,4549,7,0,0,0.986,0,0,0,0,0,0
family18,CSDVRP-XL-n150-s5,XL,150,5,base,Marginal-18,8,4,50,3790.2179,4291.4727,3760.1976,15.0203,15.0,50.109,51.01,888,44,1,1,1.0,0,0,0,0,0,0
family18,CSDVRP-S-n6-s1,S,6,1,base,Roulette-18,7,,5,341.7876,362.2464,340.1093,1.6783,0.0,5.0,4.999,18845,3,0,0,0.926,0,0,0,0,0,0
family18,CSDVRP-S-n15-s4,S,15,4,base,Fixed-dominant,2,,5,606.3303,624.2332,601.9721,4.3582,0.0,5.0,5.014,7618,5,0,0,0.9993,0,0,0,0,0,0
family18,CSDVRP-L-n100-s0,L,100,0,base,Random-18,0,,35,3090.0314,3458.8862,3048.0595,11.972,30.0,35.062,35.316,630,31,1,2,1.0,0,0,0,0,0,0
family18,CSDVRP-M-n30-s5,M,30,5,base,Roulette-18,2,,10,1127.5774,1247.2838,1092.2244,5.353,30.0,10.0,10.506,3787,10,1,2,1.0,0,0,0,0,0,0
family18,CSDVRP-S-n8-s4,S,8,4,base,Random-18,5,,5,359.1905,397.2233,357.0731,2.1174,0.0,5.0,5.092,15359,3,0,0,0.8793,0,0,0,0,0,0
family18,CSDVRP-S-n10-s4,S,10,4,base,Random-18,0,,5,387.4582,460.8567,384.9244,2.5338,0.0,5.0,5.122,14796,3,0,0,0.98,0,0,0,0,0,0
family18,CSDVRP-M-n30-s2,M,30,2,base,DRL-VNS18,6,2,10,950.8409,1162.4183,933.102,2.7389,15.0,10.0,10.063,2931,10,1,1,1.0,0,0,0,0,0,0
family18,CSDVRP-S-n12-s3,S,12,3,base,Random-18,9,,5,522.4878,589.3086,503.6872,3.8005,15.0,5.0,5.01,10699,4,1,1,1.0,0,0,0,0,0,0
family18,CSDVRP-S-n10-s3,S,10,3,base,VNS-18,1,,5,398.3226,456.2198,394.9219,3.4007,0.0,5.0,5.044,12530,3,0,0,0.9427,0,0,0,0,0,0
family18,CSDVRP-XL-n150-s3,XL,150,3,base,Marginal-18,8,4,50,3802.2964,4237.9876,3786.7557,15.5407,0.0,50.031,50.614,908,44,0,0,0.9983,0,0,0,0,0,0
family18,CSDVRP-XL-n150-s3,XL,150,3,base,Roulette-18,3,,50,3807.1013,4237.9876,3791.71,15.3913,0.0,50.141,50.404,869,44,0,0,0.9983,0,0,0,0,0,0
family18,CSDVRP-M-n30-s1,M,30,1,base,VNS-18,0,,10,1031.4688,1231.1888,1027.1043,4.3646,0.0,10.0,9.993,3163,10,0,0,0.98,0,0,0,0,0,0
family18,CSDVRP-S-n20-s0,S,20,0,base,VNS-18,8,,6,756.2207,835.2978,752.4896,3.7311,0.0,6.0,6.045,4532,7,0,0,0.9987,0,0,0,0,0,0
family18,CSDVRP-XL-n150-s5,XL,150,5,base,Random-18,9,,50,3852.9943,4291.4727,3834.5672,18.4271,0.0,50.172,51.017,814,45,0,0,0.999,0,0,0,0,0,0
family18,CSDVRP-L-n75-s2,L,75,2,base,DRL-VNS18,1,2,25,2110.2935,2442.0216,2100.7894,9.5041,0.0,25.0,25.122,1169,22,0,0,0.9936,0,0,0,0,0,0
family18,CSDVRP-L-n100-s2,L,100,2,base,DRL-VNS18,4,5,35,2815.8375,3167.7225,2789.9938,10.8437,15.0,35.0,35.646,756,30,1,1,1.0,0,0,0,0,0,0
family18,CSDVRP-S-n20-s4,S,20,4,base,Random-18,4,,6,719.4697,798.0501,715.5041,3.9656,0.0,6.0,6.011,4507,7,0,0,0.986,0,0,0,0,0,0
family18,CSDVRP-S-n6-s5,S,6,5,base,DRL-VNS18,7,3,5,347.3173,347.7063,345.0582,2.2591,0.0,5.0,5.043,7598,3,0,0,0.9907,0,0,0,0,0,0
family18,CSDVRP-L-n75-s3,L,75,3,base,DRL-VNS18,7,3,25,2120.9476,2332.9982,2085.4972,5.4504,30.0,25.016,25.22,1021,24,1,2,1.0,0,0,0,0,0,0
family18,CSDVRP-M-n30-s4,M,30,4,base,DRL-VNS18,5,1,10,926.5673,1151.8487,921.3091,5.2583,0.0,10.0,10.055,2912,10,0,0,0.99,0,0,0,0,0,0
family18,CSDVRP-L-n75-s1,L,75,1,base,Fixed-dominant,4,,25,2123.8613,2408.8056,2114.1515,9.7098,0.0,25.016,26.008,983,24,0,0,0.9932,0,0,0,0,0,0
family18,CSDVRP-M-n30-s5,M,30,5,base,DRL-VNS18,3,4,10,1120.1923,1247.2838,1114.9179,5.2744,0.0,10.0,10.128,2863,10,0,0,0.9915,0,0,0,0,0,0
family18,CSDVRP-S-n8-s1,S,8,1,base,Marginal-18,5,1,5,357.4079,376.3954,340.1754,2.2325,15.0,5.0,5.042,16294,3,1,1,1.0,0,0,0,0,0,0
family18,CSDVRP-L-n75-s4,L,75,4,base,Marginal-18,5,1,25,2204.3992,2460.454,2197.0485,7.3508,0.0,25.0,25.15,960,24,0,0,0.9996,0,0,0,0,0,0
family18,CSDVRP-M-n30-s0,M,30,0,base,Roulette-18,4,,10,1093.1322,1303.6377,1089.1614,3.9707,0.0,10.0,10.003,3311,11,0,0,0.997,0,0,0,0,0,0
family18,CSDVRP-S-n6-s5,S,6,5,base,VNS-18,3,,5,347.3173,347.7063,345.0582,2.2591,0.0,5.0,5.153,23669,3,0,0,0.9907,0,0,0,0,0,0
family18,CSDVRP-S-n10-s4,S,10,4,base,DRL-VNS18,9,5,5,387.4582,460.8567,384.9244,2.5338,0.0,5.0,5.448,7174,3,0,0,0.98,0,0,0,0,0,0
family18,CSDVRP-CS-Riyadh,case,30,0,base,Random-18,8,,30,425.1377,711.0291,419.5582,5.5796,0.0,30.0,30.373,12670,4,0,0,0.964,0,0,0,0,0,0
family18,CSDVRP-L-n75-s4,L,75,4,base,Roulette-18,7,,25,2205.9244,2460.454,2198.6237,7.3007,0.0,25.0,25.167,930,24,0,0,0.998,0,0,0,0,0,0
family18,CSDVRP-L-n75-s0,L,75,0,base,Random-18,9,,25,2410.3833,2688.4285,2401.1964,9.1869,0.0,25.0,25.457,1049,24,0,0,0.9984,0,0,0,0,0,0
family18,CSDVRP-S-n15-s1,S,15,1,base,Random-18,6,,5,599.4153,675.8866,596.1341,3.2813,0.0,5.0,5.088,5809,6,0,0,0.9,0,0,0,0,0,0
family18,CSDVRP-S-n12-s5,S,12,5,base,Random-18,7,,5,521.0601,535.5205,517.6832,3.3769,0.0,5.0,5.044,9503,4,0,0,0.978,0,0,0,0,0,0
family18,CSDVRP-S-n15-s3,S,15,3,base,Random-18,3,,5,601.4006,692.2972,597.8561,3.5445,0.0,5.0,5.013,6071,6,0,0,0.998,0,0,0,0,0,0
family18,CSDVRP-S-n12-s5,S,12,5,base,Marginal-18,6,2,5,521.0601,535.5205,517.6832,3.3769,0.0,5.0,5.076,9671,4,0,0,0.978,0,0,0,0,0,0
family18,CSDVRP-XL-n150-s4,XL,150,4,base,Marginal-18,7,3,50,3956.0465,4802.2805,3851.3535,14.693,90.0,50.094,50.788,780,45,4,6,1.0,0,0,0,0,0,0
family18,CSDVRP-L-n100-s4,L,100,4,base,Fixed-dominant,7,,35,2945.2915,3371.4529,2930.415,14.8765,0.0,35.016,35.269,775,31,0,0,1.0,0,0,0,0,0,0
family18,CSDVRP-S-n15-s2,S,15,2,base,Roulette-18,0,,5,604.4369,645.109,602.0225,2.4144,0.0,5.0,5.03,6115,6,0,0,0.9953,0,0,0,0,0,0
family18,CSDVRP-S-n8-s5,S,8,5,base,DRL-VNS18,5,1,5,423.2126,427.0275,419.9371,3.2754,0.0,5.0,5.074,6412,3,0,0,0.894,0,0,0,0,0,0
family18,CSDVRP-L-n100-s2,L,100,2,base,Random-18,7,,35,2778.9209,3167.7225,2764.9668,13.9542,0.0,35.0,35.723,753,29,0,0,0.9956,0,0,0,0,0,0
family18,CSDVRP-M-n50-s0,M,50,0,base,VNS-18,4,,15,1717.0119,1986.2853,1696.0926,5.9193,15.0,15.0,15.229,1858,16,1,1,1.0,0,0,0,0,0,0
family18,CSDVRP-S-n6-s2,S,6,2,base,Random-18,3,,5,330.2083,334.9047,328.2873,1.921,0.0,5.0,5.041,18251,3,0,0,0.8567,0,0,0,0,0,0
family18,CSDVRP-S-n6-s1,S,6,1,base,Roulette-18,1,,5,341.7876,362.2464,340.1093,1.6783,0.0,5.0,4.997,19870,3,0,0,0.926,0,0,0,0,0,0
family18,CSDVRP-L-n100-s2,L,100,2,base,DRL-VNS18,2,3,35,2799.6305,3167.7225,2786.529,13.1015,0.0,35.0,35.169,705,29,0,0,0.996,0,0,0,0,0,0
family18,CSDVRP-S-n6-s2,S,6,2,base,Roulette-18,2,,5,330.2083,334.9047,328.2873,1.921,0.0,5.0,5.014,17557,3,0,0,0.8567,0,0,0,0,0,0
family18,CSDVRP-S-n20-s1,S,20,1,base,Roulette-18,8,,6,785.2664,908.0268,780.5879,4.6785,0.0,6.0,6.016,4790,7,0,0,0.9833,0,0,0,0,0,0
family18,CSDVRP-L-n100-s0,L,100,0,base,Fixed-dominant,4,,35,3075.191,3458.8862,3060.7961,14.3949,0.0,35.031,35.701,735,31,0,0,0.998,0,0,0,0,0,0
family18,CSDVRP-M-n50-s3,M,50,3,base,Roulette-18,5,,15,1399.3583,1746.7745,1393.2711,6.0873,0.0,15.0,15.15,1916,15,0,0,0.994,0,0,0,0,0,0
family18,CSDVRP-L-n100-s0,L,100,0,base,Random-18,7,,35,3092.8801,3458.8862,3047.6375,15.2425,30.0,35.0,35.616,628,31,1,2,1.0,0,0,0,0,0,0
family18,CSDVRP-S-n20-s2,S,20,2,base,DRL-VNS18,7,3,6,670.1283,732.8183,667.0092,3.1191,0.0,6.0,6.097,3524,7,0,0,0.9933,0,0,0,0,0,0
family18,CSDVRP-S-n8-s3,S,8,3,base,Fixed-dominant,7,,5,339.8466,351.7127,337.5902,2.2564,0.0,5.0,4.998,15928,3,0,0,0.9567,0,0,0,0,0,0
family18,CSDVRP-S-n15-s2,S,15,2,base,Random-18,3,,5,604.4369,645.109,602.0225,2.4144,0.0,5.0,5.029,6349,6,0,0,0.9953,0,0,0,0,0,0
family18,CSDVRP-S-n15-s2,S,15,2,base,Roulette-18,5,,5,604.4369,645.109,602.0225,2.4144,0.0,5.0,5.046,6380,6,0,0,0.9953,0,0,0,0,0,0
family18,CSDVRP-S-n10-s1,S,10,1,base,VNS-18,0,,5,394.7924,479.2322,392.2685,2.5239,0.0,5.0,5.044,9585,4,0,0,0.9253,0,0,0,0,0,0
family18,CSDVRP-S-n10-s1,S,10,1,base,Fixed-dominant,2,,5,424.8748,479.2322,407.3642,2.5107,15.0,5.0,5.078,9650,4,1,1,1.0,0,0,0,0,0,0
family18,CSDVRP-M-n30-s0,M,30,0,base,VNS-18,9,,10,1112.65,1303.6377,1094.0598,3.5902,15.0,10.0,10.126,3544,11,1,1,1.0,0,0,0,0,0,0
family18,CSDVRP-L-n100-s4,L,100,4,base,Marginal-18,8,4,35,2942.0471,3371.4529,2926.6405,15.4066,0.0,35.047,35.66,718,30,0,0,0.9976,0,0,0,0,0,0
family18,CSDVRP-S-n10-s3,S,10,3,base,Marginal-18,5,1,5,398.3934,456.2198,394.9219,3.4715,0.0,5.0,5.083,13525,3,0,0,0.9427,0,0,0,0,0,0
family18,CSDVRP-L-n75-s0,L,75,0,base,Fixed-dominant,8,,25,2412.8784,2688.4285,2401.4192,11.4592,0.0,25.016,25.43,1097,24,0,0,0.9984,0,0,0,0,0,0
family18,CSDVRP-XL-n150-s2,XL,150,2,base,Fixed-dominant,0,,50,4085.274,4545.4892,4067.635,17.639,0.0,50.047,50.767,1200,46,0,0,1.0,0,0,0,0,0,0
family18,CSDVRP-M-n50-s2,M,50,2,base,VNS-18,9,,15,1483.8013,1677.4231,1462.8907,5.9106,15.0,15.0,15.145,1651,16,1,1,1.0,0,0,0,0,0,0
family18,CSDVRP-M-n50-s5,M,50,5,base,Roulette-18,1,,15,1612.6412,1904.3598,1603.9005,8.7406,0.0,15.0,15.123,1864,15,0,0,0.9985,0,0,0,0,0,0
family18,CSDVRP-L-n100-s0,L,100,0,base,DRL-VNS18,7,3,35,3117.0321,3458.8862,3104.3507,12.6815,0.0,35.062,35.27,595,31,0,0,0.998,0,0,0,0,0,0
family18,CSDVRP-L-n75-s3,L,75,3,base,Fixed-dominant,8,,25,2103.461,2332.9982,2094.4702,8.9908,0.0,25.0,25.651,1076,24,0,0,0.9976,0,0,0,0,0,0
family18,CSDVRP-S-n20-s5,S,20,5,base,Fixed-dominant,8,,6,763.1659,865.7,758.6853,4.4806,0.0,6.0,6.126,6081,7,0,0,0.9947,0,0,0,0,0,0
family18,CSDVRP-S-n12-s4,S,12,4,base,Marginal-18,7,3,5,487.5063,536.3904,484.4937,3.0126,0.0,5.0,5.043,10339,4,0,0,0.9867,0,0,0,0,0,0
family18,CSDVRP-L-n75-s3,L,75,3,base,Random-18,4,,25,2102.3253,2332.9982,2096.0216,6.3037,0.0,25.031,25.204,1017,24,0,0,0.9988,0,0,0,0,0,0
family18,CSDVRP-L-n75-s1,L,75,1,base,VNS-18,7,,25,2111.4932,2408.8056,2044.9002,6.593,60.0,25.0,25.532,1171,23,3,4,1.0,0,0,0,0,0,0
family18,CSDVRP-S-n20-s4,S,20,4,base,Random-18,7,,6,719.4697,798.0501,715.5041,3.9656,0.0,6.0,6.022,4775,7,0,0,0.986,0,0,0,0,0,0
family18,CSDVRP-L-n100-s4,L,100,4,base,Roulette-18,1,,35,2959.0264,3371.4529,2946.9104,12.116,0.0,35.047,35.502,707,30,0,0,0.9988,0,0,0,0,0,0
family18,CSDVRP-S-n20-s2,S,20,2,base,Random-18,9,,6,670.1283,732.8183,667.0092,3.1191,0.0,6.0,6.025,4690,7,0,0,0.9933,0,0,0,0,0,0
family18,CSDVRP-S-n6-s4,S,6,4,base,DRL-VNS18,0,1,5,307.3738,316.7228,305.135,2.2389,0.0,5.0,5.027,7028,3,0,0,0.906,0,0,0,0,0,0
family18,CSDVRP-S-n20-s0,S,20,0,base,Marginal-18,5,1,6,756.2207,835.2978,752.4896,3.7311,0.0,6.0,6.03,4892,7,0,0,0.9987,0,0,0,0,0,0
family18,CSDVRP-S-n12-s2,S,12,2,base,VNS-18,2,,5,460.175,518.4642,458.0808,2.0942,0.0,5.0,5.028,13282,4,0,0,0.998,0,0,0,0,0,0
family18,CSDVRP-S-n12-s1,S,12,1,base,Roulette-18,4,,5,546.6653,602.7068,512.8082,3.8571,30.0,5.0,5.015,9284,4,2,2,0.994,0,0,0,0,0,0
family18,CSDVRP-S-n12-s5,S,12,5,base,Marginal-18,5,1,5,521.0601,535.5205,517.6832,3.3769,0.0,5.0,5.42,10365,4,0,0,0.978,0,0,0,0,0,0
family18,CSDVRP-S-n6-s3,S,6,3,base,VNS-18,9,,5,230.2731,253.5784,228.5871,1.686,0.0,5.0,5.137,28990,2,0,0,0.9873,0,0,0,0,0,0
family18,CSDVRP-M-n30-s3,M,30,3,base,Random-18,4,,10,969.1696,1099.7766,965.9069,3.2627,0.0,10.0,10.081,3998,10,0,0,0.988,0,0,0,0,0,0
family18,CSDVRP-M-n30-s2,M,30,2,base,Roulette-18,6,,10,941.0551,1162.4183,938.3163,2.7388,0.0,10.0,10.06,3245,10,0,0,0.9865,0,0,0,0,0,0
family18,CSDVRP-S-n15-s5,S,15,5,base,DRL-VNS18,8,4,5,666.5148,800.4223,662.7682,3.7467,0.0,5.0,4.992,4714,5,0,0,0.9993,0,0,0,0,0,0
family18,CSDVRP-M-n50-s2,M,50,2,base,DRL-VNS18,4,5,15,1467.8485,1677.4231,1462.0673,5.7812,0.0,15.0,15.106,1662,16,0,0,0.9985,0,0,0,0,0,0
family18,CSDVRP-M-n50-s1,M,50,1,base,Roulette-18,8,,15,1536.7589,1718.5004,1501.108,5.6508,30.0,15.0,15.036,2140,15,1,2,1.0,0,0,0,0,0,0
family18,CSDVRP-S-n6-s2,S,6,2,base,Random-18,1,,5,330.7872,334.9047,328.2873,2.4999,0.0,5.0,5.051,18785,3,0,0,0.8567,0,0,0,0,0,0
family18,CSDVRP-L-n100-s2,L,100,2,base,Marginal-18,5,1,35,2813.137,3167.7225,2803.2658,9.8712,0.0,35.0,35.511,711,30,0,0,0.998,0,0,0,0,0,0
family18,CSDVRP-M-n50-s0,M,50,0,base,DRL-VNS18,0,1,15,1713.0628,1986.2853,1705.7308,7.332,0.0,15.0,15.131,1696,16,0,0,0.986,0,0,0,0,0,0
family18,CSDVRP-XL-n150-s1,XL,150,1,base,Random-18,2,,50,4277.5623,4744.1508,4203.8359,13.7264,60.0,50.094,50.833,858,46,2,4,1.0,0,0,0,0,0,0
family18,CSDVRP-S-n12-s5,S,12,5,base,Random-18,0,,5,521.0601,535.5205,517.6832,3.3769,0.0,5.0,4.998,9913,4,0,0,0.978,0,0,0,0,0,0
family18,CSDVRP-CS-Riyadh,case,30,0,base,Roulette-18,4,,30,416.4868,711.0291,411.6246,4.8621,0.0,30.0,30.748,14489,4,0,0,0.986,0,0,0,0,0,0
family18,CSDVRP-L-n75-s2,L,75,2,base,Marginal-18,9,5,25,2123.2552,2442.0216,2099.2064,9.0488,15.0,25.0,25.176,1170,22,1,1,1.0,0,0,0,0,0,0
family18,CSDVRP-M-n50-s4,M,50,4,base,Random-18,4,,15,1654.9736,1919.2804,1648.2598,6.7138,0.0,15.0,15.435,1794,16,0,0,0.985,0,0,0,0,0,0
family18,CSDVRP-S-n8-s4,S,8,4,base,Roulette-18,8,,5,359.1905,397.2233,357.0731,2.1174,0.0,5.0,4.992,15184,3,0,0,0.8793,0,0,0,0,0,0
family18,CSDVRP-S-n10-s1,S,10,1,base,Roulette-18,3,,5,394.7924,479.2322,392.2685,2.5239,0.0,5.0,5.06,9151,4,0,0,0.9253,0,0,0,0,0,0
family18,CSDVRP-M-n30-s5,M,30,5,base,Marginal-18,9,5,10,1127.5825,1247.2838,1092.2244,5.358,30.0,10.0,10.077,4130,10,1,2,1.0,0,0,0,0,0,0
family18,CSDVRP-S-n10-s1,S,10,1,base,Marginal-18,9,5,5,394.7924,479.2322,392.2685,2.5239,0.0,5.0,5.06,9308,4,0,0,0.9253,0,0,0,0,0,0
family18,CSDVRP-S-n10-s2,S,10,2,base,Roulette-18,9,,5,391.6922,436.4179,389.0812,2.6111,0.0,5.0,5.03,14826,3,0,0,0.9787,0,0,0,0,0,0
family18,CSDVRP-L-n75-s1,L,75,1,base,Roulette-18,4,,25,2109.1706,2408.8056,2041.4688,7.7018,60.0,25.0,25.141,1144,23,3,4,1.0,0,0,0,0,0,0
family18,CSDVRP-XL-n150-s3,XL,150,3,base,Roulette-18,9,,50,3799.692,4237.9876,3783.7346,15.9575,0.0,50.031,50.89,903,44,0,0,0.9983,0,0,0,0,0,0
family18,CSDVRP-S-n12-s4,S,12,4,base,Random-18,2,,5,487.5063,536.3904,484.4937,3.0126,0.0,5.0,5.022,10822,4,0,0,0.9867,0,0,0,0,0,0
family18,CSDVRP-L-n75-s4,L,75,4,base,Marginal-18,2,3,25,2235.7437,2460.454,2199.2849,6.4587,30.0,25.016,25.15,999,24,1,2,1.0,0,0,0,0,0,0
family18,CSDVRP-L-n75-s4,L,75,4,base,Random-18,9,,25,2210.4155,2460.454,2202.6203,7.7952,0.0,25.0,25.555,1009,24,0,0,0.9996,0,0,0,0,0,0
family18,CSDVRP-M-n50-s1,M,50,1,base,VNS-18,2,,15,1519.5503,1718.5004,1513.1913,6.359,0.0,15.0,15.142,1697,16,0,0,0.994,0,0,0,0,0,0
family18,CSDVRP-L-n75-s0,L,75,0,base,DRL-VNS18,6,2,25,2410.252,2688.4285,2401.1797,9.0722,0.0,25.0,25.236,1169,24,0,0,0.9984,0,0,0,0,0,0
family18,CSDVRP-L-n75-s4,L,75,4,base,Marginal-18,0,1,25,2220.2098,2460.454,2197.6325,7.5773,15.0,25.031,25.49,919,24,1,1,1.0,0,0,0,0,0,0
family18,CSDVRP-XL-n150-s1,XL,150,1,base,DRL-VNS18,9,5,50,4229.3816,4744.1508,4154.7023,14.6793,60.0,50.0,50.603,1053,45,3,4,1.0,0,0,0,0,0,0
family18,CSDVRP-XL-n150-s2,XL,150,2,base,Random-18,2,,50,3966.2692,4545.4892,3949.0547,17.2145,0.0,50.031,50.745,873,45,0,0,1.0,0,0,0,0,0,0
family18,CSDVRP-S-n6-s1,S,6,1,base,DRL-VNS18,9,5,5,341.7876,362.2464,340.1093,1.6783,0.0,5.0,4.995,7838,3,0,0,0.926,0,0,0,0,0,0
family18,CSDVRP-S-n10-s4,S,10,4,base,VNS-18,4,,5,387.4582,460.8567,384.9244,2.5338,0.0,5.0,5.061,15601,3,0,0,0.98,0,0,0,0,0,0
family18,CSDVRP-S-n10-s2,S,10,2,base,Marginal-18,3,4,5,391.6922,436.4179,389.0812,2.6111,0.0,5.0,5.013,15980,3,0,0,0.9787,0,0,0,0,0,0
family18,CSDVRP-L-n75-s4,L,75,4,base,Random-18,0,,25,2201.7675,2460.454,2194.5079,7.2595,0.0,25.016,25.216,1022,24,0,0,0.998,0,0,0,0,0,0
family18,CSDVRP-S-n10-s3,S,10,3,base,Roulette-18,9,,5,398.3934,456.2198,394.9219,3.4715,0.0,5.0,5.031,13355,3,0,0,0.9427,0,0,0,0,0,0
family18,CSDVRP-XL-n150-s2,XL,150,2,base,DRL-VNS18,1,2,50,3988.8561,4545.4892,3972.7716,16.0845,0.0,50.078,50.877,1052,45,0,0,1.0,0,0,0,0,0,0
family18,CSDVRP-S-n20-s2,S,20,2,base,VNS-18,1,,6,670.121,732.8183,667.0092,3.1118,0.0,6.0,6.007,4751,7,0,0,0.9933,0,0,0,0,0,0
family18,CSDVRP-S-n15-s0,S,15,0,base,VNS-18,5,,5,606.5233,666.3141,602.2712,4.2521,0.0,5.0,5.044,7392,5,0,0,0.9927,0,0,0,0,0,0
family18,CSDVRP-S-n10-s3,S,10,3,base,VNS-18,0,,5,398.3934,456.2198,394.9219,3.4715,0.0,5.0,5.06,14336,3,0,0,0.9427,0,0,0,0,0,0
family18,CSDVRP-S-n8-s5,S,8,5,base,Random-18,8,,5,423.2126,427.0275,419.9371,3.2754,0.0,5.0,5.03,14360,3,0,0,0.894,0,0,0,0,0,0
family18,CSDVRP-XL-n150-s0,XL,150,0,base,Random-18,3,,50,4421.2472,5021.4451,4403.2858,17.9614,0.0,50.0,50.566,901,46,0,0,0.9977,0,0,0,0,0,0
family18,CSDVRP-S-n10-s3,S,10,3,base,Fixed-dominant,1,,5,420.171,456.2198,416.4464,3.7246,0.0,5.0,5.008,16062,3,0,0,0.9593,0,0,0,0,0,0
family18,CSDVRP-M-n50-s4,M,50,4,base,Fixed-dominant,5,,15,1651.1004,1919.2804,1643.9568,7.1436,0.0,15.0,15.127,1968,16,0,0,0.984,0,0,0,0,0,0
family18,CSDVRP-S-n12-s5,S,12,5,base,Roulette-18,0,,5,521.0601,535.5205,517.6832,3.3769,0.0,5.0,5.055,9590,4,0,0,0.978,0,0,0,0,0,0
family18,CSDVRP-M-n50-s4,M,50,4,base,Fixed-dominant,6,,15,1649.197,1919.2804,1642.0919,7.105,0.0,15.0,15.485,2024,17,0,0,0.995,0,0,0,0,0,0
family18,CSDVRP-M-n50-s1,M,50,1,base,Fixed-dominant,9,,15,1508.5838,1718.5004,1500.4211,8.1627,0.0,15.0,15.125,1870,15,0,0,0.995,0,0,0,0,0,0
family18,CSDVRP-S-n8-s3,S,8,3,base,DRL-VNS18,5,1,5,339.8466,351.7127,337.5902,2.2564,0.0,5.0,5.084,7133,3,0,0,0.9567,0,0,0,0,0,0
family18,CSDVRP-M-n30-s4,M,30,4,base,Marginal-18,3,4,10,926.1514,1151.8487,921.3091,4.8423,0.0,10.0,10.061,3580,10,0,0,0.99,0,0,0,0,0,0
family18,CSDVRP-S-n15-s1,S,15,1,base,VNS-18,3,,5,599.4153,675.8866,596.1341,3.2813,0.0,5.0,5.061,6183,6,0,0,0.9,0,0,0,0,0,0
family18,CSDVRP-S-n12-s5,S,12,5,base,Marginal-18,3,4,5,521.0601,535.5205,517.6832,3.3769,0.0,5.0,5.013,9891,4,0,0,0.978,0,0,0,0,0,0
family18,CSDVRP-CS-Riyadh,case,30,0,base,Fixed-dominant,2,,30,419.0625,711.0291,414.1168,4.9457,0.0,30.0,30.277,15839,4,0,0,0.99,0,0,0,0,0,0
family18,CSDVRP-S-n10-s4,S,10,4,base,Roulette-18,9,,5,387.4582,460.8567,384.9244,2.5338,0.0,5.0,5.559,16425,3,0,0,0.98,0,0,0,0,0,0
family18,CSDVRP-XL-n150-s3,XL,150,3,base,DRL-VNS18,8,4,50,3794.5631,4237.9876,3779.4023,15.1609,0.0,50.016,50.511,1002,44,0,0,0.9983,0,0,0,0,0,0
family18,CSDVRP-M-n50-s2,M,50,2,base,Marginal-18,0,1,15,1467.8485,1677.4231,1462.0673,5.7812,0.0,15.0,15.127,1504,16,0,0,0.9985,0,0,0,0,0,0
family18,CSDVRP-L-n75-s3,L,75,3,base,Fixed-dominant,7,,25,2087.7367,2332.9982,2078.4715,9.2651,0.0,25.016,25.571,1064,24,0,0,0.9956,0,0,0,0,0,0
family18,CSDVRP-L-n75-s2,L,75,2,base,DRL-VNS18,6,2,25,2137.1675,2442.0216,2083.4518,8.7157,45.0,25.016,25.187,1205,22,3,3,1.0,0,0,0,0,0,0
family18,CSDVRP-S-n12-s2,S,12,2,base,Marginal-18,7,3,5,460.175,518.4642,458.0808,2.0942,0.0,5.0,4.996,12635,4,0,0,0.998,0,0,0,0,0,0
family18,CSDVRP-S-n15-s3,S,15,3,base,Random-18,2,,5,601.4006,692.2972,597.8561,3.5445,0.0,5.0,5.045,6695,6,0,0,0.998,0,0,0,0,0,0
family18,CSDVRP-S-n6-s3,S,6,3,base,Random-18,4,,5,230.2731,253.5784,228.5871,1.686,0.0,5.0,5.013,28800,2,0,0,0.9873,0,0,0,0,0,0
family18,CSDVRP-S-n8-s1,S,8,1,base,Random-18,8,,5,335.8429,376.3954,333.6723,2.1706,0.0,5.0,5.076,18268,3,0,0,0.9073,0,0,0,0,0,0
family18,CSDVRP-L-n75-s0,L,75,0,base,Fixed-dominant,0,,25,2416.6382,2688.4285,2405.9685,10.6696,0.0,25.0,25.594,1057,24,0,0,0.9984,0,0,0,0,0,0
family18,CSDVRP-S-n6-s5,S,6,5,base,Roulette-18,7,,5,347.3173,347.7063,345.0582,2.2591,0.0,5.0,5.075,22365,3,0,0,0.9907,0,0,0,0,0,0
family18,CSDVRP-L-n100-s0,L,100,0,base,DRL-VNS18,1,2,35,3074.8762,3458.8862,3062.4542,12.422,0.0,35.047,35.219,821,31,0,0,0.9984,0,0,0,0,0,0
family18,CSDVRP-L-n75-s5,L,75,5,base,Roulette-18,9,,25,2075.871,2327.4464,2066.6549,9.2161,0.0,25.0,25.142,1130,22,0,0,0.9992,0,0,0,0,0,0
family18,CSDVRP-S-n15-s2,S,15,2,base,VNS-18,8,,5,604.4369,645.109,602.0225,2.4144,0.0,5.0,5.474,7102,6,0,0,0.9953,0,0,0,0,0,0
family18,CSDVRP-L-n75-s1,L,75,1,base,DRL-VNS18,6,2,25,2115.9643,2408.8056,2063.0076,7.9568,45.0,25.016,25.217,1136,23,2,3,1.0,0,0,0,0,0,0
family18,CSDVRP-S-n10-s5,S,10,5,base,Marginal-18,5,1,5,454.5993,485.8354,450.6688,3.9305,0.0,5.0,5.089,11763,3,0,0,0.956,0,0,0,0,0,0
family18,CSDVRP-S-n12-s4,S,12,4,base,Random-18,0,,5,487.5063,536.3904,484.4937,3.0126,0.0,5.0,4.997,10723,4,0,0,0.9867,0,0,0,0,0,0
family18,CSDVRP-S-n15-s5,S,15,5,base,Roulette-18,4,,5,666.5148,800.4223,662.7682,3.7467,0.0,5.0,5.139,8021,5,0,0,0.9993,0,0,0,0,0,0
family18,CSDVRP-L-n75-s2,L,75,2,base,Random-18,8,,25,2111.4954,2442.0216,2102.6241,8.8713,0.0,25.0,25.172,1111,22,0,0,0.9988,0,0,0,0,0,0
family18,CSDVRP-S-n15-s4,S,15,4,base,Random-18,4,,5,585.7427,624.2332,582.2908,3.4519,0.0,5.0,4.995,7040,6,0,0,0.9347,0,0,0,0,0,0
family18,CSDVRP-L-n100-s0,L,100,0,base,VNS-18,8,,35,3087.7721,3458.8862,3030.3496,12.4225,45.0,35.062,35.772,755,31,2,3,1.0,0,0,0,0,0,0
family18,CSDVRP-XL-n150-s4,XL,150,4,base,Random-18,8,,50,3925.7078,4802.2805,3806.1845,14.5233,105.0,50.062,51.081,944,44,4,7,1.0,0,0,0,0,0,0
family18,CSDVRP-S-n10-s2,S,10,2,base,Random-18,9,,5,391.6922,436.4179,389.0812,2.6111,0.0,5.0,5.047,16391,3,0,0,0.9787,0,0,0,0,0,0
family18,CSDVRP-L-n100-s3,L,100,3,base,VNS-18,8,,35,2680.7847,3095.0715,2668.8574,11.9273,0.0,35.031,35.164,746,31,0,0,0.9988,0,0,0,0,0,0
family18,CSDVRP-S-n6-s2,S,6,2,base,Fixed-dominant,3,,5,330.7872,334.9047,328.2873,2.4999,0.0,5.0,5.049,18678,3,0,0,0.8567,0,0,0,0,0,0
family18,CSDVRP-S-n6-s1,S,6,1,base,VNS-18,5,,5,341.7876,362.2464,340.1093,1.6783,0.0,5.0,5.029,21837,3,0,0,0.926,0,0,0,0,0,0
family18,CSDVRP-S-n20-s1,S,20,1,base,Fixed-dominant,6,,6,785.792,908.0268,780.5879,5.2041,0.0,6.0,6.016,5465,7,0,0,0.9833,0,0,0,0,0,0
family18,CSDVRP-L-n75-s3,L,75,3,base,DRL-VNS18,1,2,25,2142.3332,2332.9982,2061.3713,5.9619,75.0,25.0,25.561,1245,23,3,5,1.0,0,0,0,0,0,0
family18,CSDVRP-L-n100-s0,L,100,0,base,VNS-18,3,,35,3107.3334,3458.8862,3093.6008,13.7326,0.0,35.016,35.276,703,31,0,0,0.996,0,0,0,0,0,0
family18,CSDVRP-M-n50-s5,M,50,5,base,Roulette-18,3,,15,1658.0337,1904.3598,1619.903,8.1307,30.0,15.0,15.074,1986,15,1,2,1.0,0,0,0,0,0,0
family18,CSDVRP-L-n75-s3,L,75,3,base,DRL-VNS18,5,1,25,2114.5895,2332.9982,2077.9238,6.6656,30.0,25.0,25.736,1140,24,1,2,1.0,0,0,0,0,0,0
family18,CSDVRP-M-n50-s1,M,50,1,base,Marginal-18,4,5,15,1498.5168,1718.5004,1476.7482,6.7686,15.0,15.0,15.135,2180,15,1,1,1.0,0,0,0,0,0,0
family18,CSDVRP-S-n15-s3,S,15,3,base,Marginal-18,3,4,5,601.7995,692.2972,597.8561,3.9435,0.0,5.0,5.027,6559,6,0,0,0.998,0,0,0,0,0,0
family18,CSDVRP-M-n50-s2,M,50,2,base,Random-18,5,,15,1467.8485,1677.4231,1462.0673,5.7812,0.0,15.0,15.151,1557,16,0,0,0.9985,0,0,0,0,0,0
family18,CSDVRP-S-n20-s1,S,20,1,base,Roulette-18,3,,6,785.2664,908.0268,780.5879,4.6785,0.0,6.0,6.063,4861,7,0,0,0.9833,0,0,0,0,0,0
family18,CSDVRP-S-n15-s3,S,15,3,base,Marginal-18,8,4,5,601.4006,692.2972,597.8561,3.5445,0.0,5.0,5.061,6495,6,0,0,0.998,0,0,0,0,0,0
family18,CSDVRP-S-n10-s5,S,10,5,base,Roulette-18,9,,5,454.5993,485.8354,450.6688,3.9305,0.0,5.0,4.997,11408,3,0,0,0.956,0,0,0,0,0,0
family18,CSDVRP-L-n75-s0,L,75,0,base,Fixed-dominant,4,,25,2418.2681,2688.4285,2407.1426,11.1256,0.0,25.016,25.622,1125,24,0,0,0.9984,0,0,0,0,0,0
family18,CSDVRP-XL-n150-s4,XL,150,4,base,Fixed-dominant,9,,50,4011.1617,4802.2805,3993.7934,17.3683,0.0,50.016,50.327,1210,46,0,0,0.9997,0,0,0,0,0,0
family18,CSDVRP-M-n50-s4,M,50,4,base,Fixed-dominant,1,,15,1648.4487,1919.2804,1641.0889,7.3597,0.0,15.0,15.06,1820,16,0,0,0.9925,0,0,0,0,0,0
family18,CSDVRP-M-n50-s5,M,50,5,base,Roulette-18,6,,15,1644.6103,1904.3598,1605.8424,8.7679,30.0,15.0,15.546,1969,15,1,2,1.0,0,0,0,0,0,0
family18,CSDVRP-L-n100-s5,L,100,5,base,Marginal-18,4,5,35,2671.1034,3154.3549,2553.1365,12.9669,105.0,35.0,35.298,797,30,4,7,1.0,0,0,0,0,0,0
family18,CSDVRP-S-n20-s5,S,20,5,base,DRL-VNS18,4,5,6,763.1659,865.7,758.6853,4.4806,0.0,6.0,6.023,4080,7,0,0,0.9947,0,0,0,0,0,0
family18,CSDVRP-L-n100-s1,L,100,1,base,Random-18,3,,35,2660.0953,3146.4881,2646.8431,13.2522,0.0,35.031,35.716,678,29,0,0,1.0,0,0,0,0,0,0
family18,CSDVRP-L-n100-s4,L,100,4,base,Marginal-18,9,5,35,2952.2714,3371.4529,2909.4765,12.795,30.0,35.031,35.507,777,31,2,2,1.0,0,0,0,0,0,0
family18,CSDVRP-L-n75-s0,L,75,0,base,Roulette-18,0,,25,2409.9089,2688.4285,2401.1797,8.7292,0.0,25.047,25.208,1227,24,0,0,0.9984,0,0,0,0,0,0
family18,CSDVRP-S-n12-s3,S,12,3,base,Random-18,8,,5,522.4878,589.3086,503.6872,3.8005,15.0,5.0,5.027,11289,4,1,1,1.0,0,0,0,0,0,0
family18,CSDVRP-S-n20-s5,S,20,5,base,Marginal-18,3,4,6,763.1659,865.7,758.6853,4.4806,0.0,6.0,6.373,5811,7,0,0,0.9947,0,0,0,0,0,0
family18,CSDVRP-S-n8-s5,S,8,5,base,Marginal-18,5,1,5,423.2126,427.0275,419.9371,3.2754,0.0,5.0,5.295,14413,3,0,0,0.894,0,0,0,0,0,0
family18,CSDVRP-M-n30-s2,M,30,2,base,DRL-VNS18,9,5,10,941.6665,1162.4183,938.3163,3.3502,0.0,10.0,10.125,3266,10,0,0,0.9865,0,0,0,0,0,0
family18,CSDVRP-L-n75-s0,L,75,0,base,DRL-VNS18,4,5,25,2410.3305,2688.4285,2401.1797,9.1507,0.0,25.0,25.179,1199,24,0,0,0.9984,0,0,0,0,0,0
family18,CSDVRP-S-n12-s1,S,12,1,base,Marginal-18,2,3,5,527.1881,602.7068,508.3795,3.8086,15.0,5.0,5.249,9617,4,1,1,1.0,0,0,0,0,0,0
family18,CSDVRP-XL-n150-s5,XL,150,5,base,Marginal-18,9,5,50,3898.1465,4291.4727,3849.1879,18.9586,30.0,50.047,51.498,1029,44,1,2,1.0,0,0,0,0,0,0
family18,CSDVRP-XL-n150-s0,XL,150,0,base,Marginal-18,3,4,50,4351.8307,5021.4451,4319.0372,17.7935,15.0,50.25,51.641,883,46,1,1,0.9997,0,0,0,0,0,0
family18,CSDVRP-S-n10-s1,S,10,1,base,VNS-18,3,,5,394.7924,479.2322,392.2685,2.5239,0.0,5.0,5.541,9159,4,0,0,0.9253,0,0,0,0,0,0
family18,CSDVRP-S-n6-s4,S,6,4,base,VNS-18,0,,5,307.1905,316.7228,305.135,2.0555,0.0,5.0,5.841,18181,3,0,0,0.906,0,0,0,0,0,0
family18,CSDVRP-L-n75-s1,L,75,1,base,Random-18,9,,25,2100.6808,2408.8056,2063.0542,7.6266,30.0,25.0,26.675,962,23,2,2,1.0,0,0,0,0,0,0
family18,CSDVRP-S-n20-s0,S,20,0,base,Marginal-18,3,4,6,756.2207,835.2978,752.4896,3.7311,0.0,6.0,6.118,4296,7,0,0,0.9987,0,0,0,0,0,0
family18,CSDVRP-L-n100-s5,L,100,5,base,Marginal-18,5,1,35,2584.3676,3154.3549,2570.7701,13.5975,0.0,35.094,35.707,672,30,0,0,0.9996,0,0,0,0,0,0
family18,CSDVRP-S-n12-s5,S,12,5,base,VNS-18,4,,5,521.0601,535.5205,517.6832,3.3769,0.0,5.0,6.019,8547,4,0,0,0.978,0,0,0,0,0,0
family18,CSDVRP-S-n15-s4,S,15,4,base,Marginal-18,9,5,5,585.7427,624.2332,582.2908,3.4519,0.0,5.0,5.513,6159,6,0,0,0.9347,0,0,0,0,0,0
family18,CSDVRP-S-n8-s3,S,8,3,base,Marginal-18,1,2,5,339.8466,351.7127,337.5902,2.2564,0.0,5.0,5.108,14251,3,0,0,0.9567,0,0,0,0,0,0
family18,CSDVRP-L-n75-s4,L,75,4,base,VNS-18,7,,25,2242.1288,2460.454,2204.6141,7.5147,30.0,25.0,26.124,856,24,1,2,1.0,0,0,0,0,0,0
family18,CSDVRP-M-n30-s2,M,30,2,base,Random-18,4,,10,941.7654,1162.4183,938.3163,3.4491,0.0,10.0,10.689,3361,10,0,0,0.9865,0,0,0,0,0,0
family18,CSDVRP-L-n100-s2,L,100,2,base,VNS-18,1,,35,2797.8159,3167.7225,2786.7711,11.0448,0.0,35.062,42.081,756,30,0,0,0.9972,0,0,0,0,0,0
family18,CSDVRP-S-n6-s5,S,6,5,base,DRL-VNS18,5,1,5,347.3173,347.7063,345.0582,2.2591,0.0,5.0,5.298,7473,3,0,0,0.9907,0,0,0,0,0,0
family18,CSDVRP-S-n12-s1,S,12,1,base,VNS-18,7,,5,546.9826,602.7068,512.8082,4.1744,30.0,5.0,5.48,8807,4,2,2,1.0,0,0,0,0,0,0
family18,CSDVRP-L-n100-s4,L,100,4,base,DRL-VNS18,3,4,35,2924.4038,3371.4529,2911.0838,13.32,0.0,35.0,41.108,647,31,0,0,1.0,0,0,0,0,0,0
family18,CSDVRP-S-n20-s2,S,20,2,base,VNS-18,6,,6,689.3003,732.8183,671.2586,3.0417,15.0,6.0,6.497,4126,7,1,1,1.0,0,0,0,0,0,0
family18,CSDVRP-S-n8-s1,S,8,1,base,DRL-VNS18,0,1,5,335.8429,376.3954,333.6723,2.1706,0.0,5.0,6.133,7323,3,0,0,0.9073,0,0,0,0,0,0
family18,CSDVRP-M-n50-s0,M,50,0,base,Marginal-18,0,1,15,1708.7597,1986.2853,1701.6587,7.101,0.0,15.0,16.715,1648,16,0,0,0.9895,0,0,0,0,0,0
family18,CSDVRP-L-n100-s0,L,100,0,base,VNS-18,2,,35,3077.8262,3458.8862,3036.1559,11.6704,30.0,35.031,43.052,668,31,1,2,1.0,0,0,0,0,0,0
family18,CSDVRP-S-n8-s4,S,8,4,base,Roulette-18,1,,5,359.1905,397.2233,357.0731,2.1174,0.0,5.0,5.728,14638,3,0,0,0.8793,0,0,0,0,0,0
family18,CSDVRP-S-n15-s2,S,15,2,base,Fixed-dominant,0,,5,604.8839,645.109,602.0225,2.8613,0.0,5.0,5.887,6727,6,0,0,0.9953,0,0,0,0,0,0
family18,CSDVRP-S-n20-s5,S,20,5,base,DRL-VNS18,7,3,6,763.1659,865.7,758.6853,4.4806,0.0,6.0,8.23,3975,7,0,0,0.9947,0,0,0,0,0,0
family18,CSDVRP-S-n20-s2,S,20,2,base,Fixed-dominant,3,,6,671.0332,732.8183,667.0092,4.024,0.0,6.0,6.906,5147,7,0,0,0.9933,0,0,0,0,0,0
family18,CSDVRP-S-n6-s1,S,6,1,base,Random-18,1,,5,341.7876,362.2464,340.1093,1.6783,0.0,5.0,5.339,20667,3,0,0,0.926,0,0,0,0,0,0
family18,CSDVRP-S-n20-s5,S,20,5,base,Roulette-18,2,,6,763.1659,865.7,758.6853,4.4806,0.0,6.0,6.047,5226,7,0,0,0.9947,0,0,0,0,0,0
family18,CSDVRP-L-n100-s1,L,100,1,base,Fixed-dominant,8,,35,2644.8283,3146.4881,2633.4999,11.3284,0.0,35.016,35.462,728,29,0,0,0.9968,0,0,0,0,0,0
family18,CSDVRP-S-n8-s5,S,8,5,base,Fixed-dominant,6,,5,423.2126,427.0275,419.9371,3.2754,0.0,5.0,5.077,17413,3,0,0,0.894,0,0,0,0,0,0
family18,CSDVRP-XL-n150-s1,XL,150,1,base,Fixed-dominant,4,,50,4280.0464,4744.1508,4263.9126,16.1338,0.0,50.0,50.871,1215,46,0,0,0.9993,0,0,0,0,0,0
family18,CSDVRP-L-n75-s1,L,75,1,base,Roulette-18,1,,25,2104.6347,2408.8056,2036.9591,7.6755,60.0,25.031,25.273,1076,23,3,4,1.0,0,0,0,0,0,0
family18,CSDVRP-S-n20-s2,S,20,2,base,Fixed-dominant,6,,6,671.0332,732.8183,667.0092,4.024,0.0,6.0,6.052,5098,7,0,0,0.9933,0,0,0,0,0,0
family18,CSDVRP-L-n100-s0,L,100,0,base,DRL-VNS18,4,5,35,3112.7161,3458.8862,3098.9041,13.812,0.0,35.031,35.765,693,31,0,0,0.9952,0,0,0,0,0,0
family18,CSDVRP-M-n50-s3,M,50,3,base,Marginal-18,4,5,15,1411.1142,1746.7745,1390.8285,5.2857,15.0,15.0,15.117,1862,15,1,1,1.0,0,0,0,0,0,0
family18,CSDVRP-S-n20-s1,S,20,1,base,Roulette-18,0,,6,785.2664,908.0268,780.5879,4.6785,0.0,6.0,6.124,4728,7,0,0,0.9833,0,0,0,0,0,0
family18,CSDVRP-M-n50-s3,M,50,3,base,Random-18,1,,15,1399.5073,1746.7745,1392.5811,6.9262,0.0,15.0,15.056,1853,15,0,0,0.994,0,0,0,0,0,0
family18,CSDVRP-CS-Riyadh,case,30,0,base,Fixed-dominant,8,,30,425.1377,711.0291,419.5582,5.5796,0.0,30.0,30.783,11978,4,0,0,0.964,0,0,0,0,0,0
family18,CSDVRP-S-n12-s4,S,12,4,base,Fixed-dominant,5,,5,488.9656,536.3904,484.4937,4.4719,0.0,5.0,5.028,10754,4,0,0,0.9867,0,0,0,0,0,0
family18,CSDVRP-L-n75-s2,L,75,2,base,Roulette-18,6,,25,2102.9778,2442.0216,2093.2122,9.7656,0.0,25.0,25.126,1100,23,0,0,0.9932,0,0,0,0,0,0
family18,CSDVRP-S-n20-s1,S,20,1,base,Roulette-18,4,,6,785.2664,908.0268,780.5879,4.6785,0.0,6.0,6.058,4695,7,0,0,0.9833,0,0,0,0,0,0
family18,CSDVRP-M-n30-s0,M,30,0,base,Fixed-dominant,3,,10,1094.0206,1303.6377,1088.8964,5.1242,0.0,10.0,10.03,3705,11,0,0,0.997,0,0,0,0,0,0
family18,CSDVRP-L-n75-s2,L,75,2,base,Roulette-18,0,,25,2117.2631,2442.0216,2078.1044,9.1587,30.0,25.016,25.673,1175,23,1,2,1.0,0,0,0,0,0,0
family18,CSDVRP-L-n100-s0,L,100,0,base,Random-18,3,,35,3114.5061,3458.8862,3054.9568,14.5493,45.0,35.0,35.215,589,31,2,3,1.0,0,0,0,0,0,0
family18,CSDVRP-S-n15-s3,S,15,3,base,Random-18,8,,5,601.4006,692.2972,597.8561,3.5445,0.0,5.0,5.087,6344,6,0,0,0.998,0,0,0,0,0,0
family18,CSDVRP-S-n15-s4,S,15,4,base,DRL-VNS18,0,1,5,585.7427,624.2332,582.2908,3.4519,0.0,5.0,5.075,4286,6,0,0,0.9347,0,0,0,0,0,0
family18,CSDVRP-XL-n150-s2,XL,150,2,base,Marginal-18,8,4,50,3964.6054,4545.4892,3918.5893,16.0161,30.0,50.0,50.861,964,45,1,2,1.0,0,0,0,0,0,0
family18,CSDVRP-CS-Riyadh,case,30,0,base,Marginal-18,7,3,30,425.3249,711.0291,419.5582,5.7668,0.0,30.0,30.212,11828,4,0,0,0.964,0,0,0,0,0,0
family18,CSDVRP-L-n75-s4,L,75,4,base,Marginal-18,9,5,25,2214.4806,2460.454,2206.9128,7.5677,0.0,25.0,25.385,979,24,0,0,0.9996,0,0,0,0,0,0
family18,CSDVRP-S-n20-s3,S,20,3,base,Fixed-dominant,4,,6,691.2399,797.0264,687.1116,4.1284,0.0,6.0,6.094,6095,7,0,0,0.9707,0,0,0,0,0,0
family18,CSDVRP-M-n50-s2,M,50,2,base,Fixed-dominant,4,,15,1468.7922,1677.4231,1462.0673,6.7249,0.0,15.0,15.15,1814,16,0,0,0.9985,0,0,0,0,0,0
family18,CSDVRP-S-n15-s1,S,15,1,base,VNS-18,4,,5,599.4153,675.8866,596.1341,3.2813,0.0,5.0,5.033,5714,6,0,0,0.9,0,0,0,0,0,0
family18,CSDVRP-M-n30-s2,M,30,2,base,VNS-18,8,,10,941.0551,1162.4183,938.3163,2.7388,0.0,10.0,10.061,3348,10,0,0,0.9865,0,0,0,0,0,0
family18,CSDVRP-L-n75-s5,L,75,5,base,VNS-18,1,,25,2093.1793,2327.4464,2085.9758,7.2035,0.0,25.0,25.175,1127,23,0,0,1.0,0,0,0,0,0,0
family18,CSDVRP-XL-n150-s3,XL,150,3,base,Marginal-18,1,2,50,3817.793,4237.9876,3801.113,16.68,0.0,50.0,50.812,934,44,0,0,0.9983,0,0,0,0,0,0
family18,CSDVRP-S-n12-s5,S,12,5,base,Fixed-dominant,4,,5,521.1433,535.5205,517.6832,3.4602,0.0,5.0,5.035,10177,4,0,0,0.978,0,0,0,0,0,0
family18,CSDVRP-S-n20-s4,S,20,4,base,VNS-18,0,,6,719.4697,798.0501,715.5041,3.9656,0.0,6.0,6.092,4642,7,0,0,0.986,0,0,0,0,0,0
family18,CSDVRP-M-n30-s1,M,30,1,base,Random-18,6,,10,1031.5482,1231.1888,1027.1043,4.4439,0.0,10.0,10.14,3177,10,0,0,0.98,0,0,0,0,0,0
family18,CSDVRP-S-n6-s2,S,6,2,base,DRL-VNS18,0,1,5,330.7872,334.9047,328.2873,2.4999,0.0,5.0,5.025,7063,3,0,0,0.8567,0,0,0,0,0,0
family18,CSDVRP-S-n15-s0,S,15,0,base,Roulette-18,1,,5,622.621,666.3141,603.3505,4.2704,15.0,5.0,5.044,6580,5,1,1,1.0,0,0,0,0,0,0
family18,CSDVRP-L-n75-s4,L,75,4,base,Random-18,4,,25,2211.2962,2460.454,2202.3296,8.9666,0.0,25.0,25.646,931,24,0,0,0.998,0,0,0,0,0,0
family18,CSDVRP-L-n75-s4,L,75,4,base,Roulette-18,5,,25,2224.9237,2460.454,2201.5789,8.3448,15.0,25.047,25.327,974,24,1,1,1.0,0,0,0,0,0,0
family18,CSDVRP-S-n20-s3,S,20,3,base,Random-18,9,,6,691.2399,797.0264,687.1116,4.1284,0.0,6.0,6.038,4828,7,0,0,0.9707,0,0,0,0,0,0
family18,CSDVRP-M-n30-s3,M,30,3,base,Random-18,3,,10,969.1696,1099.7766,965.9069,3.2627,0.0,10.0,10.076,3843,10,0,0,0.988,0,0,0,0,0,0
family18,CSDVRP-S-n10-s2,S,10,2,base,Roulette-18,4,,5,391.6922,436.4179,389.0812,2.6111,0.0,5.0,5.013,14699,3,0,0,0.9787,0,0,0,0,0,0
family18,CSDVRP-M-n50-s5,M,50,5,base,Random-18,0,,15,1606.095,1904.3598,1597.9554,8.1396,0.0,15.0,15.439,1939,15,0,0,0.995,0,0,0,0,0,0
family18,CSDVRP-L-n100-s3,L,100,3,base,DRL-VNS18,1,2,35,2705.2893,3095.0715,2696.9781,8.3112,0.0,35.0,35.205,826,31,0,0,0.9992,0,0,0,0,0,0
family18,CSDVRP-L-n100-s5,L,100,5,base,Random-18,8,,35,2696.6032,3154.3549,2578.8391,12.7641,105.0,35.031,35.274,630,30,4,7,1.0,0,0,0,0,0,0
family18,CSDVRP-S-n15-s5,S,15,5,base,Fixed-dominant,8,,5,667.5614,800.4223,662.7682,4.7933,0.0,5.0,5.413,10453,5,0,0,0.9993,0,0,0,0,0,0
family18,CSDVRP-M-n30-s0,M,30,0,base,DRL-VNS18,7,3,10,1092.9389,1303.6377,1089.1614,3.7775,0.0,10.0,10.374,2971,11,0,0,0.997,0,0,0,0,0,0
family18,CSDVRP-L-n75-s5,L,75,5,base,DRL-VNS18,5,1,25,2091.5786,2327.4464,2083.4687,8.1099,0.0,25.016,25.137,969,23,0,0,0.9904,0,0,0,0,0,0
family18,CSDVRP-CS-Riyadh,case,30,0,base,DRL-VNS18,3,4,30,416.3117,711.0291,411.6246,4.6871,0.0,30.0,30.211,12005,4,0,0,0.986,0,0,0,0,0,0
family18,CSDVRP-M-n50-s5,M,50,5,base,Marginal-18,1,2,15,1638.0051,1904.3598,1630.4499,7.5552,0.0,15.0,15.549,1869,16,0,0,0.998,0,0,0,0,0,0
family18,CSDVRP-L-n75-s4,L,75,4,base,VNS-18,5,,25,2208.73,2460.454,2201.3592,7.3708,0.0,25.016,25.339,908,24,0,0,0.998,0,0,0,0,0,0
family18,CSDVRP-L-n100-s4,L,100,4,base,DRL-VNS18,5,1,35,2946.7315,3371.4529,2905.3627,11.3688,30.0,35.031,35.31,647,31,2,2,1.0,0,0,0,0,0,0
family18,CSDVRP-XL-n150-s3,XL,150,3,base,VNS-18,3,,50,3838.2746,4237.9876,3792.0857,16.189,30.0,50.047,51.217,909,44,1,2,1.0,0,0,0,0,0,0
family18,CSDVRP-S-n6-s5,S,6,5,base,Roulette-18,3,,5,347.3173,347.7063,345.0582,2.2591,0.0,5.0,4.991,20912,3,0,0,0.9907,0,0,0,0,0,0
family18,CSDVRP-L-n100-s0,L,100,0,base,Fixed-dominant,2,,35,3101.2041,3458.8862,3086.5874,14.6168,0.0,35.062,35.597,671,31,0,0,0.9956,0,0,0,0,0,0
family18,CSDVRP-CS-Riyadh,case,30,0,base,Fixed-dominant,1,,30,426.3186,711.0291,420.7759,5.5427,0.0,30.0,30.598,13275,4,0,0,0.988,0,0,0,0,0,0
family18,CSDVRP-L-n75-s1,L,75,1,base,DRL-VNS18,8,4,25,2107.87,2408.8056,2039.7659,8.1041,60.0,25.047,25.231,1040,23,3,4,1.0,0,0,0,0,0,0
family18,CSDVRP-S-n12-s2,S,12,2,base,Marginal-18,0,1,5,460.175,518.4642,458.0808,2.0942,0.0,5.0,5.059,11978,4,0,0,0.998,0,0,0,0,0,0
family18,CSDVRP-S-n15-s3,S,15,3,base,Roulette-18,0,,5,601.4006,692.2972,597.8561,3.5445,0.0,5.0,5.014,5989,6,0,0,0.998,0,0,0,0,0,0
family18,CSDVRP-L-n100-s4,L,100,4,base,DRL-VNS18,7,3,35,2939.4865,3371.4529,2927.1719,12.3146,0.0,35.062,35.691,674,31,0,0,0.9952,0,0,0,0,0,0
family18,CSDVRP-XL-n150-s1,XL,150,1,base,Marginal-18,9,5,50,4196.192,4744.1508,4181.6124,14.5796,0.0,50.0,50.74,979,45,0,0,0.9997,0,0,0,0,0,0
family18,CSDVRP-XL-n150-s1,XL,150,1,base,Fixed-dominant,1,,50,4250.1554,4744.1508,4232.8067,17.3487,0.0,50.0,50.908,1211,45,0,0,0.998,0,0,0,0,0,0
family18,CSDVRP-M-n50-s2,M,50,2,base,Roulette-18,5,,15,1468.4873,1677.4231,1462.0673,6.42,0.0,15.0,15.108,1543,16,0,0,0.9985,0,0,0,0,0,0
family18,CSDVRP-S-n10-s1,S,10,1,base,Random-18,9,,5,394.7924,479.2322,392.2685,2.5239,0.0,5.0,5.039,9191,4,0,0,0.9253,0,0,0,0,0,0
family18,CSDVRP-M-n50-s0,M,50,0,base,VNS-18,3,,15,1716.6111,1986.2853,1708.8212,7.7899,0.0,15.0,15.514,1908,16,0,0,0.997,0,0,0,0,0,0
family18,CSDVRP-M-n50-s0,M,50,0,base,DRL-VNS18,3,4,15,1713.3956,1986.2853,1705.7308,7.6648,0.0,15.0,15.255,1651,16,0,0,0.986,0,0,0,0,0,0
family18,CSDVRP-S-n6-s5,S,6,5,base,Marginal-18,1,2,5,347.3173,347.7063,345.0582,2.2591,0.0,5.0,5.022,21196,3,0,0,0.9907,0,0,0,0,0,0
family18,CSDVRP-M-n30-s5,M,30,5,base,VNS-18,0,,10,1120.3771,1247.2838,1084.6448,5.7323,30.0,10.0,10.014,3835,10,1,2,1.0,0,0,0,0,0,0
family18,CSDVRP-M-n30-s5,M,30,5,base,VNS-18,7,,10,1125.5392,1247.2838,1105.3778,5.1614,15.0,10.0,10.108,2878,10,1,1,1.0,0,0,0,0,0,0
family18,CSDVRP-M-n50-s2,M,50,2,base,VNS-18,1,,15,1469.3,1677.4231,1462.0673,7.2327,0.0,15.0,15.061,1598,16,0,0,0.9985,0,0,0,0,0,0
family18,CSDVRP-L-n100-s5,L,100,5,base,Random-18,0,,35,2622.2004,3154.3549,2563.8859,13.3145,45.0,35.016,35.748,698,30,2,3,1.0,0,0,0,0,0,0
family18,CSDVRP-M-n50-s1,M,50,1,base,Fixed-dominant,5,,15,1500.3157,1718.5004,1493.2879,7.0278,0.0,15.0,15.208,2062,15,0,0,0.9915,0,0,0,0,0,0
family18,CSDVRP-M-n30-s1,M,30,1,base,Fixed-dominant,5,,10,1032.3995,1231.1888,1027.1043,5.2952,0.0,10.0,10.083,3748,10,0,0,0.98,0,0,0,0,0,0
family18,CSDVRP-M-n50-s5,M,50,5,base,Random-18,6,,15,1612.6412,1904.3598,1603.9005,8.7406,0.0,15.0,15.153,1844,15,0,0,0.9985,0,0,0,0,0,0
family18,CSDVRP-S-n12-s5,S,12,5,base,VNS-18,1,,5,521.0601,535.5205,517.6832,3.3769,0.0,5.0,5.028,9391,4,0,0,0.978,0,0,0,0,0,0
family18,CSDVRP-S-n20-s5,S,20,5,base,DRL-VNS18,9,5,6,763.1659,865.7,758.6853,4.4806,0.0,6.0,6.029,3836,7,0,0,0.9947,0,0,0,0,0,0
family18,CSDVRP-S-n10-s4,S,10,4,base,Random-18,1,,5,387.4582,460.8567,384.9244,2.5338,0.0,5.0,4.996,14335,3,0,0,0.98,0,0,0,0,0,0
family18,CSDVRP-S-n12-s1,S,12,1,base,VNS-18,4,,5,511.4838,602.7068,507.9062,3.5776,0.0,5.0,5.546,10199,4,0,0,0.994,0,0,0,0,0,0
family18,CSDVRP-S-n20-s5,S,20,5,base,Fixed-dominant,5,,6,763.2502,865.7,758.6853,4.5649,0.0,6.0,6.123,6186,7,0,0,0.9947,0,0,0,0,0,0
family18,CSDVRP-S-n12-s2,S,12,2,base,VNS-18,9,,5,460.175,518.4642,458.0808,2.0942,0.0,5.0,5.013,12536,4,0,0,0.998,0,0,0,0,0,0
family18,CSDVRP-S-n10-s5,S,10,5,base,VNS-18,4,,5,454.5993,485.8354,450.6688,3.9305,0.0,5.0,5.044,11413,3,0,0,0.956,0,0,0,0,0,0
family18,CSDVRP-M-n50-s0,M,50,0,base,Fixed-dominant,0,,15,1708.6415,1986.2853,1700.9035,7.738,0.0,15.0,15.133,1883,16,0,0,0.9865,0,0,0,0,0,0
family18,CSDVRP-S-n15-s2,S,15,2,base,Roulette-18,6,,5,604.4369,645.109,602.0225,2.4144,0.0,5.0,5.021,6087,6,0,0,0.9953,0,0,0,0,0,0
family18,CSDVRP-L-n100-s1,L,100,1,base,Random-18,4,,35,2722.3831,3146.4881,2650.2848,12.0983,60.0,35.062,35.255,637,29,3,4,1.0,0,0,0,0,0,0
family18,CSDVRP-CS-Riyadh,case,30,0,base,VNS-18,9,,30,420.0991,711.0291,414.0897,6.0094,0.0,30.0,30.77,13194,4,0,0,0.982,0,0,0,0,0,0
family18,CSDVRP-L-n75-s0,L,75,0,base,Marginal-18,1,2,25,2411.0348,2688.4285,2401.1797,9.855,0.0,25.016,25.214,1155,24,0,0,0.9984,0,0,0,0,0,0
family18,CSDVRP-S-n15-s5,S,15,5,base,Marginal-18,8,4,5,666.5148,800.4223,662.7682,3.7467,0.0,5.0,5.047,7656,5,0,0,0.9993,0,0,0,0,0,0
family18,CSDVRP-S-n6-s2,S,6,2,base,VNS-18,2,,5,330.7872,334.9047,328.2873,2.4999,0.0,5.0,5.029,17734,3,0,0,0.8567,0,0,0,0,0,0
family18,CSDVRP-L-n75-s2,L,75,2,base,Marginal-18,6,2,25,2115.4397,2442.0216,2092.515,7.9247,15.0,25.0,25.737,1163,22,1,1,1.0,0,0,0,0,0,0
family18,CSDVRP-M-n30-s0,M,30,0,base,Fixed-dominant,2,,10,1094.0206,1303.6377,1088.8964,5.1242,0.0,10.0,10.135,3655,11,0,0,0.997,0,0,0,0,0,0
family18,CSDVRP-M-n30-s4,M,30,4,base,Marginal-18,6,2,10,926.1514,1151.8487,921.3091,4.8423,0.0,10.0,10.153,3751,10,0,0,0.99,0,0,0,0,0,0
family18,CSDVRP-M-n50-s4,M,50,4,base,Roulette-18,1,,15,1667.3692,1919.2804,1661.0564,6.3127,0.0,15.0,15.127,1653,16,0,0,1.0,0,0,0,0,0,0
family18,CSDVRP-S-n12-s2,S,12,2,base,Random-18,1,,5,460.175,518.4642,458.0808,2.0942,0.0,5.0,5.07,12754,4,0,0,0.998,0,0,0,0,0,0
family18,CSDVRP-S-n20-s1,S,20,1,base,VNS-18,9,,6,785.2664,908.0268,780.5879,4.6785,0.0,6.0,6.047,4773,7,0,0,0.9833,0,0,0,0,0,0
family18,CSDVRP-L-n75-s1,L,75,1,base,VNS-18,5,,25,2139.7624,2408.8056,2057.7266,7.0358,75.0,25.031,25.826,1103,23,3,5,1.0,0,0,0,0,0,0
family18,CSDVRP-L-n100-s3,L,100,3,base,VNS-18,5,,35,2707.9332,3095.0715,2697.59,10.3432,0.0,35.031,35.323,730,31,0,0,1.0,0,0,0,0,0,0
family18,CSDVRP-S-n6-s4,S,6,4,base,VNS-18,6,,5,307.3738,316.7228,305.135,2.2389,0.0,5.0,5.06,17500,3,0,0,0.906,0,0,0,0,0,0
family18,CSDVRP-L-n75-s0,L,75,0,base,VNS-18,4,,25,2408.8942,2688.4285,2401.1797,7.7144,0.0,25.0,25.234,1083,24,0,0,0.9984,0,0,0,0,0,0
family18,CSDVRP-M-n50-s0,M,50,0,base,Marginal-18,1,2,15,1702.0955,1986.2853,1695.1454,6.9501,0.0,15.0,15.669,1957,16,0,0,0.9865,0,0,0,0,0,0
family18,CSDVRP-S-n20-s0,S,20,0,base,Roulette-18,1,,6,756.3441,835.2978,752.4896,3.8544,0.0,6.0,6.122,4730,7,0,0,0.9987,0,0,0,0,0,0
family18,CSDVRP-S-n8-s5,S,8,5,base,VNS-18,8,,5,423.2126,427.0275,419.9371,3.2754,0.0,5.0,5.03,13867,3,0,0,0.894,0,0,0,0,0,0
family18,CSDVRP-M-n50-s1,M,50,1,base,Fixed-dominant,3,,15,1500.3157,1718.5004,1493.2879,7.0278,0.0,15.0,15.503,2022,15,0,0,0.9915,0,0,0,0,0,0
family18,CSDVRP-M-n30-s4,M,30,4,base,Roulette-18,0,,10,935.3333,1151.8487,931.9302,3.4031,0.0,10.0,10.1,4104,9,0,0,0.994,0,0,0,0,0,0
family18,CSDVRP-S-n20-s4,S,20,4,base,DRL-VNS18,5,1,6,719.4697,798.0501,715.5041,3.9656,0.0,6.0,6.03,3630,7,0,0,0.986,0,0,0,0,0,0
family18,CSDVRP-S-n15-s2,S,15,2,base,Marginal-18,1,2,5,604.4369,645.109,602.0225,2.4144,0.0,5.0,5.074,6437,6,0,0,0.9953,0,0,0,0,0,0
family18,CSDVRP-M-n50-s5,M,50,5,base,VNS-18,2,,15,1612.3955,1904.3598,1603.9005,8.495,0.0,15.0,15.073,1873,15,0,0,0.9985,0,0,0,0,0,0
family18,CSDVRP-XL-n150-s2,XL,150,2,base,VNS-18,5,,50,4017.5325,4545.4892,3971.5275,16.005,30.0,50.031,51.159,901,45,1,2,1.0,0,0,0,0,0,0
family18,CSDVRP-S-n8-s2,S,8,2,base,Roulette-18,6,,5,344.8888,398.3755,342.4078,2.481,0.0,5.0,5.041,15236,3,0,0,0.8753,0,0,0,0,0,0
family18,CSDVRP-S-n12-s5,S,12,5,base,VNS-18,3,,5,521.0601,535.5205,517.6832,3.3769,0.0,5.0,5.014,9267,4,0,0,0.978,0,0,0,0,0,0
family18,CSDVRP-S-n12-s2,S,12,2,base,Fixed-dominant,9,,5,460.8355,518.4642,458.0808,2.7548,0.0,5.0,5.03,13595,4,0,0,0.998,0,0,0,0,0,0
family18,CSDVRP-XL-n150-s0,XL,150,0,base,Fixed-dominant,6,,50,4427.1172,5021.4451,4410.9679,16.1493,0.0,50.031,50.754,1226,47,0,0,0.9977,0,0,0,0,0,0
family18,CSDVRP-M-n50-s3,M,50,3,base,Marginal-18,6,2,15,1399.5391,1746.7745,1393.2711,6.268,0.0,15.0,15.099,1896,15,0,0,0.994,0,0,0,0,0,0
family18,CSDVRP-S-n8-s2,S,8,2,base,Fixed-dominant,6,,5,344.8888,398.3755,342.4078,2.481,0.0,5.0,5.013,17781,3,0,0,0.8753,0,0,0,0,0,0
family18,CSDVRP-XL-n150-s0,XL,150,0,base,DRL-VNS18,7,3,50,4344.5433,5021.4451,4326.4808,18.0625,0.0,50.078,50.938,924,46,0,0,0.9997,0,0,0,0,0,0
family18,CSDVRP-M-n30-s5,M,30,5,base,Marginal-18,6,2,10,1127.5774,1247.2838,1092.2244,5.353,30.0,10.0,10.107,4265,10,1,2,1.0,0,0,0,0,0,0
family18,CSDVRP-S-n15-s2,S,15,2,base,Fixed-dominant,2,,5,605.0439,645.109,602.0225,3.0214,0.0,5.0,5.041,6912,6,0,0,0.9953,0,0,0,0,0,0
family18,CSDVRP-M-n30-s4,M,30,4,base,Fixed-dominant,5,,10,926.8802,1151.8487,921.3091,5.5711,0.0,10.0,10.124,3421,10,0,0,0.99,0,0,0,0,0,0
family18,CSDVRP-M-n50-s0,M,50,0,base,VNS-18,7,,15,1752.2207,1986.2853,1714.4033,7.8175,30.0,15.0,15.188,1720,16,1,2,1.0,0,0,0,0,0,0
family18,CSDVRP-XL-n150-s4,XL,150,4,base,Roulette-18,9,,50,3966.0765,4802.2805,3862.5757,13.5008,90.0,50.094,50.876,962,45,4,6,1.0,0,0,0,0,0,0
family18,CSDVRP-M-n30-s2,M,30,2,base,Roulette-18,8,,10,941.0551,1162.4183,938.3163,2.7388,0.0,10.0,10.098,3324,10,0,0,0.9865,0,0,0,0,0,0
family18,CSDVRP-XL-n150-s0,XL,150,0,base,Roulette-18,4,,50,4478.4825,5021.4451,4357.5808,15.9016,105.0,50.078,50.739,908,46,4,7,1.0,0,0,0,0,0,0
family18,CSDVRP-S-n15-s2,S,15,2,base,Roulette-18,8,,5,604.4369,645.109,602.0225,2.4144,0.0,5.0,5.036,5965,6,0,0,0.9953,0,0,0,0,0,0
family18,CSDVRP-S-n15-s2,S,15,2,base,DRL-VNS18,7,3,5,604.4369,645.109,602.0225,2.4144,0.0,5.0,5.045,4037,6,0,0,0.9953,0,0,0,0,0,0
family18,CSDVRP-S-n20-s4,S,20,4,base,Fixed-dominant,8,,6,720.0364,798.0501,715.5041,4.5322,0.0,6.0,6.044,5242,7,0,0,0.986,0,0,0,0,0,0
family18,CSDVRP-L-n75-s3,L,75,3,base,Marginal-18,7,3,25,2105.2968,2332.9982,2099.4733,5.8235,0.0,25.0,25.599,1064,24,0,0,0.9988,0,0,0,0,0,0
family18,CSDVRP-S-n15-s1,S,15,1,base,Fixed-dominant,7,,5,599.4153,675.8866,596.1341,3.2813,0.0,5.0,5.006,6104,6,0,0,0.9,0,0,0,0,0,0
family18,CSDVRP-L-n100-s3,L,100,3,base,Random-18,1,,35,2730.1958,3095.0715,2718.8983,11.2975,0.0,35.047,35.751,641,31,0,0,1.0,0,0,0,0,0,0
family18,CSDVRP-L-n75-s4,L,75,4,base,VNS-18,6,,25,2203.548,2460.454,2197.2434,6.3046,0.0,25.016,25.358,1010,24,0,0,0.998,0,0,0,0,0,0
family18,CSDVRP-S-n10-s4,S,10,4,base,VNS-18,9,,5,387.4582,460.8567,384.9244,2.5338,0.0,5.0,5.009,14783,3,0,0,0.98,0,0,0,0,0,0
family18,CSDVRP-M-n50-s0,M,50,0,base,Fixed-dominant,9,,15,1713.3576,1986.2853,1705.7308,7.6268,0.0,15.0,15.096,1794,16,0,0,0.986,0,0,0,0,0,0
family18,CSDVRP-XL-n150-s0,XL,150,0,base,DRL-VNS18,1,2,50,4383.4918,5021.4451,4336.8103,16.6815,30.0,50.078,51.006,1040,46,1,2,1.0,0,0,0,0,0,0
family18,CSDVRP-S-n15-s3,S,15,3,base,DRL-VNS18,2,3,5,613.8579,692.2972,595.8443,3.0136,15.0,5.0,5.059,4885,5,1,1,1.0,0,0,0,0,0,0
family18,CSDVRP-S-n6-s4,S,6,4,base,Marginal-18,7,3,5,307.1905,316.7228,305.135,2.0555,0.0,5.0,5.045,17022,3,0,0,0.906,0,0,0,0,0,0
family18,CSDVRP-M-n30-s0,M,30,0,base,Marginal-18,6,2,10,1110.3793,1303.6377,1091.4559,3.9234,15.0,10.0,10.078,3961,11,1,1,1.0,0,0,0,0,0,0
family18,CSDVRP-L-n100-s5,L,100,5,base,DRL-VNS18,9,5,35,2607.1497,3154.3549,2550.9149,11.2349,45.0,35.0,35.761,714,30,2,3,1.0,0,0,0,0,0,0
family18,CSDVRP-S-n15-s2,S,15,2,base,Fixed-dominant,1,,5,605.5838,645.109,602.0225,3.5613,0.0,5.0,5.091,6818,6,0,0,0.9953,0,0,0,0,0,0
family18,CSDVRP-M-n50-s3,M,50,3,base,Fixed-dominant,0,,15,1400.3797,1746.7745,1392.5811,7.7986,0.0,15.0,15.137,1721,15,0,0,0.994,0,0,0,0,0,0
family18,CSDVRP-M-n30-s5,M,30,5,base,DRL-VNS18,2,3,10,1128.8684,1247.2838,1123.3823,5.4862,0.0,10.0,10.154,3393,10,0,0,0.9905,0,0,0,0,0,0
family18,CSDVRP-M-n50-s0,M,50,0,base,DRL-VNS18,7,3,15,1705.8737,1986.2853,1699.1272,6.7465,0.0,15.0,15.111,1700,16,0,0,0.9865,0,0,0,0,0,0
family18,CSDVRP-L-n100-s0,L,100,0,base,Random-18,8,,35,3107.5324,3458.8862,3032.2154,15.317,60.0,35.016,35.72,597,31,3,4,1.0,0,0,0,0,0,0
family18,CSDVRP-S-n20-s4,S,20,4,base,VNS-18,8,,6,719.4697,798.0501,715.5041,3.9656,0.0,6.0,6.049,4648,7,0,0,0.986,0,0,0,0,0,0
family18,CSDVRP-S-n15-s1,S,15,1,base,Marginal-18,7,3,5,599.4153,675.8866,596.1341,3.2813,0.0,5.0,5.029,5636,6,0,0,0.9,0,0,0,0,0,0
family18,CSDVRP-XL-n150-s4,XL,150,4,base,Roulette-18,1,,50,3908.3762,4802.2805,3849.9435,13.4327,45.0,50.062,50.908,899,46,2,3,1.0,0,0,0,0,0,0
family18,CSDVRP-S-n12-s1,S,12,1,base,Marginal-18,8,4,5,511.4838,602.7068,507.9062,3.5776,0.0,5.0,5.055,9458,4,0,0,0.994,0,0,0,0,0,0
family18,CSDVRP-M-n30-s1,M,30,1,base,Roulette-18,1,,10,1049.513,1231.1888,1030.777,3.736,15.0,10.0,10.028,3440,10,1,1,1.0,0,0,0,0,0,0
family18,CSDVRP-S-n12-s2,S,12,2,base,Fixed-dominant,6,,5,460.8355,518.4642,458.0808,2.7548,0.0,5.0,4.998,13690,4,0,0,0.998,0,0,0,0,0,0
family18,CSDVRP-M-n50-s0,M,50,0,base,DRL-VNS18,5,1,15,1705.1083,1986.2853,1698.6227,6.4856,0.0,15.0,15.144,1812,16,0,0,0.991,0,0,0,0,0,0
family18,CSDVRP-M-n50-s4,M,50,4,base,DRL-VNS18,4,5,15,1642.3168,1919.2804,1620.5728,6.744,15.0,15.0,15.054,1782,17,1,1,1.0,0,0,0,0,0,0
family18,CSDVRP-L-n75-s4,L,75,4,base,VNS-18,0,,25,2210.1898,2460.454,2202.6203,7.5695,0.0,25.0,25.522,983,24,0,0,0.9996,0,0,0,0,0,0
family18,CSDVRP-S-n8-s5,S,8,5,base,Fixed-dominant,7,,5,423.2126,427.0275,419.9371,3.2754,0.0,5.0,5.096,18211,3,0,0,0.894,0,0,0,0,0,0
family18,CSDVRP-M-n50-s4,M,50,4,base,Marginal-18,9,5,15,1666.5221,1919.2804,1660.114,6.4081,0.0,15.0,15.077,1643,16,0,0,1.0,0,0,0,0,0,0
family18,CSDVRP-M-n30-s0,M,30,0,base,Marginal-18,3,4,10,1110.3793,1303.6377,1091.4559,3.9234,15.0,10.0,10.062,3526,11,1,1,0.997,0,0,0,0,0,0
family18,CSDVRP-S-n15-s0,S,15,0,base,VNS-18,3,,5,606.5233,666.3141,602.2712,4.2521,0.0,5.0,5.073,6995,5,0,0,0.9927,0,0,0,0,0,0
family18,CSDVRP-XL-n150-s2,XL,150,2,base,Fixed-dominant,6,,50,4085.3389,4545.4892,4066.7917,18.5472,0.0,50.0,51.061,1191,46,0,0,1.0,0,0,0,0,0,0
family18,CSDVRP-S-n15-s0,S,15,0,base,DRL-VNS18,4,5,5,622.621,666.3141,603.3505,4.2704,15.0,5.0,5.011,4282,5,1,1,1.0,0,0,0,0,0,0
family18,CSDVRP-S-n10-s3,S,10,3,base,VNS-18,4,,5,398.3934,456.2198,394.9219,3.4715,0.0,5.0,5.061,13963,3,0,0,0.9427,0,0,0,0,0,0
family18,CSDVRP-M-n50-s2,M,50,2,base,DRL-VNS18,9,5,15,1488.5474,1677.4231,1467.4043,6.1431,15.0,15.0,15.09,1848,16,1,1,0.9985,0,0,0,0,0,0
family18,CSDVRP-XL-n150-s1,XL,150,1,base,Fixed-dominant,5,,50,4284.4395,4744.1508,4267.5565,16.883,0.0,50.016,50.739,1301,45,0,0,0.9993,0,0,0,0,0,0
family18,CSDVRP-S-n15-s1,S,15,1,base,Fixed-dominant,1,,5,599.6997,675.8866,596.1341,3.5656,0.0,5.0,5.036,6070,6,0,0,0.9,0,0,0,0,0,0
family18,CSDVRP-S-n8-s2,S,8,2,base,Fixed-dominant,2,,5,344.9724,398.3755,342.4078,2.5646,0.0,5.0,5.029,17585,3,0,0,0.8753,0,0,0,0,0,0
family18,CSDVRP-S-n6-s5,S,6,5,base,Marginal-18,2,3,5,347.3173,347.7063,345.0582,2.2591,0.0,5.0,5.029,21353,3,0,0,0.9907,0,0,0,0,0,0
family18,CSDVRP-L-n100-s2,L,100,2,base,VNS-18,4,,35,2801.6716,3167.7225,2790.246,11.4256,0.0,35.0,35.213,729,30,0,0,0.9976,0,0,0,0,0,0
family18,CSDVRP-CS-Riyadh,case,30,0,base,Marginal-18,3,4,30,420.0991,711.0291,414.0897,6.0094,0.0,30.0,30.738,13313,4,0,0,0.982,0,0,0,0,0,0
family18,CSDVRP-L-n100-s5,L,100,5,base,Fixed-dominant,2,,35,2574.7843,3154.3549,2559.7572,15.0272,0.0,35.031,35.73,668,30,0,0,0.9992,0,0,0,0,0,0
family18,CSDVRP-L-n100-s3,L,100,3,base,Marginal-18,2,3,35,2710.1443,3095.0715,2699.4294,10.7149,0.0,35.062,37.127,703,31,0,0,0.9992,0,0,0,0,0,0
family18,CSDVRP-S-n12-s4,S,12,4,base,VNS-18,4,,5,487.5063,536.3904,484.4937,3.0126,0.0,5.0,5.256,10235,4,0,0,0.9867,0,0,0,0,0,0
family18,CSDVRP-M-n30-s1,M,30,1,base,Roulette-18,8,,10,1049.5384,1231.1888,1030.777,3.7614,15.0,10.0,10.468,3564,10,1,1,1.0,0,0,0,0,0,0
family18,CSDVRP-M-n30-s4,M,30,4,base,Roulette-18,9,,10,926.1685,1151.8487,921.3091,4.8594,0.0,10.0,10.264,3448,10,0,0,0.99,0,0,0,0,0,0
family18,CSDVRP-S-n12-s4,S,12,4,base,Fixed-dominant,9,,5,488.9656,536.3904,484.4937,4.4719,0.0,5.0,5.104,10793,4,0,0,0.9867,0,0,0,0,0,0
family18,CSDVRP-S-n10-s4,S,10,4,base,Fixed-dominant,6,,5,387.4582,460.8567,384.9244,2.5338,0.0,5.0,5.155,16709,3,0,0,0.98,0,0,0,0,0,0
family18,CSDVRP-S-n12-s2,S,12,2,base,Marginal-18,1,2,5,460.175,518.4642,458.0808,2.0942,0.0,5.0,5.106,12851,4,0,0,0.998,0,0,0,0,0,0
family18,CSDVRP-XL-n150-s1,XL,150,1,base,Random-18,8,,50,4250.5815,4744.1508,4233.8823,16.6992,0.0,50.0,53.046,869,44,0,0,0.9993,0,0,0,0,0,0
family18,CSDVRP-XL-n150-s1,XL,150,1,base,VNS-18,4,,50,4235.1138,4744.1508,4204.4863,15.6275,15.0,50.0,51.737,872,44,1,1,1.0,0,0,0,0,0,0
family18,CSDVRP-CS-Riyadh,case,30,0,base,DRL-VNS18,4,5,30,424.5677,711.0291,419.1337,5.4341,0.0,30.0,30.333,13174,4,0,0,0.982,0,0,0,0,0,0
family18,CSDVRP-S-n20-s3,S,20,3,base,Fixed-dominant,1,,6,691.2399,797.0264,687.1116,4.1284,0.0,6.0,6.014,6483,7,0,0,0.9707,0,0,0,0,0,0
family18,CSDVRP-S-n20-s2,S,20,2,base,Random-18,5,,6,670.121,732.8183,667.0092,3.1118,0.0,6.0,5.997,4917,7,0,0,0.9933,0,0,0,0,0,0
family18,CSDVRP-L-n100-s3,L,100,3,base,Random-18,9,,35,2713.1347,3095.0715,2703.878,9.2568,0.0,35.0,35.338,730,31,0,0,1.0,0,0,0,0,0,0
family18,CSDVRP-S-n8-s2,S,8,2,base,Marginal-18,0,1,5,344.8888,398.3755,342.4078,2.481,0.0,5.0,5.032,16887,3,0,0,0.8753,0,0,0,0,0,0
family18,CSDVRP-L-n75-s3,L,75,3,base,Marginal-18,5,1,25,2139.4346,2332.9982,2101.1215,8.313,30.0,25.0,25.237,1113,24,1,2,1.0,0,0,0,0,0,0
family18,CSDVRP-S-n8-s3,S,8,3,base,Marginal-18,7,3,5,339.8466,351.7127,337.5902,2.2564,0.0,5.0,4.995,15961,3,0,0,0.9567,0,0,0,0,0,0
family18,CSDVRP-M-n50-s0,M,50,0,base,DRL-VNS18,4,5,15,1708.6395,1986.2853,1700.9035,7.736,0.0,15.0,15.246,1982,16,0,0,0.9865,0,0,0,0,0,0
family18,CSDVRP-XL-n150-s3,XL,150,3,base,Roulette-18,8,,50,3807.9976,4237.9876,3776.406,16.5916,15.0,50.109,50.485,1031,43,1,1,1.0,0,0,0,0,0,0
family18,CSDVRP-L-n100-s2,L,100,2,base,Random-18,5,,35,2846.4401,3167.7225,2805.2057,11.2344,30.0,35.062,35.246,753,29,1,2,1.0,0,0,0,0,0,0
family18,CSDVRP-S-n6-s5,S,6,5,base,VNS-18,8,,5,347.3173,347.7063,345.0582,2.2591,0.0,5.0,5.026,24754,3,0,0,0.9907,0,0,0,0,0,0
family18,CSDVRP-L-n100-s5,L,100,5,base,Roulette-18,5,,35,2627.6382,3154.3549,2599.0449,13.5933,15.0,35.0,35.463,835,30,1,1,0.9996,0,0,0,0,0,0
family18,CSDVRP-M-n30-s3,M,30,3,base,Fixed-dominant,8,,10,971.882,1099.7766,968.1897,3.6923,0.0,10.0,10.096,4705,10,0,0,0.9975,0,0,0,0,0,0
family18,CSDVRP-S-n6-s3,S,6,3,base,DRL-VNS18,2,3,5,230.2731,253.5784,228.5871,1.686,0.0,5.0,5.059,8938,2,0,0,0.9873,0,0,0,0,0,0
family18,CSDVRP-S-n10-s1,S,10,1,base,DRL-VNS18,3,4,5,394.7924,479.2322,392.2685,2.5239,0.0,5.0,5.027,5583,4,0,0,0.9253,0,0,0,0,0,0
family18,CSDVRP-S-n12-s4,S,12,4,base,Random-18,3,,5,487.5063,536.3904,484.4937,3.0126,0.0,5.0,5.046,11409,4,0,0,0.9867,0,0,0,0,0,0
family18,CSDVRP-L-n75-s1,L,75,1,base,Roulette-18,8,,25,2156.8136,2408.8056,2015.9549,5.8588,135.0,25.047,25.248,1438,22,7,9,1.0,0,0,0,0,0,0
family18,CSDVRP-L-n75-s0,L,75,0,base,DRL-VNS18,8,4,25,2409.7353,2688.4285,2401.1797,8.5556,0.0,25.016,25.185,1161,24,0,0,0.9984,0,0,0,0,0,0
family18,CSDVRP-M-n30-s2,M,30,2,base,Random-18,1,,10,951.4523,1162.4183,933.102,3.3503,15.0,10.0,10.105,3481,10,1,1,1.0,0,0,0,0,0,0
family18,CSDVRP-S-n12-s3,S,12,3,base,DRL-VNS18,5,1,5,522.4878,589.3086,503.6872,3.8005,15.0,5.0,5.027,6096,4,1,1,1.0,0,0,0,0,0,0
family18,CSDVRP-S-n10-s2,S,10,2,base,Fixed-dominant,9,,5,401.7816,436.4179,398.071,3.7106,0.0,5.0,5.044,17271,3,0,0,0.9867,0,0,0,0,0,0
family18,CSDVRP-M-n30-s0,M,30,0,base,Marginal-18,0,1,10,1137.8539,1303.6377,1103.7145,4.1394,30.0,10.0,10.031,4107,11,1,2,1.0,0,0,0,0,0,0
family18,CSDVRP-M-n50-s5,M,50,5,base,Random-18,4,,15,1612.217,1904.3598,1603.9005,8.3164,0.0,15.0,15.113,2163,15,0,0,0.9985,0,0,0,0,0,0
family18,CSDVRP-S-n12-s5,S,12,5,base,Roulette-18,8,,5,521.0601,535.5205,517.6832,3.3769,0.0,5.0,5.008,9953,4,0,0,0.978,0,0,0,0,0,0
family18,CSDVRP-S-n8-s4,S,8,4,base,Marginal-18,9,5,5,359.1905,397.2233,357.0731,2.1174,0.0,5.0,5.106,16743,3,0,0,0.8793,0,0,0,0,0,0
family18,CSDVRP-L-n75-s3,L,75,3,base,DRL-VNS18,0,1,25,2115.877,2332.9982,2079.0226,6.8544,30.0,25.0,25.167,1117,24,1,2,1.0,0,0,0,0,0,0
family18,CSDVRP-S-n15-s5,S,15,5,base,VNS-18,4,,5,666.5148,800.4223,662.7682,3.7467,0.0,5.0,5.031,8462,5,0,0,0.9993,0,0,0,0,0,0
family18,CSDVRP-L-n100-s4,L,100,4,base,Roulette-18,6,,35,2985.8563,3371.4529,2897.2554,13.6008,75.0,35.047,35.376,716,30,3,5,1.0,0,0,0,0,0,0
family18,CSDVRP-S-n10-s1,S,10,1,base,VNS-18,6,,5,394.7924,479.2322,392.2685,2.5239,0.0,5.0,5.041,10383,4,0,0,0.9253,0,0,0,0,0,0
family18,CSDVRP-L-n100-s4,L,100,4,base,Random-18,7,,35,2966.2681,3371.4529,2924.8114,11.4567,30.0,35.016,35.22,724,31,1,2,1.0,0,0,0,0,0,0
family18,CSDVRP-S-n15-s5,S,15,5,base,Marginal-18,9,5,5,666.5148,800.4223,662.7682,3.7467,0.0,5.0,5.056,8850,5,0,0,0.9993,0,0,0,0,0,0
family18,CSDVRP-S-n20-s1,S,20,1,base,Marginal-18,7,3,6,785.2664,908.0268,780.5879,4.6785,0.0,6.0,6.061,5204,7,0,0,0.9833,0,0,0,0,0,0
family18,CSDVRP-S-n12-s1,S,12,1,base,DRL-VNS18,0,1,5,546.6653,602.7068,512.8082,3.8571,30.0,5.0,5.028,5506,4,2,2,1.0,0,0,0,0,0,0
family18,CSDVRP-S-n20-s5,S,20,5,base,Fixed-dominant,6,,6,763.1659,865.7,758.6853,4.4806,0.0,6.0,6.046,6469,7,0,0,0.9947,0,0,0,0,0,0
family18,CSDVRP-S-n12-s5,S,12,5,base,DRL-VNS18,5,1,5,521.0601,535.5205,517.6832,3.3769,0.0,5.0,5.011,5633,4,0,0,0.978,0,0,0,0,0,0
family18,CSDVRP-S-n6-s4,S,6,4,base,Fixed-dominant,7,,5,307.1905,316.7228,305.135,2.0555,0.0,5.0,5.014,21408,3,0,0,0.906,0,0,0,0,0,0
family18,CSDVRP-XL-n150-s0,XL,150,0,base,Random-18,8,,50,4370.4299,5021.4451,4352.355,18.0749,0.0,50.0,50.39,962,46,0,0,0.9997,0,0,0,0,0,0
family18,CSDVRP-S-n10-s1,S,10,1,base,Marginal-18,5,1,5,394.7924,479.2322,392.2685,2.5239,0.0,5.0,5.028,9593,4,0,0,0.9253,0,0,0,0,0,0
family18,CSDVRP-XL-n150-s2,XL,150,2,base,Marginal-18,7,3,50,4089.9399,4545.4892,4015.9365,14.0034,60.0,50.016,50.262,886,46,3,4,1.0,0,0,0,0,0,0
family18,CSDVRP-S-n6-s5,S,6,5,base,Marginal-18,4,5,5,347.3173,347.7063,345.0582,2.2591,0.0,5.0,5.013,23429,3,0,0,0.9907,0,0,0,0,0,0
family18,CSDVRP-XL-n150-s1,XL,150,1,base,Roulette-18,1,,50,4271.6288,4744.1508,4153.6537,12.9752,105.0,50.062,50.452,1082,45,4,7,1.0,0,0,0,0,0,0
family18,CSDVRP-M-n50-s2,M,50,2,base,Roulette-18,9,,15,1468.6965,1677.4231,1461.7612,6.9353,0.0,15.0,15.125,1756,16,0,0,0.9985,0,0,0,0,0,0
family18,CSDVRP-L-n100-s4,L,100,4,base,Random-18,8,,35,2929.0507,3371.4529,2915.4681,13.5826,0.0,35.016,35.229,725,31,0,0,0.992,0,0,0,0,0,0
family18,CSDVRP-S-n20-s0,S,20,0,base,Roulette-18,2,,6,756.3441,835.2978,752.4896,3.8544,0.0,6.0,6.044,4932,7,0,0,0.9987,0,0,0,0,0,0
family18,CSDVRP-S-n6-s3,S,6,3,base,Random-18,7,,5,230.2731,253.5784,228.5871,1.686,0.0,5.0,4.997,29372,2,0,0,0.9873,0,0,0,0,0,0
family18,CSDVRP-L-n100-s3,L,100,3,base,DRL-VNS18,9,5,35,2709.7877,3095.0715,2699.2201,10.5676,0.0,35.0,35.262,796,30,0,0,1.0,0,0,0,0,0,0
family18,CSDVRP-S-n15-s3,S,15,3,base,Fixed-dominant,9,,5,601.4006,692.2972,597.8561,3.5445,0.0,5.0,5.03,7173,6,0,0,0.998,0,0,0,0,0,0
family18,CSDVRP-XL-n150-s5,XL,150,5,base,DRL-VNS18,2,3,50,3908.0214,4291.4727,3889.8649,18.1565,0.0,50.016,50.25,879,45,0,0,0.999,0,0,0,0,0,0
family18,CSDVRP-M-n30-s2,M,30,2,base,VNS-18,6,,10,951.4523,1162.4183,933.102,3.3503,15.0,10.0,10.087,3530,10,1,1,1.0,0,0,0,0,0,0
family18,CSDVRP-S-n20-s4,S,20,4,base,DRL-VNS18,7,3,6,719.4697,798.0501,715.5041,3.9656,0.0,6.0,6.092,3770,7,0,0,0.986,0,0,0,0,0,0
family18,CSDVRP-S-n15-s3,S,15,3,base,Random-18,4,,5,601.4006,692.2972,597.8561,3.5445,0.0,5.0,4.996,7323,6,0,0,0.998,0,0,0,0,0,0
family18,CSDVRP-M-n50-s1,M,50,1,base,Fixed-dominant,4,,15,1519.0518,1718.5004,1513.1913,5.8605,0.0,15.0,15.077,1785,16,0,0,0.994,0,0,0,0,0,0
family18,CSDVRP-XL-n150-s3,XL,150,3,base,Random-18,1,,50,3786.1807,4237.9876,3769.5953,16.5854,0.0,50.016,50.325,945,43,0,0,0.9997,0,0,0,0,0,0
family18,CSDVRP-S-n6-s4,S,6,4,base,Fixed-dominant,4,,5,307.1905,316.7228,305.135,2.0555,0.0,5.0,5.029,21525,3,0,0,0.906,0,0,0,0,0,0
family18,CSDVRP-L-n75-s3,L,75,3,base,VNS-18,8,,25,2110.2422,2332.9982,2074.8413,5.4009,30.0,25.0,25.172,1077,23,2,2,1.0,0,0,0,0,0,0
family18,CSDVRP-S-n20-s4,S,20,4,base,Roulette-18,2,,6,719.4697,798.0501,715.5041,3.9656,0.0,6.0,6.041,5014,7,0,0,0.986,0,0,0,0,0,0
family18,CSDVRP-S-n8-s1,S,8,1,base,VNS-18,2,,5,335.8429,376.3954,333.6723,2.1706,0.0,5.0,4.998,18272,3,0,0,0.9073,0,0,0,0,0,0
family18,CSDVRP-XL-n150-s2,XL,150,2,base,DRL-VNS18,3,4,50,3985.0901,4545.4892,3954.9016,15.1886,15.0,50.0,50.364,956,45,1,1,1.0,0,0,0,0,0,0
family18,CSDVRP-S-n10-s2,S,10,2,base,DRL-VNS18,2,3,5,391.6922,436.4179,389.0812,2.6111,0.0,5.0,5.019,7118,3,0,0,0.9787,0,0,0,0,0,0
family18,CSDVRP-M-n50-s1,M,50,1,base,Random-18,9,,15,1498.0818,1718.5004,1476.7482,6.3336,15.0,15.0,15.123,2013,15,1,1,1.0,0,0,0,0,0,0
family18,CSDVRP-S-n20-s5,S,20,5,base,Roulette-18,6,,6,763.1659,865.7,758.6853,4.4806,0.0,6.0,6.03,5527,7,0,0,0.9947,0,0,0,0,0,0
family18,CSDVRP-S-n12-s5,S,12,5,base,VNS-18,7,,5,521.0601,535.5205,517.6832,3.3769,0.0,5.0,5.011,10378,4,0,0,0.978,0,0,0,0,0,0
family18,CSDVRP-S-n10-s5,S,10,5,base,Marginal-18,2,3,5,454.5993,485.8354,450.6688,3.9305,0.0,5.0,4.998,11903,3,0,0,0.956,0,0,0,0,0,0
family18,CSDVRP-S-n8-s2,S,8,2,base,Marginal-18,1,2,5,344.8888,398.3755,342.4078,2.481,0.0,5.0,5.015,17122,3,0,0,0.8753,0,0,0,0,0,0
family18,CSDVRP-L-n100-s2,L,100,2,base,DRL-VNS18,9,5,35,2759.3551,3167.7225,2747.087,12.2681,0.0,35.016,35.234,860,29,0,0,0.9964,0,0,0,0,0,0
family18,CSDVRP-CS-Riyadh,case,30,0,base,Fixed-dominant,6,,30,419.5486,711.0291,414.1168,5.4318,0.0,30.0,30.276,16389,4,0,0,0.99,0,0,0,0,0,0
family18,CSDVRP-CS-Riyadh,case,30,0,base,Roulette-18,6,,30,417.2954,711.0291,411.6246,5.6707,0.0,30.0,30.124,15606,4,0,0,0.986,0,0,0,0,0,0
family18,CSDVRP-M-n30-s3,M,30,3,base,Random-18,6,,10,969.5566,1099.7766,965.9069,3.6497,0.0,10.0,10.061,4214,10,0,0,0.988,0,0,0,0,0,0
family18,CSDVRP-S-n20-s3,S,20,3,base,Fixed-dominant,0,,6,691.2399,797.0264,687.1116,4.1284,0.0,6.0,6.075,6706,7,0,0,0.9707,0,0,0,0,0,0
family18,CSDVRP-L-n75-s4,L,75,4,base,Marginal-18,1,2,25,2233.9949,2460.454,2195.8129,8.1821,30.0,25.016,25.269,1131,24,2,2,1.0,0,0,0,0,0,0
family18,CSDVRP-S-n12-s4,S,12,4,base,Roulette-18,0,,5,487.6731,536.3904,484.4937,3.1794,0.0,5.0,5.022,10998,4,0,0,0.9867,0,0,0,0,0,0
family18,CSDVRP-M-n30-s0,M,30,0,base,Random-18,2,,10,1092.9389,1303.6377,1089.1614,3.7775,0.0,10.0,10.078,3733,11,0,0,0.997,0,0,0,0,0,0
family18,CSDVRP-XL-n150-s3,XL,150,3,base,DRL-VNS18,1,2,50,3836.7095,4237.9876,3791.8394,14.8701,30.0,50.094,50.599,1086,44,1,2,1.0,0,0,0,0,0,0
family18,CSDVRP-S-n6-s3,S,6,3,base,Fixed-dominant,5,,5,230.4154,253.5784,228.5871,1.8283,0.0,5.0,5.002,30220,2,0,0,0.9873,0,0,0,0,0,0
family18,CSDVRP-S-n8-s4,S,8,4,base,Random-18,7,,5,359.1905,397.2233,357.0731,2.1174,0.0,5.0,5.045,17036,3,0,0,0.8793,0,0,0,0,0,0
family18,CSDVRP-M-n50-s0,M,50,0,base,Marginal-18,6,2,15,1716.2944,1986.2853,1708.8212,7.4733,0.0,15.0,15.046,2008,16,0,0,0.997,0,0,0,0,0,0
family18,CSDVRP-M-n30-s0,M,30,0,base,Roulette-18,3,,10,1092.964,1303.6377,1089.1614,3.8025,0.0,10.0,10.095,3863,11,0,0,0.997,0,0,0,0,0,0
family18,CSDVRP-S-n6-s2,S,6,2,base,Marginal-18,4,5,5,330.2083,334.9047,328.2873,1.921,0.0,5.0,5.01,18522,3,0,0,0.8567,0,0,0,0,0,0
family18,CSDVRP-CS-Riyadh,case,30,0,base,Random-18,6,,30,423.9465,711.0291,419.1337,4.8128,0.0,30.0,30.326,15356,4,0,0,0.982,0,0,0,0,0,0
family18,CSDVRP-S-n12-s1,S,12,1,base,Random-18,2,,5,546.6726,602.7068,512.8082,3.8644,30.0,5.0,4.996,10038,4,2,2,1.0,0,0,0,0,0,0
family18,CSDVRP-L-n100-s5,L,100,5,base,Random-18,9,,35,2687.9714,3154.3549,2616.3481,11.6233,60.0,35.016,35.219,664,31,4,4,1.0,0,0,0,0,0,0
family18,CSDVRP-XL-n150-s5,XL,150,5,base,Marginal-18,2,3,50,3953.0209,4291.4727,3935.2501,17.7707,0.0,50.156,50.391,912,45,0,0,0.999,0,0,0,0,0,0
family18,CSDVRP-S-n6-s4,S,6,4,base,DRL-VNS18,2,3,5,307.3738,316.7228,305.135,2.2389,0.0,5.0,5.006,7602,3,0,0,0.906,0,0,0,0,0,0
family18,CSDVRP-L-n75-s0,L,75,0,base,Fixed-dominant,3,,25,2420.7491,2688.4285,2409.9935,10.7555,0.0,25.0,25.131,1109,24,0,0,0.9984,0,0,0,0,0,0
family18,CSDVRP-L-n75-s4,L,75,4,base,Roulette-18,8,,25,2206.0286,2460.454,2198.3121,7.7165,0.0,25.0,25.281,1062,24,0,0,0.9996,0,0,0,0,0,0
family18,CSDVRP-M-n30-s0,M,30,0,base,DRL-VNS18,1,2,10,1092.964,1303.6377,1089.1614,3.8025,0.0,10.0,10.143,3482,11,0,0,0.997,0,0,0,0,0,0
family18,CSDVRP-S-n8-s4,S,8,4,base,Fixed-dominant,1,,5,359.1905,397.2233,357.0731,2.1174,0.0,5.0,5.012,17493,3,0,0,0.8793,0,0,0,0,0,0
family18,CSDVRP-M-n50-s1,M,50,1,base,VNS-18,4,,15,1513.6196,1718.5004,1492.4134,6.2062,15.0,15.0,15.095,1991,15,1,1,1.0,0,0,0,0,0,0
family18,CSDVRP-S-n20-s1,S,20,1,base,Fixed-dominant,2,,6,785.4201,908.0268,780.5879,4.8322,0.0,6.0,6.056,5593,7,0,0,0.9833,0,0,0,0,0,0
family18,CSDVRP-S-n6-s1,S,6,1,base,DRL-VNS18,8,4,5,341.7876,362.2464,340.1093,1.6783,0.0,5.0,5.09,8136,3,0,0,0.926,0,0,0,0,0,0
family18,CSDVRP-S-n20-s3,S,20,3,base,Roulette-18,6,,6,712.4582,797.0264,693.2161,4.2422,15.0,6.0,6.045,4906,7,1,1,0.9833,0,0,0,0,0,0
family18,CSDVRP-S-n6-s5,S,6,5,base,Marginal-18,7,3,5,347.3173,347.7063,345.0582,2.2591,0.0,5.0,4.999,22546,3,0,0,0.9907,0,0,0,0,0,0
family18,CSDVRP-S-n8-s2,S,8,2,base,Fixed-dominant,9,,5,344.8888,398.3755,342.4078,2.481,0.0,5.0,5.029,18968,3,0,0,0.8753,0,0,0,0,0,0
family18,CSDVRP-S-n15-s0,S,15,0,base,Roulette-18,7,,5,606.5233,666.3141,602.2712,4.2521,0.0,5.0,5.031,7411,5,0,0,0.9927,0,0,0,0,0,0
family18,CSDVRP-S-n8-s1,S,8,1,base,Marginal-18,7,3,5,335.8429,376.3954,333.6723,2.1706,0.0,5.0,5.013,17660,3,0,0,0.9073,0,0,0,0,0,0
family18,CSDVRP-CS-Riyadh,case,30,0,base,VNS-18,8,,30,425.1377,711.0291,419.5582,5.5796,0.0,30.0,30.184,13812,4,0,0,0.964,0,0,0,0,0,0
family18,CSDVRP-S-n6-s4,S,6,4,base,Random-18,8,,5,307.1905,316.7228,305.135,2.0555,0.0,5.0,4.997,19042,3,0,0,0.906,0,0,0,0,0,0
family18,CSDVRP-L-n100-s1,L,100,1,base,Fixed-dominant,5,,35,2686.5422,3146.4881,2672.4674,14.0748,0.0,35.062,35.247,747,29,0,0,1.0,0,0,0,0,0,0
family18,CSDVRP-S-n8-s1,S,8,1,base,Roulette-18,6,,5,335.8429,376.3954,333.6723,2.1706,0.0,5.0,5.03,17594,3,0,0,0.9073,0,0,0,0,0,0
family18,CSDVRP-S-n15-s4,S,15,4,base,VNS-18,5,,5,585.7427,624.2332,582.2908,3.4519,0.0,5.0,5.06,7533,6,0,0,0.9347,0,0,0,0,0,0
family18,CSDVRP-S-n15-s0,S,15,0,base,VNS-18,7,,5,606.5233,666.3141,602.2712,4.2521,0.0,5.0,5.216,7681,5,0,0,0.9927,0,0,0,0,0,0
family18,CSDVRP-M-n30-s3,M,30,3,base,Random-18,2,,10,969.1696,1099.7766,965.9069,3.2627,0.0,10.0,10.124,4223,10,0,0,0.988,0,0,0,0,0,0
family18,CSDVRP-L-n75-s0,L,75,0,base,DRL-VNS18,9,5,25,2409.0826,2688.4285,2401.1797,7.9028,0.0,25.031,25.167,1221,24,0,0,0.9984,0,0,0,0,0,0
family18,CSDVRP-S-n6-s4,S,6,4,base,Random-18,4,,5,307.3738,316.7228,305.135,2.2389,0.0,5.0,5.091,18722,3,0,0,0.906,0,0,0,0,0,0
family18,CSDVRP-S-n20-s5,S,20,5,base,Marginal-18,1,2,6,763.1659,865.7,758.6853,4.4806,0.0,6.0,6.078,5942,7,0,0,0.9947,0,0,0,0,0,0
family18,CSDVRP-S-n10-s5,S,10,5,base,Marginal-18,4,5,5,454.5993,485.8354,450.6688,3.9305,0.0,5.0,5.059,12612,3,0,0,0.956,0,0,0,0,0,0
family18,CSDVRP-L-n75-s0,L,75,0,base,Random-18,6,,25,2409.7353,2688.4285,2401.1797,8.5556,0.0,25.047,25.459,1106,24,0,0,0.9984,0,0,0,0,0,0
family18,CSDVRP-S-n15-s0,S,15,0,base,DRL-VNS18,1,2,5,622.7674,666.3141,603.7737,3.9937,15.0,5.0,5.083,4839,5,1,1,1.0,0,0,0,0,0,0
family18,CSDVRP-S-n15-s1,S,15,1,base,Fixed-dominant,2,,5,599.6997,675.8866,596.1341,3.5656,0.0,5.0,5.075,6512,6,0,0,0.9,0,0,0,0,0,0
family18,CSDVRP-M-n30-s3,M,30,3,base,DRL-VNS18,5,1,10,969.1696,1099.7766,965.9069,3.2627,0.0,10.0,10.109,3672,10,0,0,0.988,0,0,0,0,0,0
family18,CSDVRP-L-n75-s3,L,75,3,base,Fixed-dominant,2,,25,2108.4091,2332.9982,2099.9759,8.4332,0.0,25.0,25.184,1122,24,0,0,0.996,0,0,0,0,0,0
family18,CSDVRP-XL-n150-s2,XL,150,2,base,DRL-VNS18,7,3,50,3986.14,4545.4892,3967.231,18.909,0.0,50.031,50.531,938,45,0,0,1.0,0,0,0,0,0,0
family18,CSDVRP-S-n15-s0,S,15,0,base,DRL-VNS18,0,1,5,606.5233,666.3141,602.2712,4.2521,0.0,5.0,5.055,4721,5,0,0,0.9927,0,0,0,0,0,0
family18,CSDVRP-M-n50-s1,M,50,1,base,Fixed-dominant,1,,15,1499.6625,1718.5004,1493.2879,6.3746,0.0,15.0,15.122,2186,15,0,0,0.9915,0,0,0,0,0,0
family18,CSDVRP-L-n100-s0,L,100,0,base,Marginal-18,5,1,35,3171.8543,3458.8862,3053.3518,13.5026,105.0,35.016,35.208,654,31,4,7,1.0,0,0,0,0,0,0
family18,CSDVRP-S-n20-s5,S,20,5,base,VNS-18,5,,6,763.1659,865.7,758.6853,4.4806,0.0,6.0,6.085,5551,7,0,0,0.9947,0,0,0,0,0,0
family18,CSDVRP-L-n100-s3,L,100,3,base,VNS-18,1,,35,2719.2878,3095.0715,2707.542,11.7458,0.0,35.0,35.322,766,31,0,0,1.0,0,0,0,0,0,0
family18,CSDVRP-M-n50-s2,M,50,2,base,Roulette-18,4,,15,1467.8485,1677.4231,1462.0673,5.7812,0.0,15.0,15.143,1690,16,0,0,0.9985,0,0,0,0,0,0
family18,CSDVRP-S-n20-s3,S,20,3,base,Fixed-dominant,8,,6,730.7487,797.0264,696.4671,4.2817,30.0,6.0,6.042,5419,7,2,2,1.0,0,0,0,0,0,0
family18,CSDVRP-S-n15-s2,S,15,2,base,DRL-VNS18,5,1,5,604.4369,645.109,602.0225,2.4144,0.0,5.0,5.045,4346,6,0,0,0.9953,0,0,0,0,0,0
family18,CSDVRP-S-n12-s5,S,12,5,base,Random-18,3,,5,521.0601,535.5205,517.6832,3.3769,0.0,5.0,5.045,10115,4,0,0,0.978,0,0,0,0,0,0
family18,CSDVRP-S-n15-s1,S,15,1,base,Random-18,2,,5,599.4153,675.8866,596.1341,3.2813,0.0,5.0,5.045,6243,6,0,0,0.9,0,0,0,0,0,0
family18,CSDVRP-S-n12-s2,S,12,2,base,Marginal-18,5,1,5,460.175,518.4642,458.0808,2.0942,0.0,5.0,5.012,13112,4,0,0,0.998,0,0,0,0,0,0
family18,CSDVRP-S-n8-s1,S,8,1,base,VNS-18,6,,5,335.8429,376.3954,333.6723,2.1706,0.0,5.0,5.028,18769,3,0,0,0.9073,0,0,0,0,0,0
family18,CSDVRP-M-n50-s2,M,50,2,base,VNS-18,4,,15,1484.0954,1677.4231,1462.4998,6.5956,15.0,15.0,15.126,1765,16,1,1,0.9985,0,0,0,0,0,0
family18,CSDVRP-L-n75-s4,L,75,4,base,Marginal-18,8,4,25,2200.9545,2460.454,2194.5079,6.4466,0.0,25.0,25.169,1091,24,0,0,0.998,0,0,0,0,0,0
family18,CSDVRP-S-n6-s5,S,6,5,base,Roulette-18,0,,5,347.3173,347.7063,345.0582,2.2591,0.0,5.0,5.044,22675,3,0,0,0.9907,0,0,0,0,0,0
family18,CSDVRP-S-n15-s0,S,15,0,base,Fixed-dominant,0,,5,607.3126,666.3141,602.2712,5.0414,0.0,5.0,5.06,9128,5,0,0,0.9927,0,0,0,0,0,0
family18,CSDVRP-S-n10-s5,S,10,5,base,DRL-VNS18,0,1,5,454.5993,485.8354,450.6688,3.9305,0.0,5.0,5.045,6216,3,0,0,0.956,0,0,0,0,0,0
family18,CSDVRP-XL-n150-s2,XL,150,2,base,DRL-VNS18,0,1,50,3994.2429,4545.4892,3978.6122,15.6306,0.0,50.062,50.456,931,45,0,0,1.0,0,0,0,0,0,0
family18,CSDVRP-S-n20-s4,S,20,4,base,Random-18,6,,6,719.4697,798.0501,715.5041,3.9656,0.0,6.0,6.068,5078,7,0,0,0.986,0,0,0,0,0,0
family18,CSDVRP-M-n50-s5,M,50,5,base,VNS-18,8,,15,1612.3013,1904.3598,1603.9005,8.4008,0.0,15.0,15.203,2211,15,0,0,0.9985,0,0,0,0,0,0
family18,CSDVRP-S-n12-s1,S,12,1,base,VNS-18,6,,5,546.9826,602.7068,512.8082,4.1744,30.0,5.0,5.012,10369,4,2,2,1.0,0,0,0,0,0,0
family18,CSDVRP-XL-n150-s0,XL,150,0,base,DRL-VNS18,3,4,50,4369.8083,5021.4451,4324.0124,15.7959,30.0,50.016,50.331,1084,45,1,2,1.0,0,0,0,0,0,0
family18,CSDVRP-M-n30-s2,M,30,2,base,Roulette-18,5,,10,941.0511,1162.4183,938.3163,2.7347,0.0,10.0,10.178,3796,10,0,0,0.9865,0,0,0,0,0,0
family18,CSDVRP-M-n50-s1,M,50,1,base,DRL-VNS18,8,4,15,1516.4292,1718.5004,1496.0467,5.3825,15.0,15.0,15.09,2082,15,1,1,1.0,0,0,0,0,0,0
family18,CSDVRP-L-n100-s1,L,100,1,base,VNS-18,7,,35,2646.5681,3146.4881,2605.581,10.9872,30.0,35.031,35.143,801,29,2,2,1.0,0,0,0,0,0,0
family18,CSDVRP-S-n20-s1,S,20,1,base,Roulette-18,6,,6,785.2664,908.0268,780.5879,4.6785,0.0,6.0,6.071,5265,7,0,0,0.9833,0,0,0,0,0,0
family18,CSDVRP-S-n20-s1,S,20,1,base,Fixed-dominant,5,,6,785.792,908.0268,780.5879,5.2041,0.0,6.0,6.0,6145,7,0,0,0.9833,0,0,0,0,0,0
family18,CSDVRP-L-n75-s4,L,75,4,base,Fixed-dominant,9,,25,2207.5743,2460.454,2199.3276,8.2467,0.0,25.0,25.006,1210,24,0,0,0.9996,0,0,0,0,0,0
family18,CSDVRP-L-n75-s0,L,75,0,base,DRL-VNS18,0,1,25,2409.9972,2688.4285,2401.1797,8.8175,0.0,25.0,25.109,1265,24,0,0,0.9984,0,0,0,0,0,0
family18,CSDVRP-L-n100-s3,L,100,3,base,VNS-18,9,,35,2700.3552,3095.0715,2690.4807,9.8745,0.0,35.031,35.096,966,31,0,0,1.0,0,0,0,0,0,0
family18,CSDVRP-M-n50-s4,M,50,4,base,DRL-VNS18,2,3,15,1650.4513,1919.2804,1643.9568,6.4945,0.0,15.0,15.032,2033,16,0,0,0.984,0,0,0,0,0,0
family18,CSDVRP-S-n6-s5,S,6,5,base,DRL-VNS18,9,5,5,347.3173,347.7063,345.0582,2.2591,0.0,5.0,5.006,10038,3,0,0,0.9907,0,0,0,0,0,0
family18,CSDVRP-L-n75-s0,L,75,0,base,Marginal-18,8,4,25,2410.0742,2688.4285,2401.1797,8.8945,0.0,25.0,25.045,1421,24,0,0,0.9984,0,0,0,0,0,0
family18,CSDVRP-S-n15-s2,S,15,2,base,Random-18,7,,5,604.4369,645.109,602.0225,2.4144,0.0,5.0,4.999,7948,6,0,0,0.9953,0,0,0,0,0,0
family18,CSDVRP-XL-n150-s4,XL,150,4,base,Fixed-dominant,2,,50,3928.6211,4802.2805,3911.9162,16.7049,0.0,50.016,50.082,1524,46,0,0,0.9997,0,0,0,0,0,0
family18,CSDVRP-S-n12-s4,S,12,4,base,DRL-VNS18,8,4,5,487.5063,536.3904,484.4937,3.0126,0.0,5.0,5.021,7173,4,0,0,0.9867,0,0,0,0,0,0
family18,CSDVRP-S-n12-s2,S,12,2,base,Random-18,9,,5,460.175,518.4642,458.0808,2.0942,0.0,5.0,4.998,16774,4,0,0,0.998,0,0,0,0,0,0
family18,CSDVRP-S-n12-s5,S,12,5,base,Fixed-dominant,0,,5,521.0601,535.5205,517.6832,3.3769,0.0,5.0,4.999,13003,4,0,0,0.978,0,0,0,0,0,0
family18,CSDVRP-XL-n150-s5,XL,150,5,base,DRL-VNS18,0,1,50,3902.6468,4291.4727,3885.1894,17.4573,0.0,50.062,50.16,1051,46,0,0,0.999,0,0,0,0,0,0
family18,CSDVRP-XL-n150-s2,XL,150,2,base,Marginal-18,9,5,50,3978.6812,4545.4892,3960.6457,18.0355,0.0,50.016,50.196,1245,45,0,0,1.0,0,0,0,0,0,0
family18,CSDVRP-S-n12-s2,S,12,2,base,VNS-18,3,,5,460.175,518.4642,458.0808,2.0942,0.0,5.0,5.01,16851,4,0,0,0.998,0,0,0,0,0,0
family18,CSDVRP-M-n50-s1,M,50,1,base,Random-18,7,,15,1533.0209,1718.5004,1512.4454,5.5755,15.0,15.0,15.042,2201,16,1,1,1.0,0,0,0,0,0,0
family18,CSDVRP-CS-Riyadh,case,30,0,base,Random-18,4,,30,423.9465,711.0291,419.1337,4.8128,0.0,30.0,30.048,18479,4,0,0,0.982,0,0,0,0,0,0
family18,CSDVRP-M-n50-s5,M,50,5,base,VNS-18,0,,15,1612.1605,1904.3598,1603.9005,8.26,0.0,15.0,15.029,2337,15,0,0,0.9985,0,0,0,0,0,0
family18,CSDVRP-L-n75-s4,L,75,4,base,Roulette-18,2,,25,2210.7421,2460.454,2202.1203,8.6218,0.0,25.0,25.03,1268,24,0,0,0.9996,0,0,0,0,0,0
family18,CSDVRP-S-n20-s5,S,20,5,base,Fixed-dominant,1,,6,763.2502,865.7,758.6853,4.5649,0.0,6.0,5.996,7800,7,0,0,0.9947,0,0,0,0,0,0
family18,CSDVRP-XL-n150-s0,XL,150,0,base,Fixed-dominant,7,,50,4449.8317,5021.4451,4432.3279,17.5039,0.0,50.016,50.16,1618,46,0,0,0.9993,0,0,0,0,0,0
family18,CSDVRP-L-n100-s5,L,100,5,base,Roulette-18,7,,35,2617.1526,3154.3549,2574.9339,12.2187,30.0,35.0,35.052,989,30,1,2,1.0,0,0,0,0,0,0
family18,CSDVRP-L-n75-s3,L,75,3,base,Fixed-dominant,6,,25,2136.5063,2332.9982,2128.3668,8.1395,0.0,25.016,25.052,1163,25,0,0,0.988,0,0,0,0,0,0
family18,CSDVRP-XL-n150-s2,XL,150,2,base,DRL-VNS18,2,3,50,3979.22,4545.4892,3962.3643,16.8558,0.0,50.094,50.18,1085,45,0,0,1.0,0,0,0,0,0,0
family18,CSDVRP-L-n75-s3,L,75,3,base,Roulette-18,3,,25,2078.9283,2332.9982,2074.3226,4.6057,0.0,25.0,25.058,1582,24,0,0,0.9952,0,0,0,0,0,0
family18,CSDVRP-L-n100-s1,L,100,1,base,Random-18,8,,35,2708.4803,3146.4881,2651.1688,12.3116,45.0,35.047,35.123,913,29,2,3,1.0,0,0,0,0,0,0
family18,CSDVRP-XL-n150-s2,XL,150,2,base,Marginal-18,6,2,50,4016.136,4545.4892,3987.0913,14.0448,15.0,50.0,50.298,1229,45,1,1,1.0,0,0,0,0,0,0
family18,CSDVRP-L-n100-s4,L,100,4,base,Roulette-18,5,,35,2889.4235,3371.4529,2878.8719,10.5516,0.0,35.0,35.061,1067,30,0,0,0.9996,0,0,0,0,0,0
family18,CSDVRP-S-n10-s2,S,10,2,base,Fixed-dominant,7,,5,401.7816,436.4179,398.071,3.7106,0.0,5.0,5.009,22737,3,0,0,0.9867,0,0,0,0,0,0
family18,CSDVRP-S-n8-s3,S,8,3,base,DRL-VNS18,3,4,5,339.8466,351.7127,337.5902,2.2564,0.0,5.0,4.998,9836,3,0,0,0.9567,0,0,0,0,0,0
family18,CSDVRP-S-n15-s5,S,15,5,base,DRL-VNS18,9,5,5,666.5148,800.4223,662.7682,3.7467,0.0,5.0,4.997,6851,5,0,0,0.9993,0,0,0,0,0,0
family18,CSDVRP-L-n75-s4,L,75,4,base,Roulette-18,3,,25,2226.4096,2460.454,2219.1948,7.2149,0.0,25.016,25.046,1383,24,0,0,0.9996,0,0,0,0,0,0
family18,CSDVRP-M-n30-s1,M,30,1,base,VNS-18,4,,10,1031.4688,1231.1888,1027.1043,4.3646,0.0,10.0,10.029,4393,10,0,0,0.98,0,0,0,0,0,0
family18,CSDVRP-L-n100-s2,L,100,2,base,Fixed-dominant,3,,35,2776.6277,3167.7225,2763.1491,13.4785,0.0,35.031,35.113,1040,29,0,0,0.9976,0,0,0,0,0,0
family18,CSDVRP-S-n15-s5,S,15,5,base,Fixed-dominant,2,,5,667.0857,800.4223,662.7682,4.3175,0.0,5.0,4.991,13822,5,0,0,0.9993,0,0,0,0,0,0
family18,CSDVRP-S-n10-s4,S,10,4,base,Fixed-dominant,3,,5,387.7762,460.8567,384.9244,2.8518,0.0,5.0,5.0,22711,3,0,0,0.98,0,0,0,0,0,0
family18,CSDVRP-L-n75-s3,L,75,3,base,Fixed-dominant,9,,25,2108.3004,2332.9982,2100.1344,8.166,0.0,25.0,25.064,1433,24,0,0,0.9992,0,0,0,0,0,0
family18,CSDVRP-L-n100-s2,L,100,2,base,Random-18,4,,35,2800.1432,3167.7225,2790.0357,10.1074,0.0,35.016,35.096,900,30,0,0,0.9972,0,0,0,0,0,0
family18,CSDVRP-S-n8-s2,S,8,2,base,Fixed-dominant,8,,5,344.8888,398.3755,342.4078,2.481,0.0,5.0,4.99,25268,3,0,0,0.8753,0,0,0,0,0,0
family18,CSDVRP-S-n10-s2,S,10,2,base,DRL-VNS18,7,3,5,391.6922,436.4179,389.0812,2.6111,0.0,5.0,4.998,9619,3,0,0,0.9787,0,0,0,0,0,0
family18,CSDVRP-S-n8-s5,S,8,5,base,VNS-18,6,,5,423.2126,427.0275,419.9371,3.2754,0.0,5.0,5.029,19538,3,0,0,0.894,0,0,0,0,0,0
