suite,instance,size_class,n,inst_seed,config,method,run,policy_seed,budget_s,Z_best,Z_init,routing,emission,split,cpu_s,wall_s,iters,routes,split_customers,extra_visits,max_util,demand_viol,cap_viol,n1_viol,n2_viol,dup_visit_viol,zero_qty_stops
family18,CSDVRP-S-n6-s5,S,6,5,base,Random-18,6,,5,347.3173,347.7063,345.0582,2.2591,0.0,5.0,5.084,20939,3,0,0,0.9907,0,0,0,0,0,0
family18,CSDVRP-M-n50-s1,M,50,1,base,Random-18,2,,15,1507.5795,1718.5004,1501.5298,6.0497,0.0,15.0,15.343,1658,15,0,0,0.999,0,0,0,0,0,0
family18,CSDVRP-L-n100-s5,L,100,5,base,Random-18,6,,35,2697.0459,3154.3549,2564.7865,12.2594,120.0,35.062,35.551,604,30,4,8,1.0,0,0,0,0,0,0
family18,CSDVRP-S-n10-s4,S,10,4,base,VNS-18,0,,5,387.4582,460.8567,384.9244,2.5338,0.0,5.0,5.1,14075,3,0,0,0.98,0,0,0,0,0,0
family18,CSDVRP-XL-n150-s2,XL,150,2,base,VNS-18,4,,50,4076.7927,4545.4892,3970.6589,16.1338,90.0,50.0,51.703,766,45,3,6,1.0,0,0,0,0,0,0
family18,CSDVRP-S-n8-s4,S,8,4,base,Marginal-18,4,5,5,359.1905,397.2233,357.0731,2.1174,0.0,5.0,5.023,11668,3,0,0,0.8793,0,0,0,0,0,0
family18,CSDVRP-S-n10-s4,S,10,4,base,DRL-VNS18,3,4,5,387.4582,460.8567,384.9244,2.5338,0.0,5.0,5.099,6180,3,0,0,0.98,0,0,0,0,0,0
family18,CSDVRP-XL-n150-s4,XL,150,4,base,Roulette-18,3,,50,3959.9008,4802.2805,3839.9724,14.9284,105.0,50.016,50.697,871,46,4,7,1.0,0,0,0,0,0,0
family18,CSDVRP-S-n8-s3,S,8,3,base,VNS-18,1,,5,339.8466,351.7127,337.5902,2.2564,0.0,5.0,5.0,16207,3,0,0,0.9567,0,0,0,0,0,0
family18,CSDVRP-L-n75-s3,L,75,3,base,Marginal-18,2,3,25,2101.4218,2332.9982,2094.8815,6.5403,0.0,25.062,25.082,951,24,0,0,0.9956,0,0,0,0,0,0
family18,CSDVRP-M-n50-s3,M,50,3,base,Marginal-18,1,2,15,1399.8435,1746.7745,1393.2711,6.5725,0.0,15.0,15.015,1913,15,0,0,0.994,0,0,0,0,0,0
family18,CSDVRP-S-n8-s3,S,8,3,base,Marginal-18,3,4,5,339.8466,351.7127,337.5902,2.2564,0.0,5.0,4.989,14811,3,0,0,0.9567,0,0,0,0,0,0
family18,CSDVRP-S-n12-s1,S,12,1,base,DRL-VNS18,4,5,5,511.4838,602.7068,507.9062,3.5776,0.0,5.0,5.024,5099,4,0,0,0.994,0,0,0,0,0,0
family18,CSDVRP-CS-Riyadh,case,30,0,base,Roulette-18,9,,30,420.8407,711.0291,415.2538,5.5869,0.0,30.0,30.075,11862,4,0,0,0.982,0,0,0,0,0,0
family18,CSDVRP-S-n8-s5,S,8,5,base,Roulette-18,5,,5,423.2126,427.0275,419.9371,3.2754,0.0,5.0,4.993,12994,3,0,0,0.894,0,0,0,0,0,0
family18,CSDVRP-L-n100-s2,L,100,2,base,DRL-VNS18,3,4,35,2801.7387,3167.7225,2790.2414,11.4973,0.0,35.0,35.1,722,30,0,0,0.9968,0,0,0,0,0,0
family18,CSDVRP-M-n30-s0,M,30,0,base,Random-18,6,,10,1092.9389,1303.6377,1089.1614,3.7775,0.0,10.0,9.99,3436,11,0,0,0.997,0,0,0,0,0,0
family18,CSDVRP-S-n12-s3,S,12,3,base,Fixed-dominant,2,,5,524.8684,589.3086,520.2183,4.6501,0.0,5.0,4.994,12205,4,0,0,0.982,0,0,0,0,0,0
family18,CSDVRP-S-n15-s1,S,15,1,base,Roulette-18,9,,5,590.7648,675.8866,586.7939,3.9709,0.0,5.0,4.998,6173,5,0,0,0.9987,0,0,0,0,0,0
family18,CSDVRP-S-n15-s3,S,15,3,base,Roulette-18,6,,5,601.4006,692.2972,597.8561,3.5445,0.0,5.0,5.013,5873,6,0,0,0.998,0,0,0,0,0,0
family18,CSDVRP-S-n8-s3,S,8,3,base,DRL-VNS18,7,3,5,339.8466,351.7127,337.5902,2.2564,0.0,5.0,5.008,6483,3,0,0,0.9567,0,0,0,0,0,0
family18,CSDVRP-S-n8-s2,S,8,2,base,Roulette-18,9,,5,344.8888,398.3755,342.4078,2.481,0.0,5.0,4.999,15177,3,0,0,0.8753,0,0,0,0,0,0
family18,CSDVRP-S-n10-s3,S,10,3,base,Fixed-dominant,6,,5,398.3226,456.2198,394.9219,3.4007,0.0,5.0,4.996,14688,3,0,0,0.9427,0,0,0,0,0,0
family18,CSDVRP-L-n100-s5,L,100,5,base,Random-18,4,,35,2613.1665,3154.3549,2569.5848,13.5817,30.0,35.031,35.118,652,30,1,2,1.0,0,0,0,0,0,0
family18,CSDVRP-M-n50-s0,M,50,0,base,Fixed-dominant,4,,15,1712.4924,1986.2853,1703.9689,8.5236,0.0,15.0,15.021,1765,16,0,0,0.9995,0,0,0,0,0,0
family18,CSDVRP-S-n10-s4,S,10,4,base,Random-18,8,,5,387.4582,460.8567,384.9244,2.5338,0.0,5.0,4.994,14741,3,0,0,0.98,0,0,0,0,0,0
family18,CSDVRP-S-n8-s4,S,8,4,base,DRL-VNS18,3,4,5,359.1905,397.2233,357.0731,2.1174,0.0,5.0,5.012,6482,3,0,0,0.8793,0,0,0,0,0,0
family18,CSDVRP-L-n75-s5,L,75,5,base,Random-18,0,,25,2099.1147,2327.4464,2091.2638,7.8509,0.0,25.0,25.125,1004,23,0,0,0.9904,0,0,0,0,0,0
family18,CSDVRP-S-n12-s3,S,12,3,base,VNS-18,9,,5,522.495,589.3086,503.6872,3.8078,15.0,5.0,4.995,11136,4,1,1,0.982,0,0,0,0,0,0
family18,CSDVRP-S-n8-s1,S,8,1,base,Fixed-dominant,8,,5,335.8429,376.3954,333.6723,2.1706,0.0,5.0,4.998,17645,3,0,0,0.9073,0,0,0,0,0,0
family18,CSDVRP-S-n8-s4,S,8,4,base,Fixed-dominant,5,,5,359.1905,397.2233,357.0731,2.1174,0.0,5.0,5.014,16365,3,0,0,0.8793,0,0,0,0,0,0
family18,CSDVRP-M-n50-s2,M,50,2,base,Fixed-dominant,2,,15,1473.3404,1677.4231,1465.5976,7.7428,0.0,15.0,15.001,1775,16,0,0,0.9985,0,0,0,0,0,0
family18,CSDVRP-M-n30-s3,M,30,3,base,DRL-VNS18,6,2,10,969.1696,1099.7766,965.9069,3.2627,0.0,10.0,10.051,3403,10,0,0,0.988,0,0,0,0,0,0
family18,CSDVRP-S-n12-s5,S,12,5,base,DRL-VNS18,4,5,5,521.0601,535.5205,517.6832,3.3769,0.0,5.0,4.997,5170,4,0,0,0.978,0,0,0,0,0,0
family18,CSDVRP-XL-n150-s0,XL,150,0,base,Marginal-18,5,1,50,4434.9009,5021.4451,4386.7035,18.1974,30.0,50.0,50.105,872,46,1,2,1.0,0,0,0,0,0,0
family18,CSDVRP-L-n100-s2,L,100,2,base,Roulette-18,6,,35,2820.9467,3167.7225,2810.195,10.7517,0.0,35.016,35.097,723,30,0,0,0.9976,0,0,0,0,0,0
family18,CSDVRP-S-n10-s2,S,10,2,base,VNS-18,5,,5,391.6922,436.4179,389.0812,2.6111,0.0,5.0,5.023,15897,3,0,0,0.9787,0,0,0,0,0,0
family18,CSDVRP-S-n6-s2,S,6,2,base,Fixed-dominant,0,,5,330.7872,334.9047,328.2873,2.4999,0.0,5.0,5.029,17482,3,0,0,0.8567,0,0,0,0,0,0
family18,CSDVRP-XL-n150-s2,XL,150,2,base,Fixed-dominant,8,,50,4128.0596,4545.4892,4111.1368,16.9229,0.0,50.031,50.138,1162,45,0,0,1.0,0,0,0,0,0,0
family18,CSDVRP-S-n15-s4,S,15,4,base,VNS-18,9,,5,585.7427,624.2332,582.2908,3.4519,0.0,5.0,5.012,6942,6,0,0,0.9347,0,0,0,0,0,0
family18,CSDVRP-M-n30-s3,M,30,3,base,VNS-18,8,,10,969.1696,1099.7766,965.9069,3.2627,0.0,10.0,10.013,3812,10,0,0,0.988,0,0,0,0,0,0
family18,CSDVRP-L-n75-s4,L,75,4,base,Random-18,6,,25,2201.6258,2460.454,2194.182,7.4438,0.0,25.0,25.12,950,24,0,0,0.9996,0,0,0,0,0,0
family18,CSDVRP-M-n50-s0,M,50,0,base,Fixed-dominant,6,,15,1713.3576,1986.2853,1705.7308,7.6268,0.0,15.0,15.02,1952,16,0,0,0.986,0,0,0,0,0,0
family18,CSDVRP-S-n10-s1,S,10,1,base,Roulette-18,7,,5,394.7924,479.2322,392.2685,2.5239,0.0,5.0,4.993,9163,4,0,0,0.9253,0,0,0,0,0,0
family18,CSDVRP-S-n8-s2,S,8,2,base,DRL-VNS18,6,2,5,344.8888,398.3755,342.4078,2.481,0.0,5.0,4.997,6816,3,0,0,0.8753,0,0,0,0,0,0
family18,CSDVRP-S-n6-s4,S,6,4,base,VNS-18,8,,5,307.3738,316.7228,305.135,2.2389,0.0,5.0,5.028,17345,3,0,0,0.906,0,0,0,0,0,0
family18,CSDVRP-M-n50-s5,M,50,5,base,VNS-18,3,,15,1634.7665,1904.3598,1595.9986,8.7679,30.0,15.0,15.03,1819,15,2,2,1.0,0,0,0,0,0,0
family18,CSDVRP-S-n20-s5,S,20,5,base,Random-18,5,,6,763.1659,865.7,758.6853,4.4806,0.0,6.0,6.013,5103,7,0,0,0.9947,0,0,0,0,0,0
family18,CSDVRP-M-n50-s0,M,50,0,base,Marginal-18,3,4,15,1731.9181,1986.2853,1694.896,7.0221,30.0,15.0,15.095,1707,16,2,2,1.0,0,0,0,0,0,0
family18,CSDVRP-S-n10-s2,S,10,2,base,VNS-18,2,,5,391.6922,436.4179,389.0812,2.6111,0.0,5.0,5.025,15842,3,0,0,0.9787,0,0,0,0,0,0
family18,CSDVRP-S-n8-s3,S,8,3,base,DRL-VNS18,2,3,5,339.8466,351.7127,337.5902,2.2564,0.0,5.0,4.997,6636,3,0,0,0.9567,0,0,0,0,0,0
family18,CSDVRP-M-n50-s2,M,50,2,base,Fixed-dominant,1,,15,1468.8002,1677.4231,1461.7612,7.039,0.0,15.0,15.061,1797,16,0,0,0.9985,0,0,0,0,0,0
family18,CSDVRP-S-n20-s4,S,20,4,base,Marginal-18,2,3,6,719.4697,798.0501,715.5041,3.9656,0.0,6.0,6.029,4649,7,0,0,0.986,0,0,0,0,0,0
family18,CSDVRP-M-n50-s2,M,50,2,base,DRL-VNS18,6,2,15,1468.4873,1677.4231,1462.0673,6.42,0.0,15.0,15.08,1726,16,0,0,0.9985,0,0,0,0,0,0
family18,CSDVRP-S-n15-s3,S,15,3,base,VNS-18,5,,5,601.4006,692.2972,597.8561,3.5445,0.0,5.0,5.021,6269,6,0,0,0.998,0,0,0,0,0,0
family18,CSDVRP-M-n30-s1,M,30,1,base,Fixed-dominant,6,,10,1038.7317,1231.1888,1033.3823,5.3495,0.0,10.0,10.031,3707,10,0,0,0.988,0,0,0,0,0,0
family18,CSDVRP-M-n30-s5,M,30,5,base,VNS-18,9,,10,1127.5774,1247.2838,1092.2244,5.353,30.0,10.0,10.031,3858,10,1,2,1.0,0,0,0,0,0,0
family18,CSDVRP-L-n100-s3,L,100,3,base,VNS-18,6,,35,2714.119,3095.0715,2703.7922,10.3268,0.0,35.0,35.069,764,31,0,0,0.9928,0,0,0,0,0,0
family18,CSDVRP-XL-n150-s0,XL,150,0,base,VNS-18,4,,50,4392.5595,5021.4451,4329.193,18.3665,45.0,50.031,50.205,923,46,2,3,1.0,0,0,0,0,0,0
family18,CSDVRP-L-n100-s4,L,100,4,base,Marginal-18,4,5,35,2968.9864,3371.4529,2908.4321,15.5543,45.0,35.062,35.131,756,30,2,3,1.0,0,0,0,0,0,0
family18,CSDVRP-M-n50-s0,M,50,0,base,VNS-18,9,,15,1747.0783,1986.2853,1709.6406,7.4378,30.0,15.0,15.043,1689,16,1,2,1.0,0,0,0,0,0,0
family18,CSDVRP-M-n30-s2,M,30,2,base,DRL-VNS18,4,5,10,951.5511,1162.4183,933.102,3.4491,15.0,10.0,10.067,2885,10,1,1,1.0,0,0,0,0,0,0
family18,CSDVRP-S-n12-s4,S,12,4,base,Roulette-18,3,,5,487.5063,536.3904,484.4937,3.0126,0.0,5.0,5.029,10097,4,0,0,0.9867,0,0,0,0,0,0
family18,CSDVRP-L-n100-s1,L,100,1,base,Marginal-18,8,4,35,2647.1057,3146.4881,2635.3782,11.7275,0.0,35.031,35.151,775,28,0,0,0.9996,0,0,0,0,0,0
family18,CSDVRP-S-n20-s1,S,20,1,base,Marginal-18,0,1,6,785.2664,908.0268,780.5879,4.6785,0.0,6.0,6.018,4583,7,0,0,0.9833,0,0,0,0,0,0
family18,CSDVRP-L-n100-s0,L,100,0,base,VNS-18,1,,35,3072.7471,3458.8862,3028.3923,14.3547,30.0,35.047,35.1,670,31,1,2,1.0,0,0,0,0,0,0
family18,CSDVRP-S-n12-s5,S,12,5,base,DRL-VNS18,1,2,5,521.0601,535.5205,517.6832,3.3769,0.0,5.0,4.985,5289,4,0,0,0.978,0,0,0,0,0,0
family18,CSDVRP-S-n20-s0,S,20,0,base,Random-18,9,,6,756.3441,835.2978,752.4896,3.8544,0.0,6.0,6.015,4687,7,0,0,0.9987,0,0,0,0,0,0
family18,CSDVRP-XL-n150-s3,XL,150,3,base,DRL-VNS18,4,5,50,3809.7923,4237.9876,3780.2508,14.5416,15.0,50.0,50.175,961,44,1,1,1.0,0,0,0,0,0,0
family18,CSDVRP-S-n8-s5,S,8,5,base,Random-18,3,,5,423.2126,427.0275,419.9371,3.2754,0.0,5.0,4.989,13994,3,0,0,0.894,0,0,0,0,0,0
family18,CSDVRP-M-n50-s1,M,50,1,base,DRL-VNS18,9,5,15,1503.7204,1718.5004,1498.0687,5.6517,0.0,15.0,15.062,1795,16,0,0,0.975,0,0,0,0,0,0
family18,CSDVRP-XL-n150-s2,XL,150,2,base,Random-18,1,,50,4084.1296,4545.4892,3995.4549,13.6747,75.0,50.031,50.18,823,45,3,5,1.0,0,0,0,0,0,0
family18,CSDVRP-CS-Riyadh,case,30,0,base,Roulette-18,1,,30,421.0594,711.0291,415.2538,5.8056,0.0,30.0,30.045,13098,4,0,0,0.982,0,0,0,0,0,0
family18,CSDVRP-L-n100-s0,L,100,0,base,Fixed-dominant,1,,35,3098.2626,3458.8862,3084.8501,13.4124,0.0,35.0,35.101,676,32,0,0,0.984,0,0,0,0,0,0
family18,CSDVRP-S-n12-s1,S,12,1,base,Random-18,9,,5,546.6653,602.7068,512.8082,3.8571,30.0,5.0,5.001,8988,4,2,2,0.994,0,0,0,0,0,0
family18,CSDVRP-S-n12-s2,S,12,2,base,Roulette-18,3,,5,460.175,518.4642,458.0808,2.0942,0.0,5.0,5.015,11715,4,0,0,0.998,0,0,0,0,0,0
family18,CSDVRP-S-n20-s1,S,20,1,base,VNS-18,3,,6,785.2664,908.0268,780.5879,4.6785,0.0,6.0,6.013,4612,7,0,0,0.9833,0,0,0,0,0,0
family18,CSDVRP-S-n12-s1,S,12,1,base,DRL-VNS18,3,4,5,511.4838,602.7068,507.9062,3.5776,0.0,5.0,4.998,5133,4,0,0,0.994,0,0,0,0,0,0
family18,CSDVRP-M-n50-s2,M,50,2,base,Roulette-18,0,,15,1468.4873,1677.4231,1462.0673,6.42,0.0,15.0,15.039,1549,16,0,0,0.9985,0,0,0,0,0,0
family18,CSDVRP-S-n12-s4,S,12,4,base,Random-18,1,,5,487.5063,536.3904,484.4937,3.0126,0.0,5.0,5.019,10635,4,0,0,0.9867,0,0,0,0,0,0
family18,CSDVRP-S-n10-s5,S,10,5,base,DRL-VNS18,8,4,5,454.5993,485.8354,450.6688,3.9305,0.0,5.0,4.997,5807,3,0,0,0.956,0,0,0,0,0,0
family18,CSDVRP-L-n75-s5,L,75,5,base,Marginal-18,3,4,25,2074.4572,2327.4464,2066.6549,7.8023,0.0,25.0,25.051,1119,22,0,0,0.9992,0,0,0,0,0,0
family18,CSDVRP-M-n50-s5,M,50,5,base,DRL-VNS18,8,4,15,1625.6219,1904.3598,1617.039,8.5829,0.0,15.0,15.081,1775,15,0,0,0.9915,0,0,0,0,0,0
family18,CSDVRP-M-n50-s4,M,50,4,base,Random-18,0,,15,1641.3281,1919.2804,1635.398,5.9301,0.0,15.0,15.016,1885,16,0,0,0.998,0,0,0,0,0,0
family18,CSDVRP-L-n100-s3,L,100,3,base,DRL-VNS18,8,4,35,2711.3043,3095.0715,2698.8316,12.4727,0.0,35.0,35.127,732,31,0,0,0.998,0,0,0,0,0,0
family18,CSDVRP-S-n20-s2,S,20,2,base,VNS-18,9,,6,670.121,732.8183,667.0092,3.1118,0.0,6.0,6.005,4505,7,0,0,0.9933,0,0,0,0,0,0
family18,CSDVRP-XL-n150-s2,XL,150,2,base,DRL-VNS18,6,2,50,3982.018,4545.4892,3966.661,15.357,0.0,50.031,50.123,941,45,0,0,1.0,0,0,0,0,0,0
family18,CSDVRP-S-n15-s2,S,15,2,base,VNS-18,4,,5,604.4369,645.109,602.0225,2.4144,0.0,5.0,4.995,6141,6,0,0,0.9953,0,0,0,0,0,0
family18,CSDVRP-M-n50-s3,M,50,3,base,DRL-VNS18,3,4,15,1399.0539,1746.7745,1393.2711,5.7828,0.0,15.0,15.084,1692,15,0,0,0.994,0,0,0,0,0,0
family18,CSDVRP-L-n75-s3,L,75,3,base,VNS-18,9,,25,2106.0266,2332.9982,2101.1379,4.8887,0.0,25.016,25.05,1121,24,0,0,0.9988,0,0,0,0,0,0
family18,CSDVRP-S-n6-s3,S,6,3,base,Fixed-dominant,3,,5,230.4154,253.5784,228.5871,1.8283,0.0,5.0,5.013,28735,2,0,0,0.9873,0,0,0,0,0,0
family18,CSDVRP-M-n50-s2,M,50,2,base,Fixed-dominant,7,,15,1468.759,1677.4231,1462.0673,6.6917,0.0,15.0,15.045,1771,16,0,0,0.9985,0,0,0,0,0,0
family18,CSDVRP-S-n20-s3,S,20,3,base,VNS-18,5,,6,706.2774,797.0264,687.1154,4.1621,15.0,6.0,6.0,4496,7,1,1,0.9707,0,0,0,0,0,0
family18,CSDVRP-M-n50-s3,M,50,3,base,Roulette-18,9,,15,1398.5501,1746.7745,1392.5811,5.969,0.0,15.0,15.039,1951,15,0,0,0.994,0,0,0,0,0,0
family18,CSDVRP-M-n30-s3,M,30,3,base,Fixed-dominant,7,,10,972.433,1099.7766,968.1897,4.2432,0.0,10.0,10.002,4274,10,0,0,0.9975,0,0,0,0,0,0
family18,CSDVRP-S-n6-s3,S,6,3,base,DRL-VNS18,4,5,5,230.2731,253.5784,228.5871,1.686,0.0,5.0,4.996,8254,2,0,0,0.9873,0,0,0,0,0,0
family18,CSDVRP-L-n75-s3,L,75,3,base,Roulette-18,7,,25,2116.6228,2332.9982,2081.8478,4.775,30.0,25.016,25.089,1156,24,1,2,1.0,0,0,0,0,0,0
family18,CSDVRP-M-n50-s3,M,50,3,base,Roulette-18,4,,15,1399.3583,1746.7745,1393.2711,6.0873,0.0,15.0,14.99,1778,15,0,0,0.994,0,0,0,0,0,0
family18,CSDVRP-S-n6-s2,S,6,2,base,DRL-VNS18,4,5,5,330.7872,334.9047,328.2873,2.4999,0.0,5.0,5.022,7046,3,0,0,0.8567,0,0,0,0,0,0
family18,CSDVRP-M-n50-s4,M,50,4,base,VNS-18,3,,15,1667.536,1919.2804,1660.1741,7.3619,0.0,15.0,15.047,1614,16,0,0,1.0,0,0,0,0,0,0
family18,CSDVRP-M-n50-s1,M,50,1,base,VNS-18,1,,15,1506.4284,1718.5004,1500.4211,6.0073,0.0,15.0,15.05,1816,15,0,0,0.995,0,0,0,0,0,0
family18,CSDVRP-S-n15-s2,S,15,2,base,Roulette-18,3,,5,604.4369,645.109,602.0225,2.4144,0.0,5.0,4.992,5915,6,0,0,0.9953,0,0,0,0,0,0
family18,CSDVRP-S-n8-s2,S,8,2,base,DRL-VNS18,9,5,5,344.8888,398.3755,342.4078,2.481,0.0,5.0,5.027,6636,3,0,0,0.8753,0,0,0,0,0,0
family18,CSDVRP-S-n6-s5,S,6,5,base,Random-18,3,,5,347.3173,347.7063,345.0582,2.2591,0.0,5.0,5.03,22335,3,0,0,0.9907,0,0,0,0,0,0
family18,CSDVRP-XL-n150-s2,XL,150,2,base,Random-18,3,,50,4079.193,4545.4892,3988.5754,15.6176,75.0,50.047,50.186,820,45,4,5,1.0,0,0,0,0,0,0
family18,CSDVRP-S-n15-s3,S,15,3,base,VNS-18,9,,5,601.4006,692.2972,597.8561,3.5445,0.0,5.0,4.995,6012,6,0,0,0.998,0,0,0,0,0,0
family18,CSDVRP-XL-n150-s1,XL,150,1,base,VNS-18,5,,50,4333.3944,4744.1508,4214.0481,14.3462,105.0,50.062,50.173,889,45,4,7,1.0,0,0,0,0,0,0
family18,CSDVRP-S-n10-s3,S,10,3,base,Fixed-dominant,2,,5,420.171,456.2198,416.4464,3.7246,0.0,5.0,4.993,15177,3,0,0,0.9593,0,0,0,0,0,0
family18,CSDVRP-S-n20-s4,S,20,4,base,Marginal-18,0,1,6,719.4697,798.0501,715.5041,3.9656,0.0,6.0,6.06,4571,7,0,0,0.986,0,0,0,0,0,0
family18,CSDVRP-S-n6-s2,S,6,2,base,Fixed-dominant,2,,5,330.7872,334.9047,328.2873,2.4999,0.0,5.0,5.029,17895,3,0,0,0.8567,0,0,0,0,0,0
family18,CSDVRP-M-n30-s2,M,30,2,base,Marginal-18,4,5,10,944.1221,1162.4183,940.1733,3.9488,0.0,10.0,10.003,3234,10,0,0,0.9865,0,0,0,0,0,0
family18,CSDVRP-S-n8-s5,S,8,5,base,Roulette-18,9,,5,423.2126,427.0275,419.9371,3.2754,0.0,5.0,4.993,13284,3,0,0,0.894,0,0,0,0,0,0
family18,CSDVRP-XL-n150-s3,XL,150,3,base,Marginal-18,9,5,50,3810.2722,4237.9876,3795.6938,14.5785,0.0,50.0,50.063,929,44,0,0,0.9983,0,0,0,0,0,0
family18,CSDVRP-L-n75-s2,L,75,2,base,Fixed-dominant,0,,25,2113.2477,2442.0216,2103.4472,9.8005,0.0,25.016,25.117,1012,23,0,0,0.9928,0,0,0,0,0,0
family18,CSDVRP-S-n10-s4,S,10,4,base,VNS-18,1,,5,387.4582,460.8567,384.9244,2.5338,0.0,5.0,5.016,15204,3,0,0,0.98,0,0,0,0,0,0
family18,CSDVRP-L-n100-s3,L,100,3,base,Fixed-dominant,2,,35,2681.865,3095.0715,2669.8887,11.9764,0.0,35.031,35.111,696,31,0,0,1.0,0,0,0,0,0,0
family18,CSDVRP-L-n75-s5,L,75,5,base,DRL-VNS18,8,4,25,2089.7561,2327.4464,2081.4374,8.3186,0.0,25.016,25.031,1109,22,0,0,0.9972,0,0,0,0,0,0
family18,CSDVRP-S-n15-s2,S,15,2,base,Roulette-18,1,,5,604.4369,645.109,602.0225,2.4144,0.0,5.0,5.006,6078,6,0,0,0.9953,0,0,0,0,0,0
family18,CSDVRP-XL-n150-s3,XL,150,3,base,Random-18,2,,50,3869.1316,4237.9876,3851.9872,17.1443,0.0,50.0,50.089,906,43,0,0,0.9987,0,0,0,0,0,0
family18,CSDVRP-M-n50-s3,M,50,3,base,DRL-VNS18,7,3,15,1398.406,1746.7745,1392.5811,5.8249,0.0,15.0,15.015,1687,15,0,0,0.994,0,0,0,0,0,0
family18,CSDVRP-S-n20-s0,S,20,0,base,VNS-18,0,,6,756.2207,835.2978,752.4896,3.7311,0.0,6.0,5.997,4500,7,0,0,0.9987,0,0,0,0,0,0
family18,CSDVRP-S-n6-s4,S,6,4,base,Random-18,3,,5,307.1905,316.7228,305.135,2.0555,0.0,5.0,4.996,16650,3,0,0,0.906,0,0,0,0,0,0
family18,CSDVRP-S-n8-s4,S,8,4,base,DRL-VNS18,5,1,5,359.1905,397.2233,357.0731,2.1174,0.0,5.0,5.01,6520,3,0,0,0.8793,0,0,0,0,0,0
family18,CSDVRP-S-n15-s1,S,15,1,base,Marginal-18,2,3,5,599.4153,675.8866,596.1341,3.2813,0.0,5.0,4.997,5549,6,0,0,0.9,0,0,0,0,0,0
family18,CSDVRP-S-n10-s1,S,10,1,base,DRL-VNS18,6,2,5,394.7924,479.2322,392.2685,2.5239,0.0,5.0,5.045,5276,4,0,0,0.9253,0,0,0,0,0,0
family18,CSDVRP-XL-n150-s3,XL,150,3,base,Marginal-18,7,3,50,3815.4311,4237.9876,3798.417,17.0141,0.0,50.141,50.253,930,43,0,0,0.9983,0,0,0,0,0,0
family18,CSDVRP-M-n50-s0,M,50,0,base,Roulette-18,3,,15,1705.4441,1986.2853,1699.1272,6.3169,0.0,15.0,15.007,1822,16,0,0,0.9865,0,0,0,0,0,0
family18,CSDVRP-S-n10-s5,S,10,5,base,Marginal-18,3,4,5,454.5993,485.8354,450.6688,3.9305,0.0,5.0,5.014,11470,3,0,0,0.956,0,0,0,0,0,0
family18,CSDVRP-XL-n150-s0,XL,150,0,base,VNS-18,6,,50,4416.0224,5021.4451,4340.7116,15.3108,60.0,50.016,50.146,912,45,2,4,1.0,0,0,0,0,0,0
family18,CSDVRP-S-n15-s1,S,15,1,base,VNS-18,5,,5,599.4153,675.8866,596.1341,3.2813,0.0,5.0,5.034,5861,6,0,0,0.9,0,0,0,0,0,0
family18,CSDVRP-S-n15-s2,S,15,2,base,Fixed-dominant,7,,5,605.7439,645.109,602.0225,3.7214,0.0,5.0,4.998,6744,6,0,0,0.9953,0,0,0,0,0,0
family18,CSDVRP-S-n12-s3,S,12,3,base,VNS-18,8,,5,522.4878,589.3086,503.6872,3.8005,15.0,5.0,5.014,11131,4,1,1,1.0,0,0,0,0,0,0
family18,CSDVRP-M-n50-s0,M,50,0,base,Roulette-18,2,,15,1708.2931,1986.2853,1700.9035,7.3896,0.0,15.0,15.442,1961,16,0,0,0.9865,0,0,0,0,0,0
family18,CSDVRP-S-n6-s4,S,6,4,base,Fixed-dominant,6,,5,307.3738,316.7228,305.135,2.2389,0.0,5.0,5.007,18689,3,0,0,0.906,0,0,0,0,0,0
family18,CSDVRP-M-n30-s4,M,30,4,base,Marginal-18,0,1,10,926.1514,1151.8487,921.3091,4.8423,0.0,10.0,10.063,3340,10,0,0,0.99,0,0,0,0,0,0
family18,CSDVRP-S-n20-s3,S,20,3,base,Random-18,7,,6,691.2399,797.0264,687.1116,4.1284,0.0,6.0,5.997,4841,7,0,0,0.9707,0,0,0,0,0,0
family18,CSDVRP-L-n75-s3,L,75,3,base,Marginal-18,8,4,25,2115.0624,2332.9982,2078.8836,6.1788,30.0,25.0,25.08,1104,24,1,2,1.0,0,0,0,0,0,0
family18,CSDVRP-S-n6-s4,S,6,4,base,Roulette-18,7,,5,307.1905,316.7228,305.135,2.0555,0.0,5.0,5.039,16793,3,0,0,0.906,0,0,0,0,0,0
family18,CSDVRP-S-n15-s0,S,15,0,base,VNS-18,6,,5,606.5233,666.3141,602.2712,4.2521,0.0,5.0,4.999,6932,5,0,0,0.9927,0,0,0,0,0,0
family18,CSDVRP-S-n12-s4,S,12,4,base,Random-18,5,,5,487.5063,536.3904,484.4937,3.0126,0.0,5.0,5.028,10164,4,0,0,0.9867,0,0,0,0,0,0
family18,CSDVRP-S-n6-s1,S,6,1,base,Marginal-18,3,4,5,341.7876,362.2464,340.1093,1.6783,0.0,5.0,5.015,19277,3,0,0,0.926,0,0,0,0,0,0
family18,CSDVRP-M-n30-s2,M,30,2,base,VNS-18,5,,10,944.7133,1162.4183,926.5969,3.1164,15.0,10.0,10.03,3255,10,1,1,1.0,0,0,0,0,0,0
family18,CSDVRP-L-n75-s1,L,75,1,base,Roulette-18,0,,25,2090.2193,2408.8056,2067.6067,7.6126,15.0,25.0,25.096,1043,23,1,1,1.0,0,0,0,0,0,0
family18,CSDVRP-S-n8-s1,S,8,1,base,Roulette-18,5,,5,357.4079,376.3954,340.1754,2.2325,15.0,5.0,4.992,16006,3,1,1,1.0,0,0,0,0,0,0
family18,CSDVRP-S-n20-s4,S,20,4,base,Roulette-18,6,,6,719.4697,798.0501,715.5041,3.9656,0.0,6.0,5.996,4697,7,0,0,0.986,0,0,0,0,0,0
family18,CSDVRP-L-n100-s1,L,100,1,base,Fixed-dominant,1,,35,2669.7046,3146.4881,2656.3981,13.3065,0.0,35.016,35.112,752,29,0,0,0.9996,0,0,0,0,0,0
family18,CSDVRP-XL-n150-s5,XL,150,5,base,VNS-18,9,,50,3901.5033,4291.4727,3869.6654,16.8379,15.0,50.125,50.276,837,45,1,1,1.0,0,0,0,0,0,0
family18,CSDVRP-S-n12-s4,S,12,4,base,Marginal-18,0,1,5,487.5063,536.3904,484.4937,3.0126,0.0,5.0,4.996,10128,4,0,0,0.9867,0,0,0,0,0,0
family18,CSDVRP-L-n75-s5,L,75,5,base,Random-18,7,,25,2083.7885,2327.4464,2075.4992,8.2894,0.0,25.0,25.048,1022,22,0,0,0.9984,0,0,0,0,0,0
family18,CSDVRP-M-n50-s1,M,50,1,base,Random-18,6,,15,1517.8847,1718.5004,1511.9902,5.8945,0.0,15.016,15.02,1528,15,0,0,0.995,0,0,0,0,0,0
family18,CSDVRP-S-n6-s2,S,6,2,base,DRL-VNS18,3,4,5,330.7872,334.9047,328.2873,2.4999,0.0,5.0,5.001,6918,3,0,0,0.8567,0,0,0,0,0,0
family18,CSDVRP-M-n50-s3,M,50,3,base,Fixed-dominant,1,,15,1400.0786,1746.7745,1393.2711,6.8075,0.0,15.0,15.008,1886,15,0,0,0.994,0,0,0,0,0,0
family18,CSDVRP-S-n6-s3,S,6,3,base,VNS-18,4,,5,230.2731,253.5784,228.5871,1.686,0.0,5.0,5.02,27568,2,0,0,0.9873,0,0,0,0,0,0
family18,CSDVRP-S-n6-s1,S,6,1,base,Marginal-18,7,3,5,341.7876,362.2464,340.1093,1.6783,0.0,5.0,4.996,20351,3,0,0,0.926,0,0,0,0,0,0
family18,CSDVRP-S-n8-s4,S,8,4,base,DRL-VNS18,7,3,5,359.1905,397.2233,357.0731,2.1174,0.0,5.0,4.997,6275,3,0,0,0.8793,0,0,0,0,0,0
family18,CSDVRP-L-n75-s1,L,75,1,base,Marginal-18,8,4,25,2100.4329,2408.8056,2063.0849,7.348,30.0,25.0,25.062,1091,23,2,2,1.0,0,0,0,0,0,0
family18,CSDVRP-S-n12-s3,S,12,3,base,Fixed-dominant,8,,5,522.5237,589.3086,503.6872,3.8364,15.0,5.0,4.997,10735,4,1,1,1.0,0,0,0,0,0,0
family18,CSDVRP-S-n8-s1,S,8,1,base,VNS-18,7,,5,335.8429,376.3954,333.6723,2.1706,0.0,5.0,5.059,16933,3,0,0,0.9073,0,0,0,0,0,0
family18,CSDVRP-XL-n150-s3,XL,150,3,base,Random-18,8,,50,3810.3816,4237.9876,3794.4148,15.9668,0.0,50.078,50.152,795,44,0,0,0.9983,0,0,0,0,0,0
family18,CSDVRP-M-n30-s1,M,30,1,base,Random-18,3,,10,1037.7677,1231.1888,1033.3823,4.3854,0.0,10.0,10.003,3111,10,0,0,0.988,0,0,0,0,0,0
family18,CSDVRP-XL-n150-s5,XL,150,5,base,Marginal-18,0,1,50,3877.9324,4291.4727,3859.1528,18.7795,0.0,50.0,50.099,868,45,0,0,0.999,0,0,0,0,0,0
family18,CSDVRP-S-n15-s0,S,15,0,base,Marginal-18,6,2,5,622.7674,666.3141,603.7737,3.9937,15.0,5.0,4.988,7049,5,1,1,1.0,0,0,0,0,0,0
family18,CSDVRP-XL-n150-s5,XL,150,5,base,DRL-VNS18,6,2,50,3897.9128,4291.4727,3864.0507,18.8621,15.0,50.031,50.139,939,45,1,1,1.0,0,0,0,0,0,0
family18,CSDVRP-M-n50-s1,M,50,1,base,Random-18,4,,15,1511.6457,1718.5004,1490.6459,5.9998,15.0,15.0,15.014,1681,15,1,1,1.0,0,0,0,0,0,0
family18,CSDVRP-L-n75-s4,L,75,4,base,Fixed-dominant,3,,25,2205.0285,2460.454,2195.3304,9.6981,0.0,25.0,25.049,987,24,0,0,0.998,0,0,0,0,0,0
family18,CSDVRP-L-n100-s3,L,100,3,base,Random-18,8,,35,2712.2267,3095.0715,2701.3725,10.8543,0.0,35.016,35.124,677,31,0,0,1.0,0,0,0,0,0,0
family18,CSDVRP-M-n30-s2,M,30,2,base,Fixed-dominant,9,,10,941.7654,1162.4183,938.3163,3.4491,0.0,10.0,10.049,3299,10,0,0,0.9865,0,0,0,0,0,0
family18,CSDVRP-S-n20-s3,S,20,3,base,Random-18,0,,6,691.4555,797.0264,687.1116,4.3439,0.0,6.0,6.014,4926,7,0,0,0.9707,0,0,0,0,0,0
family18,CSDVRP-L-n75-s1,L,75,1,base,Random-18,2,,25,2087.1774,2408.8056,2035.1526,7.0248,45.0,25.0,25.021,1096,23,2,3,1.0,0,0,0,0,0,0
family18,CSDVRP-S-n8-s5,S,8,5,base,VNS-18,4,,5,423.2126,427.0275,419.9371,3.2754,0.0,5.0,4.988,13714,3,0,0,0.894,0,0,0,0,0,0
family18,CSDVRP-S-n12-s2,S,12,2,base,Fixed-dominant,8,,5,460.175,518.4642,458.0808,2.0942,0.0,5.0,4.999,13348,4,0,0,0.998,0,0,0,0,0,0
family18,CSDVRP-XL-n150-s3,XL,150,3,base,VNS-18,0,,50,3812.4981,4237.9876,3796.3937,16.1044,0.0,50.0,50.133,901,44,0,0,0.9983,0,0,0,0,0,0
family18,CSDVRP-S-n15-s5,S,15,5,base,Random-18,3,,5,666.5148,800.4223,662.7682,3.7467,0.0,5.0,5.002,7859,5,0,0,0.9993,0,0,0,0,0,0
family18,CSDVRP-L-n100-s1,L,100,1,base,VNS-18,0,,35,2672.1698,3146.4881,2615.5522,11.6177,45.0,35.016,35.16,774,29,2,3,1.0,0,0,0,0,0,0
family18,CSDVRP-M-n30-s1,M,30,1,base,Marginal-18,7,3,10,1049.9778,1231.1888,1031.6902,3.2876,15.0,10.0,10.001,3152,10,1,1,1.0,0,0,0,0,0,0
family18,CSDVRP-S-n8-s1,S,8,1,base,Random-18,2,,5,335.8429,376.3954,333.6723,2.1706,0.0,5.0,4.989,17319,3,0,0,0.9073,0,0,0,0,0,0
family18,CSDVRP-S-n8-s5,S,8,5,base,VNS-18,9,,5,423.2126,427.0275,419.9371,3.2754,0.0,5.0,4.999,13989,3,0,0,0.894,0,0,0,0,0,0
family18,CSDVRP-S-n15-s5,S,15,5,base,Random-18,5,,5,666.5148,800.4223,662.7682,3.7467,0.0,5.0,4.997,7894,5,0,0,0.9993,0,0,0,0,0,0
family18,CSDVRP-M-n50-s1,M,50,1,base,Marginal-18,1,2,15,1511.2316,1718.5004,1504.0504,7.1812,0.0,15.0,15.015,1710,15,0,0,0.9875,0,0,0,0,0,0
family18,CSDVRP-S-n10-s4,S,10,4,base,VNS-18,6,,5,387.4582,460.8567,384.9244,2.5338,0.0,5.0,5.012,14800,3,0,0,0.98,0,0,0,0,0,0
family18,CSDVRP-S-n20-s2,S,20,2,base,DRL-VNS18,9,5,6,670.121,732.8183,667.0092,3.1118,0.0,6.0,5.998,3484,7,0,0,0.9933,0,0,0,0,0,0
family18,CSDVRP-L-n100-s4,L,100,4,base,VNS-18,5,,35,2933.1629,3371.4529,2905.3968,12.766,15.0,35.0,35.096,733,31,1,1,1.0,0,0,0,0,0,0
family18,CSDVRP-S-n15-s3,S,15,3,base,VNS-18,1,,5,601.4006,692.2972,597.8561,3.5445,0.0,5.0,5.007,6349,6,0,0,0.998,0,0,0,0,0,0
family18,CSDVRP-S-n10-s1,S,10,1,base,Marginal-18,3,4,5,394.7924,479.2322,392.2685,2.5239,0.0,5.0,5.03,8899,4,0,0,0.9253,0,0,0,0,0,0
family18,CSDVRP-S-n8-s2,S,8,2,base,Random-18,5,,5,344.8888,398.3755,342.4078,2.481,0.0,5.0,5.061,15637,3,0,0,0.8753,0,0,0,0,0,0
family18,CSDVRP-M-n50-s2,M,50,2,base,Random-18,6,,15,1468.1939,1677.4231,1461.7612,6.4326,0.0,15.0,15.185,1518,16,0,0,0.9985,0,0,0,0,0,0
family18,CSDVRP-S-n12-s5,S,12,5,base,Marginal-18,8,4,5,521.0601,535.5205,517.6832,3.3769,0.0,5.0,5.014,9368,4,0,0,0.978,0,0,0,0,0,0
family18,CSDVRP-S-n10-s4,S,10,4,base,Roulette-18,4,,5,387.7762,460.8567,384.9244,2.8518,0.0,5.0,4.997,14242,3,0,0,0.98,0,0,0,0,0,0
family18,CSDVRP-S-n20-s2,S,20,2,base,Roulette-18,7,,6,670.121,732.8183,667.0092,3.1118,0.0,6.0,5.999,4542,7,0,0,0.9933,0,0,0,0,0,0
family18,CSDVRP-L-n100-s5,L,100,5,base,Marginal-18,3,4,35,2688.8919,3154.3549,2572.4664,11.4255,105.0,35.0,35.077,709,30,5,7,1.0,0,0,0,0,0,0
family18,CSDVRP-S-n15-s0,S,15,0,base,Fixed-dominant,8,,5,607.3126,666.3141,602.2712,5.0414,0.0,5.0,5.026,8361,5,0,0,0.9927,0,0,0,0,0,0
family18,CSDVRP-S-n8-s3,S,8,3,base,Marginal-18,4,5,5,339.8466,351.7127,337.5902,2.2564,0.0,5.0,5.014,15535,3,0,0,0.9567,0,0,0,0,0,0
family18,CSDVRP-S-n10-s1,S,10,1,base,Random-18,4,,5,394.7924,479.2322,392.2685,2.5239,0.0,5.0,4.998,9382,4,0,0,0.9253,0,0,0,0,0,0
family18,CSDVRP-CS-Riyadh,case,30,0,base,Random-18,5,,30,420.1501,711.0291,414.0897,6.0604,0.0,30.0,30.121,12363,4,0,0,0.982,0,0,0,0,0,0
family18,CSDVRP-L-n75-s3,L,75,3,base,Random-18,6,,25,2116.2993,2332.9982,2079.2632,7.0361,30.0,25.0,25.025,962,24,1,2,1.0,0,0,0,0,0,0
family18,CSDVRP-S-n6-s3,S,6,3,base,Roulette-18,9,,5,230.2731,253.5784,228.5871,1.686,0.0,5.0,5.018,25610,2,0,0,0.9873,0,0,0,0,0,0
family18,CSDVRP-M-n30-s4,M,30,4,base,Random-18,2,,10,926.5673,1151.8487,921.3091,5.2583,0.0,10.0,10.014,3474,10,0,0,0.99,0,0,0,0,0,0
family18,CSDVRP-XL-n150-s0,XL,150,0,base,Marginal-18,0,1,50,4358.3688,5021.4451,4340.9442,17.4246,0.0,50.109,50.228,932,45,0,0,0.9997,0,0,0,0,0,0
family18,CSDVRP-L-n100-s2,L,100,2,base,Marginal-18,2,3,35,2810.2533,3167.7225,2800.0702,10.1831,0.0,35.141,35.189,619,30,0,0,0.9972,0,0,0,0,0,0
family18,CSDVRP-M-n50-s4,M,50,4,base,Marginal-18,2,3,15,1666.3434,1919.2804,1661.0564,5.287,0.0,15.0,15.042,1430,16,0,0,0.998,0,0,0,0,0,0
family18,CSDVRP-S-n15-s1,S,15,1,base,DRL-VNS18,1,2,5,599.4153,675.8866,596.1341,3.2813,0.0,5.0,4.998,3959,6,0,0,0.9,0,0,0,0,0,0
family18,CSDVRP-M-n50-s0,M,50,0,base,DRL-VNS18,6,2,15,1701.5865,1986.2853,1695.1454,6.4411,0.0,15.0,14.998,1800,16,0,0,0.9865,0,0,0,0,0,0
family18,CSDVRP-XL-n150-s1,XL,150,1,base,Roulette-18,0,,50,4310.8359,4744.1508,4233.1583,17.6776,60.0,50.0,50.112,918,45,2,4,1.0,0,0,0,0,0,0
family18,CSDVRP-XL-n150-s3,XL,150,3,base,Fixed-dominant,7,,50,3847.7969,4237.9876,3831.0968,16.7001,0.0,50.031,50.24,1194,44,0,0,0.9983,0,0,0,0,0,0
family18,CSDVRP-XL-n150-s0,XL,150,0,base,Roulette-18,1,,50,4398.7594,5021.4451,4263.924,14.8354,120.0,50.0,50.098,982,46,5,8,1.0,0,0,0,0,0,0
family18,CSDVRP-L-n100-s5,L,100,5,base,Marginal-18,7,3,35,2605.9385,3154.3549,2576.8789,14.0596,15.0,35.062,35.09,670,30,1,1,0.9976,0,0,0,0,0,0
family18,CSDVRP-S-n20-s1,S,20,1,base,VNS-18,2,,6,808.7667,908.0268,789.1391,4.6276,15.0,6.0,6.005,4556,7,1,1,1.0,0,0,0,0,0,0
family18,CSDVRP-L-n75-s5,L,75,5,base,Marginal-18,6,2,25,2093.6082,2327.4464,2085.9578,7.6504,0.0,25.0,25.02,1150,23,0,0,1.0,0,0,0,0,0,0
family18,CSDVRP-S-n15-s5,S,15,5,base,Roulette-18,7,,5,666.5148,800.4223,662.7682,3.7467,0.0,5.0,5.008,7934,5,0,0,0.9993,0,0,0,0,0,0
family18,CSDVRP-M-n30-s3,M,30,3,base,Random-18,0,,10,969.1696,1099.7766,965.9069,3.2627,0.0,10.0,10.029,3959,10,0,0,0.988,0,0,0,0,0,0
family18,CSDVRP-M-n50-s3,M,50,3,base,Marginal-18,2,3,15,1398.2978,1746.7745,1392.5811,5.7168,0.0,15.0,15.019,1830,15,0,0,0.994,0,0,0,0,0,0
family18,CSDVRP-S-n10-s5,S,10,5,base,Random-18,0,,5,454.5993,485.8354,450.6688,3.9305,0.0,5.0,5.007,11155,3,0,0,0.956,0,0,0,0,0,0
family18,CSDVRP-M-n50-s5,M,50,5,base,Marginal-18,2,3,15,1631.8024,1904.3598,1608.9078,7.8946,15.0,15.0,15.032,1700,15,1,1,1.0,0,0,0,0,0,0
family18,CSDVRP-L-n75-s1,L,75,1,base,VNS-18,2,,25,2189.3364,2408.8056,2046.9846,7.3518,135.0,25.031,25.089,1074,22,7,9,1.0,0,0,0,0,0,0
family18,CSDVRP-L-n75-s5,L,75,5,base,Fixed-dominant,4,,25,2103.2213,2327.4464,2093.8793,9.342,0.0,25.016,25.13,1173,23,0,0,0.9984,0,0,0,0,0,0
family18,CSDVRP-M-n50-s1,M,50,1,base,DRL-VNS18,5,1,15,1498.3109,1718.5004,1476.7482,6.5627,15.0,15.0,15.04,1775,15,1,1,1.0,0,0,0,0,0,0
family18,CSDVRP-M-n50-s4,M,50,4,base,Marginal-18,1,2,15,1664.5153,1919.2804,1657.7172,6.798,0.0,15.016,15.028,1964,16,0,0,0.984,0,0,0,0,0,0
family18,CSDVRP-L-n75-s2,L,75,2,base,VNS-18,1,,25,2122.3223,2442.0216,2053.9085,8.4138,60.0,25.0,25.049,1179,22,4,4,1.0,0,0,0,0,0,0
family18,CSDVRP-S-n15-s5,S,15,5,base,Random-18,7,,5,666.5148,800.4223,662.7682,3.7467,0.0,5.0,5.004,7712,5,0,0,0.9993,0,0,0,0,0,0
family18,CSDVRP-L-n75-s2,L,75,2,base,Random-18,2,,25,2084.2175,2442.0216,2059.8673,9.3502,15.0,25.0,25.067,1016,22,1,1,1.0,0,0,0,0,0,0
family18,CSDVRP-S-n8-s5,S,8,5,base,Marginal-18,2,3,5,423.2126,427.0275,419.9371,3.2754,0.0,5.0,4.991,13661,3,0,0,0.894,0,0,0,0,0,0
family18,CSDVRP-M-n50-s5,M,50,5,base,Random-18,1,,15,1639.8255,1904.3598,1616.3122,8.5133,15.0,15.0,15.013,1759,15,1,1,1.0,0,0,0,0,0,0
family18,CSDVRP-M-n30-s0,M,30,0,base,Marginal-18,8,4,10,1092.9389,1303.6377,1089.1614,3.7775,0.0,10.0,9.999,3426,11,0,0,0.997,0,0,0,0,0,0
family18,CSDVRP-S-n20-s0,S,20,0,base,DRL-VNS18,9,5,6,756.3441,835.2978,752.4896,3.8544,0.0,6.0,6.041,3533,7,0,0,0.9987,0,0,0,0,0,0
family18,CSDVRP-S-n15-s0,S,15,0,base,Roulette-18,9,,5,622.621,666.3141,603.3505,4.2704,15.0,5.0,4.998,6506,5,1,1,1.0,0,0,0,0,0,0
family18,CSDVRP-L-n100-s0,L,100,0,base,Random-18,5,,35,3111.3443,3458.8862,3097.1459,14.1984,0.0,35.0,35.03,552,31,0,0,0.9988,0,0,0,0,0,0
family18,CSDVRP-L-n75-s2,L,75,2,base,Roulette-18,3,,25,2081.4614,2442.0216,2058.0882,8.3732,15.0,25.0,25.043,1116,22,1,1,1.0,0,0,0,0,0,0
family18,CSDVRP-S-n20-s1,S,20,1,base,DRL-VNS18,6,2,6,785.2664,908.0268,780.5879,4.6785,0.0,6.0,5.997,3707,7,0,0,0.9833,0,0,0,0,0,0
family18,CSDVRP-M-n30-s5,M,30,5,base,Random-18,1,,10,1123.8872,1247.2838,1118.3403,5.5469,0.0,10.0,10.012,3852,10,0,0,0.9895,0,0,0,0,0,0
family18,CSDVRP-XL-n150-s5,XL,150,5,base,Fixed-dominant,8,,50,4024.7426,4291.4727,4004.2844,20.4582,0.0,50.0,50.258,1175,45,0,0,0.9973,0,0,0,0,0,0
family18,CSDVRP-L-n100-s2,L,100,2,base,Marginal-18,4,5,35,2803.0165,3167.7225,2790.6809,12.3356,0.0,35.016,35.123,744,30,0,0,0.9972,0,0,0,0,0,0
family18,CSDVRP-L-n100-s1,L,100,1,base,Marginal-18,0,1,35,2675.2558,3146.4881,2648.537,11.7188,15.0,35.031,35.052,665,29,1,1,1.0,0,0,0,0,0,0
family18,CSDVRP-S-n10-s3,S,10,3,base,Marginal-18,6,2,5,398.3934,456.2198,394.9219,3.4715,0.0,5.0,4.993,13784,3,0,0,0.9427,0,0,0,0,0,0
family18,CSDVRP-M-n30-s3,M,30,3,base,Roulette-18,5,,10,969.1696,1099.7766,965.9069,3.2627,0.0,10.0,10.016,3963,10,0,0,0.988,0,0,0,0,0,0
family18,CSDVRP-S-n8-s1,S,8,1,base,Random-18,7,,5,335.8429,376.3954,333.6723,2.1706,0.0,5.0,5.012,17541,3,0,0,0.9073,0,0,0,0,0,0
family18,CSDVRP-M-n30-s4,M,30,4,base,Fixed-dominant,0,,10,927.2273,1151.8487,921.3091,5.9182,0.0,10.0,10.03,3599,10,0,0,0.99,0,0,0,0,0,0
family18,CSDVRP-XL-n150-s1,XL,150,1,base,Random-18,5,,50,4317.4149,4744.1508,4253.6255,18.7894,45.0,50.047,50.21,787,45,2,3,1.0,0,0,0,0,0,0
family18,CSDVRP-M-n50-s1,M,50,1,base,VNS-18,5,,15,1525.9948,1718.5004,1505.4401,5.5547,15.0,15.0,15.096,1740,16,1,1,1.0,0,0,0,0,0,0
family18,CSDVRP-S-n20-s0,S,20,0,base,Random-18,5,,6,756.3441,835.2978,752.4896,3.8544,0.0,6.0,5.999,4812,7,0,0,0.9987,0,0,0,0,0,0
family18,CSDVRP-M-n50-s0,M,50,0,base,Marginal-18,7,3,15,1705.1083,1986.2853,1698.6227,6.4856,0.0,15.0,15.062,1912,16,0,0,0.991,0,0,0,0,0,0
family18,CSDVRP-L-n100-s5,L,100,5,base,DRL-VNS18,2,3,35,2594.9648,3154.3549,2568.7104,11.2544,15.0,35.047,35.18,703,30,1,1,1.0,0,0,0,0,0,0
family18,CSDVRP-S-n20-s4,S,20,4,base,Roulette-18,1,,6,719.4697,798.0501,715.5041,3.9656,0.0,6.0,6.032,5038,7,0,0,0.986,0,0,0,0,0,0
family18,CSDVRP-XL-n150-s2,XL,150,2,base,Random-18,4,,50,4048.7222,4545.4892,3973.9099,14.8123,60.0,50.0,50.105,861,45,2,4,1.0,0,0,0,0,0,0
family18,CSDVRP-M-n50-s0,M,50,0,base,Random-18,4,,15,1708.2172,1986.2853,1701.3382,6.879,0.0,15.0,15.0,1850,16,0,0,0.991,0,0,0,0,0,0
family18,CSDVRP-S-n6-s4,S,6,4,base,Marginal-18,1,2,5,307.3738,316.7228,305.135,2.2389,0.0,5.0,5.011,17919,3,0,0,0.906,0,0,0,0,0,0
family18,CSDVRP-M-n50-s0,M,50,0,base,Roulette-18,6,,15,1705.9756,1986.2853,1699.1272,6.8484,0.0,15.0,15.05,2010,16,0,0,0.9865,0,0,0,0,0,0
family18,CSDVRP-S-n12-s2,S,12,2,base,DRL-VNS18,6,2,5,460.175,518.4642,458.0808,2.0942,0.0,5.0,5.023,6426,4,0,0,0.998,0,0,0,0,0,0
family18,CSDVRP-S-n6-s2,S,6,2,base,DRL-VNS18,6,2,5,330.7872,334.9047,328.2873,2.4999,0.0,5.0,5.013,7335,3,0,0,0.8567,0,0,0,0,0,0
family18,CSDVRP-S-n8-s2,S,8,2,base,Roulette-18,4,,5,344.8888,398.3755,342.4078,2.481,0.0,5.0,4.997,16033,3,0,0,0.8753,0,0,0,0,0,0
family18,CSDVRP-M-n30-s0,M,30,0,base,DRL-VNS18,4,5,10,1093.0763,1303.6377,1088.8964,4.1799,0.0,10.0,10.013,3143,11,0,0,0.997,0,0,0,0,0,0
family18,CSDVRP-S-n15-s5,S,15,5,base,Roulette-18,1,,5,666.5148,800.4223,662.7682,3.7467,0.0,5.0,4.998,7211,5,0,0,0.9993,0,0,0,0,0,0
family18,CSDVRP-S-n6-s5,S,6,5,base,Roulette-18,2,,5,347.3173,347.7063,345.0582,2.2591,0.0,5.0,5.013,21511,3,0,0,0.9907,0,0,0,0,0,0
family18,CSDVRP-M-n30-s4,M,30,4,base,Fixed-dominant,3,,10,926.7872,1151.8487,921.3091,5.4782,0.0,10.0,10.016,3758,10,0,0,0.99,0,0,0,0,0,0
family18,CSDVRP-L-n75-s2,L,75,2,base,VNS-18,0,,25,2095.2481,2442.0216,2085.2428,10.0053,0.0,25.016,25.082,1072,23,0,0,0.9932,0,0,0,0,0,0
family18,CSDVRP-S-n20-s1,S,20,1,base,DRL-VNS18,5,1,6,785.2664,908.0268,780.5879,4.6785,0.0,6.0,6.02,3685,7,0,0,0.9833,0,0,0,0,0,0
family18,CSDVRP-M-n50-s5,M,50,5,base,Fixed-dominant,8,,15,1637.7231,1904.3598,1630.4499,7.2732,0.0,15.0,15.0,1920,16,0,0,0.998,0,0,0,0,0,0
family18,CSDVRP-XL-n150-s1,XL,150,1,base,DRL-VNS18,7,3,50,4197.6663,4744.1508,4180.478,17.1883,0.0,50.047,50.184,955,44,0,0,0.9967,0,0,0,0,0,0
family18,CSDVRP-XL-n150-s1,XL,150,1,base,Marginal-18,6,2,50,4267.7898,4744.1508,4178.652,14.1378,75.0,50.047,50.185,1002,45,4,5,1.0,0,0,0,0,0,0
family18,CSDVRP-XL-n150-s2,XL,150,2,base,Fixed-dominant,7,,50,4053.665,4545.4892,4036.5675,17.0975,0.0,50.0,50.171,1202,46,0,0,1.0,0,0,0,0,0,0
family18,CSDVRP-S-n20-s5,S,20,5,base,VNS-18,6,,6,763.1659,865.7,758.6853,4.4806,0.0,6.0,5.993,5515,7,0,0,0.9947,0,0,0,0,0,0
family18,CSDVRP-S-n20-s0,S,20,0,base,Random-18,6,,6,756.3441,835.2978,752.4896,3.8544,0.0,6.0,6.03,4867,7,0,0,0.9987,0,0,0,0,0,0
family18,CSDVRP-S-n15-s4,S,15,4,base,Fixed-dominant,0,,5,606.3303,624.2332,601.9721,4.3582,0.0,5.0,4.998,8234,5,0,0,0.9993,0,0,0,0,0,0
family18,CSDVRP-L-n100-s2,L,100,2,base,Roulette-18,8,,35,2778.869,3167.7225,2767.6682,11.2008,0.0,35.141,35.303,817,29,0,0,0.9964,0,0,0,0,0,0
family18,CSDVRP-S-n12-s3,S,12,3,base,Roulette-18,5,,5,522.4878,589.3086,503.6872,3.8005,15.0,5.0,4.988,11077,4,1,1,1.0,0,0,0,0,0,0
family18,CSDVRP-M-n50-s1,M,50,1,base,VNS-18,8,,15,1547.7861,1718.5004,1511.1486,6.6375,30.0,15.0,15.003,1883,15,1,2,1.0,0,0,0,0,0,0
family18,CSDVRP-M-n50-s3,M,50,3,base,Fixed-dominant,8,,15,1400.3797,1746.7745,1392.5811,7.7986,0.0,15.0,15.045,1859,15,0,0,0.994,0,0,0,0,0,0
family18,CSDVRP-L-n75-s3,L,75,3,base,Random-18,5,,25,2097.5415,2332.9982,2060.9958,6.5457,30.0,25.031,25.088,1068,24,1,2,1.0,0,0,0,0,0,0
family18,CSDVRP-XL-n150-s1,XL,150,1,base,VNS-18,0,,50,4287.7178,4744.1508,4270.2555,17.4622,0.0,50.0,50.075,941,45,0,0,0.9977,0,0,0,0,0,0
family18,CSDVRP-S-n10-s1,S,10,1,base,Fixed-dominant,0,,5,395.139,479.2322,392.2685,2.8705,0.0,5.0,4.994,12981,4,0,0,0.9253,0,0,0,0,0,0
family18,CSDVRP-S-n8-s1,S,8,1,base,Fixed-dominant,9,,5,336.1588,376.3954,333.6723,2.4865,0.0,5.0,5.015,18064,3,0,0,0.9073,0,0,0,0,0,0
family18,CSDVRP-XL-n150-s1,XL,150,1,base,Marginal-18,8,4,50,4192.8264,4744.1508,4178.0238,14.8027,0.0,50.0,50.132,941,45,0,0,0.9963,0,0,0,0,0,0
family18,CSDVRP-S-n20-s4,S,20,4,base,Fixed-dominant,3,,6,719.6731,798.0501,715.5041,4.1689,0.0,6.0,6.003,5256,7,0,0,0.986,0,0,0,0,0,0
family18,CSDVRP-L-n100-s5,L,100,5,base,VNS-18,8,,35,2583.4283,3154.3549,2557.614,10.8143,15.0,35.062,35.147,768,30,1,1,1.0,0,0,0,0,0,0
family18,CSDVRP-XL-n150-s1,XL,150,1,base,VNS-18,8,,50,4333.9043,4744.1508,4215.9248,12.9794,105.0,50.0,50.109,886,45,4,7,1.0,0,0,0,0,0,0
family18,CSDVRP-L-n75-s3,L,75,3,base,VNS-18,1,,25,2107.7246,2332.9982,2086.865,5.8596,15.0,25.016,25.065,1078,24,1,1,1.0,0,0,0,0,0,0
family18,CSDVRP-L-n75-s0,L,75,0,base,DRL-VNS18,7,3,25,2410.0121,2688.4285,2401.1797,8.8324,0.0,25.031,25.045,1056,24,0,0,0.9984,0,0,0,0,0,0
family18,CSDVRP-S-n6-s4,S,6,4,base,Roulette-18,3,,5,307.3738,316.7228,305.135,2.2389,0.0,5.0,5.04,17127,3,0,0,0.906,0,0,0,0,0,0
family18,CSDVRP-M-n50-s0,M,50,0,base,Fixed-dominant,2,,15,1712.794,1986.2853,1703.9689,8.8251,0.0,15.0,15.048,1859,16,0,0,0.9995,0,0,0,0,0,0
family18,CSDVRP-L-n100-s1,L,100,1,base,DRL-VNS18,7,3,35,2702.0122,3146.4881,2631.3301,10.6821,60.0,35.0,35.115,700,29,2,4,1.0,0,0,0,0,0,0
family18,CSDVRP-L-n100-s5,L,100,5,base,VNS-18,5,,35,2629.4735,3154.3549,2569.7705,14.703,45.0,35.047,35.107,760,30,2,3,1.0,0,0,0,0,0,0
family18,CSDVRP-S-n6-s3,S,6,3,base,Marginal-18,9,5,5,230.2731,253.5784,228.5871,1.686,0.0,5.0,4.985,26555,2,0,0,0.9873,0,0,0,0,0,0
family18,CSDVRP-L-n75-s0,L,75,0,base,Marginal-18,0,1,25,2409.56,2688.4285,2401.1797,8.3803,0.0,25.0,25.063,1056,24,0,0,0.9984,0,0,0,0,0,0
family18,CSDVRP-L-n75-s2,L,75,2,base,Marginal-18,1,2,25,2117.9587,2442.0216,2062.6031,10.3556,45.0,25.0,25.066,1280,22,2,3,1.0,0,0,0,0,0,0
family18,CSDVRP-M-n50-s3,M,50,3,base,VNS-18,1,,15,1399.5391,1746.7745,1393.2711,6.268,0.0,15.0,15.056,1791,15,0,0,0.994,0,0,0,0,0,0
family18,CSDVRP-S-n15-s1,S,15,1,base,Roulette-18,2,,5,599.4153,675.8866,596.1341,3.2813,0.0,5.0,4.992,5947,6,0,0,0.9,0,0,0,0,0,0
family18,CSDVRP-L-n75-s4,L,75,4,base,Fixed-dominant,5,,25,2208.1244,2460.454,2199.1072,9.0172,0.0,25.0,25.073,1089,24,0,0,0.9996,0,0,0,0,0,0
family18,CSDVRP-M-n50-s0,M,50,0,base,VNS-18,1,,15,1711.203,1986.2853,1704.3447,6.8583,0.0,15.0,15.019,1890,16,0,0,0.986,0,0,0,0,0,0
family18,CSDVRP-L-n75-s0,L,75,0,base,Random-18,8,,25,2410.4757,2688.4285,2401.1797,9.296,0.0,25.0,25.085,1112,24,0,0,0.9984,0,0,0,0,0,0
family18,CSDVRP-S-n10-s2,S,10,2,base,Marginal-18,7,3,5,391.6922,436.4179,389.0812,2.6111,0.0,5.0,5.002,15349,3,0,0,0.9787,0,0,0,0,0,0
family18,CSDVRP-S-n15-s0,S,15,0,base,Fixed-dominant,6,,5,607.3126,666.3141,602.2712,5.0414,0.0,5.0,4.998,8652,5,0,0,0.9927,0,0,0,0,0,0
family18,CSDVRP-S-n12-s4,S,12,4,base,Fixed-dominant,8,,5,488.9656,536.3904,484.4937,4.4719,0.0,5.0,5.014,11196,4,0,0,0.9867,0,0,0,0,0,0
family18,CSDVRP-S-n6-s3,S,6,3,base,DRL-VNS18,5,1,5,230.2731,253.5784,228.5871,1.686,0.0,5.0,5.012,8581,2,0,0,0.9873,0,0,0,0,0,0
family18,CSDVRP-S-n10-s2,S,10,2,base,Random-18,5,,5,391.6922,436.4179,389.0812,2.6111,0.0,5.0,5.013,16464,3,0,0,0.9787,0,0,0,0,0,0
family18,CSDVRP-L-n75-s0,L,75,0,base,Roulette-18,9,,25,2410.2943,2688.4285,2401.1797,9.1146,0.0,25.0,25.048,1115,24,0,0,0.9984,0,0,0,0,0,0
family18,CSDVRP-L-n100-s0,L,100,0,base,VNS-18,0,,35,3059.0284,3458.8862,3015.3571,13.6713,30.0,35.047,35.093,647,31,1,2,1.0,0,0,0,0,0,0
family18,CSDVRP-M-n30-s2,M,30,2,base,Fixed-dominant,4,,10,942.2021,1162.4183,938.3163,3.8858,0.0,10.0,10.055,3628,10,0,0,0.9865,0,0,0,0,0,0
family18,CSDVRP-L-n75-s2,L,75,2,base,DRL-VNS18,5,1,25,2089.4245,2442.0216,2064.7137,9.7108,15.0,25.0,25.106,1101,22,1,1,1.0,0,0,0,0,0,0
family18,CSDVRP-S-n8-s2,S,8,2,base,Random-18,1,,5,344.8888,398.3755,342.4078,2.481,0.0,5.0,5.026,17077,3,0,0,0.8753,0,0,0,0,0,0
family18,CSDVRP-L-n75-s0,L,75,0,base,VNS-18,3,,25,2410.4462,2688.4285,2401.1797,9.2665,0.0,25.016,25.071,1125,24,0,0,0.9984,0,0,0,0,0,0
family18,CSDVRP-XL-n150-s1,XL,150,1,base,DRL-VNS18,1,2,50,4235.3934,4744.1508,4159.9613,15.4321,60.0,50.031,50.114,1124,44,3,4,1.0,0,0,0,0,0,0
family18,CSDVRP-CS-Riyadh,case,30,0,base,Roulette-18,0,,30,424.5242,711.0291,418.987,5.5372,0.0,30.0,30.072,13657,4,0,0,0.996,0,0,0,0,0,0
family18,CSDVRP-S-n12-s4,S,12,4,base,Fixed-dominant,1,,5,488.9656,536.3904,484.4937,4.4719,0.0,5.0,4.997,11400,4,0,0,0.9867,0,0,0,0,0,0
family18,CSDVRP-S-n15-s3,S,15,3,base,Fixed-dominant,0,,5,601.4006,692.2972,597.8561,3.5445,0.0,5.0,5.046,7006,6,0,0,0.998,0,0,0,0,0,0
family18,CSDVRP-S-n10-s2,S,10,2,base,Fixed-dominant,3,,5,401.7816,436.4179,398.071,3.7106,0.0,5.0,4.999,16801,3,0,0,0.9867,0,0,0,0,0,0
family18,CSDVRP-XL-n150-s0,XL,150,0,base,VNS-18,2,,50,4321.0407,5021.4451,4303.7885,17.2522,0.0,50.031,50.219,1012,46,0,0,0.9997,0,0,0,0,0,0
family18,CSDVRP-S-n15-s1,S,15,1,base,Marginal-18,6,2,5,599.4153,675.8866,596.1341,3.2813,0.0,5.0,4.994,6161,6,0,0,0.9,0,0,0,0,0,0
family18,CSDVRP-S-n10-s4,S,10,4,base,Fixed-dominant,9,,5,387.4582,460.8567,384.9244,2.5338,0.0,5.0,5.029,17313,3,0,0,0.98,0,0,0,0,0,0
family18,CSDVRP-L-n100-s5,L,100,5,base,Marginal-18,6,2,35,2564.9429,3154.3549,2552.1231,12.8198,0.0,35.0,35.05,867,30,0,0,0.9976,0,0,0,0,0,0
family18,CSDVRP-S-n15-s1,S,15,1,base,Roulette-18,8,,5,599.4153,675.8866,596.1341,3.2813,0.0,5.0,5.022,6177,6,0,0,0.9,0,0,0,0,0,0
family18,CSDVRP-L-n75-s1,L,75,1,base,Roulette-18,3,,25,2137.659,2408.8056,2070.7465,6.9125,60.0,25.0,25.073,1306,23,2,4,1.0,0,0,0,0,0,0
family18,CSDVRP-S-n6-s2,S,6,2,base,VNS-18,6,,5,330.7872,334.9047,328.2873,2.4999,0.0,5.0,4.985,19646,3,0,0,0.8567,0,0,0,0,0,0
family18,CSDVRP-S-n15-s3,S,15,3,base,Marginal-18,2,3,5,601.4006,692.2972,597.8561,3.5445,0.0,5.0,4.999,6959,6,0,0,0.998,0,0,0,0,0,0
family18,CSDVRP-S-n6-s4,S,6,4,base,Random-18,9,,5,307.3738,316.7228,305.135,2.2389,0.0,5.0,4.997,18493,3,0,0,0.906,0,0,0,0,0,0
family18,CSDVRP-S-n15-s3,S,15,3,base,Random-18,6,,5,601.4006,692.2972,597.8561,3.5445,0.0,5.0,5.0,6433,6,0,0,0.998,0,0,0,0,0,0
family18,CSDVRP-S-n20-s2,S,20,2,base,DRL-VNS18,8,4,6,670.121,732.8183,667.0092,3.1118,0.0,6.0,6.028,3692,7,0,0,0.9933,0,0,0,0,0,0
family18,CSDVRP-M-n50-s5,M,50,5,base,VNS-18,5,,15,1619.703,1904.3598,1596.6216,8.0814,15.0,15.0,15.012,2076,15,1,1,1.0,0,0,0,0,0,0
family18,CSDVRP-S-n6-s4,S,6,4,base,Roulette-18,8,,5,307.3738,316.7228,305.135,2.2389,0.0,5.0,5.013,17631,3,0,0,0.906,0,0,0,0,0,0
family18,CSDVRP-S-n6-s1,S,6,1,base,DRL-VNS18,3,4,5,341.7876,362.2464,340.1093,1.6783,0.0,5.0,5.029,8068,3,0,0,0.926,0,0,0,0,0,0
family18,CSDVRP-S-n15-s3,S,15,3,base,Fixed-dominant,5,,5,619.4716,692.2972,584.8415,4.6301,30.0,5.0,4.998,8711,5,1,2,1.0,0,0,0,0,0,0
family18,CSDVRP-L-n75-s0,L,75,0,base,Marginal-18,7,3,25,2410.2943,2688.4285,2401.1797,9.1146,0.0,25.016,25.059,1087,24,0,0,0.9984,0,0,0,0,0,0
family18,CSDVRP-S-n6-s1,S,6,1,base,Random-18,9,,5,341.7876,362.2464,340.1093,1.6783,0.0,5.0,4.999,22008,3,0,0,0.926,0,0,0,0,0,0
family18,CSDVRP-S-n20-s3,S,20,3,base,Roulette-18,9,,6,690.3257,797.0264,671.6629,3.6628,15.0,6.0,6.061,5208,7,1,1,1.0,0,0,0,0,0,0
family18,CSDVRP-M-n50-s4,M,50,4,base,Fixed-dominant,0,,15,1644.4322,1919.2804,1635.5722,8.86,0.0,15.0,15.02,1963,16,0,0,0.998,0,0,0,0,0,0
family18,CSDVRP-M-n30-s0,M,30,0,base,VNS-18,4,,10,1110.5416,1303.6377,1091.4559,4.0856,15.0,10.0,10.04,3699,11,1,1,0.997,0,0,0,0,0,0
family18,CSDVRP-S-n6-s2,S,6,2,base,Marginal-18,2,3,5,330.2083,334.9047,328.2873,1.921,0.0,5.0,5.012,18823,3,0,0,0.8567,0,0,0,0,0,0
family18,CSDVRP-XL-n150-s4,XL,150,4,base,Random-18,4,,50,3847.6888,4802.2805,3772.9595,14.7294,60.0,50.188,50.332,880,45,3,4,1.0,0,0,0,0,0,0
family18,CSDVRP-L-n75-s4,L,75,4,base,DRL-VNS18,3,4,25,2208.338,2460.454,2201.6826,6.6554,0.0,25.0,25.07,1039,24,0,0,0.998,0,0,0,0,0,0
family18,CSDVRP-S-n8-s1,S,8,1,base,Random-18,3,,5,335.8429,376.3954,333.6723,2.1706,0.0,5.0,4.995,18046,3,0,0,0.9073,0,0,0,0,0,0
family18,CSDVRP-XL-n150-s4,XL,150,4,base,Random-18,7,,50,4044.4877,4802.2805,3865.6566,13.8311,165.0,50.062,50.637,852,46,7,11,1.0,0,0,0,0,0,0
family18,CSDVRP-S-n20-s2,S,20,2,base,Marginal-18,8,4,6,670.121,732.8183,667.0092,3.1118,0.0,6.0,6.017,4949,7,0,0,0.9933,0,0,0,0,0,0
family18,CSDVRP-S-n20-s0,S,20,0,base,DRL-VNS18,4,5,6,756.3441,835.2978,752.4896,3.8544,0.0,6.0,5.996,3824,7,0,0,0.9987,0,0,0,0,0,0
family18,CSDVRP-S-n15-s4,S,15,4,base,Marginal-18,2,3,5,585.7427,624.2332,582.2908,3.4519,0.0,5.0,5.045,7282,6,0,0,0.9347,0,0,0,0,0,0
family18,CSDVRP-S-n10-s1,S,10,1,base,Marginal-18,2,3,5,394.7924,479.2322,392.2685,2.5239,0.0,5.0,4.998,9768,4,0,0,0.9253,0,0,0,0,0,0
family18,CSDVRP-XL-n150-s3,XL,150,3,base,VNS-18,6,,50,3821.3663,4237.9876,3774.9471,16.4192,30.0,50.0,50.103,1012,43,1,2,1.0,0,0,0,0,0,0
family18,CSDVRP-S-n20-s2,S,20,2,base,DRL-VNS18,4,5,6,670.121,732.8183,667.0092,3.1118,0.0,6.0,6.062,3819,7,0,0,0.9933,0,0,0,0,0,0
family18,CSDVRP-L-n75-s2,L,75,2,base,DRL-VNS18,3,4,25,2098.1477,2442.0216,2089.7508,8.3969,0.0,25.0,25.098,1126,23,0,0,0.9932,0,0,0,0,0,0
family18,CSDVRP-S-n8-s4,S,8,4,base,Marginal-18,3,4,5,359.1905,397.2233,357.0731,2.1174,0.0,5.0,5.022,16143,3,0,0,0.8793,0,0,0,0,0,0
family18,CSDVRP-L-n75-s3,L,75,3,base,Random-18,1,,25,2118.9438,2332.9982,2054.0995,4.8443,60.0,25.0,25.088,1168,23,3,4,1.0,0,0,0,0,0,0
family18,CSDVRP-L-n75-s0,L,75,0,base,Fixed-dominant,9,,25,2410.5639,2688.4285,2400.1362,10.4277,0.0,25.016,25.079,1114,24,0,0,0.9984,0,0,0,0,0,0
family18,CSDVRP-M-n50-s1,M,50,1,base,Fixed-dominant,8,,15,1519.739,1718.5004,1513.1913,6.5477,0.0,15.0,15.044,1781,16,0,0,0.994,0,0,0,0,0,0
family18,CSDVRP-M-n30-s4,M,30,4,base,VNS-18,4,,10,946.3554,1151.8487,942.7083,3.6471,0.0,10.0,9.998,3721,10,0,0,0.994,0,0,0,0,0,0
family18,CSDVRP-L-n75-s1,L,75,1,base,Fixed-dominant,3,,25,2124.0067,2408.8056,2114.211,9.7957,0.0,25.0,25.075,1024,24,0,0,0.9932,0,0,0,0,0,0
family18,CSDVRP-M-n30-s1,M,30,1,base,Roulette-18,6,,10,1031.4688,1231.1888,1027.1043,4.3646,0.0,10.0,10.078,3852,10,0,0,0.98,0,0,0,0,0,0
family18,CSDVRP-L-n100-s4,L,100,4,base,Marginal-18,1,2,35,2942.9297,3371.4529,2913.7149,14.2148,15.0,35.0,35.041,777,31,1,1,1.0,0,0,0,0,0,0
family18,CSDVRP-S-n10-s2,S,10,2,base,Random-18,2,,5,391.6922,436.4179,389.0812,2.6111,0.0,5.0,5.077,17097,3,0,0,0.9787,0,0,0,0,0,0
family18,CSDVRP-M-n50-s2,M,50,2,base,DRL-VNS18,1,2,15,1467.8485,1677.4231,1462.0673,5.7812,0.0,15.0,15.029,1811,16,0,0,0.9985,0,0,0,0,0,0
family18,CSDVRP-L-n75-s1,L,75,1,base,Roulette-18,9,,25,2087.8841,2408.8056,2050.2685,7.6156,30.0,25.0,25.093,1380,23,1,2,1.0,0,0,0,0,0,0
family18,CSDVRP-M-n50-s5,M,50,5,base,Random-18,7,,15,1647.0982,1904.3598,1609.8124,7.2857,30.0,15.0,15.015,2059,15,1,2,1.0,0,0,0,0,0,0
family18,CSDVRP-S-n10-s3,S,10,3,base,DRL-VNS18,4,5,5,398.3226,456.2198,394.9219,3.4007,0.0,5.0,5.054,6846,3,0,0,0.9427,0,0,0,0,0,0
family18,CSDVRP-S-n8-s2,S,8,2,base,DRL-VNS18,1,2,5,344.8888,398.3755,342.4078,2.481,0.0,5.0,5.043,7373,3,0,0,0.8753,0,0,0,0,0,0
family18,CSDVRP-S-n20-s3,S,20,3,base,Marginal-18,9,5,6,691.2399,797.0264,687.1116,4.1284,0.0,6.0,6.03,5458,7,0,0,0.9707,0,0,0,0,0,0
family18,CSDVRP-L-n100-s4,L,100,4,base,Fixed-dominant,9,,35,2932.1198,3371.4529,2918.4874,13.6324,0.0,35.016,35.09,821,31,0,0,0.9888,0,0,0,0,0,0
family18,CSDVRP-XL-n150-s4,XL,150,4,base,Marginal-18,2,3,50,3971.5034,4802.2805,3938.3461,18.1573,15.0,50.016,50.071,963,45,1,1,1.0,0,0,0,0,0,0
family18,CSDVRP-S-n8-s2,S,8,2,base,Fixed-dominant,5,,5,344.9724,398.3755,342.4078,2.5646,0.0,5.0,4.988,18709,3,0,0,0.8753,0,0,0,0,0,0
family18,CSDVRP-L-n100-s3,L,100,3,base,Fixed-dominant,3,,35,2727.7892,3095.0715,2715.2205,12.5687,0.0,35.016,35.145,745,31,0,0,0.9992,0,0,0,0,0,0
family18,CSDVRP-M-n30-s1,M,30,1,base,VNS-18,6,,10,1031.4688,1231.1888,1027.1043,4.3646,0.0,10.0,10.009,3276,10,0,0,0.98,0,0,0,0,0,0
family18,CSDVRP-S-n10-s2,S,10,2,base,Roulette-18,3,,5,391.6922,436.4179,389.0812,2.6111,0.0,5.0,4.997,15881,3,0,0,0.9787,0,0,0,0,0,0
family18,CSDVRP-L-n100-s3,L,100,3,base,VNS-18,7,,35,2714.5408,3095.0715,2701.855,12.6858,0.0,35.0,35.087,751,30,0,0,1.0,0,0,0,0,0,0
family18,CSDVRP-L-n100-s0,L,100,0,base,Roulette-18,8,,35,3018.6296,3458.8862,3007.8956,10.7341,0.0,35.047,35.1,732,31,0,0,0.9996,0,0,0,0,0,0
family18,CSDVRP-M-n50-s3,M,50,3,base,Roulette-18,8,,15,1399.0742,1746.7745,1392.5811,6.4932,0.0,15.0,15.055,1979,15,0,0,0.994,0,0,0,0,0,0
family18,CSDVRP-M-n30-s4,M,30,4,base,Random-18,4,,10,926.1514,1151.8487,921.3091,4.8423,0.0,10.0,10.015,3564,10,0,0,0.99,0,0,0,0,0,0
family18,CSDVRP-XL-n150-s4,XL,150,4,base,Roulette-18,4,,50,3965.6569,4802.2805,3802.2479,13.409,150.0,50.0,50.13,945,44,6,10,1.0,0,0,0,0,0,0
family18,CSDVRP-CS-Riyadh,case,30,0,base,DRL-VNS18,0,1,30,416.3117,711.0291,411.6246,4.6871,0.0,30.0,30.173,12955,4,0,0,0.986,0,0,0,0,0,0
family18,CSDVRP-XL-n150-s4,XL,150,4,base,Fixed-dominant,0,,50,3941.7086,4802.2805,3924.8861,16.8225,0.0,50.0,50.273,1275,45,0,0,0.9997,0,0,0,0,0,0
family18,CSDVRP-XL-n150-s0,XL,150,0,base,Fixed-dominant,2,,50,4381.8284,5021.4451,4363.3996,18.4288,0.0,50.016,50.129,1284,47,0,0,0.9997,0,0,0,0,0,0
family18,CSDVRP-L-n75-s2,L,75,2,base,Random-18,9,,25,2134.7311,2442.0216,2109.8736,9.8575,15.0,25.0,25.377,1102,23,1,1,1.0,0,0,0,0,0,0
family18,CSDVRP-L-n100-s2,L,100,2,base,DRL-VNS18,7,3,35,2820.4339,3167.7225,2809.4909,10.943,0.0,35.0,35.821,745,30,0,0,0.9976,0,0,0,0,0,0
family18,CSDVRP-S-n15-s3,S,15,3,base,Roulette-18,1,,5,617.4794,692.2972,599.2226,3.2568,15.0,5.0,5.057,8102,5,1,1,1.0,0,0,0,0,0,0
family18,CSDVRP-S-n15-s0,S,15,0,base,Fixed-dominant,2,,5,607.3126,666.3141,602.2712,5.0414,0.0,5.0,4.998,8090,5,0,0,0.9927,0,0,0,0,0,0
family18,CSDVRP-M-n50-s4,M,50,4,base,Roulette-18,9,,15,1653.2414,1919.2804,1646.6121,6.6293,0.0,15.0,15.361,1611,16,0,0,0.998,0,0,0,0,0,0
family18,CSDVRP-S-n20-s0,S,20,0,base,VNS-18,1,,6,756.3441,835.2978,752.4896,3.8544,0.0,6.0,6.199,3836,7,0,0,0.9987,0,0,0,0,0,0
family18,CSDVRP-L-n75-s4,L,75,4,base,Roulette-18,6,,25,2202.3665,2460.454,2194.1963,8.1703,0.0,25.062,26.636,864,24,0,0,0.9996,0,0,0,0,0,0
family18,CSDVRP-S-n6-s5,S,6,5,base,Fixed-dominant,8,,5,347.3173,347.7063,345.0582,2.2591,0.0,5.0,5.06,20018,3,0,0,0.9907,0,0,0,0,0,0
family18,CSDVRP-S-n10-s3,S,10,3,base,DRL-VNS18,2,3,5,398.3226,456.2198,394.9219,3.4007,0.0,5.0,5.072,5396,3,0,0,0.9427,0,0,0,0,0,0
family18,CSDVRP-S-n8-s4,S,8,4,base,DRL-VNS18,8,4,5,359.1905,397.2233,357.0731,2.1174,0.0,5.0,5.107,6292,3,0,0,0.8793,0,0,0,0,0,0
family18,CSDVRP-XL-n150-s3,XL,150,3,base,Random-18,9,,50,3826.5531,4237.9876,3808.9957,17.5575,0.0,50.016,51.387,815,44,0,0,0.9977,0,0,0,0,0,0
family18,CSDVRP-M-n50-s5,M,50,5,base,DRL-VNS18,2,3,15,1633.152,1904.3598,1580.2792,7.8728,45.0,15.0,15.449,1784,15,3,3,1.0,0,0,0,0,0,0
family18,CSDVRP-XL-n150-s5,XL,150,5,base,DRL-VNS18,4,5,50,3937.1042,4291.4727,3919.8719,17.2324,0.0,50.016,50.427,828,46,0,0,0.999,0,0,0,0,0,0
family18,CSDVRP-S-n6-s3,S,6,3,base,Roulette-18,6,,5,230.2731,253.5784,228.5871,1.686,0.0,5.0,4.986,25584,2,0,0,0.9873,0,0,0,0,0,0
family18,CSDVRP-S-n12-s1,S,12,1,base,Fixed-dominant,5,,5,527.1926,602.7068,508.3795,3.813,15.0,5.0,4.999,11089,4,1,1,0.9927,0,0,0,0,0,0
family18,CSDVRP-S-n15-s3,S,15,3,base,Fixed-dominant,8,,5,601.4006,692.2972,597.8561,3.5445,0.0,5.0,5.029,6805,6,0,0,0.998,0,0,0,0,0,0
family18,CSDVRP-M-n50-s5,M,50,5,base,Roulette-18,8,,15,1605.7458,1904.3598,1582.279,8.4668,15.0,15.0,15.029,2009,15,1,1,1.0,0,0,0,0,0,0
family18,CSDVRP-S-n20-s2,S,20,2,base,Fixed-dominant,0,,6,671.0165,732.8183,667.0092,4.0073,0.0,6.0,6.063,4718,7,0,0,0.9933,0,0,0,0,0,0
family18,CSDVRP-S-n12-s4,S,12,4,base,Roulette-18,6,,5,487.5063,536.3904,484.4937,3.0126,0.0,5.0,5.01,9846,4,0,0,0.9867,0,0,0,0,0,0
family18,CSDVRP-S-n20-s0,S,20,0,base,Roulette-18,4,,6,756.2207,835.2978,752.4896,3.7311,0.0,6.0,6.013,4450,7,0,0,0.9987,0,0,0,0,0,0
family18,CSDVRP-CS-Riyadh,case,30,0,base,Fixed-dominant,5,,30,419.5486,711.0291,414.1168,5.4318,0.0,30.0,30.137,15271,4,0,0,0.99,0,0,0,0,0,0
family18,CSDVRP-L-n100-s2,L,100,2,base,Roulette-18,7,,35,2834.3054,3167.7225,2807.7377,11.5676,15.0,35.125,35.298,601,30,1,1,1.0,0,0,0,0,0,0
family18,CSDVRP-XL-n150-s3,XL,150,3,base,DRL-VNS18,7,3,50,3772.5274,4237.9876,3756.3344,16.193,0.0,50.016,50.116,869,43,0,0,0.9983,0,0,0,0,0,0
family18,CSDVRP-S-n20-s1,S,20,1,base,Fixed-dominant,8,,6,785.792,908.0268,780.5879,5.2041,0.0,6.0,6.045,5080,7,0,0,0.9833,0,0,0,0,0,0
family18,CSDVRP-L-n75-s0,L,75,0,base,VNS-18,2,,25,2407.4224,2688.4285,2398.413,9.0095,0.0,25.031,25.144,970,24,0,0,0.9988,0,0,0,0,0,0
family18,CSDVRP-S-n15-s5,S,15,5,base,VNS-18,5,,5,666.5148,800.4223,662.7682,3.7467,0.0,5.0,5.007,8144,5,0,0,0.9993,0,0,0,0,0,0
family18,CSDVRP-L-n75-s1,L,75,1,base,VNS-18,4,,25,2107.6752,2408.8056,2055.94,6.7353,45.0,25.0,25.056,1017,23,3,3,1.0,0,0,0,0,0,0
family18,CSDVRP-M-n50-s0,M,50,0,base,DRL-VNS18,2,3,15,1707.9016,1986.2853,1700.9035,6.9981,0.0,15.0,15.047,1699,16,0,0,0.9865,0,0,0,0,0,0
family18,CSDVRP-S-n12-s4,S,12,4,base,Roulette-18,1,,5,487.5063,536.3904,484.4937,3.0126,0.0,5.0,4.997,10452,4,0,0,0.9867,0,0,0,0,0,0
family18,CSDVRP-S-n6-s1,S,6,1,base,Roulette-18,3,,5,341.7876,362.2464,340.1093,1.6783,0.0,5.0,5.015,20087,3,0,0,0.926,0,0,0,0,0,0
family18,CSDVRP-S-n8-s2,S,8,2,base,Random-18,6,,5,344.8888,398.3755,342.4078,2.481,0.0,5.0,5.061,16896,3,0,0,0.8753,0,0,0,0,0,0
family18,CSDVRP-M-n30-s5,M,30,5,base,Fixed-dominant,8,,10,1129.652,1247.2838,1123.3845,6.2676,0.0,10.0,10.0,4161,10,0,0,0.9905,0,0,0,0,0,0
family18,CSDVRP-S-n6-s1,S,6,1,base,Random-18,6,,5,341.7876,362.2464,340.1093,1.6783,0.0,5.0,5.027,21266,3,0,0,0.926,0,0,0,0,0,0
family18,CSDVRP-L-n100-s0,L,100,0,base,Fixed-dominant,7,,35,3083.8775,3458.8862,3069.3762,14.5013,0.0,35.047,35.093,694,32,0,0,0.9932,0,0,0,0,0,0
family18,CSDVRP-M-n30-s0,M,30,0,base,Roulette-18,1,,10,1092.9389,1303.6377,1089.1614,3.7775,0.0,10.0,10.05,3341,11,0,0,0.997,0,0,0,0,0,0
family18,CSDVRP-S-n10-s4,S,10,4,base,Random-18,6,,5,387.4582,460.8567,384.9244,2.5338,0.0,5.0,5.019,15315,3,0,0,0.98,0,0,0,0,0,0
family18,CSDVRP-S-n12-s4,S,12,4,base,VNS-18,3,,5,487.5063,536.3904,484.4937,3.0126,0.0,5.0,5.015,10901,4,0,0,0.9867,0,0,0,0,0,0
family18,CSDVRP-S-n20-s0,S,20,0,base,Fixed-dominant,4,,6,756.3441,835.2978,752.4896,3.8544,0.0,6.0,6.045,4661,7,0,0,0.9987,0,0,0,0,0,0
family18,CSDVRP-S-n15-s0,S,15,0,base,Random-18,0,,5,606.5233,666.3141,602.2712,4.2521,0.0,5.0,5.028,7208,5,0,0,0.9927,0,0,0,0,0,0
family18,CSDVRP-S-n15-s3,S,15,3,base,DRL-VNS18,5,1,5,601.4006,692.2972,597.8561,3.5445,0.0,5.0,5.011,4095,6,0,0,0.998,0,0,0,0,0,0
family18,CSDVRP-S-n15-s5,S,15,5,base,VNS-18,2,,5,666.5148,800.4223,662.7682,3.7467,0.0,5.0,5.014,8263,5,0,0,0.9993,0,0,0,0,0,0
family18,CSDVRP-L-n100-s1,L,100,1,base,Marginal-18,1,2,35,2668.8584,3146.4881,2657.87,10.9884,0.0,35.0,35.053,734,29,0,0,0.9996,0,0,0,0,0,0
family18,CSDVRP-S-n6-s2,S,6,2,base,DRL-VNS18,8,4,5,330.2083,334.9047,328.2873,1.921,0.0,5.0,4.986,7210,3,0,0,0.8567,0,0,0,0,0,0
family18,CSDVRP-S-n6-s4,S,6,4,base,VNS-18,4,,5,307.3738,316.7228,305.135,2.2389,0.0,5.0,5.0,17636,3,0,0,0.906,0,0,0,0,0,0
family18,CSDVRP-S-n10-s1,S,10,1,base,Random-18,2,,5,394.7924,479.2322,392.2685,2.5239,0.0,5.0,5.014,9655,4,0,0,0.9253,0,0,0,0,0,0
family18,CSDVRP-S-n6-s1,S,6,1,base,VNS-18,8,,5,341.7876,362.2464,340.1093,1.6783,0.0,5.0,5.059,21706,3,0,0,0.926,0,0,0,0,0,0
family18,CSDVRP-L-n75-s5,L,75,5,base,Marginal-18,7,3,25,2094.9952,2327.4464,2086.4361,8.5591,0.0,25.016,25.06,1022,22,0,0,0.9944,0,0,0,0,0,0
family18,CSDVRP-L-n75-s0,L,75,0,base,DRL-VNS18,3,4,25,2409.5368,2688.4285,2401.1797,8.3571,0.0,25.016,25.212,1077,24,0,0,0.9984,0,0,0,0,0,0
family18,CSDVRP-L-n75-s4,L,75,4,base,Random-18,2,,25,2225.9516,2460.454,2203.4411,7.5104,15.0,25.016,25.033,1002,24,1,1,1.0,0,0,0,0,0,0
family18,CSDVRP-S-n6-s5,S,6,5,base,Random-18,0,,5,347.3173,347.7063,345.0582,2.2591,0.0,5.0,5.013,23141,3,0,0,0.9907,0,0,0,0,0,0
family18,CSDVRP-XL-n150-s4,XL,150,4,base,Fixed-dominant,7,,50,4007.0298,4802.2805,3989.7635,17.2663,0.0,50.016,50.169,1238,45,0,0,1.0,0,0,0,0,0,0
family18,CSDVRP-S-n8-s1,S,8,1,base,Roulette-18,2,,5,335.8429,376.3954,333.6723,2.1706,0.0,5.0,4.997,16504,3,0,0,0.9073,0,0,0,0,0,0
family18,CSDVRP-S-n10-s3,S,10,3,base,Random-18,0,,5,398.3934,456.2198,394.9219,3.4715,0.0,5.0,5.014,14048,3,0,0,0.9427,0,0,0,0,0,0
family18,CSDVRP-S-n20-s2,S,20,2,base,Roulette-18,8,,6,670.1283,732.8183,667.0092,3.1191,0.0,6.0,6.014,4631,7,0,0,0.9933,0,0,0,0,0,0
family18,CSDVRP-S-n6-s1,S,6,1,base,Roulette-18,9,,5,341.7876,362.2464,340.1093,1.6783,0.0,5.0,5.013,19584,3,0,0,0.926,0,0,0,0,0,0
family18,CSDVRP-S-n8-s3,S,8,3,base,Fixed-dominant,6,,5,339.8466,351.7127,337.5902,2.2564,0.0,5.0,5.029,16204,3,0,0,0.9567,0,0,0,0,0,0
family18,CSDVRP-S-n15-s0,S,15,0,base,Random-18,7,,5,622.621,666.3141,603.3505,4.2704,15.0,5.0,4.998,6875,5,1,1,1.0,0,0,0,0,0,0
family18,CSDVRP-S-n15-s5,S,15,5,base,Marginal-18,2,3,5,666.5148,800.4223,662.7682,3.7467,0.0,5.0,5.045,8257,5,0,0,0.9993,0,0,0,0,0,0
family18,CSDVRP-S-n15-s1,S,15,1,base,Marginal-18,0,1,5,599.4153,675.8866,596.1341,3.2813,0.0,5.0,5.015,5877,6,0,0,0.9,0,0,0,0,0,0
family18,CSDVRP-L-n75-s2,L,75,2,base,Roulette-18,5,,25,2098.0316,2442.0216,2059.4135,8.6181,30.0,25.016,25.159,1319,22,2,2,1.0,0,0,0,0,0,0
family18,CSDVRP-M-n50-s4,M,50,4,base,Random-18,9,,15,1641.0686,1919.2804,1619.6874,6.3811,15.0,15.0,15.042,1763,16,1,1,1.0,0,0,0,0,0,0
family18,CSDVRP-S-n15-s0,S,15,0,base,VNS-18,1,,5,622.621,666.3141,603.3505,4.2704,15.0,5.0,4.994,6892,5,1,1,1.0,0,0,0,0,0,0
family18,CSDVRP-S-n20-s4,S,20,4,base,DRL-VNS18,8,4,6,719.4697,798.0501,715.5041,3.9656,0.0,6.0,6.028,3614,7,0,0,0.986,0,0,0,0,0,0
family18,CSDVRP-L-n100-s2,L,100,2,base,VNS-18,8,,35,2828.8534,3167.7225,2789.3758,9.4777,30.0,35.016,35.065,714,30,2,2,1.0,0,0,0,0,0,0
family18,CSDVRP-S-n6-s4,S,6,4,base,Marginal-18,5,1,5,307.3738,316.7228,305.135,2.2389,0.0,5.0,4.993,17133,3,0,0,0.906,0,0,0,0,0,0
family18,CSDVRP-M-n50-s0,M,50,0,base,Marginal-18,9,5,15,1710.6065,1986.2853,1704.2008,6.4056,0.0,15.0,15.076,1922,16,0,0,0.9865,0,0,0,0,0,0
family18,CSDVRP-M-n50-s1,M,50,1,base,Roulette-18,7,,15,1523.1286,1718.5004,1502.2162,5.9124,15.0,15.0,15.107,1782,15,1,1,1.0,0,0,0,0,0,0
family18,CSDVRP-S-n20-s4,S,20,4,base,Marginal-18,3,4,6,719.4697,798.0501,715.5041,3.9656,0.0,6.0,5.996,4776,7,0,0,0.986,0,0,0,0,0,0
family18,CSDVRP-L-n75-s3,L,75,3,base,DRL-VNS18,9,5,25,2135.9394,2332.9982,2114.1286,6.8108,15.0,25.0,25.068,1023,24,1,1,1.0,0,0,0,0,0,0
family18,CSDVRP-S-n10-s3,S,10,3,base,VNS-18,3,,5,398.3226,456.2198,394.9219,3.4007,0.0,5.0,5.004,14188,3,0,0,0.9427,0,0,0,0,0,0
family18,CSDVRP-L-n100-s4,L,100,4,base,DRL-VNS18,0,1,35,2973.031,3371.4529,2914.8209,13.2101,45.0,35.047,35.151,660,30,2,3,1.0,0,0,0,0,0,0
family18,CSDVRP-L-n75-s1,L,75,1,base,Roulette-18,7,,25,2133.6822,2408.8056,2081.2568,7.4253,45.0,25.0,25.086,980,23,2,3,1.0,0,0,0,0,0,0
family18,CSDVRP-S-n15-s5,S,15,5,base,Fixed-dominant,5,,5,667.5614,800.4223,662.7682,4.7933,0.0,5.0,5.02,10058,5,0,0,0.9993,0,0,0,0,0,0
family18,CSDVRP-L-n75-s3,L,75,3,base,Random-18,3,,25,2118.5035,2332.9982,2066.5743,6.9292,45.0,25.0,25.084,1044,24,2,3,1.0,0,0,0,0,0,0
family18,CSDVRP-S-n12-s2,S,12,2,base,Marginal-18,3,4,5,460.175,518.4642,458.0808,2.0942,0.0,5.0,5.022,12425,4,0,0,0.998,0,0,0,0,0,0
family18,CSDVRP-S-n8-s5,S,8,5,base,Roulette-18,7,,5,423.2126,427.0275,419.9371,3.2754,0.0,5.0,4.996,13405,3,0,0,0.894,0,0,0,0,0,0
family18,CSDVRP-S-n20-s1,S,20,1,base,DRL-VNS18,3,4,6,785.2664,908.0268,780.5879,4.6785,0.0,6.0,6.012,3611,7,0,0,0.9833,0,0,0,0,0,0
family18,CSDVRP-L-n100-s5,L,100,5,base,Random-18,7,,35,2577.8397,3154.3549,2564.6518,13.1879,0.0,35.016,35.085,674,30,0,0,0.9988,0,0,0,0,0,0
family18,CSDVRP-S-n8-s5,S,8,5,base,Random-18,5,,5,423.2126,427.0275,419.9371,3.2754,0.0,5.0,4.988,14020,3,0,0,0.894,0,0,0,0,0,0
family18,CSDVRP-XL-n150-s0,XL,150,0,base,Marginal-18,1,2,50,4418.9329,5021.4451,4371.7372,17.1957,30.0,50.031,50.177,997,46,1,2,1.0,0,0,0,0,0,0
family18,CSDVRP-XL-n150-s4,XL,150,4,base,Roulette-18,2,,50,3893.1908,4802.2805,3804.924,13.2668,75.0,50.0,50.038,942,45,4,5,1.0,0,0,0,0,0,0
family18,CSDVRP-S-n20-s0,S,20,0,base,DRL-VNS18,1,2,6,756.2207,835.2978,752.4896,3.7311,0.0,6.0,6.054,3667,7,0,0,0.9987,0,0,0,0,0,0
family18,CSDVRP-S-n12-s5,S,12,5,base,Random-18,6,,5,521.0601,535.5205,517.6832,3.3769,0.0,5.0,5.014,9814,4,0,0,0.978,0,0,0,0,0,0
family18,CSDVRP-S-n10-s2,S,10,2,base,Fixed-dominant,6,,5,392.3853,436.4179,389.0812,3.3041,0.0,5.0,5.045,18057,3,0,0,0.9787,0,0,0,0,0,0
family18,CSDVRP-S-n15-s3,S,15,3,base,Random-18,0,,5,617.4794,692.2972,599.2226,3.2568,15.0,5.0,4.999,8624,5,1,1,1.0,0,0,0,0,0,0
family18,CSDVRP-L-n100-s2,L,100,2,base,VNS-18,9,,35,2800.3997,3167.7225,2790.0958,10.304,0.0,35.047,35.109,694,30,0,0,0.9972,0,0,0,0,0,0
family18,CSDVRP-XL-n150-s1,XL,150,1,base,VNS-18,7,,50,4297.2698,4744.1508,4192.7221,14.5477,90.0,50.0,50.166,864,45,3,6,1.0,0,0,0,0,0,0
family18,CSDVRP-XL-n150-s0,XL,150,0,base,Roulette-18,2,,50,4329.0732,5021.4451,4310.3268,18.7464,0.0,50.156,50.492,953,46,0,0,0.9977,0,0,0,0,0,0
family18,CSDVRP-L-n100-s2,L,100,2,base,Marginal-18,3,4,35,2811.9514,3167.7225,2801.2252,10.7262,0.0,35.016,35.088,658,30,0,0,0.9972,0,0,0,0,0,0
family18,CSDVRP-S-n10-s4,S,10,4,base,Fixed-dominant,4,,5,387.4582,460.8567,384.9244,2.5338,0.0,5.0,5.004,16523,3,0,0,0.98,0,0,0,0,0,0
family18,CSDVRP-S-n12-s5,S,12,5,base,Marginal-18,7,3,5,521.0601,535.5205,517.6832,3.3769,0.0,5.0,5.029,9603,4,0,0,0.978,0,0,0,0,0,0
family18,CSDVRP-M-n50-s1,M,50,1,base,Marginal-18,8,4,15,1516.8169,1718.5004,1480.8138,6.0031,30.0,15.0,15.047,1854,15,2,2,1.0,0,0,0,0,0,0
family18,CSDVRP-S-n10-s5,S,10,5,base,Marginal-18,8,4,5,454.5993,485.8354,450.6688,3.9305,0.0,5.0,5.01,11678,3,0,0,0.956,0,0,0,0,0,0
family18,CSDVRP-L-n75-s3,L,75,3,base,VNS-18,6,,25,2115.2746,2332.9982,2079.0226,6.2521,30.0,25.0,25.143,1121,24,1,2,1.0,0,0,0,0,0,0
family18,CSDVRP-M-n30-s5,M,30,5,base,VNS-18,3,,10,1128.6575,1247.2838,1123.3823,5.2752,0.0,10.0,10.01,4014,10,0,0,0.9905,0,0,0,0,0,0
family18,CSDVRP-S-n20-s5,S,20,5,base,Marginal-18,5,1,6,763.1659,865.7,758.6853,4.4806,0.0,6.0,5.997,5370,7,0,0,0.9947,0,0,0,0,0,0
family18,CSDVRP-XL-n150-s3,XL,150,3,base,Marginal-18,4,5,50,3806.5253,4237.9876,3791.3862,15.1392,0.0,50.078,50.212,1051,43,0,0,0.9983,0,0,0,0,0,0
family18,CSDVRP-S-n8-s3,S,8,3,base,VNS-18,2,,5,339.8466,351.7127,337.5902,2.2564,0.0,5.0,5.0,16316,3,0,0,0.9567,0,0,0,0,0,0
family18,CSDVRP-M-n50-s3,M,50,3,base,VNS-18,3,,15,1398.5501,1746.7745,1392.5811,5.969,0.0,15.0,15.124,1906,15,0,0,0.994,0,0,0,0,0,0
family18,CSDVRP-S-n10-s4,S,10,4,base,Random-18,4,,5,387.4582,460.8567,384.9244,2.5338,0.0,5.0,4.997,15130,3,0,0,0.98,0,0,0,0,0,0
family18,CSDVRP-L-n75-s1,L,75,1,base,Random-18,4,,25,2116.7927,2408.8056,2064.3892,7.4035,45.0,25.0,25.255,1023,23,3,3,1.0,0,0,0,0,0,0
family18,CSDVRP-S-n12-s2,S,12,2,base,VNS-18,5,,5,460.175,518.4642,458.0808,2.0942,0.0,5.0,4.99,12425,4,0,0,0.998,0,0,0,0,0,0
family18,CSDVRP-XL-n150-s2,XL,150,2,base,Random-18,5,,50,3967.4209,4545.4892,3949.123,18.2979,0.0,50.0,50.155,792,45,0,0,1.0,0,0,0,0,0,0
family18,CSDVRP-S-n6-s5,S,6,5,base,Roulette-18,8,,5,347.3173,347.7063,345.0582,2.2591,0.0,5.0,5.027,21699,3,0,0,0.9907,0,0,0,0,0,0
family18,CSDVRP-L-n75-s0,L,75,0,base,DRL-VNS18,5,1,25,2410.9224,2688.4285,2401.1797,9.7427,0.0,25.0,25.071,1052,24,0,0,0.9984,0,0,0,0,0,0
family18,CSDVRP-S-n10-s2,S,10,2,base,Roulette-18,8,,5,391.6922,436.4179,389.0812,2.6111,0.0,5.0,5.002,15174,3,0,0,0.9787,0,0,0,0,0,0
family18,CSDVRP-S-n12-s1,S,12,1,base,VNS-18,1,,5,511.4838,602.7068,507.9062,3.5776,0.0,5.0,5.015,10024,4,0,0,0.994,0,0,0,0,0,0
family18,CSDVRP-L-n100-s5,L,100,5,base,Roulette-18,3,,35,2648.2835,3154.3549,2590.9587,12.3248,45.0,35.062,35.106,790,30,2,3,1.0,0,0,0,0,0,0
family18,CSDVRP-S-n10-s2,S,10,2,base,Fixed-dominant,0,,5,392.7663,436.4179,389.0812,3.6851,0.0,5.0,5.014,18199,3,0,0,0.9787,0,0,0,0,0,0
family18,CSDVRP-S-n20-s5,S,20,5,base,Marginal-18,8,4,6,763.2502,865.7,758.6853,4.5649,0.0,6.0,6.077,5373,7,0,0,0.9947,0,0,0,0,0,0
family18,CSDVRP-M-n50-s3,M,50,3,base,DRL-VNS18,6,2,15,1398.7698,1746.7745,1392.5811,6.1887,0.0,15.0,15.06,1840,15,0,0,0.994,0,0,0,0,0,0
family18,CSDVRP-S-n6-s2,S,6,2,base,VNS-18,9,,5,330.2083,334.9047,328.2873,1.921,0.0,5.0,4.996,19204,3,0,0,0.8567,0,0,0,0,0,0
family18,CSDVRP-S-n8-s1,S,8,1,base,Fixed-dominant,7,,5,335.8429,376.3954,333.6723,2.1706,0.0,5.0,5.013,17949,3,0,0,0.9073,0,0,0,0,0,0
family18,CSDVRP-L-n100-s2,L,100,2,base,Fixed-dominant,9,,35,2818.4313,3167.7225,2805.1347,13.2966,0.0,35.016,35.172,764,30,0,0,0.9972,0,0,0,0,0,0
family18,CSDVRP-S-n8-s5,S,8,5,base,Fixed-dominant,4,,5,423.2126,427.0275,419.9371,3.2754,0.0,5.0,4.995,18264,3,0,0,0.894,0,0,0,0,0,0
family18,CSDVRP-L-n100-s0,L,100,0,base,Random-18,6,,35,3130.709,3458.8862,3088.4023,12.3067,30.0,35.062,35.106,614,31,1,2,0.9976,0,0,0,0,0,0
family18,CSDVRP-S-n20-s5,S,20,5,base,Roulette-18,9,,6,763.1659,865.7,758.6853,4.4806,0.0,6.0,6.045,5320,7,0,0,0.9947,0,0,0,0,0,0
family18,CSDVRP-S-n8-s1,S,8,1,base,Roulette-18,8,,5,335.8429,376.3954,333.6723,2.1706,0.0,5.0,5.027,16838,3,0,0,0.9073,0,0,0,0,0,0
family18,CSDVRP-S-n8-s3,S,8,3,base,Roulette-18,7,,5,339.8466,351.7127,337.5902,2.2564,0.0,5.0,5.029,15551,3,0,0,0.9567,0,0,0,0,0,0
family18,CSDVRP-S-n10-s2,S,10,2,base,DRL-VNS18,3,4,5,391.6922,436.4179,389.0812,2.6111,0.0,5.0,5.014,6774,3,0,0,0.9787,0,0,0,0,0,0
family18,CSDVRP-S-n6-s2,S,6,2,base,Marginal-18,6,2,5,330.7872,334.9047,328.2873,2.4999,0.0,5.0,5.06,17516,3,0,0,0.8567,0,0,0,0,0,0
family18,CSDVRP-S-n8-s2,S,8,2,base,Random-18,0,,5,344.8888,398.3755,342.4078,2.481,0.0,5.0,5.029,16438,3,0,0,0.8753,0,0,0,0,0,0
family18,CSDVRP-M-n30-s0,M,30,0,base,Fixed-dominant,5,,10,1093.7449,1303.6377,1089.1614,4.5835,0.0,10.0,9.998,3356,11,0,0,0.997,0,0,0,0,0,0
family18,CSDVRP-S-n15-s1,S,15,1,base,Marginal-18,8,4,5,599.4153,675.8866,596.1341,3.2813,0.0,5.0,5.014,6013,6,0,0,0.9,0,0,0,0,0,0
family18,CSDVRP-M-n50-s1,M,50,1,base,Fixed-dominant,6,,15,1501.9372,1718.5004,1495.4243,6.5129,0.0,15.0,15.014,2057,15,0,0,0.994,0,0,0,0,0,0
family18,CSDVRP-S-n20-s4,S,20,4,base,Random-18,2,,6,719.4697,798.0501,715.5041,3.9656,0.0,6.0,6.044,4889,7,0,0,0.986,0,0,0,0,0,0
family18,CSDVRP-M-n30-s0,M,30,0,base,DRL-VNS18,9,5,10,1110.5416,1303.6377,1091.4559,4.0856,15.0,10.0,10.076,3175,11,1,1,0.997,0,0,0,0,0,0
family18,CSDVRP-S-n20-s2,S,20,2,base,DRL-VNS18,3,4,6,670.121,732.8183,667.0092,3.1118,0.0,6.0,5.995,3458,7,0,0,0.9933,0,0,0,0,0,0
family18,CSDVRP-S-n12-s4,S,12,4,base,VNS-18,2,,5,487.5063,536.3904,484.4937,3.0126,0.0,5.0,5.027,10659,4,0,0,0.9867,0,0,0,0,0,0
family18,CSDVRP-CS-Riyadh,case,30,0,base,Marginal-18,0,1,30,424.5242,711.0291,418.987,5.5372,0.0,30.0,30.11,13649,4,0,0,0.996,0,0,0,0,0,0
family18,CSDVRP-L-n75-s4,L,75,4,base,Random-18,5,,25,2204.2016,2460.454,2197.0485,7.1532,0.0,25.0,25.054,1042,24,0,0,0.9996,0,0,0,0,0,0
family18,CSDVRP-L-n75-s2,L,75,2,base,Fixed-dominant,9,,25,2122.6166,2442.0216,2112.0947,10.5219,0.0,25.016,25.054,1005,22,0,0,0.9992,0,0,0,0,0,0
family18,CSDVRP-S-n6-s2,S,6,2,base,Marginal-18,3,4,5,330.7872,334.9047,328.2873,2.4999,0.0,5.0,4.99,17243,3,0,0,0.8567,0,0,0,0,0,0
family18,CSDVRP-L-n100-s5,L,100,5,base,Fixed-dominant,5,,35,2587.6799,3154.3549,2574.8057,12.8743,0.0,35.016,35.154,677,30,0,0,0.9996,0,0,0,0,0,0
family18,CSDVRP-S-n15-s1,S,15,1,base,Fixed-dominant,9,,5,599.6997,675.8866,596.1341,3.5656,0.0,5.0,5.014,6162,6,0,0,0.9,0,0,0,0,0,0
family18,CSDVRP-S-n10-s1,S,10,1,base,Random-18,1,,5,394.7924,479.2322,392.2685,2.5239,0.0,5.0,5.014,9642,4,0,0,0.9253,0,0,0,0,0,0
family18,CSDVRP-S-n10-s3,S,10,3,base,DRL-VNS18,1,2,5,398.3226,456.2198,394.9219,3.4007,0.0,5.0,5.012,6557,3,0,0,0.9427,0,0,0,0,0,0
family18,CSDVRP-M-n30-s5,M,30,5,base,DRL-VNS18,7,3,10,1128.6575,1247.2838,1123.3823,5.2752,0.0,10.0,10.062,3443,10,0,0,0.9905,0,0,0,0,0,0
family18,CSDVRP-L-n100-s0,L,100,0,base,Marginal-18,8,4,35,3110.4126,3458.8862,3067.2051,13.2076,30.0,35.016,35.15,676,31,1,2,1.0,0,0,0,0,0,0
family18,CSDVRP-L-n100-s4,L,100,4,base,Marginal-18,0,1,35,2940.7097,3371.4529,2927.8992,12.8104,0.0,35.016,35.176,653,31,0,0,0.9976,0,0,0,0,0,0
family18,CSDVRP-M-n50-s3,M,50,3,base,Marginal-18,5,1,15,1398.406,1746.7745,1392.5811,5.8249,0.0,15.0,15.054,1861,15,0,0,0.994,0,0,0,0,0,0
family18,CSDVRP-S-n12-s3,S,12,3,base,Fixed-dominant,3,,5,524.8684,589.3086,520.2183,4.6501,0.0,5.0,5.059,11133,4,0,0,0.982,0,0,0,0,0,0
family18,CSDVRP-M-n30-s3,M,30,3,base,Random-18,9,,10,969.1696,1099.7766,965.9069,3.2627,0.0,10.0,10.048,3762,10,0,0,0.988,0,0,0,0,0,0
family18,CSDVRP-S-n15-s4,S,15,4,base,Fixed-dominant,4,,5,606.3303,624.2332,601.9721,4.3582,0.0,5.0,5.01,8040,5,0,0,0.9993,0,0,0,0,0,0
family18,CSDVRP-S-n6-s3,S,6,3,base,Roulette-18,5,,5,230.2731,253.5784,228.5871,1.686,0.0,5.0,5.029,26119,2,0,0,0.9873,0,0,0,0,0,0
family18,CSDVRP-S-n10-s5,S,10,5,base,DRL-VNS18,6,2,5,454.5993,485.8354,450.6688,3.9305,0.0,5.0,5.028,6076,3,0,0,0.956,0,0,0,0,0,0
family18,CSDVRP-M-n30-s1,M,30,1,base,DRL-VNS18,3,4,10,1031.4688,1231.1888,1027.1043,4.3646,0.0,10.0,10.002,2879,10,0,0,0.98,0,0,0,0,0,0
family18,CSDVRP-S-n10-s5,S,10,5,base,Fixed-dominant,1,,5,454.5993,485.8354,450.6688,3.9305,0.0,5.0,4.991,15798,3,0,0,0.956,0,0,0,0,0,0
family18,CSDVRP-S-n8-s2,S,8,2,base,Random-18,7,,5,344.8888,398.3755,342.4078,2.481,0.0,5.0,5.0,16810,3,0,0,0.8753,0,0,0,0,0,0
family18,CSDVRP-XL-n150-s2,XL,150,2,base,VNS-18,9,,50,4033.5237,4545.4892,3986.7857,16.738,30.0,50.0,50.191,898,45,1,2,1.0,0,0,0,0,0,0
family18,CSDVRP-M-n50-s3,M,50,3,base,VNS-18,4,,15,1399.5391,1746.7745,1393.2711,6.268,0.0,15.0,14.992,1804,15,0,0,0.994,0,0,0,0,0,0
family18,CSDVRP-S-n20-s4,S,20,4,base,Fixed-dominant,6,,6,720.0364,798.0501,715.5041,4.5322,0.0,6.0,6.044,5348,7,0,0,0.986,0,0,0,0,0,0
family18,CSDVRP-S-n15-s5,S,15,5,base,VNS-18,9,,5,666.5148,800.4223,662.7682,3.7467,0.0,5.0,5.013,8368,5,0,0,0.9993,0,0,0,0,0,0
family18,CSDVRP-S-n10-s2,S,10,2,base,Marginal-18,4,5,5,386.2368,436.4179,383.4745,2.7622,0.0,5.0,4.997,14294,3,0,0,0.9893,0,0,0,0,0,0
family18,CSDVRP-S-n8-s4,S,8,4,base,Random-18,3,,5,359.1905,397.2233,357.0731,2.1174,0.0,5.0,5.03,16251,3,0,0,0.8793,0,0,0,0,0,0
family18,CSDVRP-M-n50-s1,M,50,1,base,Roulette-18,6,,15,1518.5446,1718.5004,1513.1913,5.3534,0.0,15.0,14.999,1713,16,0,0,0.994,0,0,0,0,0,0
family18,CSDVRP-S-n6-s4,S,6,4,base,Fixed-dominant,3,,5,307.3738,316.7228,305.135,2.2389,0.0,5.0,5.013,20600,3,0,0,0.906,0,0,0,0,0,0
family18,CSDVRP-S-n12-s2,S,12,2,base,DRL-VNS18,4,5,5,460.175,518.4642,458.0808,2.0942,0.0,5.0,5.011,6228,4,0,0,0.998,0,0,0,0,0,0
family18,CSDVRP-XL-n150-s0,XL,150,0,base,Random-18,7,,50,4430.3109,5021.4451,4352.5987,17.7122,60.0,50.016,50.173,821,46,2,4,1.0,0,0,0,0,0,0
family18,CSDVRP-M-n30-s4,M,30,4,base,Roulette-18,2,,10,926.1273,1151.8487,921.3091,4.8182,0.0,10.0,10.026,3501,10,0,0,0.99,0,0,0,0,0,0
family18,CSDVRP-S-n10-s4,S,10,4,base,DRL-VNS18,0,1,5,387.7762,460.8567,384.9244,2.8518,0.0,5.0,5.011,6695,3,0,0,0.98,0,0,0,0,0,0
family18,CSDVRP-S-n10-s4,S,10,4,base,DRL-VNS18,8,4,5,387.4582,460.8567,384.9244,2.5338,0.0,5.0,5.014,6552,3,0,0,0.98,0,0,0,0,0,0
family18,CSDVRP-S-n20-s4,S,20,4,base,Roulette-18,3,,6,719.4697,798.0501,715.5041,3.9656,0.0,6.0,6.029,4684,7,0,0,0.986,0,0,0,0,0,0
family18,CSDVRP-M-n50-s4,M,50,4,base,Marginal-18,4,5,15,1666.3613,1919.2804,1660.114,6.2473,0.0,15.0,15.014,1793,16,0,0,1.0,0,0,0,0,0,0
family18,CSDVRP-S-n15-s4,S,15,4,base,Marginal-18,5,1,5,585.7427,624.2332,582.2908,3.4519,0.0,5.0,4.996,6869,6,0,0,0.9347,0,0,0,0,0,0
family18,CSDVRP-S-n20-s3,S,20,3,base,Roulette-18,4,,6,691.2399,797.0264,687.1116,4.1284,0.0,6.0,6.016,4714,7,0,0,0.9707,0,0,0,0,0,0
family18,CSDVRP-S-n12-s4,S,12,4,base,DRL-VNS18,1,2,5,487.5063,536.3904,484.4937,3.0126,0.0,5.0,4.994,5682,4,0,0,0.9867,0,0,0,0,0,0
family18,CSDVRP-S-n12-s5,S,12,5,base,DRL-VNS18,7,3,5,521.0601,535.5205,517.6832,3.3769,0.0,5.0,5.012,5390,4,0,0,0.978,0,0,0,0,0,0
family18,CSDVRP-XL-n150-s5,XL,150,5,base,Roulette-18,4,,50,3842.3023,4291.4727,3795.2719,17.0304,30.0,50.016,50.125,894,44,1,2,1.0,0,0,0,0,0,0
family18,CSDVRP-S-n6-s3,S,6,3,base,DRL-VNS18,8,4,5,230.2731,253.5784,228.5871,1.686,0.0,5.0,5.01,8498,2,0,0,0.9873,0,0,0,0,0,0
family18,CSDVRP-S-n15-s4,S,15,4,base,VNS-18,8,,5,585.7427,624.2332,582.2908,3.4519,0.0,5.0,5.029,6850,6,0,0,0.9347,0,0,0,0,0,0
family18,CSDVRP-M-n50-s0,M,50,0,base,Marginal-18,4,5,15,1712.4146,1986.2853,1703.9689,8.4458,0.0,15.0,15.037,1949,16,0,0,0.9995,0,0,0,0,0,0
family18,CSDVRP-L-n75-s5,L,75,5,base,DRL-VNS18,2,3,25,2108.7148,2327.4464,2101.085,7.6298,0.0,25.016,25.056,959,23,0,0,0.9944,0,0,0,0,0,0
family18,CSDVRP-S-n10-s3,S,10,3,base,VNS-18,6,,5,398.3226,456.2198,394.9219,3.4007,0.0,5.0,5.024,14192,3,0,0,0.9427,0,0,0,0,0,0
family18,CSDVRP-S-n8-s5,S,8,5,base,Marginal-18,8,4,5,423.2126,427.0275,419.9371,3.2754,0.0,5.0,5.012,13932,3,0,0,0.894,0,0,0,0,0,0
family18,CSDVRP-L-n75-s3,L,75,3,base,Roulette-18,6,,25,2150.7618,2332.9982,2100.071,5.6907,45.0,25.0,25.091,1045,24,2,3,1.0,0,0,0,0,0,0
family18,CSDVRP-S-n15-s1,S,15,1,base,VNS-18,0,,5,599.4153,675.8866,596.1341,3.2813,0.0,5.0,4.985,6020,6,0,0,0.9,0,0,0,0,0,0
family18,CSDVRP-L-n100-s0,L,100,0,base,DRL-VNS18,0,1,35,3076.2341,3458.8862,3062.9965,13.2376,0.0,35.016,35.131,563,31,0,0,1.0,0,0,0,0,0,0
family18,CSDVRP-M-n30-s1,M,30,1,base,Fixed-dominant,1,,10,1069.8822,1231.1888,1035.0968,4.7854,30.0,10.0,10.035,3603,10,1,2,1.0,0,0,0,0,0,0
family18,CSDVRP-L-n100-s1,L,100,1,base,VNS-18,1,,35,2688.8083,3146.4881,2617.7847,11.0236,60.0,35.0,35.164,712,29,3,4,1.0,0,0,0,0,0,0
family18,CSDVRP-S-n12-s4,S,12,4,base,Random-18,6,,5,487.5063,536.3904,484.4937,3.0126,0.0,5.0,4.987,10790,4,0,0,0.9867,0,0,0,0,0,0
family18,CSDVRP-S-n12-s3,S,12,3,base,Random-18,0,,5,522.4878,589.3086,503.6872,3.8005,15.0,5.0,5.013,11069,4,1,1,1.0,0,0,0,0,0,0
family18,CSDVRP-S-n8-s2,S,8,2,base,Marginal-18,6,2,5,344.8888,398.3755,342.4078,2.481,0.0,5.0,5.015,16333,3,0,0,0.8753,0,0,0,0,0,0
family18,CSDVRP-S-n20-s0,S,20,0,base,Roulette-18,9,,6,756.2207,835.2978,752.4896,3.7311,0.0,6.0,6.029,4559,7,0,0,0.9987,0,0,0,0,0,0
family18,CSDVRP-S-n10-s1,S,10,1,base,VNS-18,9,,5,394.7924,479.2322,392.2685,2.5239,0.0,5.0,5.013,9663,4,0,0,0.9253,0,0,0,0,0,0
family18,CSDVRP-XL-n150-s4,XL,150,4,base,Random-18,0,,50,3959.2783,4802.2805,3826.0158,13.2625,120.0,50.0,50.16,825,45,5,8,1.0,0,0,0,0,0,0
family18,CSDVRP-S-n15-s3,S,15,3,base,VNS-18,8,,5,601.4006,692.2972,597.8561,3.5445,0.0,5.0,4.991,6142,6,0,0,0.998,0,0,0,0,0,0
family18,CSDVRP-S-n15-s4,S,15,4,base,Roulette-18,8,,5,585.7427,624.2332,582.2908,3.4519,0.0,5.0,5.014,6810,6,0,0,0.9347,0,0,0,0,0,0
family18,CSDVRP-S-n10-s1,S,10,1,base,VNS-18,7,,5,412.7783,479.2322,395.3076,2.4708,15.0,5.0,4.998,9418,4,1,1,0.9433,0,0,0,0,0,0
family18,CSDVRP-M-n30-s5,M,30,5,base,Marginal-18,7,3,10,1119.5938,1247.2838,1084.6448,4.9489,30.0,10.0,10.015,3883,10,1,2,1.0,0,0,0,0,0,0
family18,CSDVRP-M-n50-s1,M,50,1,base,Marginal-18,0,1,15,1498.3941,1718.5004,1477.1339,6.2603,15.0,15.0,15.096,1892,15,1,1,1.0,0,0,0,0,0,0
family18,CSDVRP-M-n50-s1,M,50,1,base,DRL-VNS18,3,4,15,1500.622,1718.5004,1494.5565,6.0656,0.0,15.0,15.046,1705,15,0,0,0.997,0,0,0,0,0,0
family18,CSDVRP-L-n75-s0,L,75,0,base,VNS-18,1,,25,2441.4891,2688.4285,2402.2924,9.1967,30.0,25.047,25.041,978,24,1,2,1.0,0,0,0,0,0,0
family18,CSDVRP-L-n75-s5,L,75,5,base,Marginal-18,9,5,25,2096.6949,2327.4464,2074.7218,6.9731,15.0,25.0,25.124,1160,22,1,1,1.0,0,0,0,0,0,0
family18,CSDVRP-M-n30-s4,M,30,4,base,DRL-VNS18,0,1,10,925.7284,1151.8487,921.3091,4.4194,0.0,10.0,10.008,3112,10,0,0,0.99,0,0,0,0,0,0
family18,CSDVRP-S-n12-s3,S,12,3,base,VNS-18,1,,5,522.4878,589.3086,503.6872,3.8005,15.0,5.0,5.028,11552,4,1,1,1.0,0,0,0,0,0,0
family18,CSDVRP-S-n10-s5,S,10,5,base,Random-18,9,,5,454.5993,485.8354,450.6688,3.9305,0.0,5.0,4.998,11764,3,0,0,0.956,0,0,0,0,0,0
family18,CSDVRP-S-n12-s3,S,12,3,base,DRL-VNS18,4,5,5,522.4878,589.3086,503.6872,3.8005,15.0,5.0,5.012,5866,4,1,1,1.0,0,0,0,0,0,0
family18,CSDVRP-L-n75-s1,L,75,1,base,Roulette-18,2,,25,2092.2557,2408.8056,2039.9865,7.2693,45.0,25.0,25.045,1281,23,2,3,1.0,0,0,0,0,0,0
family18,CSDVRP-S-n6-s2,S,6,2,base,Random-18,0,,5,330.7872,334.9047,328.2873,2.4999,0.0,5.0,5.013,18802,3,0,0,0.8567,0,0,0,0,0,0
family18,CSDVRP-M-n30-s2,M,30,2,base,Random-18,0,,10,941.0551,1162.4183,938.3163,2.7388,0.0,10.0,10.111,3429,10,0,0,0.9865,0,0,0,0,0,0
family18,CSDVRP-M-n50-s4,M,50,4,base,Roulette-18,2,,15,1650.2955,1919.2804,1644.0168,6.2786,0.0,15.0,15.059,1863,16,0,0,0.984,0,0,0,0,0,0
family18,CSDVRP-XL-n150-s3,XL,150,3,base,Random-18,0,,50,3800.0678,4237.9876,3783.3297,16.7381,0.0,50.0,50.103,858,44,0,0,0.9983,0,0,0,0,0,0
family18,CSDVRP-L-n100-s2,L,100,2,base,Marginal-18,1,2,35,2801.0397,3167.7225,2790.1018,10.9379,0.0,35.047,35.22,761,30,0,0,0.9972,0,0,0,0,0,0
family18,CSDVRP-S-n12-s4,S,12,4,base,Marginal-18,5,1,5,487.5063,536.3904,484.4937,3.0126,0.0,5.0,4.996,10556,4,0,0,0.9867,0,0,0,0,0,0
family18,CSDVRP-CS-Riyadh,case,30,0,base,DRL-VNS18,2,3,30,425.1418,711.0291,419.5582,5.5837,0.0,30.0,30.074,10671,4,0,0,0.964,0,0,0,0,0,0
family18,CSDVRP-L-n100-s3,L,100,3,base,Roulette-18,8,,35,2704.1182,3095.0715,2693.2475,10.8707,0.0,35.0,35.083,744,31,0,0,0.992,0,0,0,0,0,0
family18,CSDVRP-S-n10-s4,S,10,4,base,Marginal-18,1,2,5,387.4582,460.8567,384.9244,2.5338,0.0,5.0,5.003,15035,3,0,0,0.98,0,0,0,0,0,0
family18,CSDVRP-S-n8-s2,S,8,2,base,VNS-18,7,,5,344.8888,398.3755,342.4078,2.481,0.0,5.0,5.015,16919,3,0,0,0.8753,0,0,0,0,0,0
family18,CSDVRP-S-n20-s5,S,20,5,base,Roulette-18,1,,6,763.1659,865.7,758.6853,4.4806,0.0,6.0,6.013,5337,7,0,0,0.9947,0,0,0,0,0,0
family18,CSDVRP-S-n10-s2,S,10,2,base,Random-18,4,,5,391.6922,436.4179,389.0812,2.6111,0.0,5.0,5.014,16108,3,0,0,0.9787,0,0,0,0,0,0
family18,CSDVRP-S-n8-s2,S,8,2,base,DRL-VNS18,8,4,5,344.8888,398.3755,342.4078,2.481,0.0,5.0,5.013,6992,3,0,0,0.8753,0,0,0,0,0,0
family18,CSDVRP-S-n15-s5,S,15,5,base,VNS-18,0,,5,666.5148,800.4223,662.7682,3.7467,0.0,5.0,4.997,8119,5,0,0,0.9993,0,0,0,0,0,0
family18,CSDVRP-S-n15-s0,S,15,0,base,DRL-VNS18,9,5,5,622.9311,666.3141,603.6481,4.283,15.0,5.0,5.013,4372,5,1,1,1.0,0,0,0,0,0,0
family18,CSDVRP-S-n12-s4,S,12,4,base,VNS-18,7,,5,487.5063,536.3904,484.4937,3.0126,0.0,5.0,5.059,10765,4,0,0,0.9867,0,0,0,0,0,0
family18,CSDVRP-L-n100-s1,L,100,1,base,Marginal-18,5,1,35,2740.6219,3146.4881,2655.4051,10.2168,75.0,35.047,35.126,707,29,3,5,1.0,0,0,0,0,0,0
family18,CSDVRP-M-n30-s0,M,30,0,base,Fixed-dominant,6,,10,1093.8873,1303.6377,1089.1614,4.7258,0.0,10.0,10.012,3481,11,0,0,0.997,0,0,0,0,0,0
family18,CSDVRP-M-n50-s5,M,50,5,base,Marginal-18,7,3,15,1612.5537,1904.3598,1603.9005,8.6532,0.0,15.0,15.047,1913,15,0,0,0.9985,0,0,0,0,0,0
family18,CSDVRP-L-n100-s3,L,100,3,base,Random-18,5,,35,2725.2191,3095.0715,2685.6134,9.6058,30.0,35.0,35.094,715,30,1,2,1.0,0,0,0,0,0,0
family18,CSDVRP-L-n75-s1,L,75,1,base,Random-18,7,,25,2094.5587,2408.8056,2055.2754,9.2832,30.0,25.016,25.069,967,23,2,2,1.0,0,0,0,0,0,0
family18,CSDVRP-XL-n150-s0,XL,150,0,base,Marginal-18,8,4,50,4415.239,5021.4451,4352.8069,17.432,45.0,50.0,50.28,942,46,2,3,1.0,0,0,0,0,0,0
family18,CSDVRP-L-n100-s2,L,100,2,base,Marginal-18,9,5,35,2810.535,3167.7225,2800.0702,10.4648,0.0,35.016,35.517,721,30,0,0,0.9972,0,0,0,0,0,0
family18,CSDVRP-L-n100-s1,L,100,1,base,Roulette-18,8,,35,2693.7828,3146.4881,2652.4922,11.2906,30.0,35.031,35.515,812,29,2,2,1.0,0,0,0,0,0,0
family18,CSDVRP-L-n100-s3,L,100,3,base,Marginal-18,0,1,35,2699.1676,3095.0715,2688.9817,10.1859,0.0,35.016,35.462,724,31,0,0,0.9992,0,0,0,0,0,0
family18,CSDVRP-L-n100-s5,L,100,5,base,Fixed-dominant,1,,35,2580.6075,3154.3549,2566.0464,14.5611,0.0,35.0,35.617,599,30,0,0,0.9988,0,0,0,0,0,0
family18,CSDVRP-S-n10-s2,S,10,2,base,Roulette-18,0,,5,391.6922,436.4179,389.0812,2.6111,0.0,5.0,5.03,15307,3,0,0,0.9787,0,0,0,0,0,0
family18,CSDVRP-S-n10-s4,S,10,4,base,Fixed-dominant,1,,5,387.7762,460.8567,384.9244,2.8518,0.0,5.0,5.03,16487,3,0,0,0.98,0,0,0,0,0,0
family18,CSDVRP-XL-n150-s4,XL,150,4,base,Marginal-18,5,1,50,3839.8022,4802.2805,3794.9072,14.8949,30.0,50.0,50.342,912,45,2,2,1.0,0,0,0,0,0,0
family18,CSDVRP-L-n75-s2,L,75,2,base,Marginal-18,3,4,25,2091.8473,2442.0216,2067.2234,9.6239,15.0,25.0,25.051,1196,22,1,1,1.0,0,0,0,0,0,0
family18,CSDVRP-S-n15-s1,S,15,1,base,Random-18,1,,5,599.4153,675.8866,596.1341,3.2813,0.0,5.0,4.99,6213,6,0,0,0.9,0,0,0,0,0,0
family18,CSDVRP-L-n75-s1,L,75,1,base,Marginal-18,4,5,25,2114.7674,2408.8056,2062.0557,7.7117,45.0,25.0,25.021,1133,23,3,3,1.0,0,0,0,0,0,0
family18,CSDVRP-XL-n150-s0,XL,150,0,base,Marginal-18,6,2,50,4434.7142,5021.4451,4284.7085,15.0057,135.0,50.0,50.052,1080,45,5,9,1.0,0,0,0,0,0,0
family18,CSDVRP-S-n10-s5,S,10,5,base,Fixed-dominant,0,,5,454.5993,485.8354,450.6688,3.9305,0.0,5.0,4.998,16644,3,0,0,0.956,0,0,0,0,0,0
family18,CSDVRP-S-n15-s4,S,15,4,base,Roulette-18,9,,5,586.0528,624.2332,582.2908,3.762,0.0,5.0,4.996,7206,6,0,0,0.9347,0,0,0,0,0,0
family18,CSDVRP-M-n30-s4,M,30,4,base,Fixed-dominant,8,,10,926.8114,1151.8487,921.3091,5.5023,0.0,10.0,10.016,3858,10,0,0,0.99,0,0,0,0,0,0
family18,CSDVRP-S-n20-s0,S,20,0,base,Fixed-dominant,5,,6,772.4594,835.2978,753.7116,3.7477,15.0,6.0,6.013,5025,7,1,1,0.9987,0,0,0,0,0,0
family18,CSDVRP-M-n30-s3,M,30,3,base,DRL-VNS18,0,1,10,969.1696,1099.7766,965.9069,3.2627,0.0,10.0,10.027,3593,10,0,0,0.988,0,0,0,0,0,0
family18,CSDVRP-L-n100-s3,L,100,3,base,Roulette-18,9,,35,2687.8448,3095.0715,2678.407,9.4378,0.0,35.031,35.089,804,31,0,0,1.0,0,0,0,0,0,0
family18,CSDVRP-L-n75-s4,L,75,4,base,Fixed-dominant,0,,25,2212.6271,2460.454,2203.4333,9.1938,0.0,25.0,25.019,1094,24,0,0,0.9996,0,0,0,0,0,0
family18,CSDVRP-S-n15-s1,S,15,1,base,VNS-18,7,,5,599.4153,675.8866,596.1341,3.2813,0.0,5.0,4.994,6272,6,0,0,0.9,0,0,0,0,0,0
family18,CSDVRP-M-n50-s2,M,50,2,base,Marginal-18,2,3,15,1467.6315,1677.4231,1462.0673,5.5642,0.0,15.016,15.029,1627,16,0,0,0.9985,0,0,0,0,0,0
family18,CSDVRP-S-n15-s1,S,15,1,base,Marginal-18,5,1,5,590.7648,675.8866,586.7939,3.9709,0.0,5.0,5.015,6413,5,0,0,0.9987,0,0,0,0,0,0
family18,CSDVRP-S-n15-s1,S,15,1,base,Random-18,3,,5,599.4153,675.8866,596.1341,3.2813,0.0,5.0,4.999,6276,6,0,0,0.9,0,0,0,0,0,0
family18,CSDVRP-M-n50-s3,M,50,3,base,VNS-18,9,,15,1399.0221,1746.7745,1392.5811,6.441,0.0,15.0,15.047,2021,15,0,0,0.994,0,0,0,0,0,0
family18,CSDVRP-S-n10-s2,S,10,2,base,Marginal-18,2,3,5,391.6922,436.4179,389.0812,2.6111,0.0,5.0,5.028,16268,3,0,0,0.9787,0,0,0,0,0,0
family18,CSDVRP-M-n50-s0,M,50,0,base,Fixed-dominant,7,,15,1710.4006,1986.2853,1700.9035,9.4971,0.0,15.0,15.001,1979,16,0,0,0.9865,0,0,0,0,0,0
family18,CSDVRP-S-n6-s5,S,6,5,base,Random-18,9,,5,347.3173,347.7063,345.0582,2.2591,0.0,5.0,4.994,24941,3,0,0,0.9907,0,0,0,0,0,0
family18,CSDVRP-S-n10-s2,S,10,2,base,Roulette-18,2,,5,391.6922,436.4179,389.0812,2.6111,0.0,5.0,5.0,16330,3,0,0,0.9787,0,0,0,0,0,0
family18,CSDVRP-M-n30-s1,M,30,1,base,DRL-VNS18,1,2,10,1049.5643,1231.1888,1030.777,3.7874,15.0,10.0,10.028,3428,10,1,1,1.0,0,0,0,0,0,0
family18,CSDVRP-S-n15-s5,S,15,5,base,Marginal-18,1,2,5,666.5148,800.4223,662.7682,3.7467,0.0,5.0,4.998,8919,5,0,0,0.9993,0,0,0,0,0,0
family18,CSDVRP-XL-n150-s0,XL,150,0,base,DRL-VNS18,4,5,50,4501.7466,5021.4451,4354.448,12.2986,135.0,50.141,50.208,1054,46,5,9,1.0,0,0,0,0,0,0
family18,CSDVRP-L-n100-s5,L,100,5,base,DRL-VNS18,5,1,35,2636.4423,3154.3549,2622.8012,13.6412,0.0,35.031,35.095,738,30,0,0,0.998,0,0,0,0,0,0
family18,CSDVRP-S-n15-s0,S,15,0,base,Fixed-dominant,5,,5,607.3126,666.3141,602.2712,5.0414,0.0,5.0,5.029,9160,5,0,0,0.9927,0,0,0,0,0,0
family18,CSDVRP-L-n75-s2,L,75,2,base,Random-18,3,,25,2096.4036,2442.0216,2085.607,10.7966,0.0,25.0,25.004,1182,22,0,0,0.9972,0,0,0,0,0,0
family18,CSDVRP-S-n15-s4,S,15,4,base,Marginal-18,3,4,5,585.7427,624.2332,582.2908,3.4519,0.0,5.0,5.008,7426,6,0,0,0.9347,0,0,0,0,0,0
family18,CSDVRP-S-n8-s2,S,8,2,base,Random-18,9,,5,344.8888,398.3755,342.4078,2.481,0.0,5.0,4.997,17635,3,0,0,0.8753,0,0,0,0,0,0
family18,CSDVRP-S-n15-s4,S,15,4,base,Roulette-18,2,,5,585.7427,624.2332,582.2908,3.4519,0.0,5.0,5.013,7189,6,0,0,0.9347,0,0,0,0,0,0
family18,CSDVRP-S-n15-s3,S,15,3,base,DRL-VNS18,0,1,5,603.3798,692.2972,584.3633,4.0166,15.0,5.0,5.029,4922,5,1,1,1.0,0,0,0,0,0,0
family18,CSDVRP-M-n50-s0,M,50,0,base,VNS-18,5,,15,1715.5311,1986.2853,1707.6273,7.9038,0.0,15.0,15.071,1922,16,0,0,0.9865,0,0,0,0,0,0
family18,CSDVRP-S-n8-s1,S,8,1,base,Random-18,9,,5,335.8429,376.3954,333.6723,2.1706,0.0,5.0,4.986,18591,3,0,0,0.9073,0,0,0,0,0,0
family18,CSDVRP-S-n15-s4,S,15,4,base,Roulette-18,4,,5,585.7427,624.2332,582.2908,3.4519,0.0,5.0,4.999,7134,6,0,0,0.9347,0,0,0,0,0,0
family18,CSDVRP-CS-Riyadh,case,30,0,base,DRL-VNS18,1,2,30,421.3361,711.0291,415.2538,6.0823,0.0,30.0,30.151,12594,4,0,0,0.982,0,0,0,0,0,0
family18,CSDVRP-S-n8-s4,S,8,4,base,Random-18,0,,5,359.1905,397.2233,357.0731,2.1174,0.0,5.0,4.997,16930,3,0,0,0.8793,0,0,0,0,0,0
family18,CSDVRP-S-n12-s2,S,12,2,base,DRL-VNS18,8,4,5,460.175,518.4642,458.0808,2.0942,0.0,5.0,4.996,6603,4,0,0,0.998,0,0,0,0,0,0
family18,CSDVRP-S-n10-s5,S,10,5,base,Roulette-18,8,,5,454.5993,485.8354,450.6688,3.9305,0.0,5.0,5.014,12148,3,0,0,0.956,0,0,0,0,0,0
family18,CSDVRP-S-n20-s5,S,20,5,base,DRL-VNS18,5,1,6,763.1659,865.7,758.6853,4.4806,0.0,6.0,6.029,4188,7,0,0,0.9947,0,0,0,0,0,0
family18,CSDVRP-L-n75-s0,L,75,0,base,Random-18,2,,25,2410.4757,2688.4285,2401.1797,9.296,0.0,25.0,25.076,1162,24,0,0,0.9984,0,0,0,0,0,0
family18,CSDVRP-M-n50-s0,M,50,0,base,Fixed-dominant,3,,15,1711.8091,1986.2853,1704.5369,7.2723,0.0,15.0,15.031,2128,16,0,0,0.986,0,0,0,0,0,0
family18,CSDVRP-S-n12-s1,S,12,1,base,Marginal-18,0,1,5,511.4838,602.7068,507.9062,3.5776,0.0,5.0,5.01,10252,4,0,0,0.994,0,0,0,0,0,0
family18,CSDVRP-S-n15-s4,S,15,4,base,VNS-18,6,,5,585.7427,624.2332,582.2908,3.4519,0.0,5.0,5.0,7479,6,0,0,0.9347,0,0,0,0,0,0
family18,CSDVRP-XL-n150-s2,XL,150,2,base,Fixed-dominant,2,,50,4091.4283,4545.4892,4074.3585,17.0697,0.0,50.0,50.123,1249,46,0,0,1.0,0,0,0,0,0,0
family18,CSDVRP-S-n6-s4,S,6,4,base,Roulette-18,1,,5,307.3738,316.7228,305.135,2.2389,0.0,5.0,5.028,17594,3,0,0,0.906,0,0,0,0,0,0
family18,CSDVRP-S-n10-s4,S,10,4,base,Random-18,3,,5,387.4582,460.8567,384.9244,2.5338,0.0,5.0,4.998,16160,3,0,0,0.98,0,0,0,0,0,0
family18,CSDVRP-L-n100-s1,L,100,1,base,VNS-18,6,,35,2673.906,3146.4881,2633.4785,10.4275,30.0,35.016,35.059,762,29,2,2,1.0,0,0,0,0,0,0
family18,CSDVRP-CS-Riyadh,case,30,0,base,Roulette-18,8,,30,425.1377,711.0291,419.5582,5.5796,0.0,30.0,30.045,13520,4,0,0,0.964,0,0,0,0,0,0
family18,CSDVRP-M-n50-s3,M,50,3,base,Marginal-18,3,4,15,1435.0021,1746.7745,1413.8082,6.194,15.0,15.0,15.028,1948,15,1,1,0.994,0,0,0,0,0,0
family18,CSDVRP-M-n30-s3,M,30,3,base,Marginal-18,4,5,10,981.4568,1099.7766,963.276,3.1808,15.0,10.0,10.0,4334,10,1,1,1.0,0,0,0,0,0,0
family18,CSDVRP-XL-n150-s1,XL,150,1,base,Marginal-18,1,2,50,4307.2733,4744.1508,4175.5509,11.7224,120.0,50.016,50.016,993,45,5,8,1.0,0,0,0,0,0,0
family18,CSDVRP-S-n8-s3,S,8,3,base,Marginal-18,5,1,5,339.8466,351.7127,337.5902,2.2564,0.0,5.0,4.994,16790,3,0,0,0.9567,0,0,0,0,0,0
family18,CSDVRP-XL-n150-s0,XL,150,0,base,Roulette-18,0,,50,4331.2559,5021.4451,4314.7821,16.4738,0.0,50.0,50.136,916,46,0,0,0.9997,0,0,0,0,0,0
family18,CSDVRP-S-n10-s3,S,10,3,base,Random-18,5,,5,398.3934,456.2198,394.9219,3.4715,0.0,5.0,5.015,14834,3,0,0,0.9427,0,0,0,0,0,0
family18,CSDVRP-S-n6-s3,S,6,3,base,Roulette-18,0,,5,230.2731,253.5784,228.5871,1.686,0.0,5.0,4.999,26404,2,0,0,0.9873,0,0,0,0,0,0
family18,CSDVRP-S-n6-s3,S,6,3,base,Roulette-18,4,,5,230.2731,253.5784,228.5871,1.686,0.0,5.0,4.999,26995,2,0,0,0.9873,0,0,0,0,0,0
family18,CSDVRP-M-n50-s3,M,50,3,base,VNS-18,8,,15,1399.5073,1746.7745,1392.5811,6.9262,0.0,15.0,15.018,1992,15,0,0,0.994,0,0,0,0,0,0
family18,CSDVRP-L-n100-s4,L,100,4,base,Fixed-dominant,2,,35,2947.4204,3371.4529,2934.1917,13.2286,0.0,35.031,35.161,783,31,0,0,0.9952,0,0,0,0,0,0
family18,CSDVRP-L-n100-s1,L,100,1,base,Random-18,6,,35,2722.7385,3146.4881,2636.7414,10.997,75.0,35.0,35.019,688,29,3,5,1.0,0,0,0,0,0,0
family18,CSDVRP-L-n75-s3,L,75,3,base,VNS-18,0,,25,2114.5864,2332.9982,2078.8836,5.7027,30.0,25.016,25.062,1241,24,1,2,1.0,0,0,0,0,0,0
family18,CSDVRP-M-n30-s0,M,30,0,base,VNS-18,2,,10,1092.964,1303.6377,1089.1614,3.8025,0.0,10.0,9.997,3909,11,0,0,0.997,0,0,0,0,0,0
family18,CSDVRP-M-n50-s2,M,50,2,base,Random-18,3,,15,1471.2989,1677.4231,1465.5918,5.7072,0.0,15.0,15.109,2000,16,0,0,0.9985,0,0,0,0,0,0
family18,CSDVRP-S-n6-s4,S,6,4,base,DRL-VNS18,4,5,5,307.3738,316.7228,305.135,2.2389,0.0,5.0,4.991,7488,3,0,0,0.906,0,0,0,0,0,0
family18,CSDVRP-M-n30-s1,M,30,1,base,Fixed-dominant,3,,10,1046.2409,1231.1888,1041.6439,4.597,0.0,10.0,10.0,4066,10,0,0,0.9725,0,0,0,0,0,0
family18,CSDVRP-L-n75-s1,L,75,1,base,DRL-VNS18,7,3,25,2105.6078,2408.8056,2067.3027,8.3051,30.0,25.0,25.113,1164,23,1,2,1.0,0,0,0,0,0,0
family18,CSDVRP-S-n12-s1,S,12,1,base,Marginal-18,5,1,5,546.6653,602.7068,512.8082,3.8571,30.0,5.0,4.988,9825,4,2,2,0.994,0,0,0,0,0,0
family18,CSDVRP-S-n6-s3,S,6,3,base,Marginal-18,1,2,5,230.2731,253.5784,228.5871,1.686,0.0,5.0,4.999,27677,2,0,0,0.9873,0,0,0,0,0,0
family18,CSDVRP-S-n10-s3,S,10,3,base,Roulette-18,8,,5,398.3226,456.2198,394.9219,3.4007,0.0,5.0,5.013,14315,3,0,0,0.9427,0,0,0,0,0,0
family18,CSDVRP-S-n6-s1,S,6,1,base,Fixed-dominant,8,,5,341.7876,362.2464,340.1093,1.6783,0.0,5.0,4.998,24341,3,0,0,0.926,0,0,0,0,0,0
family18,CSDVRP-M-n30-s3,M,30,3,base,Marginal-18,5,1,10,969.1696,1099.7766,965.9069,3.2627,0.0,10.0,9.999,4317,10,0,0,0.988,0,0,0,0,0,0
family18,CSDVRP-S-n20-s0,S,20,0,base,Fixed-dominant,3,,6,756.4955,835.2978,752.4896,4.0059,0.0,6.0,5.998,5170,7,0,0,0.9987,0,0,0,0,0,0
family18,CSDVRP-L-n75-s1,L,75,1,base,Random-18,1,,25,2137.8225,2408.8056,2056.3826,6.4399,75.0,25.016,25.078,1066,23,3,5,1.0,0,0,0,0,0,0
family18,CSDVRP-M-n50-s3,M,50,3,base,Roulette-18,7,,15,1435.7559,1746.7745,1399.2383,6.5176,30.0,15.0,15.062,1952,15,1,2,1.0,0,0,0,0,0,0
family18,CSDVRP-M-n30-s0,M,30,0,base,Marginal-18,4,5,10,1093.0763,1303.6377,1088.8964,4.1799,0.0,10.0,10.011,3837,11,0,0,0.997,0,0,0,0,0,0
family18,CSDVRP-M-n30-s4,M,30,4,base,Roulette-18,7,,10,926.1514,1151.8487,921.3091,4.8423,0.0,10.0,10.013,3545,10,0,0,0.99,0,0,0,0,0,0
family18,CSDVRP-S-n12-s1,S,12,1,base,VNS-18,8,,5,511.4838,602.7068,507.9062,3.5776,0.0,5.0,5.013,10455,4,0,0,0.994,0,0,0,0,0,0
family18,CSDVRP-S-n10-s3,S,10,3,base,Random-18,9,,5,398.3934,456.2198,394.9219,3.4715,0.0,5.0,4.999,15022,3,0,0,0.9427,0,0,0,0,0,0
family18,CSDVRP-S-n20-s4,S,20,4,base,Random-18,3,,6,719.4697,798.0501,715.5041,3.9656,0.0,6.0,5.999,5038,7,0,0,0.986,0,0,0,0,0,0
family18,CSDVRP-L-n75-s3,L,75,3,base,Roulette-18,9,,25,2113.349,2332.9982,2048.3657,4.9834,60.0,25.016,25.025,1294,23,3,4,1.0,0,0,0,0,0,0
family18,CSDVRP-M-n50-s1,M,50,1,base,Marginal-18,3,4,15,1519.042,1718.5004,1513.1913,5.8508,0.0,15.016,15.078,1805,16,0,0,0.994,0,0,0,0,0,0
family18,CSDVRP-S-n8-s3,S,8,3,base,Roulette-18,4,,5,339.8466,351.7127,337.5902,2.2564,0.0,5.0,4.999,16297,3,0,0,0.9567,0,0,0,0,0,0
family18,CSDVRP-M-n50-s3,M,50,3,base,Marginal-18,7,3,15,1398.7698,1746.7745,1392.5811,6.1887,0.0,15.0,15.08,1993,15,0,0,0.994,0,0,0,0,0,0
family18,CSDVRP-S-n6-s2,S,6,2,base,VNS-18,1,,5,330.7872,334.9047,328.2873,2.4999,0.0,5.0,4.993,19272,3,0,0,0.8567,0,0,0,0,0,0
family18,CSDVRP-S-n8-s3,S,8,3,base,VNS-18,6,,5,339.8466,351.7127,337.5902,2.2564,0.0,5.0,5.015,17540,3,0,0,0.9567,0,0,0,0,0,0
family18,CSDVRP-M-n30-s1,M,30,1,base,DRL-VNS18,7,3,10,1031.5482,1231.1888,1027.1043,4.4439,0.0,10.0,10.028,3064,10,0,0,0.98,0,0,0,0,0,0
family18,CSDVRP-S-n6-s3,S,6,3,base,VNS-18,7,,5,230.2731,253.5784,228.5871,1.686,0.0,5.0,4.997,29783,2,0,0,0.9873,0,0,0,0,0,0
family18,CSDVRP-S-n6-s5,S,6,5,base,Roulette-18,5,,5,347.3173,347.7063,345.0582,2.2591,0.0,5.0,5.015,23110,3,0,0,0.9907,0,0,0,0,0,0
family18,CSDVRP-S-n15-s2,S,15,2,base,Fixed-dominant,9,,5,605.5838,645.109,602.0225,3.5613,0.0,5.0,4.997,7169,6,0,0,0.9953,0,0,0,0,0,0
family18,CSDVRP-S-n8-s5,S,8,5,base,Random-18,1,,5,423.2126,427.0275,419.9371,3.2754,0.0,5.0,5.03,14936,3,0,0,0.894,0,0,0,0,0,0
family18,CSDVRP-S-n10-s1,S,10,1,base,Roulette-18,8,,5,413.188,479.2322,395.3076,2.8805,15.0,5.0,4.998,10216,4,1,1,0.9433,0,0,0,0,0,0
family18,CSDVRP-S-n15-s1,S,15,1,base,Random-18,0,,5,599.4153,675.8866,596.1341,3.2813,0.0,5.0,5.013,6193,6,0,0,0.9,0,0,0,0,0,0
family18,CSDVRP-S-n20-s3,S,20,3,base,Marginal-18,7,3,6,691.4555,797.0264,687.1116,4.3439,0.0,6.0,6.014,5187,7,0,0,0.9707,0,0,0,0,0,0
family18,CSDVRP-XL-n150-s1,XL,150,1,base,Marginal-18,3,4,50,4255.2361,4744.1508,4164.3201,15.9161,75.0,50.016,50.182,1007,44,4,5,1.0,0,0,0,0,0,0
family18,CSDVRP-M-n50-s2,M,50,2,base,Random-18,9,,15,1467.8485,1677.4231,1462.0673,5.7812,0.0,15.0,15.029,1650,16,0,0,0.9985,0,0,0,0,0,0
family18,CSDVRP-L-n100-s5,L,100,5,base,Random-18,5,,35,2571.8312,3154.3549,2559.6769,12.1543,0.0,35.062,35.079,707,30,0,0,0.9988,0,0,0,0,0,0
family18,CSDVRP-L-n75-s5,L,75,5,base,Roulette-18,1,,25,2099.4009,2327.4464,2091.9024,7.4986,0.0,25.0,25.034,1240,23,0,0,1.0,0,0,0,0,0,0
family18,CSDVRP-S-n12-s3,S,12,3,base,Roulette-18,2,,5,522.4878,589.3086,503.6872,3.8005,15.0,5.0,4.991,11560,4,1,1,1.0,0,0,0,0,0,0
family18,CSDVRP-M-n30-s1,M,30,1,base,Random-18,9,,10,1031.4688,1231.1888,1027.1043,4.3646,0.0,10.0,10.0,3521,10,0,0,0.98,0,0,0,0,0,0
family18,CSDVRP-S-n15-s3,S,15,3,base,Roulette-18,4,,5,601.4006,692.2972,597.8561,3.5445,0.0,5.0,4.998,7050,6,0,0,0.998,0,0,0,0,0,0
family18,CSDVRP-L-n75-s1,L,75,1,base,VNS-18,0,,25,2102.9407,2408.8056,2050.1328,7.8079,45.0,25.016,25.096,1272,23,2,3,1.0,0,0,0,0,0,0
family18,CSDVRP-L-n75-s4,L,75,4,base,DRL-VNS18,8,4,25,2206.0272,2460.454,2198.3121,7.7152,0.0,25.0,25.014,1034,24,0,0,0.9996,0,0,0,0,0,0
family18,CSDVRP-XL-n150-s5,XL,150,5,base,Roulette-18,1,,50,3847.3087,4291.4727,3831.7964,15.5123,0.0,50.172,50.215,920,45,0,0,0.999,0,0,0,0,0,0
family18,CSDVRP-S-n8-s4,S,8,4,base,Fixed-dominant,6,,5,359.1905,397.2233,357.0731,2.1174,0.0,5.0,5.02,17990,3,0,0,0.8793,0,0,0,0,0,0
family18,CSDVRP-S-n12-s3,S,12,3,base,Marginal-18,2,3,5,522.4878,589.3086,503.6872,3.8005,15.0,5.0,5.029,11574,4,1,1,1.0,0,0,0,0,0,0
family18,CSDVRP-L-n100-s5,L,100,5,base,Marginal-18,8,4,35,2708.5388,3154.3549,2605.2196,13.3192,90.0,35.0,35.034,740,30,3,6,1.0,0,0,0,0,0,0
family18,CSDVRP-XL-n150-s4,XL,150,4,base,Marginal-18,6,2,50,3960.0773,4802.2805,3810.9413,14.136,135.0,50.094,50.104,1046,44,5,9,1.0,0,0,0,0,0,0
family18,CSDVRP-S-n12-s1,S,12,1,base,Fixed-dominant,2,,5,565.6267,602.7068,531.568,4.0586,30.0,5.0,5.041,10007,4,2,2,1.0,0,0,0,0,0,0
family18,CSDVRP-S-n15-s3,S,15,3,base,VNS-18,4,,5,601.4006,692.2972,597.8561,3.5445,0.0,5.0,4.999,6722,6,0,0,0.998,0,0,0,0,0,0
family18,CSDVRP-S-n8-s3,S,8,3,base,Roulette-18,2,,5,339.8466,351.7127,337.5902,2.2564,0.0,5.0,4.998,16467,3,0,0,0.9567,0,0,0,0,0,0
family18,CSDVRP-S-n12-s3,S,12,3,base,Marginal-18,7,3,5,522.4878,589.3086,503.6872,3.8005,15.0,5.0,5.014,11770,4,1,1,1.0,0,0,0,0,0,0
family18,CSDVRP-M-n30-s5,M,30,5,base,VNS-18,8,,10,1128.6575,1247.2838,1123.3823,5.2752,0.0,10.0,10.015,4398,10,0,0,0.9905,0,0,0,0,0,0
family18,CSDVRP-S-n15-s2,S,15,2,base,Random-18,2,,5,604.4369,645.109,602.0225,2.4144,0.0,5.0,5.011,6741,6,0,0,0.9953,0,0,0,0,0,0
family18,CSDVRP-S-n8-s4,S,8,4,base,Roulette-18,2,,5,359.1905,397.2233,357.0731,2.1174,0.0,5.0,4.997,16166,3,0,0,0.8793,0,0,0,0,0,0
family18,CSDVRP-S-n8-s3,S,8,3,base,Random-18,5,,5,339.8466,351.7127,337.5902,2.2564,0.0,5.0,5.03,17304,3,0,0,0.9567,0,0,0,0,0,0
family18,CSDVRP-M-n50-s5,M,50,5,base,Roulette-18,2,,15,1615.574,1904.3598,1592.2368,8.3371,15.0,15.0,15.047,2133,15,1,1,0.995,0,0,0,0,0,0
family18,CSDVRP-S-n6-s5,S,6,5,base,Random-18,5,,5,347.3173,347.7063,345.0582,2.2591,0.0,5.0,5.027,24930,3,0,0,0.9907,0,0,0,0,0,0
family18,CSDVRP-M-n50-s0,M,50,0,base,Random-18,6,,15,1742.2257,1986.2853,1705.2123,7.0134,30.0,15.0,15.026,1804,16,2,2,1.0,0,0,0,0,0,0
family18,CSDVRP-L-n100-s5,L,100,5,base,Roulette-18,9,,35,2727.0329,3154.3549,2594.7037,12.3293,120.0,35.0,35.037,662,30,5,8,1.0,0,0,0,0,0,0
family18,CSDVRP-S-n8-s1,S,8,1,base,Marginal-18,2,3,5,335.8429,376.3954,333.6723,2.1706,0.0,5.0,4.994,17484,3,0,0,0.9073,0,0,0,0,0,0
family18,CSDVRP-M-n30-s5,M,30,5,base,DRL-VNS18,9,5,10,1129.5121,1247.2838,1123.3845,6.1276,0.0,10.0,10.012,3959,10,0,0,0.9905,0,0,0,0,0,0
family18,CSDVRP-S-n20-s4,S,20,4,base,Marginal-18,4,5,6,719.4697,798.0501,715.5041,3.9656,0.0,6.0,6.06,5323,7,0,0,0.986,0,0,0,0,0,0
family18,CSDVRP-S-n20-s1,S,20,1,base,Marginal-18,4,5,6,785.2664,908.0268,780.5879,4.6785,0.0,6.0,5.999,5352,7,0,0,0.9833,0,0,0,0,0,0
family18,CSDVRP-S-n10-s2,S,10,2,base,Fixed-dominant,5,,5,392.7663,436.4179,389.0812,3.6851,0.0,5.0,4.997,19494,3,0,0,0.9787,0,0,0,0,0,0
family18,CSDVRP-S-n6-s1,S,6,1,base,Fixed-dominant,3,,5,341.7876,362.2464,340.1093,1.6783,0.0,5.0,5.013,24512,3,0,0,0.926,0,0,0,0,0,0
family18,CSDVRP-S-n8-s2,S,8,2,base,VNS-18,2,,5,344.8888,398.3755,342.4078,2.481,0.0,5.0,4.998,17896,3,0,0,0.8753,0,0,0,0,0,0
family18,CSDVRP-S-n8-s2,S,8,2,base,Random-18,8,,5,344.8888,398.3755,342.4078,2.481,0.0,5.0,5.0,17708,3,0,0,0.8753,0,0,0,0,0,0
family18,CSDVRP-S-n15-s2,S,15,2,base,Fixed-dominant,6,,5,605.7439,645.109,602.0225,3.7214,0.0,5.0,4.999,7192,6,0,0,0.9953,0,0,0,0,0,0
family18,CSDVRP-L-n100-s2,L,100,2,base,Marginal-18,7,3,35,2799.3738,3167.7225,2786.2892,13.0847,0.0,35.016,35.088,687,29,0,0,0.9956,0,0,0,0,0,0
family18,CSDVRP-M-n30-s1,M,30,1,base,Marginal-18,6,2,10,1031.4688,1231.1888,1027.1043,4.3646,0.0,10.0,9.986,3693,10,0,0,0.98,0,0,0,0,0,0
family18,CSDVRP-L-n100-s3,L,100,3,base,Roulette-18,2,,35,2686.6374,3095.0715,2675.7658,10.8716,0.0,35.0,35.096,874,30,0,0,1.0,0,0,0,0,0,0
family18,CSDVRP-M-n50-s1,M,50,1,base,VNS-18,3,,15,1519.1097,1718.5004,1513.1913,5.9185,0.0,15.016,15.024,1884,16,0,0,0.994,0,0,0,0,0,0
family18,CSDVRP-S-n6-s1,S,6,1,base,Random-18,4,,5,341.7876,362.2464,340.1093,1.6783,0.0,5.0,5.014,22920,3,0,0,0.926,0,0,0,0,0,0
family18,CSDVRP-M-n50-s4,M,50,4,base,Roulette-18,3,,15,1664.4635,1919.2804,1658.0397,6.4238,0.0,15.0,15.061,1769,16,0,0,0.9925,0,0,0,0,0,0
family18,CSDVRP-S-n10-s5,S,10,5,base,Marginal-18,1,2,5,454.5993,485.8354,450.6688,3.9305,0.0,5.0,4.997,12584,3,0,0,0.956,0,0,0,0,0,0
family18,CSDVRP-S-n6-s4,S,6,4,base,Fixed-dominant,9,,5,307.1905,316.7228,305.135,2.0555,0.0,5.0,5.015,21215,3,0,0,0.906,0,0,0,0,0,0
family18,CSDVRP-M-n30-s1,M,30,1,base,VNS-18,1,,10,1057.3121,1231.1888,1037.9499,4.3622,15.0,10.0,10.035,3355,10,1,1,1.0,0,0,0,0,0,0
family18,CSDVRP-L-n75-s3,L,75,3,base,DRL-VNS18,8,4,25,2105.2641,2332.9982,2084.9734,5.2907,15.0,25.0,25.042,1141,24,1,1,1.0,0,0,0,0,0,0
family18,CSDVRP-S-n15-s1,S,15,1,base,Roulette-18,7,,5,590.7648,675.8866,586.7939,3.9709,0.0,5.0,5.024,6811,5,0,0,0.9987,0,0,0,0,0,0
family18,CSDVRP-XL-n150-s5,XL,150,5,base,VNS-18,2,,50,3956.6494,4291.4727,3911.2995,15.3498,30.0,50.016,50.113,919,46,1,2,1.0,0,0,0,0,0,0
family18,CSDVRP-M-n30-s0,M,30,0,base,VNS-18,7,,10,1092.964,1303.6377,1089.1614,3.8025,0.0,10.0,9.992,3702,11,0,0,0.997,0,0,0,0,0,0
family18,CSDVRP-M-n30-s1,M,30,1,base,Marginal-18,5,1,10,1062.3045,1231.1888,1042.7308,4.5737,15.0,10.0,10.013,3244,10,1,1,1.0,0,0,0,0,0,0
family18,CSDVRP-S-n20-s5,S,20,5,base,DRL-VNS18,8,4,6,763.2502,865.7,758.6853,4.5649,0.0,6.0,6.044,4113,7,0,0,0.9947,0,0,0,0,0,0
family18,CSDVRP-S-n10-s5,S,10,5,base,Random-18,5,,5,454.5993,485.8354,450.6688,3.9305,0.0,5.0,4.996,12272,3,0,0,0.956,0,0,0,0,0,0
family18,CSDVRP-L-n100-s2,L,100,2,base,Roulette-18,1,,35,2826.4909,3167.7225,2801.7746,9.7163,15.0,35.0,35.177,787,30,1,1,1.0,0,0,0,0,0,0
family18,CSDVRP-S-n6-s2,S,6,2,base,Roulette-18,3,,5,330.7872,334.9047,328.2873,2.4999,0.0,5.0,5.039,18182,3,0,0,0.8567,0,0,0,0,0,0
family18,CSDVRP-L-n75-s5,L,75,5,base,Roulette-18,8,,25,2097.6225,2327.4464,2089.3953,8.2272,0.0,25.0,25.095,1198,23,0,0,0.9992,0,0,0,0,0,0
family18,CSDVRP-L-n75-s3,L,75,3,base,Random-18,7,,25,2092.9756,2332.9982,2043.3657,4.6099,45.0,25.0,25.02,1305,23,2,3,1.0,0,0,0,0,0,0
family18,CSDVRP-S-n6-s3,S,6,3,base,Fixed-dominant,2,,5,230.4154,253.5784,228.5871,1.8283,0.0,5.0,4.987,31620,2,0,0,0.9873,0,0,0,0,0,0
family18,CSDVRP-S-n6-s5,S,6,5,base,VNS-18,0,,5,347.3173,347.7063,345.0582,2.2591,0.0,5.0,5.015,26055,3,0,0,0.9907,0,0,0,0,0,0
family18,CSDVRP-S-n20-s4,S,20,4,base,Fixed-dominant,0,,6,719.4719,798.0501,715.5041,3.9678,0.0,6.0,6.029,5929,7,0,0,0.986,0,0,0,0,0,0
family18,CSDVRP-S-n15-s2,S,15,2,base,DRL-VNS18,0,1,5,604.4369,645.109,602.0225,2.4144,0.0,5.0,5.06,4552,6,0,0,0.9953,0,0,0,0,0,0
family18,CSDVRP-M-n30-s2,M,30,2,base,DRL-VNS18,3,4,10,947.8835,1162.4183,930.1373,2.7462,15.0,10.0,10.026,3195,10,1,1,1.0,0,0,0,0,0,0
family18,CSDVRP-S-n20-s4,S,20,4,base,DRL-VNS18,3,4,6,719.4697,798.0501,715.5041,3.9656,0.0,6.0,6.014,3987,7,0,0,0.986,0,0,0,0,0,0
family18,CSDVRP-S-n6-s1,S,6,1,base,VNS-18,7,,5,341.7876,362.2464,340.1093,1.6783,0.0,5.0,5.059,22936,3,0,0,0.926,0,0,0,0,0,0
family18,CSDVRP-S-n10-s5,S,10,5,base,VNS-18,3,,5,454.5993,485.8354,450.6688,3.9305,0.0,5.0,5.015,12961,3,0,0,0.956,0,0,0,0,0,0
family18,CSDVRP-M-n50-s1,M,50,1,base,VNS-18,6,,15,1519.0757,1718.5004,1513.1913,5.8845,0.0,15.0,15.045,1812,16,0,0,0.994,0,0,0,0,0,0
family18,CSDVRP-L-n75-s4,L,75,4,base,DRL-VNS18,5,1,25,2223.6972,2460.454,2200.6221,8.0751,15.0,25.016,25.057,1010,24,1,1,1.0,0,0,0,0,0,0
family18,CSDVRP-S-n12-s4,S,12,4,base,VNS-18,1,,5,487.5063,536.3904,484.4937,3.0126,0.0,5.0,5.046,11906,4,0,0,0.9867,0,0,0,0,0,0
family18,CSDVRP-S-n15-s1,S,15,1,base,Random-18,7,,5,599.4153,675.8866,596.1341,3.2813,0.0,5.0,4.997,6599,6,0,0,0.9,0,0,0,0,0,0
family18,CSDVRP-S-n10-s3,S,10,3,base,Roulette-18,4,,5,398.3934,456.2198,394.9219,3.4715,0.0,5.0,5.046,15241,3,0,0,0.9427,0,0,0,0,0,0
family18,CSDVRP-S-n10-s4,S,10,4,base,Roulette-18,1,,5,387.4582,460.8567,384.9244,2.5338,0.0,5.0,5.029,17245,3,0,0,0.98,0,0,0,0,0,0
family18,CSDVRP-S-n20-s1,S,20,1,base,DRL-VNS18,4,5,6,785.2664,908.0268,780.5879,4.6785,0.0,6.0,6.013,4374,7,0,0,0.9833,0,0,0,0,0,0
family18,CSDVRP-L-n75-s2,L,75,2,base,DRL-VNS18,2,3,25,2108.4407,2442.0216,2099.0511,9.3896,0.0,25.0,25.036,1147,22,0,0,0.9936,0,0,0,0,0,0
family18,CSDVRP-S-n10-s3,S,10,3,base,Fixed-dominant,3,,5,420.1822,456.2198,416.4464,3.7358,0.0,5.0,4.989,18528,3,0,0,0.9593,0,0,0,0,0,0
