suite,instance,size_class,n,inst_seed,config,method,run,policy_seed,budget_s,Z_best,Z_init,routing,emission,split,cpu_s,wall_s,iters,routes,split_customers,extra_visits,max_util,demand_viol,cap_viol,n1_viol,n2_viol,dup_visit_viol,zero_qty_stops
main,CSDVRP-L-n75-s0,L,75,0,base,Fixed-small,4,,25,2419.5779,2688.4285,2409.6147,9.9632,0.0,25.031,25.189,1559,24,0,0,0.996,0,0,0,0,0,0
exact,CSDVRP-S-n6-s3,S,6,3,base,Random-9,0,,5,230.2731,253.5784,228.5871,1.686,0.0,5.0,5.018,27582,2,0,0,0.9873,0,0,0,0,0,0
main,CSDVRP-L-n100-s4,L,100,4,base,Roulette-9,8,,35,2959.4394,3371.4529,2948.1098,11.3296,0.0,35.0,35.377,750,31,0,0,0.9996,0,0,0,0,0,0
exact,CSDVRP-S-n8-s2,S,8,2,base,Random-9,7,,5,344.8888,398.3755,342.4078,2.481,0.0,5.0,5.153,15183,3,0,0,0.8753,0,0,0,0,0,0
exact,CSDVRP-S-n12-s3,S,12,3,base,Random-9,9,,5,522.4878,589.3086,503.6872,3.8005,15.0,5.0,5.608,9650,4,1,1,1.0,0,0,0,0,0,0
main,CSDVRP-M-n50-s4,M,50,4,base,Roulette-9,8,,15,1644.838,1919.2804,1638.3367,6.5014,0.0,15.0,16.612,1569,16,0,0,0.995,0,0,0,0,0,0
main,CSDVRP-L-n75-s4,L,75,4,base,Marginal-9,6,2,25,2236.3005,2460.454,2198.4169,7.8836,30.0,25.047,26.236,951,24,1,2,1.0,0,0,0,0,0,0
main,CSDVRP-L-n75-s3,L,75,3,base,ALNS+,7,,25,2197.9865,2332.9982,2191.0177,6.9688,0.0,25.031,25.182,898,27,0,0,0.9952,0,0,0,0,0,0
exact,CSDVRP-S-n12-s1,S,12,1,base,ALNS+,8,,5,511.4838,602.7068,507.9062,3.5776,0.0,5.0,4.983,10620,4,0,0,0.994,0,0,0,0,0,0
exact,CSDVRP-S-n8-s2,S,8,2,base,Random-9,8,,5,344.8888,398.3755,342.4078,2.481,0.0,5.0,4.998,16488,3,0,0,0.8753,0,0,0,0,0,0
main,CSDVRP-XL-n150-s3,XL,150,3,base,Roulette-9,4,,50,3882.6237,4237.9876,3839.6262,12.9975,30.0,50.031,50.249,1626,44,1,2,1.0,0,0,0,0,0,0
main,CSDVRP-M-n50-s1,M,50,1,base,VNS-9,3,,15,1525.9608,1718.5004,1505.4401,5.5207,15.0,15.0,15.097,1636,16,1,1,1.0,0,0,0,0,0,0
exact,CSDVRP-S-n6-s4,S,6,4,base,ALNS+,5,,5,307.1905,316.7228,305.135,2.0555,0.0,5.0,4.991,18336,3,0,0,0.906,0,0,0,0,0,0
exact,CSDVRP-S-n12-s4,S,12,4,base,VNS,6,,5,487.5063,536.3904,484.4937,3.0126,0.0,5.0,4.999,8215,4,0,0,0.9867,0,0,0,0,0,0
main,CSDVRP-S-n15-s3,S,15,3,base,Random-9,6,,5,601.4006,692.2972,597.8561,3.5445,0.0,5.0,5.032,6228,6,0,0,0.998,0,0,0,0,0,0
main,CSDVRP-M-n30-s3,M,30,3,base,VNS,2,,10,969.1696,1099.7766,965.9069,3.2627,0.0,10.0,10.011,3746,10,0,0,0.988,0,0,0,0,0,0
exact,CSDVRP-S-n8-s2,S,8,2,base,VNS,1,,5,344.8888,398.3755,342.4078,2.481,0.0,5.0,5.043,13669,3,0,0,0.8753,0,0,0,0,0,0
main,CSDVRP-XL-n150-s4,XL,150,4,base,VNS,0,,50,3913.7375,4802.2805,3824.7904,13.9471,75.0,50.047,50.267,1352,46,4,5,1.0,0,0,0,0,0,0
main,CSDVRP-M-n50-s2,M,50,2,base,Roulette-9,3,,15,1471.369,1677.4231,1465.5918,5.7772,0.0,15.0,15.047,1966,16,0,0,0.9985,0,0,0,0,0,0
exact,CSDVRP-S-n8-s5,S,8,5,base,VNS,4,,5,423.2126,427.0275,419.9371,3.2754,0.0,5.0,4.99,14154,3,0,0,0.894,0,0,0,0,0,0
main,CSDVRP-S-n15-s3,S,15,3,base,Roulette-9,2,,5,601.4006,692.2972,597.8561,3.5445,0.0,5.0,4.999,6595,6,0,0,0.998,0,0,0,0,0,0
main,CSDVRP-S-n20-s3,S,20,3,base,DRL-VNS,2,3,6,727.4755,797.0264,693.2198,4.2557,30.0,6.0,6.036,3245,7,2,2,0.9833,0,0,0,0,0,0
exact,CSDVRP-S-n10-s3,S,10,3,base,Roulette-9,0,,5,398.3226,456.2198,394.9219,3.4007,0.0,5.0,5.12,13100,3,0,0,0.9427,0,0,0,0,0,0
main,CSDVRP-M-n30-s1,M,30,1,base,VNS,6,,10,1046.1305,1231.1888,1041.6439,4.4866,0.0,10.0,10.0,3537,10,0,0,0.9725,0,0,0,0,0,0
main,CSDVRP-M-n50-s3,M,50,3,base,DRL-ALNS,1,2,15,1426.2482,1746.7745,1405.4051,5.8431,15.0,15.0,15.078,1577,15,1,1,1.0,0,0,0,0,0,0
main,CSDVRP-L-n75-s0,L,75,0,base,DRL-VNS,9,5,25,2409.8934,2688.4285,2400.1362,9.7572,0.0,25.0,25.084,969,24,0,0,0.9984,0,0,0,0,0,0
main,CSDVRP-S-n15-s2,S,15,2,base,Marginal-9,9,5,5,604.4369,645.109,602.0225,2.4144,0.0,5.0,5.008,5561,6,0,0,0.9953,0,0,0,0,0,0
exact,CSDVRP-S-n8-s3,S,8,3,base,Marginal-9,1,2,5,339.8466,351.7127,337.5902,2.2564,0.0,5.0,5.044,15633,3,0,0,0.9567,0,0,0,0,0,0
main,CSDVRP-L-n75-s0,L,75,0,base,DRL-VNS,7,3,25,2410.783,2688.4285,2401.1797,9.6033,0.0,25.0,25.155,1095,24,0,0,0.9984,0,0,0,0,0,0
main,CSDVRP-L-n75-s4,L,75,4,base,Random-9,2,,25,2209.0824,2460.454,2200.4346,8.6478,0.0,25.0,25.185,959,24,0,0,0.9996,0,0,0,0,0,0
main,CSDVRP-XL-n150-s5,XL,150,5,base,ALNS+,8,,50,4051.2033,4291.4727,4032.6209,18.5824,0.0,50.094,50.35,634,49,0,0,0.999,0,0,0,0,0,0
main,CSDVRP-S-n15-s1,S,15,1,base,VNS-9,0,,5,599.4153,675.8866,596.1341,3.2813,0.0,5.0,4.986,6091,6,0,0,0.9,0,0,0,0,0,0
main,CSDVRP-M-n50-s0,M,50,0,base,DRL-ALNS,9,5,15,1757.8561,1986.2853,1718.2858,9.5703,30.0,15.0,15.045,1379,16,2,2,0.9855,0,0,0,0,0,0
main,CSDVRP-M-n50-s3,M,50,3,base,Roulette-9,5,,15,1410.6626,1746.7745,1390.1385,5.524,15.0,15.0,15.025,1813,15,1,1,1.0,0,0,0,0,0,0
main,CSDVRP-L-n75-s3,L,75,3,base,DRL-ALNS,8,4,25,2206.5935,2332.9982,2200.2465,6.347,0.0,25.0,25.172,861,27,0,0,0.9952,0,0,0,0,0,0
main,CSDVRP-M-n50-s0,M,50,0,base,Random-9,3,,15,1706.7269,1986.2853,1699.1272,7.5997,0.0,15.0,15.446,1756,16,0,0,0.9865,0,0,0,0,0,0
exact,CSDVRP-S-n6-s5,S,6,5,base,Roulette-9,0,,5,347.3173,347.7063,345.0582,2.2591,0.0,5.0,5.073,19188,3,0,0,0.9907,0,0,0,0,0,0
exact,CSDVRP-S-n8-s2,S,8,2,base,DRL-ALNS,5,1,5,344.8888,398.3755,342.4078,2.481,0.0,5.0,5.275,5255,3,0,0,0.8753,0,0,0,0,0,0
exact,CSDVRP-S-n6-s3,S,6,3,base,DRL-ALNS,6,2,5,230.2731,253.5784,228.5871,1.686,0.0,5.0,5.107,6276,2,0,0,0.9873,0,0,0,0,0,0
main,CSDVRP-L-n100-s2,L,100,2,base,Random-9,9,,35,2807.8786,3167.7225,2798.0605,9.8181,0.0,35.0,35.958,653,30,0,0,1.0,0,0,0,0,0,0
main,CSDVRP-M-n30-s2,M,30,2,base,VNS-9,4,,10,941.0551,1162.4183,938.3163,2.7388,0.0,10.0,10.132,3176,10,0,0,0.9865,0,0,0,0,0,0
main,CSDVRP-XL-n150-s4,XL,150,4,base,Roulette-9,6,,50,3932.9136,4802.2805,3889.2799,13.6338,30.0,50.0,51.682,1581,45,1,2,1.0,0,0,0,0,0,0
main,CSDVRP-L-n75-s3,L,75,3,base,VNS-9,8,,25,2111.2896,2332.9982,2074.7424,6.5473,30.0,25.0,25.156,988,24,1,2,1.0,0,0,0,0,0,0
main,CSDVRP-S-n15-s0,S,15,0,base,ALNS+,9,,5,631.9474,666.3141,626.1763,5.7711,0.0,5.0,5.027,6902,5,0,0,0.9967,0,0,0,0,0,0
exact,CSDVRP-S-n12-s3,S,12,3,base,VNS,5,,5,522.4878,589.3086,503.6872,3.8005,15.0,5.0,4.997,8903,4,1,1,1.0,0,0,0,0,0,0
exact,CSDVRP-S-n12-s1,S,12,1,base,DRL-VNS,1,2,5,511.8119,602.7068,507.9062,3.9057,0.0,5.0,5.258,4954,4,0,0,0.994,0,0,0,0,0,0
main,CSDVRP-S-n20-s5,S,20,5,base,Fixed-small,5,,6,763.2502,865.7,758.6853,4.5649,0.0,6.0,6.076,7235,7,0,0,0.9947,0,0,0,0,0,0
main,CSDVRP-S-n15-s3,S,15,3,base,DRL-ALNS,0,1,5,601.4006,692.2972,597.8561,3.5445,0.0,5.0,5.108,4006,6,0,0,0.998,0,0,0,0,0,0
main,CSDVRP-S-n15-s4,S,15,4,base,Roulette-9,1,,5,585.7427,624.2332,582.2908,3.4519,0.0,5.0,5.121,6402,6,0,0,0.9347,0,0,0,0,0,0
exact,CSDVRP-S-n10-s2,S,10,2,base,Random-9,0,,5,391.6922,436.4179,389.0812,2.6111,0.0,5.0,5.014,15776,3,0,0,0.9787,0,0,0,0,0,0
main,CSDVRP-L-n100-s2,L,100,2,base,Fixed-small,8,,35,2798.0342,3167.7225,2787.634,10.4002,0.0,35.0,36.612,1148,30,0,0,0.9928,0,0,0,0,0,0
main,CSDVRP-S-n15-s5,S,15,5,base,VNS-9,1,,5,666.5148,800.4223,662.7682,3.7467,0.0,5.0,5.039,7870,5,0,0,0.9993,0,0,0,0,0,0
main,CSDVRP-S-n15-s3,S,15,3,base,VNS,2,,5,601.4006,692.2972,597.8561,3.5445,0.0,5.0,5.029,5368,6,0,0,0.998,0,0,0,0,0,0
exact,CSDVRP-S-n12-s3,S,12,3,base,VNS-9,7,,5,522.4878,589.3086,503.6872,3.8005,15.0,5.0,5.263,10682,4,1,1,1.0,0,0,0,0,0,0
main,CSDVRP-S-n20-s1,S,20,1,base,DRL-ALNS,7,3,6,785.8175,908.0268,780.5879,5.2296,0.0,6.0,6.635,3075,7,0,0,0.9833,0,0,0,0,0,0
main,CSDVRP-M-n50-s4,M,50,4,base,DRL-VNS,7,3,15,1645.2849,1919.2804,1638.3367,6.9483,0.0,15.0,15.325,1494,16,0,0,0.995,0,0,0,0,0,0
main,CSDVRP-S-n15-s2,S,15,2,base,DRL-VNS,4,5,5,604.4369,645.109,602.0225,2.4144,0.0,5.0,5.041,3716,6,0,0,0.9953,0,0,0,0,0,0
main,CSDVRP-S-n15-s5,S,15,5,base,VNS,7,,5,666.5148,800.4223,662.7682,3.7467,0.0,5.0,5.283,5809,5,0,0,0.9993,0,0,0,0,0,0
main,CSDVRP-XL-n150-s5,XL,150,5,base,Marginal-9,6,2,50,3920.5286,4291.4727,3890.0126,15.516,15.0,50.016,50.609,1024,45,1,1,1.0,0,0,0,0,0,0
main,CSDVRP-S-n15-s1,S,15,1,base,Fixed-small,0,,5,599.6997,675.8866,596.1341,3.5656,0.0,5.0,5.036,5346,6,0,0,0.9,0,0,0,0,0,0
exact,CSDVRP-S-n10-s1,S,10,1,base,ALNS+,6,,5,394.7924,479.2322,392.2685,2.5239,0.0,5.0,5.013,8269,4,0,0,0.9253,0,0,0,0,0,0
main,CSDVRP-L-n100-s5,L,100,5,base,DRL-ALNS,4,5,35,2713.8663,3154.3549,2697.6536,16.2127,0.0,35.047,35.345,375,30,0,0,1.0,0,0,0,0,0,0
main,CSDVRP-L-n100-s5,L,100,5,base,VNS-9,0,,35,2637.4234,3154.3549,2581.0623,11.3611,45.0,35.094,36.448,499,30,3,3,1.0,0,0,0,0,0,0
exact,CSDVRP-S-n6-s1,S,6,1,base,Marginal-9,2,3,5,341.7876,362.2464,340.1093,1.6783,0.0,5.0,5.043,15559,3,0,0,0.926,0,0,0,0,0,0
main,CSDVRP-M-n50-s5,M,50,5,base,ALNS+,2,,15,1688.1107,1904.3598,1604.6126,8.4981,75.0,15.0,15.064,1323,15,5,5,1.0,0,0,0,0,0,0
main,CSDVRP-L-n100-s1,L,100,1,base,Random-9,7,,35,2683.712,3146.4881,2626.0134,12.6986,45.0,35.078,35.857,482,29,3,3,1.0,0,0,0,0,0,0
exact,CSDVRP-S-n6-s2,S,6,2,base,Marginal-9,8,4,5,330.7872,334.9047,328.2873,2.4999,0.0,5.0,5.004,12695,3,0,0,0.8567,0,0,0,0,0,0
main,CSDVRP-M-n30-s3,M,30,3,base,VNS-9,9,,10,969.1696,1099.7766,965.9069,3.2627,0.0,10.0,10.031,2860,10,0,0,0.988,0,0,0,0,0,0
exact,CSDVRP-S-n12-s2,S,12,2,base,VNS-9,1,,5,460.175,518.4642,458.0808,2.0942,0.0,5.0,5.012,9842,4,0,0,0.998,0,0,0,0,0,0
main,CSDVRP-S-n15-s0,S,15,0,base,Fixed-small,5,,5,606.5233,666.3141,602.2712,4.2521,0.0,5.0,4.997,6941,5,0,0,0.9927,0,0,0,0,0,0
exact,CSDVRP-S-n12-s2,S,12,2,base,Random-9,3,,5,460.175,518.4642,458.0808,2.0942,0.0,5.0,5.014,9790,4,0,0,0.998,0,0,0,0,0,0
case,CSDVRP-CS-Riyadh,case,30,0,base,Random-9,3,,30,416.3117,711.0291,411.6246,4.6871,0.0,30.0,30.004,10857,4,0,0,0.986,0,0,0,0,0,0
main,CSDVRP-S-n20-s5,S,20,5,base,Random-9,2,,6,763.1659,865.7,758.6853,4.4806,0.0,6.0,6.044,4234,7,0,0,0.9947,0,0,0,0,0,0
main,CSDVRP-S-n20-s4,S,20,4,base,ALNS+,1,,6,719.4697,798.0501,715.5041,3.9656,0.0,6.0,6.137,4140,7,0,0,0.986,0,0,0,0,0,0
main,CSDVRP-M-n50-s4,M,50,4,base,VNS-9,4,,15,1652.0076,1919.2804,1644.1598,7.8479,0.0,15.0,15.344,1184,16,0,0,0.998,0,0,0,0,0,0
main,CSDVRP-S-n15-s5,S,15,5,base,Random-9,4,,5,666.5148,800.4223,662.7682,3.7467,0.0,5.0,5.885,5300,5,0,0,0.9993,0,0,0,0,0,0
exact,CSDVRP-S-n6-s1,S,6,1,base,VNS-9,5,,5,341.7876,362.2464,340.1093,1.6783,0.0,5.0,5.686,9504,3,0,0,0.926,0,0,0,0,0,0
exact,CSDVRP-S-n6-s3,S,6,3,base,Roulette-9,8,,5,230.2731,253.5784,228.5871,1.686,0.0,5.0,5.457,7033,2,0,0,0.9873,0,0,0,0,0,0
main,CSDVRP-S-n20-s1,S,20,1,base,VNS-9,4,,6,808.7667,908.0268,789.1391,4.6276,15.0,6.0,6.05,3151,7,1,1,1.0,0,0,0,0,0,0
main,CSDVRP-XL-n150-s3,XL,150,3,base,VNS,1,,50,3779.7859,4237.9876,3762.8792,16.9067,0.0,50.062,50.447,1173,43,0,0,0.9987,0,0,0,0,0,0
exact,CSDVRP-S-n10-s1,S,10,1,base,DRL-ALNS,0,1,5,394.7924,479.2322,392.2685,2.5239,0.0,5.0,5.063,3198,4,0,0,0.9253,0,0,0,0,0,0
main,CSDVRP-S-n15-s3,S,15,3,base,VNS-9,9,,5,601.4006,692.2972,597.8561,3.5445,0.0,5.0,5.09,4166,6,0,0,0.998,0,0,0,0,0,0
main,CSDVRP-M-n50-s0,M,50,0,base,VNS,9,,15,1712.1299,1986.2853,1704.3447,7.7853,0.0,15.0,16.246,1961,16,0,0,0.986,0,0,0,0,0,0
main,CSDVRP-L-n75-s0,L,75,0,base,VNS,2,,25,2410.4396,2688.4285,2401.1797,9.2599,0.0,25.0,25.366,1198,24,0,0,0.9984,0,0,0,0,0,0
exact,CSDVRP-S-n12-s4,S,12,4,base,DRL-ALNS,4,5,5,487.5063,536.3904,484.4937,3.0126,0.0,5.0,5.064,3614,4,0,0,0.9867,0,0,0,0,0,0
main,CSDVRP-M-n30-s3,M,30,3,base,Fixed-small,6,,10,969.4487,1099.7766,965.9069,3.5418,0.0,10.0,10.075,3748,10,0,0,0.988,0,0,0,0,0,0
exact,CSDVRP-S-n10-s1,S,10,1,base,VNS,5,,5,394.7924,479.2322,392.2685,2.5239,0.0,5.0,5.014,6300,4,0,0,0.9253,0,0,0,0,0,0
main,CSDVRP-L-n100-s0,L,100,0,base,Marginal-9,7,3,35,3122.989,3458.8862,3078.5179,14.4711,30.0,35.031,36.213,475,31,1,2,1.0,0,0,0,0,0,0
main,CSDVRP-M-n50-s1,M,50,1,base,Fixed-small,3,,15,1525.9608,1718.5004,1505.4401,5.5207,15.0,15.0,15.047,2163,16,1,1,1.0,0,0,0,0,0,0
main,CSDVRP-M-n30-s5,M,30,5,base,Marginal-9,8,4,10,1128.6575,1247.2838,1123.3823,5.2752,0.0,10.0,10.058,3042,10,0,0,0.9905,0,0,0,0,0,0
exact,CSDVRP-S-n10-s5,S,10,5,base,ALNS+,9,,5,454.5993,485.8354,450.6688,3.9305,0.0,5.0,4.995,9757,3,0,0,0.956,0,0,0,0,0,0
main,CSDVRP-L-n75-s3,L,75,3,base,DRL-VNS,2,3,25,2101.8772,2332.9982,2094.8815,6.9957,0.0,25.0,25.536,807,24,0,0,0.9956,0,0,0,0,0,0
main,CSDVRP-S-n15-s4,S,15,4,base,VNS-9,3,,5,585.7427,624.2332,582.2908,3.4519,0.0,5.0,5.067,5150,6,0,0,0.9347,0,0,0,0,0,0
exact,CSDVRP-S-n6-s1,S,6,1,base,ALNS+,5,,5,341.7876,362.2464,340.1093,1.6783,0.0,5.0,4.997,15238,3,0,0,0.926,0,0,0,0,0,0
exact,CSDVRP-S-n8-s4,S,8,4,base,Marginal-9,8,4,5,360.1059,397.2233,357.0731,3.0328,0.0,5.0,5.059,10914,3,0,0,0.8793,0,0,0,0,0,0
main,CSDVRP-XL-n150-s0,XL,150,0,base,Roulette-9,4,,50,4400.7744,5021.4451,4384.8465,15.9279,0.0,50.016,50.162,1197,47,0,0,0.999,0,0,0,0,0,0
main,CSDVRP-L-n100-s2,L,100,2,base,VNS,6,,35,2798.2512,3167.7225,2786.164,12.0871,0.0,35.0,35.332,662,30,0,0,0.9972,0,0,0,0,0,0
main,CSDVRP-L-n75-s0,L,75,0,base,Roulette-9,2,,25,2441.9391,2688.4285,2403.1913,8.7478,30.0,25.031,25.173,811,24,1,2,1.0,0,0,0,0,0,0
main,CSDVRP-M-n50-s0,M,50,0,base,VNS-9,2,,15,1713.486,1986.2853,1705.7308,7.7551,0.0,15.016,15.222,1142,16,0,0,0.986,0,0,0,0,0,0
exact,CSDVRP-S-n8-s3,S,8,3,base,DRL-ALNS,4,5,5,339.8466,351.7127,337.5902,2.2564,0.0,5.0,5.018,4012,3,0,0,0.9567,0,0,0,0,0,0
main,CSDVRP-XL-n150-s5,XL,150,5,base,DRL-VNS,3,4,50,3954.2504,4291.4727,3937.5535,16.6968,0.0,50.0,50.242,768,46,0,0,0.999,0,0,0,0,0,0
main,CSDVRP-M-n50-s0,M,50,0,base,VNS-9,1,,15,1707.2202,1986.2853,1701.3382,5.8819,0.0,15.0,15.044,1254,16,0,0,0.991,0,0,0,0,0,0
main,CSDVRP-S-n20-s4,S,20,4,base,VNS,9,,6,719.4697,798.0501,715.5041,3.9656,0.0,6.0,6.006,2649,7,0,0,0.986,0,0,0,0,0,0
main,CSDVRP-XL-n150-s1,XL,150,1,base,DRL-ALNS,8,4,50,4397.2592,4744.1508,4379.7318,17.5274,0.0,50.0,50.217,532,47,0,0,0.9917,0,0,0,0,0,0
main,CSDVRP-S-n20-s1,S,20,1,base,Marginal-9,6,2,6,785.2664,908.0268,780.5879,4.6785,0.0,6.0,6.131,2861,7,0,0,0.9833,0,0,0,0,0,0
main,CSDVRP-M-n30-s2,M,30,2,base,Marginal-9,2,3,10,945.6669,1162.4183,941.8287,3.8382,0.0,10.0,10.143,2248,10,0,0,0.9865,0,0,0,0,0,0
main,CSDVRP-L-n75-s3,L,75,3,base,VNS,7,,25,2079.0522,2332.9982,2072.0521,7.0001,0.0,25.016,25.275,1069,24,0,0,0.9956,0,0,0,0,0,0
main,CSDVRP-M-n30-s3,M,30,3,base,Roulette-9,9,,10,970.8464,1099.7766,968.1897,2.6567,0.0,10.0,10.125,2429,10,0,0,0.9975,0,0,0,0,0,0
main,CSDVRP-L-n100-s5,L,100,5,base,ALNS+,7,,35,2800.2154,3154.3549,2785.3275,14.8879,0.0,35.016,35.312,318,37,0,0,0.9976,0,0,0,0,0,0
main,CSDVRP-M-n50-s0,M,50,0,base,DRL-VNS,9,5,15,1708.9696,1986.2853,1700.9035,8.0661,0.0,15.0,15.039,1035,16,0,0,0.9865,0,0,0,0,0,0
main,CSDVRP-L-n100-s4,L,100,4,base,Fixed-small,0,,35,3016.3097,3371.4529,2929.3098,11.9999,75.0,35.016,35.134,676,31,4,5,1.0,0,0,0,0,0,0
main,CSDVRP-M-n30-s5,M,30,5,base,Roulette-9,8,,10,1128.5178,1247.2838,1123.3845,5.1334,0.0,10.0,10.115,2579,10,0,0,0.9905,0,0,0,0,0,0
main,CSDVRP-M-n50-s1,M,50,1,base,Marginal-9,7,3,15,1498.2165,1718.5004,1476.7482,6.4683,15.0,15.016,15.055,1254,15,1,1,1.0,0,0,0,0,0,0
main,CSDVRP-XL-n150-s4,XL,150,4,base,DRL-ALNS,2,3,50,4233.8902,4802.2805,4220.1279,13.7623,0.0,50.047,50.517,405,55,0,0,0.988,0,0,0,0,0,0
main,CSDVRP-M-n30-s3,M,30,3,base,DRL-VNS,6,2,10,969.1696,1099.7766,965.9069,3.2627,0.0,10.0,10.065,2088,10,0,0,0.988,0,0,0,0,0,0
exact,CSDVRP-S-n10-s3,S,10,3,base,Random-9,9,,5,398.3934,456.2198,394.9219,3.4715,0.0,5.0,5.045,8365,3,0,0,0.9427,0,0,0,0,0,0
main,CSDVRP-S-n15-s1,S,15,1,base,VNS-9,6,,5,599.4153,675.8866,596.1341,3.2813,0.0,5.0,5.01,3689,6,0,0,0.9,0,0,0,0,0,0
exact,CSDVRP-S-n6-s3,S,6,3,base,DRL-VNS,6,2,5,230.2731,253.5784,228.5871,1.686,0.0,5.0,5.011,5316,2,0,0,0.9873,0,0,0,0,0,0
exact,CSDVRP-S-n10-s1,S,10,1,base,Roulette-9,8,,5,394.7924,479.2322,392.2685,2.5239,0.0,5.0,5.046,5097,4,0,0,0.9253,0,0,0,0,0,0
main,CSDVRP-M-n50-s2,M,50,2,base,VNS-9,9,,15,1469.2486,1677.4231,1462.0673,7.1813,0.0,15.0,15.171,1097,16,0,0,0.9985,0,0,0,0,0,0
case,CSDVRP-CS-Riyadh,case,30,0,base,VNS-9,0,,30,421.4768,711.0291,415.2631,6.2137,0.0,30.0,30.086,8683,4,0,0,0.982,0,0,0,0,0,0
main,CSDVRP-L-n100-s1,L,100,1,base,Random-9,9,,35,2755.5338,3146.4881,2668.8319,11.7018,75.0,35.047,35.356,451,29,4,5,1.0,0,0,0,0,0,0
main,CSDVRP-M-n50-s4,M,50,4,base,Marginal-9,4,5,15,1641.6666,1919.2804,1635.6131,6.0535,0.0,15.0,15.078,1008,16,0,0,0.9785,0,0,0,0,0,0
main,CSDVRP-L-n100-s2,L,100,2,base,ALNS+,2,,35,2858.4338,3167.7225,2845.4496,12.9843,0.0,35.078,35.427,335,30,0,0,0.9972,0,0,0,0,0,0
exact,CSDVRP-S-n6-s1,S,6,1,base,Roulette-9,4,,5,341.7876,362.2464,340.1093,1.6783,0.0,5.0,5.033,14875,3,0,0,0.926,0,0,0,0,0,0
main,CSDVRP-XL-n150-s4,XL,150,4,base,ALNS+,8,,50,4089.9098,4802.2805,4074.8569,15.0529,0.0,50.016,52.663,463,52,0,0,0.9983,0,0,0,0,0,0
exact,CSDVRP-S-n12-s3,S,12,3,base,DRL-ALNS,0,1,5,522.4878,589.3086,503.6872,3.8005,15.0,5.0,5.72,3531,4,1,1,1.0,0,0,0,0,0,0
main,CSDVRP-L-n100-s1,L,100,1,base,Marginal-9,1,2,35,2690.2597,3146.4881,2663.3514,11.9083,15.0,35.094,37.345,527,29,1,1,1.0,0,0,0,0,0,0
main,CSDVRP-M-n50-s1,M,50,1,base,DRL-ALNS,8,4,15,1574.9887,1718.5004,1493.0183,6.9704,75.0,15.0,15.051,1123,15,4,5,1.0,0,0,0,0,0,0
main,CSDVRP-L-n100-s5,L,100,5,base,Roulette-9,8,,35,2729.8986,3154.3549,2626.6002,13.2983,90.0,35.0,35.424,376,30,4,6,1.0,0,0,0,0,0,0
main,CSDVRP-M-n30-s1,M,30,1,base,Roulette-9,0,,10,1050.9453,1231.1888,1031.6902,4.2551,15.0,10.0,10.008,2069,10,1,1,1.0,0,0,0,0,0,0
main,CSDVRP-M-n50-s4,M,50,4,base,DRL-VNS,6,2,15,1648.472,1919.2804,1641.408,7.064,0.0,15.0,15.057,978,16,0,0,0.9925,0,0,0,0,0,0
exact,CSDVRP-S-n6-s3,S,6,3,base,Roulette-9,3,,5,230.2731,253.5784,228.5871,1.686,0.0,5.0,5.022,15604,2,0,0,0.9873,0,0,0,0,0,0
main,CSDVRP-XL-n150-s0,XL,150,0,base,Fixed-small,5,,50,4365.429,5021.4451,4348.2347,17.1943,0.0,50.0,50.528,1532,47,0,0,0.9997,0,0,0,0,0,0
main,CSDVRP-M-n50-s1,M,50,1,base,Random-9,4,,15,1502.2142,1718.5004,1495.4243,6.7899,0.0,15.0,15.03,1223,15,0,0,0.994,0,0,0,0,0,0
case,CSDVRP-CS-Riyadh,case,30,0,base,ALNS+,1,,30,420.8407,711.0291,415.2538,5.5869,0.0,30.0,30.227,9790,4,0,0,0.982,0,0,0,0,0,0
main,CSDVRP-M-n30-s5,M,30,5,base,Marginal-9,9,5,10,1128.5178,1247.2838,1123.3845,5.1334,0.0,10.0,10.376,2901,10,0,0,0.9905,0,0,0,0,0,0
exact,CSDVRP-S-n8-s1,S,8,1,base,Roulette-9,9,,5,335.8429,376.3954,333.6723,2.1706,0.0,5.0,5.165,12074,3,0,0,0.9073,0,0,0,0,0,0
main,CSDVRP-S-n15-s4,S,15,4,base,Roulette-9,4,,5,585.7427,624.2332,582.2908,3.4519,0.0,5.0,5.717,5074,6,0,0,0.9347,0,0,0,0,0,0
exact,CSDVRP-S-n8-s3,S,8,3,base,Marginal-9,0,1,5,339.8466,351.7127,337.5902,2.2564,0.0,5.0,5.805,11458,3,0,0,0.9567,0,0,0,0,0,0
exact,CSDVRP-S-n12-s2,S,12,2,base,DRL-ALNS,3,4,5,460.175,518.4642,458.0808,2.0942,0.0,5.0,5.453,3842,4,0,0,0.998,0,0,0,0,0,0
exact,CSDVRP-S-n10-s1,S,10,1,base,VNS-9,7,,5,412.7783,479.2322,395.3076,2.4708,15.0,5.0,5.043,6361,4,1,1,0.9433,0,0,0,0,0,0
main,CSDVRP-M-n30-s5,M,30,5,base,ALNS+,3,,10,1119.8216,1247.2838,1084.7428,5.0788,30.0,10.0,10.45,2986,10,1,2,1.0,0,0,0,0,0,0
main,CSDVRP-S-n15-s2,S,15,2,base,DRL-VNS,3,4,5,604.4369,645.109,602.0225,2.4144,0.0,5.0,5.51,3028,6,0,0,0.9953,0,0,0,0,0,0
main,CSDVRP-M-n50-s2,M,50,2,base,DRL-VNS,9,5,15,1484.916,1677.4231,1463.4104,6.5056,15.0,15.016,16.412,1044,16,1,1,1.0,0,0,0,0,0,0
main,CSDVRP-L-n75-s2,L,75,2,base,DRL-VNS,1,2,25,2136.6681,2442.0216,2095.4804,11.1877,30.0,25.0,25.203,756,22,2,2,1.0,0,0,0,0,0,0
main,CSDVRP-S-n20-s4,S,20,4,base,ALNS+,6,,6,719.4697,798.0501,715.5041,3.9656,0.0,6.0,6.134,3283,7,0,0,0.986,0,0,0,0,0,0
main,CSDVRP-S-n20-s2,S,20,2,base,DRL-VNS,2,3,6,670.1283,732.8183,667.0092,3.1191,0.0,6.0,6.04,2129,7,0,0,0.9933,0,0,0,0,0,0
exact,CSDVRP-S-n8-s3,S,8,3,base,Fixed-small,0,,5,339.8466,351.7127,337.5902,2.2564,0.0,5.0,5.028,11096,3,0,0,0.9567,0,0,0,0,0,0
exact,CSDVRP-S-n8-s4,S,8,4,base,Fixed-small,9,,5,359.1905,397.2233,357.0731,2.1174,0.0,5.0,5.014,10642,3,0,0,0.8793,0,0,0,0,0,0
main,CSDVRP-S-n20-s3,S,20,3,base,Fixed-small,6,,6,700.2336,797.0264,681.175,4.0586,15.0,6.0,6.03,4586,7,1,1,1.0,0,0,0,0,0,0
main,CSDVRP-M-n50-s5,M,50,5,base,Roulette-9,8,,15,1644.2241,1904.3598,1636.1528,8.0712,0.0,15.016,15.045,1180,16,0,0,0.998,0,0,0,0,0,0
exact,CSDVRP-S-n6-s3,S,6,3,base,VNS,5,,5,230.2731,253.5784,228.5871,1.686,0.0,5.0,5.011,20369,2,0,0,0.9873,0,0,0,0,0,0
exact,CSDVRP-S-n6-s3,S,6,3,base,Marginal-9,0,1,5,230.2731,253.5784,228.5871,1.686,0.0,5.0,5.001,19415,2,0,0,0.9873,0,0,0,0,0,0
main,CSDVRP-M-n30-s5,M,30,5,base,Roulette-9,1,,10,1113.7167,1247.2838,1094.2328,4.4838,15.0,10.0,10.153,2235,10,1,1,1.0,0,0,0,0,0,0
main,CSDVRP-L-n100-s0,L,100,0,base,ALNS+,9,,35,3200.4801,3458.8862,3184.6593,15.8208,0.0,35.016,35.247,321,34,0,0,0.9908,0,0,0,0,0,0
main,CSDVRP-L-n100-s1,L,100,1,base,Random-9,4,,35,2668.4459,3146.4881,2640.6433,12.8026,15.0,35.188,35.45,487,29,1,1,1.0,0,0,0,0,0,0
main,CSDVRP-L-n100-s1,L,100,1,base,VNS,4,,35,2684.3499,3146.4881,2628.7104,10.6395,45.0,35.047,35.209,591,29,3,3,1.0,0,0,0,0,0,0
case,CSDVRP-CS-Riyadh,case,30,0,base,Roulette-9,7,,30,420.8407,711.0291,415.2538,5.5869,0.0,30.0,30.177,7460,4,0,0,0.982,0,0,0,0,0,0
exact,CSDVRP-S-n6-s4,S,6,4,base,ALNS+,7,,5,307.1905,316.7228,305.135,2.0555,0.0,5.0,5.037,11456,3,0,0,0.906,0,0,0,0,0,0
main,CSDVRP-M-n30-s5,M,30,5,base,Marginal-9,3,4,10,1119.5592,1247.2838,1084.7428,4.8164,30.0,10.0,10.031,2378,10,1,2,1.0,0,0,0,0,0,0
main,CSDVRP-S-n20-s0,S,20,0,base,Fixed-small,4,,6,784.7513,835.2978,781.7371,3.0142,0.0,6.0,6.011,3544,8,0,0,0.9987,0,0,0,0,0,0
main,CSDVRP-S-n20-s3,S,20,3,base,VNS-9,6,,6,714.5796,797.0264,695.6625,3.9171,15.0,6.0,6.074,3176,7,1,1,1.0,0,0,0,0,0,0
main,CSDVRP-M-n50-s4,M,50,4,base,Marginal-9,2,3,15,1669.0302,1919.2804,1662.2433,6.7869,0.0,15.0,15.102,1054,16,0,0,0.998,0,0,0,0,0,0
main,CSDVRP-M-n50-s3,M,50,3,base,VNS-9,7,,15,1430.5271,1746.7745,1395.1227,5.4044,30.0,15.0,15.136,1204,15,2,2,1.0,0,0,0,0,0,0
main,CSDVRP-M-n30-s3,M,30,3,base,Roulette-9,0,,10,969.1696,1099.7766,965.9069,3.2627,0.0,10.0,10.07,2464,10,0,0,0.988,0,0,0,0,0,0
exact,CSDVRP-S-n12-s2,S,12,2,base,VNS,2,,5,460.175,518.4642,458.0808,2.0942,0.0,5.0,5.055,6825,4,0,0,0.998,0,0,0,0,0,0
main,CSDVRP-XL-n150-s1,XL,150,1,base,Fixed-small,7,,50,4308.1536,4744.1508,4219.5643,13.5892,75.0,50.031,50.678,1323,46,3,5,1.0,0,0,0,0,0,0
exact,CSDVRP-S-n12-s5,S,12,5,base,Marginal-9,1,2,5,521.0601,535.5205,517.6832,3.3769,0.0,5.0,5.094,5372,4,0,0,0.978,0,0,0,0,0,0
exact,CSDVRP-S-n8-s3,S,8,3,base,Random-9,4,,5,339.8466,351.7127,337.5902,2.2564,0.0,5.0,5.027,9657,3,0,0,0.9567,0,0,0,0,0,0
main,CSDVRP-L-n100-s5,L,100,5,base,DRL-ALNS,3,4,35,2718.0603,3154.3549,2657.4636,15.5967,45.0,35.062,35.51,272,31,2,3,1.0,0,0,0,0,0,0
main,CSDVRP-M-n50-s1,M,50,1,base,ALNS+,7,,15,1579.4872,1718.5004,1526.9156,7.5716,45.0,15.0,15.096,980,15,3,3,1.0,0,0,0,0,0,0
main,CSDVRP-S-n15-s3,S,15,3,base,DRL-ALNS,1,2,5,613.8579,692.2972,595.8443,3.0136,15.0,5.0,5.076,2299,5,1,1,1.0,0,0,0,0,0,0
main,CSDVRP-L-n75-s5,L,75,5,base,DRL-ALNS,7,3,25,2192.1866,2327.4464,2151.367,10.8196,30.0,25.0,25.258,461,22,1,2,1.0,0,0,0,0,0,0
exact,CSDVRP-S-n8-s5,S,8,5,base,ALNS+,1,,5,423.2126,427.0275,419.9371,3.2754,0.0,5.0,5.013,8633,3,0,0,0.894,0,0,0,0,0,0
exact,CSDVRP-S-n10-s1,S,10,1,base,VNS-9,2,,5,394.7924,479.2322,392.2685,2.5239,0.0,5.0,5.028,4996,4,0,0,0.9253,0,0,0,0,0,0
main,CSDVRP-L-n100-s1,L,100,1,base,Roulette-9,0,,35,2656.0046,3146.4881,2643.6389,12.3657,0.0,35.109,35.474,435,29,0,0,0.9968,0,0,0,0,0,0
main,CSDVRP-S-n20-s0,S,20,0,base,Random-9,6,,6,756.3441,835.2978,752.4896,3.8544,0.0,6.0,5.989,2614,7,0,0,0.9987,0,0,0,0,0,0
main,CSDVRP-M-n50-s3,M,50,3,base,VNS,3,,15,1400.215,1746.7745,1393.2711,6.944,0.0,15.0,15.203,1577,15,0,0,0.994,0,0,0,0,0,0
exact,CSDVRP-S-n12-s3,S,12,3,base,VNS-9,4,,5,522.4878,589.3086,503.6872,3.8005,15.0,5.0,5.085,6104,4,1,1,1.0,0,0,0,0,0,0
exact,CSDVRP-S-n12-s4,S,12,4,base,Random-9,9,,5,487.5063,536.3904,484.4937,3.0126,0.0,5.0,5.011,5726,4,0,0,0.9867,0,0,0,0,0,0
main,CSDVRP-S-n20-s1,S,20,1,base,Random-9,1,,6,785.2664,908.0268,780.5879,4.6785,0.0,6.0,6.362,2884,7,0,0,0.9833,0,0,0,0,0,0
exact,CSDVRP-S-n6-s5,S,6,5,base,Random-9,4,,5,347.3173,347.7063,345.0582,2.2591,0.0,5.0,5.166,14377,3,0,0,0.9907,0,0,0,0,0,0
exact,CSDVRP-S-n8-s2,S,8,2,base,DRL-VNS,5,1,5,344.8888,398.3755,342.4078,2.481,0.0,5.0,5.236,3703,3,0,0,0.8753,0,0,0,0,0,0
main,CSDVRP-S-n20-s5,S,20,5,base,Marginal-9,3,4,6,763.1659,865.7,758.6853,4.4806,0.0,6.0,6.068,2951,7,0,0,0.9947,0,0,0,0,0,0
main,CSDVRP-M-n50-s1,M,50,1,base,VNS-9,4,,15,1498.5739,1718.5004,1476.7482,6.8257,15.0,15.016,15.46,1161,15,1,1,1.0,0,0,0,0,0,0
main,CSDVRP-M-n50-s1,M,50,1,base,VNS-9,1,,15,1519.2544,1718.5004,1513.1913,6.0631,0.0,15.0,15.378,1184,16,0,0,0.994,0,0,0,0,0,0
main,CSDVRP-M-n30-s3,M,30,3,base,Random-9,8,,10,970.8464,1099.7766,968.1897,2.6567,0.0,10.0,10.03,2758,10,0,0,0.9975,0,0,0,0,0,0
main,CSDVRP-XL-n150-s4,XL,150,4,base,Roulette-9,0,,50,3869.5898,4802.2805,3827.6595,11.9303,30.0,50.016,50.556,1199,46,1,2,1.0,0,0,0,0,0,0
main,CSDVRP-L-n100-s3,L,100,3,base,Roulette-9,3,,35,2754.6035,3095.0715,2742.5386,12.0649,0.0,35.0,35.83,303,31,0,0,0.9924,0,0,0,0,0,0
main,CSDVRP-L-n75-s3,L,75,3,base,VNS-9,7,,25,2089.5532,2332.9982,2038.0519,6.5014,45.0,25.0,25.143,751,23,2,3,1.0,0,0,0,0,0,0
exact,CSDVRP-S-n12-s5,S,12,5,base,Roulette-9,8,,5,521.0601,535.5205,517.6832,3.3769,0.0,5.0,5.014,6710,4,0,0,0.978,0,0,0,0,0,0
main,CSDVRP-XL-n150-s5,XL,150,5,base,Fixed-small,8,,50,3896.1596,4291.4727,3837.2022,13.9574,45.0,50.0,51.03,2247,45,2,3,1.0,0,0,0,0,0,0
main,CSDVRP-L-n100-s2,L,100,2,base,Roulette-9,3,,35,2787.3311,3167.7225,2774.982,12.3492,0.0,35.016,35.814,758,30,0,0,0.9916,0,0,0,0,0,0
exact,CSDVRP-S-n10-s3,S,10,3,base,Fixed-small,2,,5,398.3226,456.2198,394.9219,3.4007,0.0,5.0,5.023,15880,3,0,0,0.9427,0,0,0,0,0,0
exact,CSDVRP-S-n10-s4,S,10,4,base,VNS-9,4,,5,387.7762,460.8567,384.9244,2.8518,0.0,5.0,5.013,15767,3,0,0,0.98,0,0,0,0,0,0
exact,CSDVRP-S-n8-s5,S,8,5,base,ALNS+,7,,5,423.2126,427.0275,419.9371,3.2754,0.0,5.0,4.996,15822,3,0,0,0.894,0,0,0,0,0,0
main,CSDVRP-XL-n150-s3,XL,150,3,base,Marginal-9,3,4,50,3836.6141,4237.9876,3821.7958,14.8183,0.0,50.031,50.227,1364,44,0,0,0.9983,0,0,0,0,0,0
main,CSDVRP-L-n75-s2,L,75,2,base,DRL-VNS,8,4,25,2113.681,2442.0216,2104.0414,9.6396,0.0,25.0,25.262,957,23,0,0,0.996,0,0,0,0,0,0
main,CSDVRP-M-n50-s1,M,50,1,base,DRL-VNS,5,1,15,1498.8818,1718.5004,1493.2879,5.5939,0.0,15.0,16.267,1756,15,0,0,0.9915,0,0,0,0,0,0
exact,CSDVRP-S-n6-s2,S,6,2,base,DRL-ALNS,6,2,5,330.2083,334.9047,328.2873,1.921,0.0,5.0,5.2,6062,3,0,0,0.8567,0,0,0,0,0,0
main,CSDVRP-M-n30-s2,M,30,2,base,VNS,3,,10,955.7292,1162.4183,937.8256,2.9036,15.0,10.0,9.999,3257,10,1,1,1.0,0,0,0,0,0,0
main,CSDVRP-M-n30-s0,M,30,0,base,Roulette-9,5,,10,1110.5475,1303.6377,1091.4559,4.0916,15.0,10.0,10.09,3719,11,1,1,0.999,0,0,0,0,0,0
exact,CSDVRP-S-n6-s1,S,6,1,base,VNS,6,,5,341.7876,362.2464,340.1093,1.6783,0.0,5.0,5.013,19435,3,0,0,0.926,0,0,0,0,0,0
main,CSDVRP-M-n30-s3,M,30,3,base,VNS-9,1,,10,970.8464,1099.7766,968.1897,2.6567,0.0,10.0,10.035,3290,10,0,0,0.9975,0,0,0,0,0,0
exact,CSDVRP-S-n12-s5,S,12,5,base,DRL-ALNS,7,3,5,521.0601,535.5205,517.6832,3.3769,0.0,5.0,5.711,4431,4,0,0,0.978,0,0,0,0,0,0
main,CSDVRP-S-n20-s1,S,20,1,base,Random-9,0,,6,785.2664,908.0268,780.5879,4.6785,0.0,6.0,6.091,4688,7,0,0,0.9833,0,0,0,0,0,0
main,CSDVRP-M-n30-s2,M,30,2,base,Random-9,4,,10,947.8835,1162.4183,930.1373,2.7462,15.0,10.0,11.358,3477,10,1,1,1.0,0,0,0,0,0,0
main,CSDVRP-S-n15-s2,S,15,2,base,DRL-ALNS,7,3,5,604.4369,645.109,602.0225,2.4144,0.0,5.0,5.154,3542,6,0,0,0.9953,0,0,0,0,0,0
main,CSDVRP-M-n30-s3,M,30,3,base,VNS-9,3,,10,970.8464,1099.7766,968.1897,2.6567,0.0,10.0,11.544,3416,10,0,0,0.9975,0,0,0,0,0,0
main,CSDVRP-L-n75-s2,L,75,2,base,VNS-9,3,,25,2084.1765,2442.0216,2059.8882,9.2883,15.0,25.0,25.843,1125,22,1,1,1.0,0,0,0,0,0,0
main,CSDVRP-S-n20-s2,S,20,2,base,Marginal-9,6,2,6,670.121,732.8183,667.0092,3.1118,0.0,6.0,6.324,4460,7,0,0,0.9933,0,0,0,0,0,0
main,CSDVRP-S-n20-s5,S,20,5,base,Random-9,8,,6,763.1659,865.7,758.6853,4.4806,0.0,6.0,6.591,5215,7,0,0,0.9947,0,0,0,0,0,0
exact,CSDVRP-S-n10-s5,S,10,5,base,DRL-VNS,4,5,5,454.5993,485.8354,450.6688,3.9305,0.0,5.0,5.591,5083,3,0,0,0.956,0,0,0,0,0,0
main,CSDVRP-L-n75-s5,L,75,5,base,DRL-ALNS,5,1,25,2183.2613,2327.4464,2173.6841,9.5772,0.0,25.0,25.755,644,23,0,0,0.9984,0,0,0,0,0,0
main,CSDVRP-L-n100-s0,L,100,0,base,DRL-VNS,2,3,35,3079.5642,3458.8862,3036.989,12.5752,30.0,35.031,35.4,677,31,1,2,1.0,0,0,0,0,0,0
main,CSDVRP-XL-n150-s3,XL,150,3,base,Random-9,0,,50,3867.6371,4237.9876,3853.3499,14.2871,0.0,50.016,51.57,1455,44,0,0,0.9993,0,0,0,0,0,0
main,CSDVRP-M-n30-s1,M,30,1,base,Roulette-9,3,,10,1031.4688,1231.1888,1027.1043,4.3646,0.0,10.0,10.031,3205,10,0,0,0.98,0,0,0,0,0,0
main,CSDVRP-M-n50-s4,M,50,4,base,ALNS+,0,,15,1770.5113,1919.2804,1658.471,7.0403,105.0,15.0,15.028,1392,16,6,7,1.0,0,0,0,0,0,0
main,CSDVRP-XL-n150-s0,XL,150,0,base,ALNS+,9,,50,4624.456,5021.4451,4609.2206,15.2354,0.0,50.016,51.274,615,53,0,0,0.9937,0,0,0,0,0,0
exact,CSDVRP-S-n8-s3,S,8,3,base,Roulette-9,5,,5,339.8466,351.7127,337.5902,2.2564,0.0,5.0,5.466,15288,3,0,0,0.9567,0,0,0,0,0,0
main,CSDVRP-L-n100-s0,L,100,0,base,Marginal-9,4,5,35,3117.5337,3458.8862,3073.0209,14.5128,30.0,35.031,37.067,421,31,1,2,1.0,0,0,0,0,0,0
main,CSDVRP-XL-n150-s5,XL,150,5,base,Roulette-9,1,,50,3912.2799,4291.4727,3896.2613,16.0186,0.0,50.031,51.407,1236,46,0,0,0.9987,0,0,0,0,0,0
main,CSDVRP-XL-n150-s2,XL,150,2,base,DRL-ALNS,3,4,50,4116.2266,4545.4892,4100.9328,15.2938,0.0,50.016,51.818,872,47,0,0,1.0,0,0,0,0,0,0
main,CSDVRP-M-n30-s5,M,30,5,base,DRL-ALNS,8,4,10,1119.5938,1247.2838,1084.6448,4.9489,30.0,10.0,11.511,3223,10,1,2,1.0,0,0,0,0,0,0
main,CSDVRP-S-n20-s0,S,20,0,base,Roulette-9,9,,6,756.2207,835.2978,752.4896,3.7311,0.0,6.0,6.326,4494,7,0,0,0.9987,0,0,0,0,0,0
exact,CSDVRP-S-n10-s4,S,10,4,base,Random-9,9,,5,387.4582,460.8567,384.9244,2.5338,0.0,5.0,5.153,14337,3,0,0,0.98,0,0,0,0,0,0
exact,CSDVRP-S-n8-s3,S,8,3,base,VNS-9,8,,5,339.8466,351.7127,337.5902,2.2564,0.0,5.0,5.297,16101,3,0,0,0.9567,0,0,0,0,0,0
exact,CSDVRP-S-n8-s5,S,8,5,base,DRL-VNS,8,4,5,423.2126,427.0275,419.9371,3.2754,0.0,5.0,5.417,6210,3,0,0,0.894,0,0,0,0,0,0
main,CSDVRP-S-n15-s3,S,15,3,base,Marginal-9,7,3,5,601.4006,692.2972,597.8561,3.5445,0.0,5.0,5.028,8722,6,0,0,0.998,0,0,0,0,0,0
exact,CSDVRP-S-n8-s2,S,8,2,base,VNS-9,5,,5,344.8888,398.3755,342.4078,2.481,0.0,5.0,5.03,16093,3,0,0,0.8753,0,0,0,0,0,0
main,CSDVRP-XL-n150-s2,XL,150,2,base,VNS-9,4,,50,4030.5159,4545.4892,4017.0066,13.5093,0.0,50.0,50.895,1537,46,0,0,1.0,0,0,0,0,0,0
exact,CSDVRP-S-n12-s4,S,12,4,base,Fixed-small,7,,5,487.6731,536.3904,484.4937,3.1794,0.0,5.0,5.112,12779,4,0,0,0.9867,0,0,0,0,0,0
main,CSDVRP-XL-n150-s1,XL,150,1,base,Random-9,3,,50,4303.133,4744.1508,4257.4115,15.7216,30.0,50.0,51.326,1495,45,2,2,1.0,0,0,0,0,0,0
exact,CSDVRP-S-n12-s3,S,12,3,base,Marginal-9,2,3,5,522.4878,589.3086,503.6872,3.8005,15.0,5.0,5.108,11223,4,1,1,1.0,0,0,0,0,0,0
exact,CSDVRP-S-n10-s2,S,10,2,base,DRL-ALNS,5,1,5,387.0424,436.4179,383.4745,3.5679,0.0,5.0,5.575,6236,3,0,0,0.9893,0,0,0,0,0,0
main,CSDVRP-XL-n150-s3,XL,150,3,base,DRL-VNS,1,2,50,3846.9234,4237.9876,3831.0685,15.8549,0.0,50.0,51.059,1562,44,0,0,0.9973,0,0,0,0,0,0
main,CSDVRP-L-n100-s4,L,100,4,base,Marginal-9,8,4,35,2931.3305,3371.4529,2917.0466,14.284,0.0,35.0,35.277,767,31,0,0,0.9988,0,0,0,0,0,0
exact,CSDVRP-S-n8-s5,S,8,5,base,VNS-9,3,,5,423.2126,427.0275,419.9371,3.2754,0.0,5.0,5.218,14828,3,0,0,0.894,0,0,0,0,0,0
main,CSDVRP-L-n100-s1,L,100,1,base,VNS,9,,35,2677.4087,3146.4881,2636.0149,11.3938,30.0,35.0,35.148,957,29,1,2,1.0,0,0,0,0,0,0
main,CSDVRP-L-n75-s3,L,75,3,base,DRL-VNS,1,2,25,2109.5268,2332.9982,2088.192,6.3348,15.0,25.0,25.018,1162,24,1,1,1.0,0,0,0,0,0,0
exact,CSDVRP-S-n6-s2,S,6,2,base,Roulette-9,6,,5,330.7872,334.9047,328.2873,2.4999,0.0,5.0,5.043,17717,3,0,0,0.8567,0,0,0,0,0,0
main,CSDVRP-S-n20-s5,S,20,5,base,VNS-9,7,,6,763.1659,865.7,758.6853,4.4806,0.0,6.0,6.016,5787,7,0,0,0.9947,0,0,0,0,0,0
main,CSDVRP-XL-n150-s0,XL,150,0,base,Fixed-small,6,,50,4359.2248,5021.4451,4315.7158,13.509,30.0,50.016,50.14,2544,47,2,2,1.0,0,0,0,0,0,0
exact,CSDVRP-S-n10-s3,S,10,3,base,Fixed-small,8,,5,398.3934,456.2198,394.9219,3.4715,0.0,5.0,5.01,16517,3,0,0,0.9427,0,0,0,0,0,0
main,CSDVRP-S-n20-s1,S,20,1,base,Roulette-9,5,,6,808.7667,908.0268,789.1391,4.6276,15.0,6.0,6.015,4940,7,1,1,1.0,0,0,0,0,0,0
main,CSDVRP-M-n50-s0,M,50,0,base,VNS-9,8,,15,1705.6021,1986.2853,1699.1272,6.4749,0.0,15.0,15.062,1972,16,0,0,0.9865,0,0,0,0,0,0
main,CSDVRP-L-n75-s5,L,75,5,base,DRL-ALNS,4,5,25,2220.5619,2327.4464,2210.3113,10.2506,0.0,25.0,25.046,883,24,0,0,0.9984,0,0,0,0,0,0
exact,CSDVRP-S-n10-s4,S,10,4,base,VNS,6,,5,387.4582,460.8567,384.9244,2.5338,0.0,5.0,4.994,14210,3,0,0,0.98,0,0,0,0,0,0
exact,CSDVRP-S-n12-s4,S,12,4,base,DRL-VNS,7,3,5,487.5063,536.3904,484.4937,3.0126,0.0,5.0,4.995,5973,4,0,0,0.9867,0,0,0,0,0,0
main,CSDVRP-S-n15-s0,S,15,0,base,VNS,3,,5,622.621,666.3141,603.3505,4.2704,15.0,5.0,5.0,6156,5,1,1,1.0,0,0,0,0,0,0
exact,CSDVRP-S-n10-s4,S,10,4,base,DRL-ALNS,6,2,5,387.4582,460.8567,384.9244,2.5338,0.0,5.0,5.012,6327,3,0,0,0.98,0,0,0,0,0,0
main,CSDVRP-L-n75-s3,L,75,3,base,DRL-VNS,7,3,25,2085.4276,2332.9982,2077.982,7.4456,0.0,25.0,25.04,1136,24,0,0,0.996,0,0,0,0,0,0
main,CSDVRP-L-n75-s2,L,75,2,base,Roulette-9,0,,25,2085.2873,2442.0216,2060.5766,9.7107,15.0,25.0,25.018,1299,22,1,1,1.0,0,0,0,0,0,0
main,CSDVRP-M-n30-s3,M,30,3,base,ALNS+,4,,10,981.4303,1099.7766,963.276,3.1544,15.0,10.0,9.997,4518,10,1,1,1.0,0,0,0,0,0,0
exact,CSDVRP-S-n10-s2,S,10,2,base,Fixed-small,6,,5,392.0733,436.4179,389.0812,2.9921,0.0,5.0,5.013,19081,3,0,0,0.9787,0,0,0,0,0,0
main,CSDVRP-L-n75-s4,L,75,4,base,Marginal-9,3,4,25,2208.5833,2460.454,2201.6969,6.8864,0.0,25.0,25.03,1030,24,0,0,0.998,0,0,0,0,0,0
exact,CSDVRP-S-n10-s4,S,10,4,base,Random-9,8,,5,387.4582,460.8567,384.9244,2.5338,0.0,5.0,5.012,16531,3,0,0,0.98,0,0,0,0,0,0
main,CSDVRP-XL-n150-s5,XL,150,5,base,VNS-9,2,,50,3947.5084,4291.4727,3931.0938,16.4146,0.0,50.078,50.123,1502,45,0,0,0.9993,0,0,0,0,0,0
exact,CSDVRP-S-n8-s1,S,8,1,base,DRL-VNS,3,4,5,335.8429,376.3954,333.6723,2.1706,0.0,5.0,5.105,7598,3,0,0,0.9073,0,0,0,0,0,0
exact,CSDVRP-S-n10-s4,S,10,4,base,Marginal-9,4,5,5,387.4582,460.8567,384.9244,2.5338,0.0,5.0,5.0,15056,3,0,0,0.98,0,0,0,0,0,0
main,CSDVRP-L-n100-s3,L,100,3,base,DRL-VNS,1,2,35,2727.1756,3095.0715,2716.3943,10.7813,0.0,35.0,35.042,758,31,0,0,1.0,0,0,0,0,0,0
main,CSDVRP-S-n20-s2,S,20,2,base,DRL-VNS,6,2,6,670.121,732.8183,667.0092,3.1118,0.0,6.0,6.06,3530,7,0,0,0.9933,0,0,0,0,0,0
main,CSDVRP-M-n30-s1,M,30,1,base,Roulette-9,4,,10,1031.631,1231.1888,1027.1043,4.5267,0.0,10.0,10.03,3316,10,0,0,0.98,0,0,0,0,0,0
main,CSDVRP-L-n75-s1,L,75,1,base,DRL-ALNS,4,5,25,2210.2973,2408.8056,2154.5153,10.782,45.0,25.078,25.162,834,23,2,3,0.998,0,0,0,0,0,0
main,CSDVRP-L-n100-s3,L,100,3,base,Random-9,2,,35,2754.6917,3095.0715,2744.8011,9.8906,0.0,35.062,35.151,705,32,0,0,1.0,0,0,0,0,0,0
main,CSDVRP-M-n50-s4,M,50,4,base,DRL-VNS,3,4,15,1647.6901,1919.2804,1641.0889,6.6011,0.0,15.0,15.053,1596,16,0,0,0.9925,0,0,0,0,0,0
main,CSDVRP-S-n20-s4,S,20,4,base,Roulette-9,3,,6,719.4697,798.0501,715.5041,3.9656,0.0,6.0,6.058,4625,7,0,0,0.986,0,0,0,0,0,0
main,CSDVRP-L-n75-s1,L,75,1,base,VNS-9,9,,25,2102.3,2408.8056,2078.2088,9.0912,15.0,25.0,25.135,1081,23,1,1,1.0,0,0,0,0,0,0
exact,CSDVRP-S-n6-s1,S,6,1,base,VNS,8,,5,341.7876,362.2464,340.1093,1.6783,0.0,5.0,5.016,20700,3,0,0,0.926,0,0,0,0,0,0
main,CSDVRP-XL-n150-s5,XL,150,5,base,DRL-VNS,6,2,50,3880.8008,4291.4727,3834.6164,16.1844,30.0,50.016,50.138,1629,45,1,2,1.0,0,0,0,0,0,0
exact,CSDVRP-S-n12-s2,S,12,2,base,Marginal-9,3,4,5,460.175,518.4642,458.0808,2.0942,0.0,5.0,4.996,13223,4,0,0,0.998,0,0,0,0,0,0
main,CSDVRP-M-n30-s0,M,30,0,base,VNS,2,,10,1092.9389,1303.6377,1089.1614,3.7775,0.0,10.0,10.018,3304,11,0,0,0.997,0,0,0,0,0,0
exact,CSDVRP-S-n10-s5,S,10,5,base,VNS-9,7,,5,454.5993,485.8354,450.6688,3.9305,0.0,5.0,4.994,12727,3,0,0,0.956,0,0,0,0,0,0
exact,CSDVRP-S-n10-s3,S,10,3,base,DRL-ALNS,0,1,5,398.3226,456.2198,394.9219,3.4007,0.0,5.0,4.999,5969,3,0,0,0.9427,0,0,0,0,0,0
main,CSDVRP-M-n50-s1,M,50,1,base,Roulette-9,9,,15,1491.9917,1718.5004,1485.4687,6.523,0.0,15.0,15.012,2066,15,0,0,1.0,0,0,0,0,0,0
exact,CSDVRP-S-n12-s1,S,12,1,base,ALNS+,0,,5,511.4838,602.7068,507.9062,3.5776,0.0,5.0,5.0,11131,4,0,0,0.994,0,0,0,0,0,0
main,CSDVRP-M-n50-s0,M,50,0,base,ALNS+,9,,15,1766.9609,1986.2853,1683.8329,8.128,75.0,15.0,14.999,1685,16,4,5,1.0,0,0,0,0,0,0
main,CSDVRP-M-n50-s2,M,50,2,base,Fixed-small,5,,15,1468.912,1677.4231,1461.7612,7.1508,0.0,15.0,15.017,2558,16,0,0,0.9985,0,0,0,0,0,0
main,CSDVRP-M-n30-s2,M,30,2,base,VNS-9,2,,10,945.6669,1162.4183,941.8287,3.8382,0.0,10.0,10.01,3693,10,0,0,0.9865,0,0,0,0,0,0
main,CSDVRP-L-n100-s0,L,100,0,base,Fixed-small,7,,35,3078.6853,3458.8862,3067.1874,11.4979,0.0,35.0,35.04,1366,31,0,0,0.9996,0,0,0,0,0,0
main,CSDVRP-L-n100-s0,L,100,0,base,Fixed-small,9,,35,3045.3117,3458.8862,3032.9312,12.3805,0.0,35.0,35.026,1245,31,0,0,1.0,0,0,0,0,0,0
main,CSDVRP-M-n50-s0,M,50,0,base,DRL-VNS,1,2,15,1708.783,1986.2853,1700.9035,7.8795,0.0,15.0,15.021,1847,16,0,0,0.9865,0,0,0,0,0,0
exact,CSDVRP-S-n8-s2,S,8,2,base,DRL-ALNS,7,3,5,344.8888,398.3755,342.4078,2.481,0.0,5.0,5.026,6478,3,0,0,0.8753,0,0,0,0,0,0
main,CSDVRP-S-n15-s3,S,15,3,base,Marginal-9,3,4,5,613.8579,692.2972,595.8443,3.0136,15.0,5.0,4.999,8806,5,1,1,1.0,0,0,0,0,0,0
exact,CSDVRP-S-n12-s5,S,12,5,base,VNS,3,,5,521.0601,535.5205,517.6832,3.3769,0.0,5.0,4.998,8712,4,0,0,0.978,0,0,0,0,0,0
main,CSDVRP-M-n30-s1,M,30,1,base,Fixed-small,1,,10,1049.547,1231.1888,1030.777,3.77,15.0,10.0,10.014,4568,10,1,1,1.0,0,0,0,0,0,0
main,CSDVRP-L-n75-s5,L,75,5,base,Random-9,3,,25,2095.8203,2327.4464,2087.3349,8.4854,0.0,25.0,25.077,1166,23,0,0,0.9904,0,0,0,0,0,0
main,CSDVRP-L-n100-s0,L,100,0,base,VNS,8,,35,3089.9812,3458.8862,3002.3478,12.6334,75.0,35.031,35.085,871,31,3,5,1.0,0,0,0,0,0,0
main,CSDVRP-S-n20-s1,S,20,1,base,Marginal-9,2,3,6,785.2664,908.0268,780.5879,4.6785,0.0,6.0,6.018,5264,7,0,0,0.9833,0,0,0,0,0,0
exact,CSDVRP-S-n10-s4,S,10,4,base,Marginal-9,1,2,5,387.4582,460.8567,384.9244,2.5338,0.0,5.0,4.997,16287,3,0,0,0.98,0,0,0,0,0,0
exact,CSDVRP-S-n12-s2,S,12,2,base,DRL-VNS,1,2,5,460.175,518.4642,458.0808,2.0942,0.0,5.0,4.998,6633,4,0,0,0.998,0,0,0,0,0,0
main,CSDVRP-L-n75-s1,L,75,1,base,VNS-9,2,,25,2104.9528,2408.8056,2067.4335,7.5193,30.0,25.016,25.03,1230,23,2,2,1.0,0,0,0,0,0,0
main,CSDVRP-XL-n150-s1,XL,150,1,base,VNS-9,4,,50,4232.8552,4744.1508,4173.8951,13.96,45.0,50.016,50.081,1577,45,2,3,1.0,0,0,0,0,0,0
exact,CSDVRP-S-n8-s2,S,8,2,base,VNS,9,,5,344.8888,398.3755,342.4078,2.481,0.0,5.0,4.991,14539,3,0,0,0.8753,0,0,0,0,0,0
main,CSDVRP-L-n100-s0,L,100,0,base,DRL-VNS,1,2,35,3056.8321,3458.8862,3043.7008,13.1313,0.0,35.031,35.095,774,31,0,0,0.998,0,0,0,0,0,0
exact,CSDVRP-S-n8-s2,S,8,2,base,VNS-9,2,,5,344.8888,398.3755,342.4078,2.481,0.0,5.0,4.992,17409,3,0,0,0.8753,0,0,0,0,0,0
main,CSDVRP-XL-n150-s1,XL,150,1,base,DRL-ALNS,1,2,50,4412.7372,4744.1508,4397.1701,15.567,0.0,50.016,50.086,768,51,0,0,0.9993,0,0,0,0,0,0
main,CSDVRP-XL-n150-s3,XL,150,3,base,Fixed-small,1,,50,3799.7422,4237.9876,3771.3424,13.3998,15.0,50.0,49.992,2427,44,1,1,1.0,0,0,0,0,0,0
main,CSDVRP-L-n100-s3,L,100,3,base,VNS,1,,35,2699.3011,3095.0715,2689.2178,10.0833,0.0,35.0,35.067,914,31,0,0,0.998,0,0,0,0,0,0
exact,CSDVRP-S-n12-s2,S,12,2,base,DRL-ALNS,5,1,5,460.175,518.4642,458.0808,2.0942,0.0,5.0,5.002,5579,4,0,0,0.998,0,0,0,0,0,0
main,CSDVRP-L-n75-s5,L,75,5,base,VNS-9,0,,25,2105.4051,2327.4464,2097.3367,8.0684,0.0,25.0,25.027,1117,23,0,0,0.9992,0,0,0,0,0,0
exact,CSDVRP-S-n6-s2,S,6,2,base,Random-9,4,,5,330.7872,334.9047,328.2873,2.4999,0.0,5.0,5.0,19211,3,0,0,0.8567,0,0,0,0,0,0
main,CSDVRP-XL-n150-s2,XL,150,2,base,Marginal-9,0,1,50,4020.2922,4545.4892,4003.2016,17.0907,0.0,50.016,50.124,1484,45,0,0,1.0,0,0,0,0,0,0
main,CSDVRP-L-n100-s2,L,100,2,base,DRL-VNS,0,1,35,2813.8042,3167.7225,2800.969,12.8352,0.0,35.016,35.011,742,30,0,0,0.9972,0,0,0,0,0,0
exact,CSDVRP-S-n6-s5,S,6,5,base,DRL-VNS,1,2,5,347.3173,347.7063,345.0582,2.2591,0.0,5.0,4.995,8540,3,0,0,0.9907,0,0,0,0,0,0
main,CSDVRP-XL-n150-s5,XL,150,5,base,Fixed-small,5,,50,3887.0069,4291.4727,3795.3339,16.673,75.0,50.016,50.069,2742,44,3,5,1.0,0,0,0,0,0,0
main,CSDVRP-L-n100-s4,L,100,4,base,VNS,9,,35,2936.2986,3371.4529,2877.6815,13.6171,45.0,35.0,35.062,919,30,2,3,1.0,0,0,0,0,0,0
main,CSDVRP-M-n50-s3,M,50,3,base,Random-9,6,,15,1399.0539,1746.7745,1393.2711,5.7828,0.0,15.0,15.03,1973,15,0,0,0.994,0,0,0,0,0,0
main,CSDVRP-L-n75-s5,L,75,5,base,Roulette-9,7,,25,2111.7346,2327.4464,2089.9668,6.7679,15.0,25.0,25.076,1272,23,1,1,1.0,0,0,0,0,0,0
main,CSDVRP-S-n15-s2,S,15,2,base,Roulette-9,9,,5,604.4369,645.109,602.0225,2.4144,0.0,5.0,4.986,6554,6,0,0,0.9953,0,0,0,0,0,0
exact,CSDVRP-S-n12-s3,S,12,3,base,VNS-9,2,,5,522.4878,589.3086,503.6872,3.8005,15.0,5.0,5.046,12349,4,1,1,1.0,0,0,0,0,0,0
main,CSDVRP-M-n30-s3,M,30,3,base,ALNS+,8,,10,981.4303,1099.7766,963.276,3.1544,15.0,10.0,10.015,4647,10,1,1,1.0,0,0,0,0,0,0
exact,CSDVRP-S-n12-s3,S,12,3,base,Marginal-9,6,2,5,522.4878,589.3086,503.6872,3.8005,15.0,5.0,5.027,12114,4,1,1,1.0,0,0,0,0,0,0
main,CSDVRP-S-n20-s5,S,20,5,base,Marginal-9,5,1,6,763.1659,865.7,758.6853,4.4806,0.0,6.0,5.999,5630,7,0,0,0.9947,0,0,0,0,0,0
exact,CSDVRP-S-n8-s2,S,8,2,base,ALNS+,6,,5,344.8888,398.3755,342.4078,2.481,0.0,5.0,5.014,17949,3,0,0,0.8753,0,0,0,0,0,0
exact,CSDVRP-S-n8-s1,S,8,1,base,Roulette-9,0,,5,335.8429,376.3954,333.6723,2.1706,0.0,5.0,5.014,18089,3,0,0,0.9073,0,0,0,0,0,0
main,CSDVRP-XL-n150-s4,XL,150,4,base,Marginal-9,4,5,50,3975.3858,4802.2805,3914.3944,15.9915,45.0,50.0,50.078,1368,46,2,3,1.0,0,0,0,0,0,0
main,CSDVRP-L-n100-s2,L,100,2,base,DRL-ALNS,4,5,35,2851.4151,3167.7225,2837.2746,14.1405,0.0,35.016,35.069,527,30,0,0,0.9956,0,0,0,0,0,0
exact,CSDVRP-S-n12-s2,S,12,2,base,DRL-ALNS,8,4,5,460.175,518.4642,458.0808,2.0942,0.0,5.0,5.002,5699,4,0,0,0.998,0,0,0,0,0,0
main,CSDVRP-L-n75-s2,L,75,2,base,ALNS+,9,,25,2219.097,2442.0216,2091.695,7.4021,120.0,25.0,25.051,969,22,7,8,1.0,0,0,0,0,0,0
main,CSDVRP-L-n75-s0,L,75,0,base,ALNS+,8,,25,2475.8404,2688.4285,2434.093,11.7474,30.0,25.0,25.036,965,24,1,2,1.0,0,0,0,0,0,0
main,CSDVRP-S-n15-s0,S,15,0,base,Fixed-small,3,,5,606.9046,666.3141,602.2712,4.6334,0.0,5.0,5.016,9906,5,0,0,0.9927,0,0,0,0,0,0
main,CSDVRP-M-n50-s5,M,50,5,base,ALNS+,4,,15,1685.4629,1904.3598,1586.8562,8.6067,90.0,15.0,15.045,2034,15,6,6,1.0,0,0,0,0,0,0
exact,CSDVRP-S-n12-s4,S,12,4,base,Fixed-small,0,,5,487.6731,536.3904,484.4937,3.1794,0.0,5.0,4.997,13569,4,0,0,0.9867,0,0,0,0,0,0
main,CSDVRP-M-n50-s3,M,50,3,base,Roulette-9,0,,15,1398.8246,1746.7745,1392.5811,6.2435,0.0,15.0,15.017,2064,15,0,0,0.994,0,0,0,0,0,0
main,CSDVRP-L-n100-s0,L,100,0,base,DRL-ALNS,4,5,35,3262.6682,3458.8862,3248.5648,14.1034,0.0,35.031,35.047,487,33,0,0,0.9984,0,0,0,0,0,0
main,CSDVRP-S-n20-s2,S,20,2,base,DRL-ALNS,8,4,6,671.0165,732.8183,667.0092,4.0073,0.0,6.0,6.026,3649,7,0,0,0.9933,0,0,0,0,0,0
exact,CSDVRP-S-n10-s5,S,10,5,base,Marginal-9,4,5,5,454.5993,485.8354,450.6688,3.9305,0.0,5.0,4.996,12494,3,0,0,0.956,0,0,0,0,0,0
exact,CSDVRP-S-n12-s1,S,12,1,base,Random-9,2,,5,511.8119,602.7068,507.9062,3.9057,0.0,5.0,4.999,10079,4,0,0,0.994,0,0,0,0,0,0
main,CSDVRP-M-n30-s5,M,30,5,base,VNS,3,,10,1119.4541,1247.2838,1084.647,4.807,30.0,10.0,10.047,4219,10,1,2,1.0,0,0,0,0,0,0
main,CSDVRP-S-n15-s0,S,15,0,base,Marginal-9,7,3,5,606.5233,666.3141,602.2712,4.2521,0.0,5.0,5.012,7728,5,0,0,0.9927,0,0,0,0,0,0
main,CSDVRP-L-n75-s2,L,75,2,base,Fixed-small,9,,25,2115.9656,2442.0216,2092.7901,8.1755,15.0,25.0,25.001,2038,22,1,1,1.0,0,0,0,0,0,0
main,CSDVRP-S-n20-s5,S,20,5,base,DRL-VNS,0,1,6,763.1659,865.7,758.6853,4.4806,0.0,6.0,5.993,4047,7,0,0,0.9947,0,0,0,0,0,0
exact,CSDVRP-S-n8-s3,S,8,3,base,ALNS+,9,,5,339.8466,351.7127,337.5902,2.2564,0.0,5.0,4.997,16125,3,0,0,0.9567,0,0,0,0,0,0
main,CSDVRP-S-n20-s4,S,20,4,base,VNS-9,9,,6,719.4697,798.0501,715.5041,3.9656,0.0,6.0,5.999,4712,7,0,0,0.986,0,0,0,0,0,0
main,CSDVRP-M-n50-s5,M,50,5,base,Marginal-9,7,3,15,1610.9169,1904.3598,1603.3995,7.5174,0.0,15.0,15.069,1970,15,0,0,0.9985,0,0,0,0,0,0
main,CSDVRP-M-n50-s2,M,50,2,base,DRL-ALNS,1,2,15,1469.8557,1677.4231,1461.7612,8.0944,0.0,15.0,15.006,1734,16,0,0,0.9985,0,0,0,0,0,0
case,CSDVRP-CS-Riyadh,case,30,0,base,Random-9,9,,30,426.2983,711.0291,420.7759,5.5224,0.0,30.0,30.01,13797,4,0,0,0.988,0,0,0,0,0,0
main,CSDVRP-M-n50-s2,M,50,2,base,VNS-9,7,,15,1468.5911,1677.4231,1462.0673,6.5238,0.0,15.0,14.998,1785,16,0,0,0.9985,0,0,0,0,0,0
exact,CSDVRP-S-n12-s1,S,12,1,base,VNS-9,3,,5,548.0363,602.7068,514.4838,3.5525,30.0,5.0,5.014,11349,4,2,2,1.0,0,0,0,0,0,0
exact,CSDVRP-S-n8-s5,S,8,5,base,VNS,5,,5,423.2126,427.0275,419.9371,3.2754,0.0,5.0,5.03,15280,3,0,0,0.894,0,0,0,0,0,0
exact,CSDVRP-S-n8-s1,S,8,1,base,ALNS+,1,,5,335.8429,376.3954,333.6723,2.1706,0.0,5.0,4.998,18215,3,0,0,0.9073,0,0,0,0,0,0
main,CSDVRP-M-n30-s3,M,30,3,base,Marginal-9,7,3,10,969.1696,1099.7766,965.9069,3.2627,0.0,10.0,10.015,4185,10,0,0,0.988,0,0,0,0,0,0
main,CSDVRP-S-n20-s1,S,20,1,base,Fixed-small,0,,6,785.539,908.0268,780.5879,4.9511,0.0,6.0,5.998,7642,7,0,0,0.9833,0,0,0,0,0,0
main,CSDVRP-L-n75-s4,L,75,4,base,Marginal-9,1,2,25,2205.6683,2460.454,2198.5213,7.147,0.0,25.016,25.013,1116,24,0,0,0.998,0,0,0,0,0,0
main,CSDVRP-S-n20-s5,S,20,5,base,ALNS+,4,,6,763.1659,865.7,758.6853,4.4806,0.0,6.0,6.015,6496,7,0,0,0.9947,0,0,0,0,0,0
main,CSDVRP-S-n20-s1,S,20,1,base,Roulette-9,4,,6,785.2664,908.0268,780.5879,4.6785,0.0,6.0,5.997,5165,7,0,0,0.9833,0,0,0,0,0,0
main,CSDVRP-XL-n150-s0,XL,150,0,base,DRL-VNS,9,5,50,4395.9884,5021.4451,4378.7148,17.2736,0.0,50.0,50.122,1461,47,0,0,0.9997,0,0,0,0,0,0
exact,CSDVRP-S-n12-s5,S,12,5,base,Random-9,7,,5,521.0601,535.5205,517.6832,3.3769,0.0,5.0,4.995,10048,4,0,0,0.978,0,0,0,0,0,0
main,CSDVRP-L-n100-s2,L,100,2,base,ALNS+,3,,35,2973.8483,3167.7225,2959.4427,14.4056,0.0,35.016,35.103,552,33,0,0,0.996,0,0,0,0,0,0
main,CSDVRP-L-n100-s2,L,100,2,base,DRL-VNS,3,4,35,2783.9002,3167.7225,2773.3069,10.5933,0.0,35.016,35.041,750,30,0,0,0.996,0,0,0,0,0,0
main,CSDVRP-M-n30-s2,M,30,2,base,Roulette-9,8,,10,941.0551,1162.4183,938.3163,2.7388,0.0,10.0,10.007,3715,10,0,0,0.9865,0,0,0,0,0,0
main,CSDVRP-XL-n150-s5,XL,150,5,base,Random-9,0,,50,3939.387,4291.4727,3920.417,18.9699,0.0,50.016,50.156,1550,45,0,0,1.0,0,0,0,0,0,0
main,CSDVRP-M-n30-s2,M,30,2,base,VNS,0,,10,956.4354,1162.4183,937.8256,3.6099,15.0,10.0,10.015,3660,10,1,1,1.0,0,0,0,0,0,0
main,CSDVRP-S-n20-s0,S,20,0,base,DRL-ALNS,7,3,6,768.4755,835.2978,764.1982,4.2772,0.0,6.0,6.026,3481,7,0,0,0.9987,0,0,0,0,0,0
exact,CSDVRP-S-n12-s4,S,12,4,base,DRL-VNS,2,3,5,487.5063,536.3904,484.4937,3.0126,0.0,5.0,5.012,5957,4,0,0,0.9867,0,0,0,0,0,0
exact,CSDVRP-S-n6-s3,S,6,3,base,DRL-ALNS,2,3,5,230.2731,253.5784,228.5871,1.686,0.0,5.0,5.014,7765,2,0,0,0.9873,0,0,0,0,0,0
main,CSDVRP-S-n20-s0,S,20,0,base,Random-9,3,,6,756.2207,835.2978,752.4896,3.7311,0.0,6.0,5.999,4981,7,0,0,0.9987,0,0,0,0,0,0
case,CSDVRP-CS-Riyadh,case,30,0,base,Marginal-9,1,2,30,421.3361,711.0291,415.2538,6.0823,0.0,30.0,30.058,13241,4,0,0,0.982,0,0,0,0,0,0
main,CSDVRP-XL-n150-s4,XL,150,4,base,DRL-ALNS,0,1,50,4135.0905,4802.2805,4120.67,14.4205,0.0,50.0,50.062,771,52,0,0,0.9993,0,0,0,0,0,0
main,CSDVRP-L-n100-s5,L,100,5,base,VNS,9,,35,2681.0615,3154.3549,2608.0249,13.0365,60.0,35.031,35.103,887,30,2,4,1.0,0,0,0,0,0,0
main,CSDVRP-S-n20-s3,S,20,3,base,Fixed-small,1,,6,730.1927,797.0264,696.4671,3.7256,30.0,6.0,6.001,6842,7,2,2,1.0,0,0,0,0,0,0
main,CSDVRP-M-n50-s3,M,50,3,base,Marginal-9,9,5,15,1399.0742,1746.7745,1392.5811,6.4932,0.0,15.0,15.029,1704,15,0,0,0.994,0,0,0,0,0,0
main,CSDVRP-S-n20-s5,S,20,5,base,DRL-ALNS,4,5,6,763.1659,865.7,758.6853,4.4806,0.0,6.0,6.013,3833,7,0,0,0.9947,0,0,0,0,0,0
main,CSDVRP-M-n30-s3,M,30,3,base,Random-9,6,,10,969.1696,1099.7766,965.9069,3.2627,0.0,10.0,10.046,4006,10,0,0,0.988,0,0,0,0,0,0
main,CSDVRP-L-n75-s1,L,75,1,base,Random-9,9,,25,2101.4508,2408.8056,2034.6189,6.8319,60.0,25.0,25.014,1108,23,2,4,1.0,0,0,0,0,0,0
exact,CSDVRP-S-n6-s3,S,6,3,base,Roulette-9,1,,5,230.2731,253.5784,228.5871,1.686,0.0,5.0,5.01,28078,2,0,0,0.9873,0,0,0,0,0,0
exact,CSDVRP-S-n12-s1,S,12,1,base,VNS-9,1,,5,511.8119,602.7068,507.9062,3.9057,0.0,5.0,4.999,10280,4,0,0,0.994,0,0,0,0,0,0
main,CSDVRP-M-n30-s2,M,30,2,base,Roulette-9,3,,10,955.3855,1162.4183,937.8256,2.5599,15.0,10.0,9.999,3659,10,1,1,1.0,0,0,0,0,0,0
exact,CSDVRP-S-n6-s3,S,6,3,base,DRL-VNS,7,3,5,230.2731,253.5784,228.5871,1.686,0.0,5.0,4.996,8982,2,0,0,0.9873,0,0,0,0,0,0
main,CSDVRP-L-n100-s2,L,100,2,base,DRL-ALNS,7,3,35,2921.3756,3167.7225,2908.938,12.4376,0.0,35.0,35.071,536,31,0,0,0.9908,0,0,0,0,0,0
main,CSDVRP-L-n75-s0,L,75,0,base,VNS-9,0,,25,2409.4298,2688.4285,2400.1362,9.2936,0.0,25.0,25.055,1176,24,0,0,0.9984,0,0,0,0,0,0
main,CSDVRP-L-n100-s3,L,100,3,base,VNS-9,8,,35,2725.3189,3095.0715,2713.5571,11.7618,0.0,35.016,35.077,767,31,0,0,0.9988,0,0,0,0,0,0
main,CSDVRP-XL-n150-s4,XL,150,4,base,DRL-VNS,6,2,50,3835.6591,4802.2805,3822.8278,12.8313,0.0,50.031,50.105,1756,45,0,0,0.9997,0,0,0,0,0,0
main,CSDVRP-L-n75-s1,L,75,1,base,VNS,8,,25,2110.7287,2408.8056,2043.7222,7.0065,60.0,25.0,25.048,1666,23,3,4,1.0,0,0,0,0,0,0
main,CSDVRP-XL-n150-s1,XL,150,1,base,Roulette-9,3,,50,4229.7489,4744.1508,4170.934,13.8148,45.0,50.016,50.161,1905,45,2,3,1.0,0,0,0,0,0,0
main,CSDVRP-S-n15-s5,S,15,5,base,Fixed-small,0,,5,666.5148,800.4223,662.7682,3.7467,0.0,5.0,4.994,10366,5,0,0,0.9993,0,0,0,0,0,0
main,CSDVRP-S-n15-s0,S,15,0,base,DRL-ALNS,4,5,5,633.0099,666.3141,628.2777,4.7323,0.0,5.0,5.045,4206,6,0,0,0.9967,0,0,0,0,0,0
exact,CSDVRP-S-n10-s2,S,10,2,base,DRL-ALNS,2,3,5,386.2368,436.4179,383.4745,2.7622,0.0,5.0,4.998,6263,3,0,0,0.9893,0,0,0,0,0,0
main,CSDVRP-S-n15-s1,S,15,1,base,ALNS+,1,,5,590.9483,675.8866,586.7939,4.1544,0.0,5.0,4.999,8173,5,0,0,0.9987,0,0,0,0,0,0
main,CSDVRP-S-n15-s0,S,15,0,base,DRL-VNS,8,4,5,606.5233,666.3141,602.2712,4.2521,0.0,5.0,4.997,4690,5,0,0,0.9927,0,0,0,0,0,0
main,CSDVRP-M-n50-s2,M,50,2,base,VNS-9,6,,15,1467.993,1677.4231,1461.7612,6.2318,0.0,15.0,15.005,1793,16,0,0,0.9985,0,0,0,0,0,0
main,CSDVRP-S-n15-s5,S,15,5,base,Random-9,0,,5,666.5148,800.4223,662.7682,3.7467,0.0,5.0,4.99,9024,5,0,0,0.9993,0,0,0,0,0,0
exact,CSDVRP-S-n8-s5,S,8,5,base,DRL-VNS,6,2,5,423.2126,427.0275,419.9371,3.2754,0.0,5.0,5.012,6910,3,0,0,0.894,0,0,0,0,0,0
main,CSDVRP-XL-n150-s4,XL,150,4,base,Fixed-small,1,,50,4025.0709,4802.2805,3818.4342,11.6367,195.0,50.016,50.112,2675,44,8,13,1.0,0,0,0,0,0,0
exact,CSDVRP-S-n8-s3,S,8,3,base,Fixed-small,8,,5,339.8466,351.7127,337.5902,2.2564,0.0,5.0,5.023,18675,3,0,0,0.9567,0,0,0,0,0,0
main,CSDVRP-M-n30-s1,M,30,1,base,DRL-ALNS,6,2,10,1070.7659,1231.1888,1036.7268,4.0391,30.0,10.0,10.015,3140,10,2,2,1.0,0,0,0,0,0,0
exact,CSDVRP-S-n6-s1,S,6,1,base,DRL-VNS,0,1,5,341.7876,362.2464,340.1093,1.6783,0.0,5.0,4.996,8175,3,0,0,0.926,0,0,0,0,0,0
exact,CSDVRP-S-n12-s4,S,12,4,base,Random-9,6,,5,487.5063,536.3904,484.4937,3.0126,0.0,5.0,4.998,11554,4,0,0,0.9867,0,0,0,0,0,0
main,CSDVRP-M-n30-s2,M,30,2,base,Marginal-9,6,2,10,941.0551,1162.4183,938.3163,2.7388,0.0,10.0,10.002,3890,10,0,0,0.9865,0,0,0,0,0,0
exact,CSDVRP-S-n8-s3,S,8,3,base,DRL-VNS,0,1,5,339.8466,351.7127,337.5902,2.2564,0.0,5.0,5.009,7292,3,0,0,0.9567,0,0,0,0,0,0
exact,CSDVRP-S-n6-s2,S,6,2,base,DRL-ALNS,7,3,5,330.2083,334.9047,328.2873,1.921,0.0,5.0,5.015,6709,3,0,0,0.8567,0,0,0,0,0,0
exact,CSDVRP-S-n12-s5,S,12,5,base,VNS,5,,5,521.0601,535.5205,517.6832,3.3769,0.0,5.0,5.013,8733,4,0,0,0.978,0,0,0,0,0,0
main,CSDVRP-M-n30-s3,M,30,3,base,Fixed-small,1,,10,981.7359,1099.7766,963.276,3.4599,15.0,10.0,9.999,5171,10,1,1,1.0,0,0,0,0,0,0
main,CSDVRP-L-n100-s4,L,100,4,base,VNS,8,,35,2923.2845,3371.4529,2895.5059,12.7786,15.0,35.031,35.096,955,31,1,1,1.0,0,0,0,0,0,0
exact,CSDVRP-S-n8-s5,S,8,5,base,VNS,1,,5,423.2126,427.0275,419.9371,3.2754,0.0,5.0,4.991,15225,3,0,0,0.894,0,0,0,0,0,0
exact,CSDVRP-S-n6-s1,S,6,1,base,VNS-9,0,,5,341.7876,362.2464,340.1093,1.6783,0.0,5.0,4.998,22646,3,0,0,0.926,0,0,0,0,0,0
main,CSDVRP-S-n20-s1,S,20,1,base,Fixed-small,1,,6,785.539,908.0268,780.5879,4.9511,0.0,6.0,6.046,7678,7,0,0,0.9833,0,0,0,0,0,0
main,CSDVRP-L-n75-s4,L,75,4,base,VNS-9,9,,25,2209.9622,2460.454,2202.8295,7.1327,0.0,25.0,25.011,1036,24,0,0,0.998,0,0,0,0,0,0
main,CSDVRP-M-n30-s3,M,30,3,base,Roulette-9,6,,10,969.1696,1099.7766,965.9069,3.2627,0.0,10.0,10.076,4312,10,0,0,0.988,0,0,0,0,0,0
main,CSDVRP-M-n30-s4,M,30,4,base,Roulette-9,0,,10,946.3554,1151.8487,942.7083,3.6471,0.0,10.0,10.014,3786,10,0,0,0.994,0,0,0,0,0,0
main,CSDVRP-S-n15-s0,S,15,0,base,ALNS+,1,,5,633.2807,666.3141,628.6438,4.637,0.0,5.0,4.997,7695,6,0,0,0.9967,0,0,0,0,0,0
exact,CSDVRP-S-n6-s5,S,6,5,base,VNS,7,,5,347.3173,347.7063,345.0582,2.2591,0.0,5.0,4.999,20404,3,0,0,0.9907,0,0,0,0,0,0
main,CSDVRP-M-n30-s4,M,30,4,base,DRL-VNS,1,2,10,926.1514,1151.8487,921.3091,4.8423,0.0,10.0,10.03,3524,10,0,0,0.99,0,0,0,0,0,0
main,CSDVRP-M-n50-s3,M,50,3,base,Fixed-small,5,,15,1398.2978,1746.7745,1392.5811,5.7168,0.0,15.0,15.029,3832,15,0,0,0.994,0,0,0,0,0,0
exact,CSDVRP-S-n6-s5,S,6,5,base,VNS,5,,5,347.3173,347.7063,345.0582,2.2591,0.0,5.0,4.996,20212,3,0,0,0.9907,0,0,0,0,0,0
main,CSDVRP-M-n30-s5,M,30,5,base,ALNS+,0,,10,1119.8883,1247.2838,1084.6448,5.2435,30.0,10.0,9.999,4733,10,1,2,1.0,0,0,0,0,0,0
exact,CSDVRP-S-n8-s1,S,8,1,base,Random-9,5,,5,335.8429,376.3954,333.6723,2.1706,0.0,5.0,4.997,18944,3,0,0,0.9073,0,0,0,0,0,0
main,CSDVRP-M-n30-s2,M,30,2,base,VNS-9,5,,10,941.0551,1162.4183,938.3163,2.7388,0.0,10.0,10.032,3777,10,0,0,0.9865,0,0,0,0,0,0
main,CSDVRP-L-n75-s0,L,75,0,base,DRL-ALNS,9,5,25,2471.3206,2688.4285,2460.0964,11.2242,0.0,25.0,25.03,769,25,0,0,0.9984,0,0,0,0,0,0
exact,CSDVRP-S-n12-s5,S,12,5,base,ALNS+,0,,5,521.0601,535.5205,517.6832,3.3769,0.0,5.0,5.012,10959,4,0,0,0.978,0,0,0,0,0,0
main,CSDVRP-L-n100-s3,L,100,3,base,Roulette-9,8,,35,2712.8446,3095.0715,2701.4199,11.4247,0.0,35.0,35.0,754,31,0,0,1.0,0,0,0,0,0,0
main,CSDVRP-L-n100-s5,L,100,5,base,ALNS+,5,,35,2742.2964,3154.3549,2668.5639,13.7326,60.0,35.047,35.132,546,32,2,4,1.0,0,0,0,0,0,0
main,CSDVRP-M-n30-s0,M,30,0,base,VNS,6,,10,1092.964,1303.6377,1089.1614,3.8025,0.0,10.0,10.017,3745,11,0,0,0.997,0,0,0,0,0,0
main,CSDVRP-XL-n150-s1,XL,150,1,base,Roulette-9,7,,50,4247.5956,4744.1508,4217.1006,15.495,15.0,50.0,50.019,1829,45,1,1,1.0,0,0,0,0,0,0
exact,CSDVRP-S-n10-s1,S,10,1,base,DRL-VNS,6,2,5,413.188,479.2322,395.3076,2.8805,15.0,5.0,4.989,5511,4,1,1,0.9433,0,0,0,0,0,0
exact,CSDVRP-S-n8-s3,S,8,3,base,ALNS+,7,,5,339.8466,351.7127,337.5902,2.2564,0.0,5.0,5.0,16268,3,0,0,0.9567,0,0,0,0,0,0
exact,CSDVRP-S-n10-s5,S,10,5,base,VNS-9,9,,5,454.5993,485.8354,450.6688,3.9305,0.0,5.0,5.013,13246,3,0,0,0.956,0,0,0,0,0,0
main,CSDVRP-S-n15-s1,S,15,1,base,VNS-9,8,,5,619.9658,675.8866,600.9045,4.0613,15.0,5.0,5.015,8178,5,1,1,0.978,0,0,0,0,0,0
main,CSDVRP-M-n30-s0,M,30,0,base,Roulette-9,1,,10,1093.0763,1303.6377,1088.8964,4.1799,0.0,10.0,10.0,4094,11,0,0,0.997,0,0,0,0,0,0
main,CSDVRP-S-n15-s4,S,15,4,base,Roulette-9,8,,5,585.7427,624.2332,582.2908,3.4519,0.0,5.0,4.995,7277,6,0,0,0.9347,0,0,0,0,0,0
main,CSDVRP-M-n30-s1,M,30,1,base,VNS,0,,10,1031.4688,1231.1888,1027.1043,4.3646,0.0,10.0,10.054,3953,10,0,0,0.98,0,0,0,0,0,0
main,CSDVRP-S-n20-s3,S,20,3,base,ALNS+,4,,6,711.5642,797.0264,677.7674,3.7968,30.0,6.0,5.99,5920,7,2,2,1.0,0,0,0,0,0,0
exact,CSDVRP-S-n12-s1,S,12,1,base,ALNS+,4,,5,511.4838,602.7068,507.9062,3.5776,0.0,5.0,4.998,11463,4,0,0,0.994,0,0,0,0,0,0
main,CSDVRP-L-n75-s5,L,75,5,base,VNS-9,1,,25,2101.182,2327.4464,2093.5956,7.5864,0.0,25.0,25.049,1240,23,0,0,0.9944,0,0,0,0,0,0
main,CSDVRP-S-n15-s4,S,15,4,base,ALNS+,1,,5,592.6799,624.2332,588.1741,4.5059,0.0,5.0,5.01,8927,5,0,0,0.968,0,0,0,0,0,0
exact,CSDVRP-S-n8-s4,S,8,4,base,Roulette-9,9,,5,359.1905,397.2233,357.0731,2.1174,0.0,5.0,5.013,16101,3,0,0,0.8793,0,0,0,0,0,0
main,CSDVRP-L-n100-s4,L,100,4,base,Marginal-9,6,2,35,2987.1597,3371.4529,2928.7346,13.4251,45.0,35.0,35.038,780,31,2,3,1.0,0,0,0,0,0,0
exact,CSDVRP-S-n8-s5,S,8,5,base,Marginal-9,6,2,5,423.2126,427.0275,419.9371,3.2754,0.0,5.0,5.006,14608,3,0,0,0.894,0,0,0,0,0,0
main,CSDVRP-S-n15-s2,S,15,2,base,Roulette-9,4,,5,604.4369,645.109,602.0225,2.4144,0.0,5.0,5.014,6684,6,0,0,0.9953,0,0,0,0,0,0
main,CSDVRP-S-n20-s0,S,20,0,base,VNS,6,,6,756.2207,835.2978,752.4896,3.7311,0.0,6.0,6.013,4390,7,0,0,0.9987,0,0,0,0,0,0
main,CSDVRP-L-n100-s1,L,100,1,base,VNS,7,,35,2635.0985,3146.4881,2594.0861,11.0124,30.0,35.0,35.037,1035,29,2,2,1.0,0,0,0,0,0,0
main,CSDVRP-S-n15-s2,S,15,2,base,Fixed-small,3,,5,618.9784,645.109,601.4965,2.4819,15.0,5.0,5.021,8877,6,1,1,1.0,0,0,0,0,0,0
main,CSDVRP-XL-n150-s2,XL,150,2,base,Marginal-9,3,4,50,4053.5005,4545.4892,4009.1888,14.3117,30.0,50.078,50.207,1581,45,1,2,1.0,0,0,0,0,0,0
main,CSDVRP-S-n15-s3,S,15,3,base,Marginal-9,2,3,5,613.8579,692.2972,595.8443,3.0136,15.0,5.0,4.993,9211,5,1,1,1.0,0,0,0,0,0,0
exact,CSDVRP-S-n6-s3,S,6,3,base,ALNS+,1,,5,230.2731,253.5784,228.5871,1.686,0.0,5.0,4.997,27217,2,0,0,0.9873,0,0,0,0,0,0
main,CSDVRP-XL-n150-s5,XL,150,5,base,Marginal-9,0,1,50,3932.7276,4291.4727,3915.0653,17.6623,0.0,50.031,50.088,1452,46,0,0,0.998,0,0,0,0,0,0
main,CSDVRP-L-n75-s4,L,75,4,base,VNS,0,,25,2231.3665,2460.454,2209.2001,7.1664,15.0,25.0,25.034,1717,24,1,1,1.0,0,0,0,0,0,0
main,CSDVRP-L-n75-s5,L,75,5,base,Fixed-small,8,,25,2098.2765,2327.4464,2091.2638,7.0127,0.0,25.0,25.028,1868,23,0,0,0.9904,0,0,0,0,0,0
main,CSDVRP-M-n30-s1,M,30,1,base,VNS,1,,10,1031.4688,1231.1888,1027.1043,4.3646,0.0,10.0,10.012,3862,10,0,0,0.98,0,0,0,0,0,0
main,CSDVRP-M-n50-s3,M,50,3,base,VNS-9,1,,15,1399.5391,1746.7745,1393.2711,6.268,0.0,15.0,15.025,1992,15,0,0,0.994,0,0,0,0,0,0
exact,CSDVRP-S-n8-s3,S,8,3,base,Roulette-9,4,,5,339.8466,351.7127,337.5902,2.2564,0.0,5.0,5.016,17169,3,0,0,0.9567,0,0,0,0,0,0
main,CSDVRP-M-n30-s5,M,30,5,base,VNS-9,1,,10,1120.1653,1247.2838,1085.528,4.6373,30.0,10.0,10.015,4151,10,2,2,1.0,0,0,0,0,0,0
exact,CSDVRP-S-n10-s4,S,10,4,base,VNS-9,3,,5,387.4582,460.8567,384.9244,2.5338,0.0,5.0,4.996,16973,3,0,0,0.98,0,0,0,0,0,0
exact,CSDVRP-S-n6-s1,S,6,1,base,DRL-ALNS,4,5,5,341.7876,362.2464,340.1093,1.6783,0.0,5.0,4.999,7012,3,0,0,0.926,0,0,0,0,0,0
main,CSDVRP-M-n50-s5,M,50,5,base,Random-9,3,,15,1606.033,1904.3598,1597.9554,8.0776,0.0,15.0,15.02,2061,15,0,0,0.995,0,0,0,0,0,0
exact,CSDVRP-S-n10-s1,S,10,1,base,Fixed-small,1,,5,394.7924,479.2322,392.2685,2.5239,0.0,5.0,5.024,9834,4,0,0,0.9253,0,0,0,0,0,0
main,CSDVRP-M-n30-s5,M,30,5,base,Random-9,7,,10,1111.0881,1247.2838,1090.992,5.0961,15.0,10.0,10.049,4481,10,1,1,1.0,0,0,0,0,0,0
exact,CSDVRP-S-n6-s3,S,6,3,base,VNS-9,9,,5,230.2731,253.5784,228.5871,1.686,0.0,5.0,5.009,30302,2,0,0,0.9873,0,0,0,0,0,0
main,CSDVRP-S-n20-s2,S,20,2,base,ALNS+,8,,6,670.1283,732.8183,667.0092,3.1191,0.0,6.0,6.014,5498,7,0,0,0.9933,0,0,0,0,0,0
main,CSDVRP-L-n75-s0,L,75,0,base,VNS-9,6,,25,2421.5164,2688.4285,2411.5736,9.9428,0.0,25.0,25.055,1105,24,0,0,0.996,0,0,0,0,0,0
main,CSDVRP-L-n75-s1,L,75,1,base,ALNS+,2,,25,2234.362,2408.8056,2076.3514,8.0106,150.0,25.016,25.065,984,23,8,10,1.0,0,0,0,0,0,0
main,CSDVRP-S-n15-s4,S,15,4,base,DRL-ALNS,0,1,5,585.7427,624.2332,582.2908,3.4519,0.0,5.0,5.015,4179,6,0,0,0.9347,0,0,0,0,0,0
exact,CSDVRP-S-n10-s1,S,10,1,base,Marginal-9,3,4,5,394.7924,479.2322,392.2685,2.5239,0.0,5.0,5.014,9045,4,0,0,0.9253,0,0,0,0,0,0
exact,CSDVRP-S-n6-s1,S,6,1,base,VNS-9,3,,5,341.7876,362.2464,340.1093,1.6783,0.0,5.0,4.997,22718,3,0,0,0.926,0,0,0,0,0,0
exact,CSDVRP-S-n8-s4,S,8,4,base,ALNS+,1,,5,359.1905,397.2233,357.0731,2.1174,0.0,5.0,5.029,17450,3,0,0,0.8793,0,0,0,0,0,0
main,CSDVRP-L-n75-s3,L,75,3,base,ALNS+,6,,25,2197.9052,2332.9982,2191.0177,6.8874,0.0,25.0,25.023,1013,27,0,0,0.9952,0,0,0,0,0,0
main,CSDVRP-S-n15-s2,S,15,2,base,ALNS+,3,,5,604.4369,645.109,602.0225,2.4144,0.0,5.0,4.988,7539,6,0,0,0.9953,0,0,0,0,0,0
main,CSDVRP-S-n15-s2,S,15,2,base,Marginal-9,2,3,5,604.4369,645.109,602.0225,2.4144,0.0,5.0,5.017,6907,6,0,0,0.9953,0,0,0,0,0,0
main,CSDVRP-S-n15-s2,S,15,2,base,Marginal-9,8,4,5,604.4369,645.109,602.0225,2.4144,0.0,5.0,4.999,6826,6,0,0,0.9953,0,0,0,0,0,0
main,CSDVRP-XL-n150-s3,XL,150,3,base,Roulette-9,0,,50,3837.1951,4237.9876,3820.8479,16.3472,0.0,50.0,50.048,1708,44,0,0,0.9973,0,0,0,0,0,0
exact,CSDVRP-S-n12-s2,S,12,2,base,Marginal-9,8,4,5,460.175,518.4642,458.0808,2.0942,0.0,5.0,4.994,13783,4,0,0,0.998,0,0,0,0,0,0
exact,CSDVRP-S-n10-s2,S,10,2,base,Fixed-small,9,,5,401.0886,436.4179,398.071,3.0176,0.0,5.0,4.999,18223,3,0,0,0.9867,0,0,0,0,0,0
main,CSDVRP-S-n15-s0,S,15,0,base,Fixed-small,6,,5,606.5233,666.3141,602.2712,4.2521,0.0,5.0,4.998,9852,5,0,0,0.9927,0,0,0,0,0,0
main,CSDVRP-XL-n150-s5,XL,150,5,base,Roulette-9,4,,50,3941.9797,4291.4727,3925.6604,16.3194,0.0,50.0,50.078,1744,46,0,0,0.999,0,0,0,0,0,0
exact,CSDVRP-S-n6-s2,S,6,2,base,DRL-ALNS,2,3,5,330.2083,334.9047,328.2873,1.921,0.0,5.0,5.058,6719,3,0,0,0.8567,0,0,0,0,0,0
exact,CSDVRP-S-n12-s1,S,12,1,base,Roulette-9,6,,5,527.1742,602.7068,508.3795,3.7947,15.0,5.0,5.015,10916,4,1,1,1.0,0,0,0,0,0,0
main,CSDVRP-M-n50-s5,M,50,5,base,VNS-9,8,,15,1606.922,1904.3598,1597.9554,8.9665,0.0,15.0,15.115,2063,15,0,0,0.995,0,0,0,0,0,0
main,CSDVRP-S-n15-s0,S,15,0,base,VNS,7,,5,622.7674,666.3141,603.7737,3.9937,15.0,5.0,5.021,6193,5,1,1,1.0,0,0,0,0,0,0
main,CSDVRP-S-n20-s4,S,20,4,base,VNS,0,,6,719.4697,798.0501,715.5041,3.9656,0.0,6.0,6.029,4646,7,0,0,0.986,0,0,0,0,0,0
main,CSDVRP-M-n30-s2,M,30,2,base,DRL-VNS,0,1,10,941.0551,1162.4183,938.3163,2.7388,0.0,10.0,10.045,3121,10,0,0,0.9865,0,0,0,0,0,0
main,CSDVRP-L-n75-s5,L,75,5,base,Fixed-small,0,,25,2097.0583,2327.4464,2089.3953,7.663,0.0,25.0,25.04,1865,23,0,0,0.9992,0,0,0,0,0,0
exact,CSDVRP-S-n8-s5,S,8,5,base,DRL-ALNS,9,5,5,423.2126,427.0275,419.9371,3.2754,0.0,5.0,5.048,6178,3,0,0,0.894,0,0,0,0,0,0
main,CSDVRP-L-n75-s4,L,75,4,base,Roulette-9,2,,25,2209.9605,2460.454,2201.4759,8.4846,0.0,25.047,25.089,1075,24,0,0,0.998,0,0,0,0,0,0
main,CSDVRP-M-n30-s3,M,30,3,base,VNS-9,6,,10,969.1696,1099.7766,965.9069,3.2627,0.0,10.0,9.985,3954,10,0,0,0.988,0,0,0,0,0,0
main,CSDVRP-S-n15-s5,S,15,5,base,Roulette-9,7,,5,666.5148,800.4223,662.7682,3.7467,0.0,5.0,5.013,8818,5,0,0,0.9993,0,0,0,0,0,0
main,CSDVRP-M-n50-s1,M,50,1,base,VNS,6,,15,1520.6363,1718.5004,1515.2306,5.4057,0.0,15.016,15.018,2636,16,0,0,0.9915,0,0,0,0,0,0
main,CSDVRP-S-n15-s1,S,15,1,base,Marginal-9,2,3,5,599.4153,675.8866,596.1341,3.2813,0.0,5.0,4.993,6546,6,0,0,0.9,0,0,0,0,0,0
main,CSDVRP-M-n50-s4,M,50,4,base,Roulette-9,6,,15,1649.5725,1919.2804,1643.3875,6.1849,0.0,15.0,15.1,2117,17,0,0,0.997,0,0,0,0,0,0
main,CSDVRP-XL-n150-s4,XL,150,4,base,ALNS+,2,,50,4233.8902,4802.2805,4220.1279,13.7623,0.0,50.094,50.123,692,55,0,0,0.988,0,0,0,0,0,0
exact,CSDVRP-S-n6-s4,S,6,4,base,DRL-VNS,7,3,5,307.1905,316.7228,305.135,2.0555,0.0,5.0,5.02,7824,3,0,0,0.906,0,0,0,0,0,0
exact,CSDVRP-S-n6-s4,S,6,4,base,VNS-9,4,,5,307.3738,316.7228,305.135,2.2389,0.0,5.0,4.999,19804,3,0,0,0.906,0,0,0,0,0,0
exact,CSDVRP-S-n12-s4,S,12,4,base,Random-9,2,,5,487.5063,536.3904,484.4937,3.0126,0.0,5.0,5.014,11432,4,0,0,0.9867,0,0,0,0,0,0
exact,CSDVRP-S-n8-s3,S,8,3,base,VNS-9,7,,5,339.8466,351.7127,337.5902,2.2564,0.0,5.0,4.997,18096,3,0,0,0.9567,0,0,0,0,0,0
main,CSDVRP-M-n30-s2,M,30,2,base,Fixed-small,2,,10,945.7392,1162.4183,941.8287,3.9105,0.0,10.0,10.015,4718,10,0,0,0.9865,0,0,0,0,0,0
exact,CSDVRP-S-n6-s1,S,6,1,base,DRL-VNS,3,4,5,341.7876,362.2464,340.1093,1.6783,0.0,5.0,5.028,8232,3,0,0,0.926,0,0,0,0,0,0
exact,CSDVRP-S-n12-s1,S,12,1,base,DRL-ALNS,3,4,5,511.4838,602.7068,507.9062,3.5776,0.0,5.0,5.013,5310,4,0,0,0.994,0,0,0,0,0,0
exact,CSDVRP-S-n10-s3,S,10,3,base,Roulette-9,7,,5,398.3934,456.2198,394.9219,3.4715,0.0,5.0,5.014,14243,3,0,0,0.9427,0,0,0,0,0,0
case,CSDVRP-CS-Riyadh,case,30,0,base,Roulette-9,9,,30,424.5242,711.0291,418.987,5.5372,0.0,30.0,30.06,13546,4,0,0,0.996,0,0,0,0,0,0
main,CSDVRP-M-n50-s0,M,50,0,base,Marginal-9,5,1,15,1707.409,1986.2853,1700.9035,6.5055,0.0,15.0,15.05,1848,16,0,0,0.9865,0,0,0,0,0,0
main,CSDVRP-L-n100-s3,L,100,3,base,VNS,3,,35,2695.8905,3095.0715,2684.1462,11.7444,0.0,35.031,35.082,929,31,0,0,0.9992,0,0,0,0,0,0
main,CSDVRP-M-n50-s1,M,50,1,base,Marginal-9,6,2,15,1524.7334,1718.5004,1489.0032,5.7302,30.0,15.0,15.126,2096,15,1,2,1.0,0,0,0,0,0,0
main,CSDVRP-M-n50-s0,M,50,0,base,VNS-9,4,,15,1707.9084,1986.2853,1701.3382,6.5702,0.0,15.0,15.015,2097,16,0,0,0.991,0,0,0,0,0,0
main,CSDVRP-M-n50-s3,M,50,3,base,Random-9,5,,15,1398.406,1746.7745,1392.5811,5.8249,0.0,15.016,15.079,1890,15,0,0,0.994,0,0,0,0,0,0
exact,CSDVRP-S-n10-s5,S,10,5,base,Roulette-9,8,,5,454.5993,485.8354,450.6688,3.9305,0.0,5.0,5.009,12804,3,0,0,0.956,0,0,0,0,0,0
main,CSDVRP-M-n50-s2,M,50,2,base,ALNS+,2,,15,1531.0119,1677.4231,1522.753,8.259,0.0,15.0,15.047,1901,16,0,0,0.9985,0,0,0,0,0,0
main,CSDVRP-M-n30-s1,M,30,1,base,Fixed-small,6,,10,1049.547,1231.1888,1030.777,3.77,15.0,10.0,9.998,5051,10,1,1,1.0,0,0,0,0,0,0
main,CSDVRP-S-n20-s5,S,20,5,base,Fixed-small,8,,6,763.2502,865.7,758.6853,4.5649,0.0,6.0,6.013,7772,7,0,0,0.9947,0,0,0,0,0,0
main,CSDVRP-M-n30-s2,M,30,2,base,Fixed-small,1,,10,945.7392,1162.4183,941.8287,3.9105,0.0,10.0,10.013,4287,10,0,0,0.9865,0,0,0,0,0,0
main,CSDVRP-S-n15-s1,S,15,1,base,Roulette-9,4,,5,599.4153,675.8866,596.1341,3.2813,0.0,5.0,5.013,6490,6,0,0,0.9,0,0,0,0,0,0
exact,CSDVRP-S-n8-s3,S,8,3,base,DRL-VNS,8,4,5,339.8466,351.7127,337.5902,2.2564,0.0,5.0,4.997,7427,3,0,0,0.9567,0,0,0,0,0,0
main,CSDVRP-L-n75-s1,L,75,1,base,Random-9,2,,25,2138.1257,2408.8056,2070.096,8.0297,60.0,25.0,25.062,1107,23,3,4,1.0,0,0,0,0,0,0
main,CSDVRP-XL-n150-s2,XL,150,2,base,VNS,7,,50,3971.6783,4545.4892,3956.8516,14.8267,0.0,50.016,50.138,1528,45,0,0,1.0,0,0,0,0,0,0
main,CSDVRP-M-n30-s2,M,30,2,base,DRL-ALNS,7,3,10,960.3032,1162.4183,895.8989,4.4043,60.0,10.0,9.997,3466,9,4,4,1.0,0,0,0,0,0,0
main,CSDVRP-S-n20-s3,S,20,3,base,VNS,5,,6,704.1669,797.0264,684.6426,4.5244,15.0,6.0,6.013,3993,7,1,1,1.0,0,0,0,0,0,0
main,CSDVRP-M-n30-s0,M,30,0,base,VNS,5,,10,1093.2446,1303.6377,1088.8964,4.3482,0.0,10.0,10.027,3892,11,0,0,0.997,0,0,0,0,0,0
main,CSDVRP-M-n50-s3,M,50,3,base,ALNS+,1,,15,1445.4962,1746.7745,1408.9652,6.531,30.0,15.0,15.021,2037,15,2,2,1.0,0,0,0,0,0,0
main,CSDVRP-L-n100-s0,L,100,0,base,ALNS+,7,,35,3292.2392,3458.8862,3274.2379,18.0013,0.0,35.016,35.057,555,31,0,0,0.9984,0,0,0,0,0,0
main,CSDVRP-XL-n150-s2,XL,150,2,base,ALNS+,5,,50,4233.9996,4545.4892,4219.8302,14.1694,0.0,50.0,50.131,643,51,0,0,1.0,0,0,0,0,0,0
exact,CSDVRP-S-n6-s4,S,6,4,base,DRL-ALNS,0,1,5,307.1905,316.7228,305.135,2.0555,0.0,5.0,5.004,6601,3,0,0,0.906,0,0,0,0,0,0
main,CSDVRP-S-n15-s2,S,15,2,base,Random-9,6,,5,604.4369,645.109,602.0225,2.4144,0.0,5.0,4.997,6726,6,0,0,0.9953,0,0,0,0,0,0
exact,CSDVRP-S-n12-s5,S,12,5,base,DRL-ALNS,8,4,5,521.0601,535.5205,517.6832,3.3769,0.0,5.0,5.013,5249,4,0,0,0.978,0,0,0,0,0,0
exact,CSDVRP-S-n12-s1,S,12,1,base,ALNS+,7,,5,511.4838,602.7068,507.9062,3.5776,0.0,5.0,5.015,10852,4,0,0,0.994,0,0,0,0,0,0
main,CSDVRP-S-n15-s3,S,15,3,base,Fixed-small,0,,5,601.7253,692.2972,597.8561,3.8692,0.0,5.0,4.998,7855,6,0,0,0.998,0,0,0,0,0,0
main,CSDVRP-M-n30-s5,M,30,5,base,ALNS+,7,,10,1119.8883,1247.2838,1084.6448,5.2435,30.0,10.0,10.013,4706,10,1,2,1.0,0,0,0,0,0,0
main,CSDVRP-XL-n150-s3,XL,150,3,base,DRL-VNS,3,4,50,3872.653,4237.9876,3857.1488,15.5042,0.0,50.031,50.156,1386,44,0,0,0.9973,0,0,0,0,0,0
main,CSDVRP-S-n20-s0,S,20,0,base,VNS,0,,6,756.2207,835.2978,752.4896,3.7311,0.0,6.0,6.027,4428,7,0,0,0.9987,0,0,0,0,0,0
main,CSDVRP-M-n50-s2,M,50,2,base,ALNS+,1,,15,1486.2971,1677.4231,1478.4506,7.8465,0.0,15.0,15.03,1931,16,0,0,0.9985,0,0,0,0,0,0
main,CSDVRP-S-n15-s4,S,15,4,base,Random-9,7,,5,585.7427,624.2332,582.2908,3.4519,0.0,5.0,5.026,7454,6,0,0,0.9347,0,0,0,0,0,0
main,CSDVRP-L-n100-s3,L,100,3,base,Random-9,9,,35,2741.5336,3095.0715,2700.3039,11.2297,30.0,35.016,35.082,732,31,1,2,1.0,0,0,0,0,0,0
main,CSDVRP-L-n100-s1,L,100,1,base,Marginal-9,0,1,35,2647.9973,3146.4881,2636.042,11.9552,0.0,35.016,35.058,767,29,0,0,0.9996,0,0,0,0,0,0
main,CSDVRP-L-n75-s2,L,75,2,base,ALNS+,0,,25,2248.2767,2442.0216,2208.9325,9.3442,30.0,25.0,25.053,915,25,1,2,1.0,0,0,0,0,0,0
main,CSDVRP-M-n30-s5,M,30,5,base,DRL-ALNS,2,3,10,1120.8815,1247.2838,1084.7428,6.1387,30.0,10.0,9.991,3108,10,1,2,1.0,0,0,0,0,0,0
main,CSDVRP-L-n100-s3,L,100,3,base,Marginal-9,2,3,35,2679.21,3095.0715,2669.6813,9.5287,0.0,35.047,35.172,762,31,0,0,1.0,0,0,0,0,0,0
main,CSDVRP-S-n20-s1,S,20,1,base,DRL-VNS,1,2,6,785.2664,908.0268,780.5879,4.6785,0.0,6.0,6.02,4027,7,0,0,0.9833,0,0,0,0,0,0
main,CSDVRP-M-n30-s5,M,30,5,base,VNS-9,3,,10,1120.2129,1247.2838,1084.7428,5.4701,30.0,10.0,10.031,4508,10,1,2,1.0,0,0,0,0,0,0
exact,CSDVRP-S-n12-s2,S,12,2,base,Roulette-9,4,,5,460.175,518.4642,458.0808,2.0942,0.0,5.0,4.997,13493,4,0,0,0.998,0,0,0,0,0,0
main,CSDVRP-S-n20-s5,S,20,5,base,Roulette-9,7,,6,763.1659,865.7,758.6853,4.4806,0.0,6.0,5.998,5829,7,0,0,0.9947,0,0,0,0,0,0
exact,CSDVRP-S-n8-s1,S,8,1,base,Roulette-9,3,,5,357.4079,376.3954,340.1754,2.2325,15.0,5.0,5.045,17905,3,1,1,1.0,0,0,0,0,0,0
main,CSDVRP-M-n50-s2,M,50,2,base,Marginal-9,2,3,15,1468.1939,1677.4231,1461.7612,6.4326,0.0,15.0,15.081,2034,16,0,0,0.9985,0,0,0,0,0,0
main,CSDVRP-M-n50-s1,M,50,1,base,DRL-VNS,1,2,15,1498.7752,1718.5004,1493.2879,5.4873,0.0,15.0,15.039,2026,15,0,0,0.9915,0,0,0,0,0,0
main,CSDVRP-L-n75-s1,L,75,1,base,Fixed-small,3,,25,2092.0987,2408.8056,2041.1389,5.9597,45.0,25.0,24.997,2204,23,3,3,1.0,0,0,0,0,0,0
main,CSDVRP-M-n30-s1,M,30,1,base,DRL-VNS,3,4,10,1031.4688,1231.1888,1027.1043,4.3646,0.0,10.0,10.029,3133,10,0,0,0.98,0,0,0,0,0,0
exact,CSDVRP-S-n6-s4,S,6,4,base,ALNS+,3,,5,307.1905,316.7228,305.135,2.0555,0.0,5.0,5.01,20171,3,0,0,0.906,0,0,0,0,0,0
main,CSDVRP-L-n75-s0,L,75,0,base,Roulette-9,5,,25,2408.9825,2688.4285,2401.1797,7.8027,0.0,25.031,25.087,1282,24,0,0,0.9984,0,0,0,0,0,0
main,CSDVRP-XL-n150-s4,XL,150,4,base,Random-9,3,,50,3927.8184,4802.2805,3794.6176,13.2008,120.0,50.0,50.115,1634,45,4,8,1.0,0,0,0,0,0,0
exact,CSDVRP-S-n6-s1,S,6,1,base,Random-9,9,,5,341.7876,362.2464,340.1093,1.6783,0.0,5.0,4.994,22443,3,0,0,0.926,0,0,0,0,0,0
main,CSDVRP-XL-n150-s2,XL,150,2,base,DRL-VNS,7,3,50,4051.0919,4545.4892,4006.8797,14.2122,30.0,50.0,50.153,1688,46,1,2,1.0,0,0,0,0,0,0
exact,CSDVRP-S-n6-s4,S,6,4,base,Fixed-small,0,,5,307.3738,316.7228,305.135,2.2389,0.0,5.0,4.998,19954,3,0,0,0.906,0,0,0,0,0,0
main,CSDVRP-M-n50-s2,M,50,2,base,Fixed-small,4,,15,1484.1109,1677.4231,1462.8907,6.2202,15.0,15.0,15.014,2385,16,1,1,1.0,0,0,0,0,0,0
exact,CSDVRP-S-n6-s1,S,6,1,base,VNS-9,9,,5,341.7876,362.2464,340.1093,1.6783,0.0,5.0,4.996,22640,3,0,0,0.926,0,0,0,0,0,0
main,CSDVRP-L-n100-s2,L,100,2,base,Marginal-9,2,3,35,2791.8731,3167.7225,2781.5377,10.3353,0.0,35.062,35.125,782,30,0,0,0.9972,0,0,0,0,0,0
main,CSDVRP-M-n30-s3,M,30,3,base,Random-9,2,,10,970.8464,1099.7766,968.1897,2.6567,0.0,10.0,9.999,3608,10,0,0,0.9975,0,0,0,0,0,0
exact,CSDVRP-S-n10-s3,S,10,3,base,VNS-9,7,,5,398.3934,456.2198,394.9219,3.4715,0.0,5.0,4.994,14819,3,0,0,0.9427,0,0,0,0,0,0
main,CSDVRP-M-n30-s0,M,30,0,base,DRL-VNS,1,2,10,1092.9389,1303.6377,1089.1614,3.7775,0.0,10.0,10.015,3469,11,0,0,0.997,0,0,0,0,0,0
exact,CSDVRP-S-n8-s5,S,8,5,base,Random-9,0,,5,423.2126,427.0275,419.9371,3.2754,0.0,5.0,4.996,15004,3,0,0,0.894,0,0,0,0,0,0
main,CSDVRP-L-n100-s3,L,100,3,base,Marginal-9,0,1,35,2716.0873,3095.0715,2704.6884,11.3989,0.0,35.0,35.046,737,31,0,0,1.0,0,0,0,0,0,0
main,CSDVRP-S-n15-s5,S,15,5,base,ALNS+,8,,5,666.5148,800.4223,662.7682,3.7467,0.0,5.0,4.997,9149,5,0,0,0.9993,0,0,0,0,0,0
exact,CSDVRP-S-n6-s3,S,6,3,base,VNS,6,,5,230.2731,253.5784,228.5871,1.686,0.0,5.0,4.999,28830,2,0,0,0.9873,0,0,0,0,0,0
main,CSDVRP-S-n15-s1,S,15,1,base,Roulette-9,2,,5,599.4153,675.8866,596.1341,3.2813,0.0,5.0,5.029,6543,6,0,0,0.9,0,0,0,0,0,0
exact,CSDVRP-S-n12-s1,S,12,1,base,VNS-9,0,,5,511.8119,602.7068,507.9062,3.9057,0.0,5.0,5.014,10270,4,0,0,0.994,0,0,0,0,0,0
exact,CSDVRP-S-n12-s5,S,12,5,base,DRL-ALNS,6,2,5,521.0601,535.5205,517.6832,3.3769,0.0,5.0,5.029,5155,4,0,0,0.978,0,0,0,0,0,0
exact,CSDVRP-S-n10-s2,S,10,2,base,Roulette-9,9,,5,391.6922,436.4179,389.0812,2.6111,0.0,5.0,5.012,16758,3,0,0,0.9787,0,0,0,0,0,0
main,CSDVRP-L-n75-s0,L,75,0,base,VNS,6,,25,2411.1392,2688.4285,2401.1797,9.9595,0.0,25.016,25.019,1740,24,0,0,0.9984,0,0,0,0,0,0
main,CSDVRP-L-n75-s5,L,75,5,base,Fixed-small,3,,25,2109.5417,2327.4464,2087.4597,7.0821,15.0,25.0,25.046,1721,23,1,1,1.0,0,0,0,0,0,0
exact,CSDVRP-S-n12-s2,S,12,2,base,DRL-ALNS,0,1,5,460.175,518.4642,458.0808,2.0942,0.0,5.0,4.993,5689,4,0,0,0.998,0,0,0,0,0,0
main,CSDVRP-S-n20-s1,S,20,1,base,VNS-9,6,,6,808.7667,908.0268,789.1391,4.6276,15.0,6.0,5.998,5009,7,1,1,1.0,0,0,0,0,0,0
main,CSDVRP-M-n50-s3,M,50,3,base,Marginal-9,6,2,15,1399.3583,1746.7745,1393.2711,6.0873,0.0,15.0,15.043,2259,15,0,0,0.994,0,0,0,0,0,0
main,CSDVRP-S-n20-s5,S,20,5,base,VNS-9,5,,6,763.1659,865.7,758.6853,4.4806,0.0,6.0,5.997,5977,7,0,0,0.9947,0,0,0,0,0,0
main,CSDVRP-M-n50-s3,M,50,3,base,DRL-ALNS,4,5,15,1443.8712,1746.7745,1407.0207,6.8505,30.0,15.0,15.016,1672,15,2,2,1.0,0,0,0,0,0,0
main,CSDVRP-L-n100-s1,L,100,1,base,Random-9,1,,35,2803.3656,3146.4881,2702.5704,10.7952,90.0,35.0,35.061,715,29,4,6,1.0,0,0,0,0,0,0
exact,CSDVRP-S-n8-s4,S,8,4,base,DRL-ALNS,9,5,5,359.1905,397.2233,357.0731,2.1174,0.0,5.0,4.995,6394,3,0,0,0.8793,0,0,0,0,0,0
main,CSDVRP-S-n20-s2,S,20,2,base,VNS-9,6,,6,670.121,732.8183,667.0092,3.1118,0.0,6.0,6.001,5011,7,0,0,0.9933,0,0,0,0,0,0
main,CSDVRP-M-n30-s5,M,30,5,base,Random-9,2,,10,1119.7487,1247.2838,1084.647,5.1016,30.0,10.0,10.028,4198,10,1,2,1.0,0,0,0,0,0,0
main,CSDVRP-XL-n150-s1,XL,150,1,base,DRL-ALNS,4,5,50,4407.7091,4744.1508,4392.5609,15.1482,0.0,50.031,50.095,893,49,0,0,0.998,0,0,0,0,0,0
main,CSDVRP-S-n15-s3,S,15,3,base,VNS,4,,5,601.4006,692.2972,597.8561,3.5445,0.0,5.0,4.994,6010,6,0,0,0.998,0,0,0,0,0,0
main,CSDVRP-M-n50-s3,M,50,3,base,DRL-VNS,1,2,15,1398.7831,1746.7745,1392.5811,6.202,0.0,15.0,15.046,1963,15,0,0,0.994,0,0,0,0,0,0
main,CSDVRP-S-n20-s0,S,20,0,base,VNS-9,0,,6,756.2207,835.2978,752.4896,3.7311,0.0,6.0,6.011,4931,7,0,0,0.9987,0,0,0,0,0,0
main,CSDVRP-S-n20-s0,S,20,0,base,Marginal-9,3,4,6,756.2207,835.2978,752.4896,3.7311,0.0,6.0,6.0,5081,7,0,0,0.9987,0,0,0,0,0,0
exact,CSDVRP-S-n10-s2,S,10,2,base,Marginal-9,9,5,5,391.6922,436.4179,389.0812,2.6111,0.0,5.0,4.997,16406,3,0,0,0.9787,0,0,0,0,0,0
main,CSDVRP-S-n20-s1,S,20,1,base,VNS,7,,6,785.2664,908.0268,780.5879,4.6785,0.0,6.0,5.998,4261,7,0,0,0.9833,0,0,0,0,0,0
main,CSDVRP-S-n20-s5,S,20,5,base,Random-9,7,,6,763.1659,865.7,758.6853,4.4806,0.0,6.0,6.013,5937,7,0,0,0.9947,0,0,0,0,0,0
main,CSDVRP-M-n50-s2,M,50,2,base,Fixed-small,3,,15,1472.0742,1677.4231,1465.5918,6.4824,0.0,15.0,15.016,3166,16,0,0,0.9985,0,0,0,0,0,0
exact,CSDVRP-S-n8-s4,S,8,4,base,Marginal-9,3,4,5,359.1905,397.2233,357.0731,2.1174,0.0,5.0,4.995,16221,3,0,0,0.8793,0,0,0,0,0,0
main,CSDVRP-M-n30-s5,M,30,5,base,Marginal-9,0,1,10,1113.1219,1247.2838,1093.0843,5.0376,15.0,10.0,10.015,3845,10,1,1,1.0,0,0,0,0,0,0
main,CSDVRP-M-n30-s2,M,30,2,base,ALNS+,8,,10,958.9045,1162.4183,910.0988,3.8058,45.0,10.0,9.997,5088,9,3,3,1.0,0,0,0,0,0,0
main,CSDVRP-XL-n150-s4,XL,150,4,base,DRL-ALNS,7,3,50,4138.2472,4802.2805,4119.7244,18.5227,0.0,50.016,50.084,746,46,0,0,1.0,0,0,0,0,0,0
main,CSDVRP-M-n50-s5,M,50,5,base,Fixed-small,4,,15,1658.2528,1904.3598,1635.6557,7.5972,15.0,15.0,14.991,2853,16,1,1,1.0,0,0,0,0,0,0
main,CSDVRP-L-n100-s1,L,100,1,base,ALNS+,3,,35,2881.9198,3146.4881,2868.5468,13.373,0.0,35.078,35.119,591,34,0,0,0.9968,0,0,0,0,0,0
main,CSDVRP-XL-n150-s2,XL,150,2,base,DRL-VNS,4,5,50,4042.2581,4545.4892,4024.8802,17.378,0.0,50.0,50.078,1425,46,0,0,0.9997,0,0,0,0,0,0
exact,CSDVRP-S-n8-s3,S,8,3,base,DRL-ALNS,0,1,5,339.8466,351.7127,337.5902,2.2564,0.0,5.0,4.994,6566,3,0,0,0.9567,0,0,0,0,0,0
main,CSDVRP-L-n100-s2,L,100,2,base,Fixed-small,4,,35,2815.9069,3167.7225,2790.911,9.9959,15.0,35.0,35.037,1355,30,1,1,1.0,0,0,0,0,0,0
main,CSDVRP-L-n75-s2,L,75,2,base,ALNS+,6,,25,2251.7971,2442.0216,2241.7302,10.0669,0.0,25.0,25.031,970,26,0,0,0.9868,0,0,0,0,0,0
main,CSDVRP-XL-n150-s0,XL,150,0,base,ALNS+,2,,50,4624.456,5021.4451,4609.2206,15.2354,0.0,50.047,50.211,658,53,0,0,0.9937,0,0,0,0,0,0
main,CSDVRP-M-n50-s1,M,50,1,base,Roulette-9,6,,15,1566.4283,1718.5004,1530.1812,6.2471,30.0,15.0,14.995,2025,15,1,2,1.0,0,0,0,0,0,0
main,CSDVRP-L-n100-s5,L,100,5,base,Fixed-small,4,,35,2595.6158,3154.3549,2540.5719,10.044,45.0,35.0,35.033,1480,30,2,3,1.0,0,0,0,0,0,0
main,CSDVRP-M-n50-s4,M,50,4,base,Roulette-9,3,,15,1641.8964,1919.2804,1635.398,6.4984,0.0,15.0,15.024,2199,16,0,0,0.998,0,0,0,0,0,0
exact,CSDVRP-S-n12-s4,S,12,4,base,Marginal-9,5,1,5,487.5063,536.3904,484.4937,3.0126,0.0,5.0,4.997,10732,4,0,0,0.9867,0,0,0,0,0,0
main,CSDVRP-M-n50-s0,M,50,0,base,VNS,5,,15,1704.7994,1986.2853,1698.6227,6.1767,0.0,15.0,15.012,2740,16,0,0,0.991,0,0,0,0,0,0
exact,CSDVRP-S-n10-s5,S,10,5,base,DRL-VNS,5,1,5,454.5993,485.8354,450.6688,3.9305,0.0,5.0,5.012,6344,3,0,0,0.956,0,0,0,0,0,0
main,CSDVRP-L-n75-s1,L,75,1,base,DRL-VNS,6,2,25,2105.383,2408.8056,2038.9974,6.3857,60.0,25.016,25.092,1135,23,3,4,1.0,0,0,0,0,0,0
main,CSDVRP-S-n15-s5,S,15,5,base,Roulette-9,3,,5,666.5148,800.4223,662.7682,3.7467,0.0,5.0,4.996,8852,5,0,0,0.9993,0,0,0,0,0,0
main,CSDVRP-M-n30-s1,M,30,1,base,Fixed-small,3,,10,1092.8985,1231.1888,1042.4793,5.4192,45.0,10.0,9.999,4609,10,2,3,1.0,0,0,0,0,0,0
main,CSDVRP-M-n30-s3,M,30,3,base,VNS,4,,10,969.1696,1099.7766,965.9069,3.2627,0.0,10.0,10.013,4175,10,0,0,0.988,0,0,0,0,0,0
main,CSDVRP-M-n30-s0,M,30,0,base,Roulette-9,6,,10,1093.1072,1303.6377,1089.1614,3.9457,0.0,10.0,10.015,3790,11,0,0,0.997,0,0,0,0,0,0
main,CSDVRP-XL-n150-s4,XL,150,4,base,Roulette-9,4,,50,3862.1025,4802.2805,3832.8287,14.2739,15.0,50.0,50.109,1867,46,1,1,1.0,0,0,0,0,0,0
main,CSDVRP-M-n50-s3,M,50,3,base,DRL-VNS,0,1,15,1398.7831,1746.7745,1392.5811,6.202,0.0,15.0,15.033,1720,15,0,0,0.994,0,0,0,0,0,0
main,CSDVRP-XL-n150-s2,XL,150,2,base,Marginal-9,1,2,50,4039.9032,4545.4892,4024.5217,15.3815,0.0,50.016,50.065,1720,46,0,0,1.0,0,0,0,0,0,0
exact,CSDVRP-S-n12-s2,S,12,2,base,DRL-ALNS,2,3,5,460.175,518.4642,458.0808,2.0942,0.0,5.0,4.998,5709,4,0,0,0.998,0,0,0,0,0,0
exact,CSDVRP-S-n10-s1,S,10,1,base,Random-9,9,,5,394.7924,479.2322,392.2685,2.5239,0.0,5.0,5.013,9010,4,0,0,0.9253,0,0,0,0,0,0
main,CSDVRP-S-n20-s2,S,20,2,base,VNS-9,0,,6,670.121,732.8183,667.0092,3.1118,0.0,6.0,6.015,4923,7,0,0,0.9933,0,0,0,0,0,0
main,CSDVRP-S-n20-s5,S,20,5,base,Fixed-small,6,,6,763.2502,865.7,758.6853,4.5649,0.0,6.0,6.012,7855,7,0,0,0.9947,0,0,0,0,0,0
main,CSDVRP-XL-n150-s3,XL,150,3,base,Fixed-small,3,,50,3824.3515,4237.9876,3810.858,13.4935,0.0,50.0,50.08,2175,45,0,0,0.9953,0,0,0,0,0,0
main,CSDVRP-S-n15-s5,S,15,5,base,DRL-ALNS,4,5,5,666.5148,800.4223,662.7682,3.7467,0.0,5.0,5.024,4516,5,0,0,0.9993,0,0,0,0,0,0
main,CSDVRP-S-n20-s2,S,20,2,base,Roulette-9,1,,6,670.121,732.8183,667.0092,3.1118,0.0,6.0,6.014,4797,7,0,0,0.9933,0,0,0,0,0,0
main,CSDVRP-L-n75-s2,L,75,2,base,Marginal-9,7,3,25,2114.2628,2442.0216,2076.3759,7.8869,30.0,25.0,25.03,1315,23,2,2,1.0,0,0,0,0,0,0
main,CSDVRP-L-n100-s4,L,100,4,base,VNS-9,2,,35,2970.8845,3371.4529,2927.8837,13.0008,30.0,35.0,35.082,748,31,1,2,1.0,0,0,0,0,0,0
exact,CSDVRP-S-n12-s1,S,12,1,base,Roulette-9,8,,5,511.4838,602.7068,507.9062,3.5776,0.0,5.0,5.007,10142,4,0,0,0.994,0,0,0,0,0,0
main,CSDVRP-M-n30-s3,M,30,3,base,VNS,6,,10,969.1696,1099.7766,965.9069,3.2627,0.0,10.0,10.029,4165,10,0,0,0.988,0,0,0,0,0,0
main,CSDVRP-S-n15-s2,S,15,2,base,Fixed-small,2,,5,618.9784,645.109,601.4965,2.4819,15.0,5.0,4.997,8699,6,1,1,1.0,0,0,0,0,0,0
exact,CSDVRP-S-n6-s1,S,6,1,base,Marginal-9,8,4,5,341.7876,362.2464,340.1093,1.6783,0.0,5.0,5.015,21481,3,0,0,0.926,0,0,0,0,0,0
exact,CSDVRP-S-n6-s1,S,6,1,base,Random-9,4,,5,341.7876,362.2464,340.1093,1.6783,0.0,5.0,5.0,21938,3,0,0,0.926,0,0,0,0,0,0
main,CSDVRP-S-n15-s2,S,15,2,base,Fixed-small,4,,5,618.8087,645.109,601.4965,2.3122,15.0,5.0,5.014,8659,6,1,1,1.0,0,0,0,0,0,0
main,CSDVRP-XL-n150-s4,XL,150,4,base,DRL-VNS,0,1,50,3832.6091,4802.2805,3803.0888,14.5202,15.0,50.0,50.076,1642,45,1,1,1.0,0,0,0,0,0,0
main,CSDVRP-L-n100-s1,L,100,1,base,VNS,6,,35,2648.6737,3146.4881,2637.3675,11.3062,0.0,35.0,35.077,1039,29,0,0,0.9988,0,0,0,0,0,0
main,CSDVRP-L-n100-s0,L,100,0,base,VNS-9,0,,35,3102.462,3458.8862,3088.3752,14.0869,0.0,35.031,35.176,706,31,0,0,0.9972,0,0,0,0,0,0
exact,CSDVRP-S-n12-s3,S,12,3,base,DRL-ALNS,6,2,5,522.495,589.3086,503.6872,3.8078,15.0,5.0,5.003,5391,4,1,1,0.982,0,0,0,0,0,0
exact,CSDVRP-S-n10-s1,S,10,1,base,VNS-9,3,,5,394.7924,479.2322,392.2685,2.5239,0.0,5.0,4.998,9348,4,0,0,0.9253,0,0,0,0,0,0
exact,CSDVRP-S-n12-s5,S,12,5,base,DRL-VNS,7,3,5,521.0601,535.5205,517.6832,3.3769,0.0,5.0,4.997,5639,4,0,0,0.978,0,0,0,0,0,0
exact,CSDVRP-S-n8-s2,S,8,2,base,VNS-9,7,,5,344.8888,398.3755,342.4078,2.481,0.0,5.0,5.014,17828,3,0,0,0.8753,0,0,0,0,0,0
main,CSDVRP-M-n30-s2,M,30,2,base,Marginal-9,5,1,10,959.2451,1162.4183,895.7332,3.5119,60.0,10.0,10.014,4179,9,4,4,1.0,0,0,0,0,0,0
main,CSDVRP-S-n20-s2,S,20,2,base,ALNS+,4,,6,679.0787,732.8183,675.3118,3.7669,0.0,6.0,6.013,5329,7,0,0,0.9933,0,0,0,0,0,0
exact,CSDVRP-S-n6-s1,S,6,1,base,Marginal-9,5,1,5,341.7876,362.2464,340.1093,1.6783,0.0,5.0,6.623,20812,3,0,0,0.926,0,0,0,0,0,0
main,CSDVRP-M-n30-s0,M,30,0,base,Marginal-9,9,5,10,1110.3793,1303.6377,1091.4559,3.9234,15.0,10.0,10.154,3607,11,1,1,0.997,0,0,0,0,0,0
main,CSDVRP-M-n50-s5,M,50,5,base,DRL-ALNS,2,3,15,1678.6446,1904.3598,1669.4857,9.1588,0.0,15.0,15.019,1529,16,0,0,0.9985,0,0,0,0,0,0
main,CSDVRP-L-n100-s1,L,100,1,base,Marginal-9,6,2,35,2738.5072,3146.4881,2666.7266,11.7806,60.0,35.062,35.08,733,29,3,4,1.0,0,0,0,0,0,0
exact,CSDVRP-S-n6-s5,S,6,5,base,Fixed-small,5,,5,347.3173,347.7063,345.0582,2.2591,0.0,5.0,5.006,24822,3,0,0,0.9907,0,0,0,0,0,0
exact,CSDVRP-S-n12-s5,S,12,5,base,Roulette-9,2,,5,521.0601,535.5205,517.6832,3.3769,0.0,5.0,5.029,9950,4,0,0,0.978,0,0,0,0,0,0
exact,CSDVRP-S-n10-s4,S,10,4,base,Marginal-9,6,2,5,387.4582,460.8567,384.9244,2.5338,0.0,5.0,5.03,16802,3,0,0,0.98,0,0,0,0,0,0
main,CSDVRP-M-n30-s5,M,30,5,base,VNS-9,7,,10,1128.6575,1247.2838,1123.3823,5.2752,0.0,10.0,10.013,4347,10,0,0,0.9905,0,0,0,0,0,0
main,CSDVRP-L-n100-s4,L,100,4,base,Roulette-9,3,,35,2931.9945,3371.4529,2919.4016,12.5929,0.0,35.0,35.127,907,30,0,0,1.0,0,0,0,0,0,0
main,CSDVRP-S-n15-s4,S,15,4,base,Fixed-small,3,,5,586.0528,624.2332,582.2908,3.762,0.0,5.0,4.995,9651,6,0,0,0.9347,0,0,0,0,0,0
exact,CSDVRP-S-n8-s2,S,8,2,base,Marginal-9,4,5,5,344.8888,398.3755,342.4078,2.481,0.0,5.0,5.012,16583,3,0,0,0.8753,0,0,0,0,0,0
exact,CSDVRP-S-n12-s3,S,12,3,base,VNS,4,,5,522.4878,589.3086,503.6872,3.8005,15.0,5.0,5.0,9885,4,1,1,1.0,0,0,0,0,0,0
main,CSDVRP-XL-n150-s1,XL,150,1,base,DRL-VNS,1,2,50,4290.3696,4744.1508,4230.6142,14.7554,45.0,50.016,50.089,1793,45,2,3,1.0,0,0,0,0,0,0
main,CSDVRP-XL-n150-s3,XL,150,3,base,VNS,7,,50,3802.2929,4237.9876,3786.3477,15.9451,0.0,50.0,50.076,1578,43,0,0,0.9993,0,0,0,0,0,0
main,CSDVRP-M-n30-s0,M,30,0,base,Marginal-9,8,4,10,1092.9389,1303.6377,1089.1614,3.7775,0.0,10.0,10.013,3734,11,0,0,0.997,0,0,0,0,0,0
main,CSDVRP-XL-n150-s1,XL,150,1,base,Fixed-small,4,,50,4193.8068,4744.1508,4179.2243,14.5825,0.0,50.016,50.096,2398,45,0,0,0.9973,0,0,0,0,0,0
exact,CSDVRP-S-n10-s1,S,10,1,base,Random-9,7,,5,394.7924,479.2322,392.2685,2.5239,0.0,5.0,5.007,9214,4,0,0,0.9253,0,0,0,0,0,0
exact,CSDVRP-S-n10-s3,S,10,3,base,DRL-VNS,5,1,5,398.3934,456.2198,394.9219,3.4715,0.0,5.0,4.996,6659,3,0,0,0.9427,0,0,0,0,0,0
main,CSDVRP-M-n30-s4,M,30,4,base,Random-9,2,,10,925.7749,1151.8487,921.3091,4.4658,0.0,10.0,9.998,3864,10,0,0,0.99,0,0,0,0,0,0
main,CSDVRP-S-n20-s0,S,20,0,base,VNS-9,1,,6,756.2207,835.2978,752.4896,3.7311,0.0,6.0,6.014,4969,7,0,0,0.9987,0,0,0,0,0,0
main,CSDVRP-M-n30-s4,M,30,4,base,VNS-9,8,,10,926.1273,1151.8487,921.3091,4.8182,0.0,10.0,10.015,3998,10,0,0,0.99,0,0,0,0,0,0
exact,CSDVRP-S-n12-s1,S,12,1,base,Marginal-9,8,4,5,511.4838,602.7068,507.9062,3.5776,0.0,5.0,4.997,10390,4,0,0,0.994,0,0,0,0,0,0
main,CSDVRP-M-n30-s3,M,30,3,base,Random-9,7,,10,969.1696,1099.7766,965.9069,3.2627,0.0,10.0,9.997,3988,10,0,0,0.988,0,0,0,0,0,0
main,CSDVRP-S-n15-s3,S,15,3,base,Roulette-9,4,,5,601.7995,692.2972,597.8561,3.9435,0.0,5.0,5.031,6880,6,0,0,0.998,0,0,0,0,0,0
main,CSDVRP-M-n30-s5,M,30,5,base,Random-9,8,,10,1111.094,1247.2838,1090.992,5.102,15.0,10.0,10.017,3549,10,1,1,1.0,0,0,0,0,0,0
exact,CSDVRP-S-n8-s3,S,8,3,base,Marginal-9,5,1,5,339.8466,351.7127,337.5902,2.2564,0.0,5.0,4.994,16836,3,0,0,0.9567,0,0,0,0,0,0
main,CSDVRP-XL-n150-s1,XL,150,1,base,Fixed-small,5,,50,4214.0067,4744.1508,4111.8948,12.1119,90.0,50.0,50.167,2649,44,4,6,1.0,0,0,0,0,0,0
main,CSDVRP-L-n100-s5,L,100,5,base,Random-9,8,,35,2678.235,3154.3549,2619.1647,14.0703,45.0,35.031,35.086,697,31,2,3,1.0,0,0,0,0,0,0
main,CSDVRP-S-n20-s4,S,20,4,base,VNS,8,,6,719.4697,798.0501,715.5041,3.9656,0.0,6.0,5.991,4514,7,0,0,0.986,0,0,0,0,0,0
main,CSDVRP-S-n20-s2,S,20,2,base,Roulette-9,6,,6,670.121,732.8183,667.0092,3.1118,0.0,6.0,6.013,4874,7,0,0,0.9933,0,0,0,0,0,0
main,CSDVRP-L-n100-s3,L,100,3,base,DRL-ALNS,8,4,35,2765.8574,3095.0715,2753.2259,12.6315,0.0,35.031,35.128,504,31,0,0,0.9992,0,0,0,0,0,0
exact,CSDVRP-S-n10-s5,S,10,5,base,Fixed-small,0,,5,454.5993,485.8354,450.6688,3.9305,0.0,5.0,4.991,14693,3,0,0,0.956,0,0,0,0,0,0
main,CSDVRP-XL-n150-s4,XL,150,4,base,Random-9,9,,50,4047.212,4802.2805,3927.9178,14.2942,105.0,50.047,50.098,1540,46,5,7,1.0,0,0,0,0,0,0
main,CSDVRP-M-n50-s5,M,50,5,base,Fixed-small,6,,15,1680.5776,1904.3598,1672.4675,8.11,0.0,15.0,15.007,3163,16,0,0,0.993,0,0,0,0,0,0
exact,CSDVRP-S-n6-s5,S,6,5,base,VNS-9,8,,5,347.3173,347.7063,345.0582,2.2591,0.0,5.0,4.998,25036,3,0,0,0.9907,0,0,0,0,0,0
exact,CSDVRP-S-n6-s1,S,6,1,base,ALNS+,0,,5,341.7876,362.2464,340.1093,1.6783,0.0,5.0,5.013,22027,3,0,0,0.926,0,0,0,0,0,0
main,CSDVRP-L-n75-s0,L,75,0,base,Roulette-9,7,,25,2408.9816,2688.4285,2400.1362,8.8454,0.0,25.0,25.057,1176,24,0,0,0.9984,0,0,0,0,0,0
main,CSDVRP-M-n30-s1,M,30,1,base,Random-9,5,,10,1057.4225,1231.1888,1037.9499,4.4726,15.0,10.0,9.989,3379,10,1,1,1.0,0,0,0,0,0,0
case,CSDVRP-CS-Riyadh,case,30,0,base,VNS,7,,30,420.8407,711.0291,415.2538,5.5869,0.0,30.0,29.995,13943,4,0,0,0.982,0,0,0,0,0,0
main,CSDVRP-S-n20-s3,S,20,3,base,ALNS+,3,,6,690.3257,797.0264,671.6629,3.6628,15.0,6.0,5.997,6384,7,1,1,1.0,0,0,0,0,0,0
main,CSDVRP-L-n100-s4,L,100,4,base,Fixed-small,1,,35,2942.075,3371.4529,2886.2789,10.7961,45.0,35.016,35.032,1445,30,3,3,1.0,0,0,0,0,0,0
exact,CSDVRP-S-n10-s5,S,10,5,base,ALNS+,6,,5,454.5993,485.8354,450.6688,3.9305,0.0,5.0,4.995,14083,3,0,0,0.956,0,0,0,0,0,0
main,CSDVRP-S-n15-s5,S,15,5,base,ALNS+,6,,5,675.3233,800.4223,670.5069,4.8163,0.0,5.0,4.998,8250,6,0,0,0.998,0,0,0,0,0,0
exact,CSDVRP-S-n12-s5,S,12,5,base,ALNS+,1,,5,521.0601,535.5205,517.6832,3.3769,0.0,5.0,5.028,11158,4,0,0,0.978,0,0,0,0,0,0
main,CSDVRP-M-n30-s3,M,30,3,base,Marginal-9,0,1,10,970.8464,1099.7766,968.1897,2.6567,0.0,10.0,10.0,3507,10,0,0,0.9975,0,0,0,0,0,0
main,CSDVRP-L-n75-s5,L,75,5,base,Roulette-9,4,,25,2090.8642,2327.4464,2083.4687,7.3955,0.0,25.016,25.014,1246,23,0,0,0.9904,0,0,0,0,0,0
main,CSDVRP-M-n50-s2,M,50,2,base,Marginal-9,6,2,15,1467.8485,1677.4231,1462.0673,5.7812,0.0,15.0,15.016,1806,16,0,0,0.9985,0,0,0,0,0,0
main,CSDVRP-L-n100-s4,L,100,4,base,DRL-ALNS,0,1,35,3078.7595,3371.4529,3061.3172,17.4423,0.0,35.031,35.12,466,31,0,0,1.0,0,0,0,0,0,0
main,CSDVRP-M-n50-s4,M,50,4,base,ALNS+,6,,15,1645.5835,1919.2804,1608.8604,6.7231,30.0,15.0,15.012,1959,16,2,2,1.0,0,0,0,0,0,0
main,CSDVRP-L-n75-s3,L,75,3,base,Random-9,3,,25,2129.4392,2332.9982,2093.2893,6.1499,30.0,25.0,25.057,1156,24,1,2,1.0,0,0,0,0,0,0
main,CSDVRP-XL-n150-s5,XL,150,5,base,DRL-ALNS,6,2,50,4062.7248,4291.4727,4045.0274,17.6973,0.0,50.047,50.083,743,49,0,0,0.999,0,0,0,0,0,0
main,CSDVRP-M-n30-s1,M,30,1,base,Marginal-9,1,2,10,1050.9453,1231.1888,1031.6902,4.2551,15.0,10.0,9.997,3588,10,1,1,1.0,0,0,0,0,0,0
main,CSDVRP-L-n100-s0,L,100,0,base,Fixed-small,5,,35,3112.7834,3458.8862,3071.2632,11.5202,30.0,35.016,35.135,986,32,2,2,1.0,0,0,0,0,0,0
exact,CSDVRP-S-n8-s1,S,8,1,base,DRL-ALNS,6,2,5,357.4079,376.3954,340.1754,2.2325,15.0,5.0,5.012,6706,3,1,1,1.0,0,0,0,0,0,0
exact,CSDVRP-S-n6-s5,S,6,5,base,DRL-ALNS,9,5,5,347.3173,347.7063,345.0582,2.2591,0.0,5.0,5.0,7049,3,0,0,0.9907,0,0,0,0,0,0
main,CSDVRP-L-n100-s4,L,100,4,base,DRL-ALNS,6,2,35,3017.6053,3371.4529,3003.2786,14.3266,0.0,35.078,35.12,523,31,0,0,0.9988,0,0,0,0,0,0
exact,CSDVRP-S-n12-s1,S,12,1,base,DRL-VNS,4,5,5,511.8119,602.7068,507.9062,3.9057,0.0,5.0,5.013,5586,4,0,0,0.994,0,0,0,0,0,0
exact,CSDVRP-S-n10-s1,S,10,1,base,Marginal-9,8,4,5,394.7924,479.2322,392.2685,2.5239,0.0,5.0,5.015,9209,4,0,0,0.9253,0,0,0,0,0,0
main,CSDVRP-M-n50-s2,M,50,2,base,DRL-ALNS,7,3,15,1491.2374,1677.4231,1483.3616,7.8758,0.0,15.0,15.006,1566,16,0,0,0.9985,0,0,0,0,0,0
main,CSDVRP-M-n30-s3,M,30,3,base,Marginal-9,3,4,10,970.8464,1099.7766,968.1897,2.6567,0.0,10.0,10.006,3697,10,0,0,0.9975,0,0,0,0,0,0
main,CSDVRP-S-n15-s3,S,15,3,base,VNS-9,5,,5,601.7995,692.2972,597.8561,3.9435,0.0,5.0,4.998,6850,6,0,0,0.998,0,0,0,0,0,0
case,CSDVRP-CS-Riyadh,case,30,0,base,Random-9,7,,30,420.0991,711.0291,414.0897,6.0094,0.0,30.0,30.046,12875,4,0,0,0.982,0,0,0,0,0,0
exact,CSDVRP-S-n8-s3,S,8,3,base,DRL-ALNS,9,5,5,339.8466,351.7127,337.5902,2.2564,0.0,5.0,5.012,6656,3,0,0,0.9567,0,0,0,0,0,0
main,CSDVRP-L-n100-s4,L,100,4,base,DRL-VNS,5,1,35,2949.3105,3371.4529,2935.8683,13.4422,0.0,35.016,35.031,745,31,0,0,0.9948,0,0,0,0,0,0
main,CSDVRP-XL-n150-s4,XL,150,4,base,Random-9,4,,50,3930.7216,4802.2805,3870.668,15.0536,45.0,50.0,50.068,1604,45,2,3,0.9973,0,0,0,0,0,0
main,CSDVRP-S-n15-s0,S,15,0,base,DRL-VNS,0,1,5,622.621,666.3141,603.3505,4.2704,15.0,5.0,4.999,4569,5,1,1,1.0,0,0,0,0,0,0
main,CSDVRP-S-n20-s3,S,20,3,base,Fixed-small,5,,6,730.1927,797.0264,696.4671,3.7256,30.0,6.0,6.03,6988,7,2,2,1.0,0,0,0,0,0,0
main,CSDVRP-L-n75-s4,L,75,4,base,Fixed-small,4,,25,2233.8754,2460.454,2196.5584,7.317,30.0,25.0,25.036,1641,24,1,2,1.0,0,0,0,0,0,0
main,CSDVRP-S-n15-s3,S,15,3,base,ALNS+,7,,5,613.8579,692.2972,595.8443,3.0136,15.0,5.0,4.991,9687,5,1,1,1.0,0,0,0,0,0,0
main,CSDVRP-XL-n150-s3,XL,150,3,base,VNS,6,,50,3796.445,4237.9876,3779.1057,17.3392,0.0,50.016,50.094,1664,43,0,0,0.9983,0,0,0,0,0,0
main,CSDVRP-S-n20-s1,S,20,1,base,Random-9,3,,6,785.2664,908.0268,780.5879,4.6785,0.0,6.0,6.012,5302,7,0,0,0.9833,0,0,0,0,0,0
main,CSDVRP-S-n15-s5,S,15,5,base,Fixed-small,6,,5,668.1861,800.4223,664.0584,4.1277,0.0,5.0,4.995,9416,6,0,0,0.998,0,0,0,0,0,0
main,CSDVRP-S-n20-s5,S,20,5,base,Roulette-9,1,,6,763.1659,865.7,758.6853,4.4806,0.0,6.0,5.998,5824,7,0,0,0.9947,0,0,0,0,0,0
main,CSDVRP-L-n75-s5,L,75,5,base,Marginal-9,1,2,25,2097.9383,2327.4464,2089.3953,8.5431,0.0,25.0,25.039,1219,23,0,0,0.9992,0,0,0,0,0,0
exact,CSDVRP-S-n6-s3,S,6,3,base,Random-9,5,,5,230.2731,253.5784,228.5871,1.686,0.0,5.0,4.989,30107,2,0,0,0.9873,0,0,0,0,0,0
main,CSDVRP-S-n20-s2,S,20,2,base,Fixed-small,7,,6,670.145,732.8183,667.0092,3.1358,0.0,6.0,6.028,6622,7,0,0,0.9933,0,0,0,0,0,0
main,CSDVRP-L-n100-s5,L,100,5,base,Random-9,4,,35,2666.1134,3154.3549,2595.3796,10.7338,60.0,35.016,35.07,779,31,3,4,1.0,0,0,0,0,0,0
main,CSDVRP-S-n15-s2,S,15,2,base,Roulette-9,0,,5,604.4369,645.109,602.0225,2.4144,0.0,5.0,4.989,6437,6,0,0,0.9953,0,0,0,0,0,0
main,CSDVRP-L-n75-s1,L,75,1,base,VNS-9,6,,25,2107.7776,2408.8056,2054.9674,7.8102,45.0,25.0,25.054,1205,23,2,3,1.0,0,0,0,0,0,0
main,CSDVRP-S-n20-s5,S,20,5,base,VNS-9,1,,6,763.1659,865.7,758.6853,4.4806,0.0,6.0,5.989,5938,7,0,0,0.9947,0,0,0,0,0,0
main,CSDVRP-L-n100-s1,L,100,1,base,Random-9,5,,35,2719.123,3146.4881,2706.6973,12.4257,0.0,35.0,35.021,698,30,0,0,0.9996,0,0,0,0,0,0
main,CSDVRP-XL-n150-s5,XL,150,5,base,Marginal-9,1,2,50,3895.8618,4291.4727,3833.6195,17.2423,45.0,50.0,50.007,1630,44,3,3,1.0,0,0,0,0,0,0
exact,CSDVRP-S-n10-s2,S,10,2,base,Fixed-small,7,,5,401.0886,436.4179,398.071,3.0176,0.0,5.0,5.026,18225,3,0,0,0.9867,0,0,0,0,0,0
main,CSDVRP-XL-n150-s3,XL,150,3,base,ALNS+,5,,50,3947.6598,4237.9876,3931.2243,16.4354,0.0,50.047,50.133,673,46,0,0,0.9987,0,0,0,0,0,0
exact,CSDVRP-S-n6-s5,S,6,5,base,VNS,0,,5,347.3173,347.7063,345.0582,2.2591,0.0,5.0,5.002,20424,3,0,0,0.9907,0,0,0,0,0,0
main,CSDVRP-M-n30-s0,M,30,0,base,Fixed-small,9,,10,1093.3501,1303.6377,1088.8964,4.4537,0.0,10.0,10.03,4741,11,0,0,0.997,0,0,0,0,0,0
main,CSDVRP-S-n20-s5,S,20,5,base,DRL-VNS,2,3,6,763.1659,865.7,758.6853,4.4806,0.0,6.0,5.995,4215,7,0,0,0.9947,0,0,0,0,0,0
main,CSDVRP-S-n20-s3,S,20,3,base,Fixed-small,2,,6,714.5796,797.0264,695.6625,3.9171,15.0,6.0,5.999,7109,7,1,1,1.0,0,0,0,0,0,0
exact,CSDVRP-S-n6-s5,S,6,5,base,DRL-VNS,9,5,5,347.3173,347.7063,345.0582,2.2591,0.0,5.0,5.027,8417,3,0,0,0.9907,0,0,0,0,0,0
exact,CSDVRP-S-n10-s4,S,10,4,base,DRL-VNS,7,3,5,387.4582,460.8567,384.9244,2.5338,0.0,5.0,5.029,7335,3,0,0,0.98,0,0,0,0,0,0
exact,CSDVRP-S-n12-s1,S,12,1,base,DRL-VNS,8,4,5,527.1742,602.7068,508.3795,3.7947,15.0,5.0,4.996,5891,4,1,1,1.0,0,0,0,0,0,0
main,CSDVRP-S-n20-s3,S,20,3,base,VNS,6,,6,714.5796,797.0264,695.6625,3.9171,15.0,6.0,6.014,4168,7,1,1,1.0,0,0,0,0,0,0
exact,CSDVRP-S-n10-s2,S,10,2,base,DRL-ALNS,6,2,5,391.6922,436.4179,389.0812,2.6111,0.0,5.0,5.012,6477,3,0,0,0.9787,0,0,0,0,0,0
exact,CSDVRP-S-n12-s1,S,12,1,base,DRL-VNS,0,1,5,511.4838,602.7068,507.9062,3.5776,0.0,5.0,4.998,5557,4,0,0,0.994,0,0,0,0,0,0
main,CSDVRP-XL-n150-s0,XL,150,0,base,ALNS+,8,,50,4650.0805,5021.4451,4514.0815,15.9989,120.0,50.141,50.185,640,49,4,8,1.0,0,0,0,0,0,0
main,CSDVRP-M-n50-s5,M,50,5,base,Random-9,7,,15,1606.0946,1904.3598,1597.9554,8.1392,0.0,15.0,14.998,2141,15,0,0,0.995,0,0,0,0,0,0
main,CSDVRP-XL-n150-s4,XL,150,4,base,ALNS+,7,,50,4213.3553,4802.2805,4093.525,14.8302,105.0,50.0,50.017,683,48,4,7,1.0,0,0,0,0,0,0
exact,CSDVRP-S-n8-s4,S,8,4,base,ALNS+,9,,5,359.1905,397.2233,357.0731,2.1174,0.0,5.0,4.993,17327,3,0,0,0.8793,0,0,0,0,0,0
main,CSDVRP-S-n15-s4,S,15,4,base,VNS,1,,5,585.7427,624.2332,582.2908,3.4519,0.0,5.0,4.997,6681,6,0,0,0.9347,0,0,0,0,0,0
main,CSDVRP-M-n50-s4,M,50,4,base,VNS,1,,15,1679.3735,1919.2804,1658.0475,6.326,15.0,15.0,15.023,2895,16,1,1,0.986,0,0,0,0,0,0
exact,CSDVRP-S-n12-s4,S,12,4,base,VNS,7,,5,487.5063,536.3904,484.4937,3.0126,0.0,5.0,4.991,8832,4,0,0,0.9867,0,0,0,0,0,0
exact,CSDVRP-S-n6-s1,S,6,1,base,ALNS+,3,,5,341.7876,362.2464,340.1093,1.6783,0.0,5.0,4.997,22086,3,0,0,0.926,0,0,0,0,0,0
main,CSDVRP-L-n75-s0,L,75,0,base,VNS-9,2,,25,2410.6163,2688.4285,2401.1797,9.4366,0.0,25.0,25.041,1174,24,0,0,0.9984,0,0,0,0,0,0
main,CSDVRP-M-n50-s0,M,50,0,base,Roulette-9,5,,15,1712.966,1986.2853,1705.7308,7.2352,0.0,15.0,15.041,2022,16,0,0,0.986,0,0,0,0,0,0
main,CSDVRP-L-n75-s2,L,75,2,base,ALNS+,4,,25,2251.7971,2442.0216,2241.7302,10.0669,0.0,25.016,25.086,949,26,0,0,0.9868,0,0,0,0,0,0
exact,CSDVRP-S-n10-s3,S,10,3,base,VNS,2,,5,398.3226,456.2198,394.9219,3.4007,0.0,5.0,4.996,13122,3,0,0,0.9427,0,0,0,0,0,0
main,CSDVRP-XL-n150-s2,XL,150,2,base,Random-9,2,,50,4083.0758,4545.4892,4021.2856,16.7902,45.0,50.0,50.046,1587,46,2,3,1.0,0,0,0,0,0,0
main,CSDVRP-L-n100-s0,L,100,0,base,Random-9,0,,35,3071.8231,3458.8862,3058.227,13.5961,0.0,35.0,35.107,694,31,0,0,0.9992,0,0,0,0,0,0
exact,CSDVRP-S-n8-s5,S,8,5,base,Roulette-9,2,,5,423.2126,427.0275,419.9371,3.2754,0.0,5.0,4.994,14648,3,0,0,0.894,0,0,0,0,0,0
exact,CSDVRP-S-n12-s4,S,12,4,base,Roulette-9,5,,5,487.5063,536.3904,484.4937,3.0126,0.0,5.0,4.999,10756,4,0,0,0.9867,0,0,0,0,0,0
main,CSDVRP-S-n20-s4,S,20,4,base,Random-9,3,,6,719.4697,798.0501,715.5041,3.9656,0.0,6.0,5.998,4924,7,0,0,0.986,0,0,0,0,0,0
main,CSDVRP-L-n75-s3,L,75,3,base,Random-9,5,,25,2103.7933,2332.9982,2097.4026,6.3908,0.0,25.016,25.082,1114,24,0,0,0.998,0,0,0,0,0,0
main,CSDVRP-L-n75-s5,L,75,5,base,Random-9,0,,25,2095.2629,2327.4464,2087.1741,8.0888,0.0,25.016,25.154,1127,23,0,0,0.9964,0,0,0,0,0,0
main,CSDVRP-M-n30-s1,M,30,1,base,Roulette-9,5,,10,1031.4688,1231.1888,1027.1043,4.3646,0.0,10.0,10.042,3571,10,0,0,0.98,0,0,0,0,0,0
exact,CSDVRP-S-n8-s2,S,8,2,base,DRL-VNS,7,3,5,344.8888,398.3755,342.4078,2.481,0.0,5.0,5.009,7397,3,0,0,0.8753,0,0,0,0,0,0
main,CSDVRP-XL-n150-s5,XL,150,5,base,Roulette-9,9,,50,3969.1932,4291.4727,3864.6617,14.5315,90.0,50.047,50.13,1684,45,4,6,1.0,0,0,0,0,0,0
exact,CSDVRP-S-n12-s5,S,12,5,base,Random-9,9,,5,521.0601,535.5205,517.6832,3.3769,0.0,5.0,5.006,10070,4,0,0,0.978,0,0,0,0,0,0
exact,CSDVRP-S-n10-s2,S,10,2,base,VNS,0,,5,386.2368,436.4179,383.4745,2.7622,0.0,5.0,4.999,14816,3,0,0,0.9893,0,0,0,0,0,0
main,CSDVRP-M-n50-s5,M,50,5,base,Roulette-9,3,,15,1618.6849,1904.3598,1596.1206,7.5644,15.0,15.0,14.999,1977,15,1,1,1.0,0,0,0,0,0,0
main,CSDVRP-M-n30-s4,M,30,4,base,Marginal-9,0,1,10,926.1514,1151.8487,921.3091,4.8423,0.0,10.0,10.014,3694,10,0,0,0.99,0,0,0,0,0,0
exact,CSDVRP-S-n6-s3,S,6,3,base,Roulette-9,7,,5,230.2731,253.5784,228.5871,1.686,0.0,5.0,5.028,28312,2,0,0,0.9873,0,0,0,0,0,0
main,CSDVRP-S-n15-s0,S,15,0,base,VNS-9,6,,5,606.5233,666.3141,602.2712,4.2521,0.0,5.0,4.998,7496,5,0,0,0.9927,0,0,0,0,0,0
main,CSDVRP-S-n15-s4,S,15,4,base,ALNS+,4,,5,602.1687,624.2332,598.2298,3.9389,0.0,5.0,5.013,8745,6,0,0,0.9347,0,0,0,0,0,0
exact,CSDVRP-S-n8-s5,S,8,5,base,VNS-9,9,,5,423.2126,427.0275,419.9371,3.2754,0.0,5.0,5.015,15569,3,0,0,0.894,0,0,0,0,0,0
main,CSDVRP-M-n30-s5,M,30,5,base,DRL-VNS,9,5,10,1128.5178,1247.2838,1123.3845,5.1334,0.0,10.0,10.016,3415,10,0,0,0.9905,0,0,0,0,0,0
case,CSDVRP-CS-Riyadh,case,30,0,base,Marginal-9,8,4,30,425.1377,711.0291,419.5582,5.5796,0.0,30.0,30.071,13838,4,0,0,0.964,0,0,0,0,0,0
main,CSDVRP-S-n20-s5,S,20,5,base,VNS,7,,6,763.1659,865.7,758.6853,4.4806,0.0,6.0,6.014,4579,7,0,0,0.9947,0,0,0,0,0,0
main,CSDVRP-S-n15-s0,S,15,0,base,VNS-9,2,,5,606.5233,666.3141,602.2712,4.2521,0.0,5.0,4.997,7603,5,0,0,0.9927,0,0,0,0,0,0
exact,CSDVRP-S-n6-s5,S,6,5,base,Fixed-small,0,,5,347.3173,347.7063,345.0582,2.2591,0.0,5.0,5.013,25000,3,0,0,0.9907,0,0,0,0,0,0
exact,CSDVRP-S-n6-s4,S,6,4,base,DRL-ALNS,5,1,5,307.1905,316.7228,305.135,2.0555,0.0,5.0,5.015,6638,3,0,0,0.906,0,0,0,0,0,0
exact,CSDVRP-S-n10-s5,S,10,5,base,VNS,6,,5,454.5993,485.8354,450.6688,3.9305,0.0,5.0,5.013,10877,3,0,0,0.956,0,0,0,0,0,0
main,CSDVRP-L-n100-s5,L,100,5,base,Fixed-small,6,,35,2622.809,3154.3549,2552.9128,9.8962,60.0,35.016,35.05,1504,30,3,4,1.0,0,0,0,0,0,0
main,CSDVRP-L-n100-s2,L,100,2,base,DRL-VNS,7,3,35,2800.6183,3167.7225,2790.0679,10.5505,0.0,35.031,35.069,889,30,0,0,0.9916,0,0,0,0,0,0
main,CSDVRP-S-n20-s2,S,20,2,base,DRL-ALNS,2,3,6,670.1283,732.8183,667.0092,3.1191,0.0,6.0,5.998,3421,7,0,0,0.9933,0,0,0,0,0,0
main,CSDVRP-S-n15-s1,S,15,1,base,Roulette-9,9,,5,599.4153,675.8866,596.1341,3.2813,0.0,5.0,4.998,6443,6,0,0,0.9,0,0,0,0,0,0
main,CSDVRP-L-n100-s5,L,100,5,base,Fixed-small,8,,35,2651.795,3154.3549,2581.0452,10.7498,60.0,35.0,35.121,1346,30,3,4,1.0,0,0,0,0,0,0
main,CSDVRP-L-n75-s2,L,75,2,base,DRL-ALNS,1,2,25,2197.8593,2442.0216,2185.2732,12.5861,0.0,25.016,25.032,948,22,0,0,0.9988,0,0,0,0,0,0
exact,CSDVRP-S-n10-s3,S,10,3,base,Roulette-9,6,,5,398.3226,456.2198,394.9219,3.4007,0.0,5.0,4.996,14260,3,0,0,0.9427,0,0,0,0,0,0
main,CSDVRP-M-n50-s0,M,50,0,base,DRL-VNS,7,3,15,1711.4877,1986.2853,1703.9689,7.5188,0.0,15.0,15.036,1883,16,0,0,0.9995,0,0,0,0,0,0
main,CSDVRP-S-n20-s5,S,20,5,base,DRL-VNS,7,3,6,763.1659,865.7,758.6853,4.4806,0.0,6.0,6.036,4301,7,0,0,0.9947,0,0,0,0,0,0
exact,CSDVRP-S-n10-s2,S,10,2,base,VNS,3,,5,386.2368,436.4179,383.4745,2.7622,0.0,5.0,4.996,14653,3,0,0,0.9893,0,0,0,0,0,0
main,CSDVRP-XL-n150-s1,XL,150,1,base,DRL-VNS,0,1,50,4168.5435,4744.1508,4152.2893,16.2542,0.0,50.0,50.06,1620,45,0,0,0.9987,0,0,0,0,0,0
exact,CSDVRP-S-n6-s5,S,6,5,base,VNS-9,2,,5,347.3173,347.7063,345.0582,2.2591,0.0,5.0,4.997,25003,3,0,0,0.9907,0,0,0,0,0,0
main,CSDVRP-M-n30-s0,M,30,0,base,Roulette-9,9,,10,1110.3793,1303.6377,1091.4559,3.9234,15.0,10.0,10.031,3908,11,1,1,0.997,0,0,0,0,0,0
main,CSDVRP-S-n20-s4,S,20,4,base,DRL-VNS,9,5,6,719.4697,798.0501,715.5041,3.9656,0.0,6.0,5.996,3423,7,0,0,0.986,0,0,0,0,0,0
exact,CSDVRP-S-n8-s2,S,8,2,base,VNS-9,0,,5,344.8888,398.3755,342.4078,2.481,0.0,5.0,4.997,17799,3,0,0,0.8753,0,0,0,0,0,0
main,CSDVRP-L-n75-s2,L,75,2,base,Roulette-9,5,,25,2091.7945,2442.0216,2052.9967,8.7978,30.0,25.016,25.028,1368,22,2,2,1.0,0,0,0,0,0,0
main,CSDVRP-L-n100-s0,L,100,0,base,VNS,0,,35,3065.2393,3458.8862,3037.1539,13.0853,15.0,35.0,35.066,987,31,1,1,1.0,0,0,0,0,0,0
exact,CSDVRP-S-n12-s3,S,12,3,base,VNS-9,5,,5,522.4878,589.3086,503.6872,3.8005,15.0,5.0,5.008,12436,4,1,1,1.0,0,0,0,0,0,0
main,CSDVRP-S-n15-s2,S,15,2,base,Marginal-9,5,1,5,604.4369,645.109,602.0225,2.4144,0.0,5.0,4.998,6493,6,0,0,0.9953,0,0,0,0,0,0
exact,CSDVRP-S-n10-s3,S,10,3,base,DRL-ALNS,9,5,5,398.3934,456.2198,394.9219,3.4715,0.0,5.0,5.029,6130,3,0,0,0.9427,0,0,0,0,0,0
exact,CSDVRP-S-n6-s4,S,6,4,base,Fixed-small,8,,5,307.3738,316.7228,305.135,2.2389,0.0,5.0,4.999,19745,3,0,0,0.906,0,0,0,0,0,0
main,CSDVRP-L-n75-s0,L,75,0,base,VNS,7,,25,2429.7538,2688.4285,2406.1823,8.5715,15.0,25.0,25.067,1685,24,1,1,1.0,0,0,0,0,0,0
main,CSDVRP-L-n75-s5,L,75,5,base,DRL-VNS,7,3,25,2091.7366,2327.4464,2083.5398,8.1968,0.0,25.0,25.054,1318,23,0,0,0.9904,0,0,0,0,0,0
main,CSDVRP-S-n20-s2,S,20,2,base,DRL-ALNS,7,3,6,670.1283,732.8183,667.0092,3.1191,0.0,6.0,6.012,3501,7,0,0,0.9933,0,0,0,0,0,0
main,CSDVRP-M-n30-s0,M,30,0,base,ALNS+,7,,10,1168.6347,1303.6377,1119.1581,4.4766,45.0,10.0,9.998,4081,11,3,3,1.0,0,0,0,0,0,0
exact,CSDVRP-S-n10-s5,S,10,5,base,ALNS+,5,,5,454.5993,485.8354,450.6688,3.9305,0.0,5.0,5.012,14003,3,0,0,0.956,0,0,0,0,0,0
exact,CSDVRP-S-n12-s2,S,12,2,base,Marginal-9,4,5,5,460.175,518.4642,458.0808,2.0942,0.0,5.0,5.028,13158,4,0,0,0.998,0,0,0,0,0,0
main,CSDVRP-M-n30-s4,M,30,4,base,Roulette-9,6,,10,926.1514,1151.8487,921.3091,4.8423,0.0,10.0,10.014,4090,10,0,0,0.99,0,0,0,0,0,0
main,CSDVRP-M-n50-s0,M,50,0,base,Fixed-small,3,,15,1742.5756,1986.2853,1720.2994,7.2762,15.0,15.0,15.0,3098,16,1,1,0.9885,0,0,0,0,0,0
main,CSDVRP-L-n100-s2,L,100,2,base,ALNS+,7,,35,2890.0736,3167.7225,2876.2884,13.7853,0.0,35.109,35.186,594,29,0,0,0.996,0,0,0,0,0,0
exact,CSDVRP-S-n8-s3,S,8,3,base,Marginal-9,9,5,5,339.8466,351.7127,337.5902,2.2564,0.0,5.0,5.011,16847,3,0,0,0.9567,0,0,0,0,0,0
main,CSDVRP-XL-n150-s1,XL,150,1,base,Roulette-9,0,,50,4235.0427,4744.1508,4158.2303,16.8125,60.0,50.0,50.027,1757,45,2,4,1.0,0,0,0,0,0,0
main,CSDVRP-L-n100-s3,L,100,3,base,Fixed-small,8,,35,2696.9335,3095.0715,2686.8824,10.0511,0.0,35.016,35.063,1265,31,0,0,1.0,0,0,0,0,0,0
exact,CSDVRP-S-n6-s3,S,6,3,base,VNS-9,1,,5,230.2731,253.5784,228.5871,1.686,0.0,5.0,5.011,30709,2,0,0,0.9873,0,0,0,0,0,0
exact,CSDVRP-S-n8-s3,S,8,3,base,Roulette-9,9,,5,339.8466,351.7127,337.5902,2.2564,0.0,5.0,4.998,17062,3,0,0,0.9567,0,0,0,0,0,0
main,CSDVRP-S-n15-s0,S,15,0,base,ALNS+,2,,5,631.8163,666.3141,627.1757,4.6406,0.0,5.0,5.015,8046,6,0,0,0.9967,0,0,0,0,0,0
main,CSDVRP-M-n50-s5,M,50,5,base,Roulette-9,2,,15,1605.7648,1904.3598,1597.9554,7.8094,0.0,15.0,15.004,2140,15,0,0,0.995,0,0,0,0,0,0
exact,CSDVRP-S-n10-s4,S,10,4,base,DRL-ALNS,0,1,5,387.4582,460.8567,384.9244,2.5338,0.0,5.0,5.024,6388,3,0,0,0.98,0,0,0,0,0,0
main,CSDVRP-S-n15-s2,S,15,2,base,VNS-9,5,,5,604.4369,645.109,602.0225,2.4144,0.0,5.0,4.997,6825,6,0,0,0.9953,0,0,0,0,0,0
exact,CSDVRP-S-n8-s2,S,8,2,base,VNS,4,,5,344.8888,398.3755,342.4078,2.481,0.0,5.0,4.998,15182,3,0,0,0.8753,0,0,0,0,0,0
main,CSDVRP-M-n50-s2,M,50,2,base,VNS,0,,15,1482.8898,1677.4231,1476.3623,6.5275,0.0,15.0,15.007,2789,16,0,0,0.9985,0,0,0,0,0,0
main,CSDVRP-L-n100-s3,L,100,3,base,Fixed-small,4,,35,2697.7874,3095.0715,2674.2563,8.5311,15.0,35.0,35.059,1367,31,1,1,1.0,0,0,0,0,0,0
main,CSDVRP-XL-n150-s0,XL,150,0,base,Random-9,9,,50,4422.4552,5021.4451,4331.1906,16.2646,75.0,50.0,50.069,1750,46,3,5,1.0,0,0,0,0,0,0
main,CSDVRP-L-n75-s3,L,75,3,base,ALNS+,1,,25,2197.9052,2332.9982,2191.0177,6.8874,0.0,25.0,25.079,963,27,0,0,0.9952,0,0,0,0,0,0
exact,CSDVRP-S-n12-s2,S,12,2,base,ALNS+,5,,5,460.175,518.4642,458.0808,2.0942,0.0,5.0,4.994,13990,4,0,0,0.998,0,0,0,0,0,0
exact,CSDVRP-S-n10-s3,S,10,3,base,Marginal-9,6,2,5,398.3934,456.2198,394.9219,3.4715,0.0,5.0,5.013,14906,3,0,0,0.9427,0,0,0,0,0,0
main,CSDVRP-XL-n150-s3,XL,150,3,base,VNS-9,1,,50,3838.9137,4237.9876,3823.9314,14.9823,0.0,50.016,50.164,1538,44,0,0,0.9993,0,0,0,0,0,0
main,CSDVRP-S-n15-s1,S,15,1,base,Marginal-9,6,2,5,599.4153,675.8866,596.1341,3.2813,0.0,5.0,5.003,6509,6,0,0,0.9,0,0,0,0,0,0
exact,CSDVRP-S-n8-s2,S,8,2,base,Random-9,4,,5,344.8888,398.3755,342.4078,2.481,0.0,5.0,4.999,17268,3,0,0,0.8753,0,0,0,0,0,0
main,CSDVRP-S-n20-s3,S,20,3,base,DRL-ALNS,2,3,6,690.3257,797.0264,671.6629,3.6628,15.0,6.0,6.015,3625,7,1,1,1.0,0,0,0,0,0,0
main,CSDVRP-XL-n150-s3,XL,150,3,base,ALNS+,3,,50,3973.3453,4237.9876,3957.3102,16.0351,0.0,50.047,50.123,661,48,0,0,0.9987,0,0,0,0,0,0
main,CSDVRP-M-n30-s1,M,30,1,base,DRL-ALNS,0,1,10,1065.5572,1231.1888,1059.4746,6.0826,0.0,10.0,10.013,2895,11,0,0,0.9725,0,0,0,0,0,0
exact,CSDVRP-S-n10-s5,S,10,5,base,Fixed-small,9,,5,454.5993,485.8354,450.6688,3.9305,0.0,5.0,4.996,14816,3,0,0,0.956,0,0,0,0,0,0
main,CSDVRP-L-n100-s5,L,100,5,base,Marginal-9,2,3,35,2674.7958,3154.3549,2602.7666,12.0292,60.0,35.0,35.074,726,31,3,4,1.0,0,0,0,0,0,0
main,CSDVRP-M-n50-s1,M,50,1,base,Marginal-9,9,5,15,1502.1073,1718.5004,1495.4243,6.683,0.0,15.0,15.032,1701,15,0,0,0.994,0,0,0,0,0,0
exact,CSDVRP-S-n8-s2,S,8,2,base,Marginal-9,3,4,5,344.8888,398.3755,342.4078,2.481,0.0,5.0,5.013,17197,3,0,0,0.8753,0,0,0,0,0,0
main,CSDVRP-L-n75-s0,L,75,0,base,ALNS+,9,,25,2432.7967,2688.4285,2421.8333,10.9634,0.0,25.016,25.051,873,24,0,0,0.9984,0,0,0,0,0,0
main,CSDVRP-L-n100-s2,L,100,2,base,DRL-ALNS,9,5,35,2887.8676,3167.7225,2874.6835,13.184,0.0,35.031,35.12,534,30,0,0,0.9928,0,0,0,0,0,0
exact,CSDVRP-S-n6-s2,S,6,2,base,DRL-ALNS,4,5,5,330.2083,334.9047,328.2873,1.921,0.0,5.0,5.009,6775,3,0,0,0.8567,0,0,0,0,0,0
exact,CSDVRP-S-n8-s5,S,8,5,base,Roulette-9,9,,5,423.2126,427.0275,419.9371,3.2754,0.0,5.0,4.999,14787,3,0,0,0.894,0,0,0,0,0,0
main,CSDVRP-L-n75-s0,L,75,0,base,Random-9,6,,25,2410.2189,2688.4285,2400.1362,10.0827,0.0,25.016,25.032,1164,24,0,0,0.9984,0,0,0,0,0,0
main,CSDVRP-XL-n150-s5,XL,150,5,base,Marginal-9,5,1,50,3928.7214,4291.4727,3879.9499,18.7715,30.0,50.047,50.156,1541,44,1,2,1.0,0,0,0,0,0,0
case,CSDVRP-CS-Riyadh,case,30,0,base,VNS,3,,30,421.2,711.0291,415.2631,5.9369,0.0,30.0,30.023,13478,4,0,0,0.982,0,0,0,0,0,0
main,CSDVRP-XL-n150-s0,XL,150,0,base,Roulette-9,7,,50,4420.1213,5021.4451,4373.4034,16.7179,30.0,50.0,50.093,1750,47,1,2,0.9953,0,0,0,0,0,0
main,CSDVRP-S-n20-s5,S,20,5,base,DRL-VNS,5,1,6,763.1659,865.7,758.6853,4.4806,0.0,6.0,6.009,4111,7,0,0,0.9947,0,0,0,0,0,0
main,CSDVRP-M-n50-s3,M,50,3,base,DRL-VNS,8,4,15,1399.8303,1746.7745,1393.2711,6.5592,0.0,15.0,14.999,1819,15,0,0,0.994,0,0,0,0,0,0
main,CSDVRP-M-n30-s3,M,30,3,base,VNS,8,,10,969.1696,1099.7766,965.9069,3.2627,0.0,10.0,10.013,4253,10,0,0,0.988,0,0,0,0,0,0
exact,CSDVRP-S-n12-s4,S,12,4,base,Fixed-small,6,,5,487.6731,536.3904,484.4937,3.1794,0.0,5.0,4.995,13547,4,0,0,0.9867,0,0,0,0,0,0
exact,CSDVRP-S-n10-s4,S,10,4,base,ALNS+,0,,5,387.4582,460.8567,384.9244,2.5338,0.0,5.0,5.0,16318,3,0,0,0.98,0,0,0,0,0,0
main,CSDVRP-L-n75-s5,L,75,5,base,DRL-VNS,2,3,25,2077.2999,2327.4464,2069.6409,7.659,0.0,25.0,25.044,1261,22,0,0,0.9984,0,0,0,0,0,0
main,CSDVRP-M-n50-s2,M,50,2,base,VNS,2,,15,1468.2694,1677.4231,1461.7612,6.5082,0.0,15.0,14.996,2648,16,0,0,0.9985,0,0,0,0,0,0
main,CSDVRP-M-n50-s3,M,50,3,base,DRL-ALNS,5,1,15,1425.4354,1746.7745,1417.6246,7.8108,0.0,15.016,15.031,1635,15,0,0,0.994,0,0,0,0,0,0
exact,CSDVRP-S-n12-s3,S,12,3,base,VNS,0,,5,522.4878,589.3086,503.6872,3.8005,15.0,5.0,4.997,9843,4,1,1,1.0,0,0,0,0,0,0
main,CSDVRP-M-n50-s5,M,50,5,base,Fixed-small,9,,15,1646.9728,1904.3598,1625.4391,6.5337,15.0,15.0,15.029,2740,16,1,1,1.0,0,0,0,0,0,0
main,CSDVRP-L-n75-s0,L,75,0,base,ALNS+,3,,25,2489.1283,2688.4285,2477.5612,11.5671,0.0,25.0,25.06,910,26,0,0,0.9984,0,0,0,0,0,0
main,CSDVRP-L-n75-s2,L,75,2,base,VNS-9,8,,25,2105.4066,2442.0216,2095.1741,10.2325,0.0,25.0,25.005,1145,23,0,0,0.9928,0,0,0,0,0,0
main,CSDVRP-M-n50-s3,M,50,3,base,ALNS+,8,,15,1470.7357,1746.7745,1404.3725,6.3632,60.0,15.0,15.011,1948,15,3,4,1.0,0,0,0,0,0,0
main,CSDVRP-L-n100-s5,L,100,5,base,ALNS+,1,,35,2752.5672,3154.3549,2738.4639,14.1033,0.0,35.016,35.065,556,36,0,0,0.998,0,0,0,0,0,0
main,CSDVRP-L-n100-s2,L,100,2,base,Random-9,1,,35,2807.5191,3167.7225,2795.9649,11.5542,0.0,35.016,35.05,749,30,0,0,0.9956,0,0,0,0,0,0
exact,CSDVRP-S-n12-s1,S,12,1,base,DRL-ALNS,4,5,5,511.4838,602.7068,507.9062,3.5776,0.0,5.0,5.013,5098,4,0,0,0.994,0,0,0,0,0,0
main,CSDVRP-L-n100-s3,L,100,3,base,Roulette-9,7,,35,2725.1132,3095.0715,2713.8861,11.2271,0.0,35.016,35.098,800,31,0,0,1.0,0,0,0,0,0,0
exact,CSDVRP-S-n12-s4,S,12,4,base,Marginal-9,7,3,5,487.5063,536.3904,484.4937,3.0126,0.0,5.0,4.99,11351,4,0,0,0.9867,0,0,0,0,0,0
exact,CSDVRP-S-n10-s5,S,10,5,base,VNS-9,8,,5,454.5993,485.8354,450.6688,3.9305,0.0,5.0,5.044,13331,3,0,0,0.956,0,0,0,0,0,0
main,CSDVRP-L-n75-s5,L,75,5,base,Fixed-small,4,,25,2096.7272,2327.4464,2089.3953,7.3319,0.0,25.0,25.042,1964,23,0,0,0.9992,0,0,0,0,0,0
exact,CSDVRP-S-n8-s2,S,8,2,base,Random-9,5,,5,344.8888,398.3755,342.4078,2.481,0.0,5.0,4.985,17577,3,0,0,0.8753,0,0,0,0,0,0
exact,CSDVRP-S-n12-s1,S,12,1,base,Roulette-9,9,,5,511.4838,602.7068,507.9062,3.5776,0.0,5.0,5.015,9831,4,0,0,0.994,0,0,0,0,0,0
exact,CSDVRP-S-n8-s4,S,8,4,base,VNS-9,7,,5,360.1059,397.2233,357.0731,3.0328,0.0,5.0,5.014,17018,3,0,0,0.8793,0,0,0,0,0,0
main,CSDVRP-M-n50-s0,M,50,0,base,VNS,0,,15,1714.3942,1986.2853,1707.1557,7.2385,0.0,15.0,15.064,2825,16,0,0,0.9865,0,0,0,0,0,0
exact,CSDVRP-S-n8-s3,S,8,3,base,VNS,0,,5,339.8466,351.7127,337.5902,2.2564,0.0,5.0,4.994,13950,3,0,0,0.9567,0,0,0,0,0,0
main,CSDVRP-M-n50-s1,M,50,1,base,ALNS+,9,,15,1542.076,1718.5004,1475.3158,6.7601,60.0,15.0,15.046,2004,15,4,4,1.0,0,0,0,0,0,0
main,CSDVRP-L-n75-s2,L,75,2,base,Marginal-9,1,2,25,2116.3406,2442.0216,2092.2816,9.059,15.0,25.0,25.024,1223,22,1,1,0.9972,0,0,0,0,0,0
main,CSDVRP-S-n15-s1,S,15,1,base,VNS,3,,5,590.7648,675.8866,586.7939,3.9709,0.0,5.0,4.988,6203,5,0,0,0.9987,0,0,0,0,0,0
main,CSDVRP-S-n15-s5,S,15,5,base,DRL-ALNS,7,3,5,666.5148,800.4223,662.7682,3.7467,0.0,5.0,5.045,4563,5,0,0,0.9993,0,0,0,0,0,0
main,CSDVRP-L-n75-s5,L,75,5,base,Roulette-9,0,,25,2090.774,2327.4464,2083.4687,7.3053,0.0,25.0,25.034,1334,23,0,0,0.9904,0,0,0,0,0,0
main,CSDVRP-S-n20-s1,S,20,1,base,Fixed-small,6,,6,800.6076,908.0268,780.9569,4.6507,15.0,6.0,5.993,6732,7,1,1,1.0,0,0,0,0,0,0
main,CSDVRP-XL-n150-s5,XL,150,5,base,Fixed-small,0,,50,3857.9659,4291.4727,3842.8888,15.0771,0.0,50.0,50.064,2668,45,0,0,0.999,0,0,0,0,0,0
main,CSDVRP-S-n20-s2,S,20,2,base,Random-9,1,,6,670.121,732.8183,667.0092,3.1118,0.0,6.0,6.01,4976,7,0,0,0.9933,0,0,0,0,0,0
main,CSDVRP-L-n100-s0,L,100,0,base,VNS-9,6,,35,3085.3955,3458.8862,3043.1922,12.2033,30.0,35.0,35.058,711,31,1,2,1.0,0,0,0,0,0,0
main,CSDVRP-L-n100-s0,L,100,0,base,Roulette-9,7,,35,3103.5239,3458.8862,3059.9056,13.6183,30.0,35.031,35.079,659,31,1,2,1.0,0,0,0,0,0,0
exact,CSDVRP-S-n12-s5,S,12,5,base,Roulette-9,9,,5,521.0601,535.5205,517.6832,3.3769,0.0,5.0,4.997,9772,4,0,0,0.978,0,0,0,0,0,0
main,CSDVRP-XL-n150-s4,XL,150,4,base,Fixed-small,3,,50,3922.2904,4802.2805,3803.331,13.9594,105.0,50.0,50.12,2456,45,4,7,1.0,0,0,0,0,0,0
main,CSDVRP-M-n50-s5,M,50,5,base,VNS,8,,15,1628.5469,1904.3598,1620.3696,8.1773,0.0,15.0,14.989,2651,16,0,0,0.998,0,0,0,0,0,0
main,CSDVRP-S-n15-s5,S,15,5,base,VNS-9,8,,5,666.5148,800.4223,662.7682,3.7467,0.0,5.0,4.994,8978,5,0,0,0.9993,0,0,0,0,0,0
main,CSDVRP-S-n15-s2,S,15,2,base,VNS,0,,5,604.4369,645.109,602.0225,2.4144,0.0,5.0,5.014,5290,6,0,0,0.9953,0,0,0,0,0,0
exact,CSDVRP-S-n8-s4,S,8,4,base,DRL-ALNS,5,1,5,359.1905,397.2233,357.0731,2.1174,0.0,5.0,4.998,6452,3,0,0,0.8793,0,0,0,0,0,0
exact,CSDVRP-S-n10-s4,S,10,4,base,VNS,2,,5,387.4582,460.8567,384.9244,2.5338,0.0,5.0,5.014,14432,3,0,0,0.98,0,0,0,0,0,0
main,CSDVRP-XL-n150-s5,XL,150,5,base,ALNS+,4,,50,4053.7891,4291.4727,4036.3661,17.423,0.0,50.016,50.14,643,49,0,0,0.999,0,0,0,0,0,0
exact,CSDVRP-S-n12-s4,S,12,4,base,VNS-9,0,,5,487.5063,536.3904,484.4937,3.0126,0.0,5.0,4.996,11377,4,0,0,0.9867,0,0,0,0,0,0
exact,CSDVRP-S-n10-s1,S,10,1,base,Marginal-9,1,2,5,394.7924,479.2322,392.2685,2.5239,0.0,5.0,4.997,8796,4,0,0,0.9253,0,0,0,0,0,0
main,CSDVRP-L-n100-s4,L,100,4,base,VNS,4,,35,2920.654,3371.4529,2906.6615,13.9925,0.0,35.031,35.069,915,30,0,0,0.9992,0,0,0,0,0,0
main,CSDVRP-L-n75-s3,L,75,3,base,Random-9,4,,25,2133.2758,2332.9982,2096.9309,6.3448,30.0,25.0,25.041,1141,24,1,2,1.0,0,0,0,0,0,0
exact,CSDVRP-S-n8-s3,S,8,3,base,DRL-ALNS,8,4,5,339.8466,351.7127,337.5902,2.2564,0.0,5.0,5.04,6678,3,0,0,0.9567,0,0,0,0,0,0
main,CSDVRP-L-n75-s2,L,75,2,base,Marginal-9,6,2,25,2107.3858,2442.0216,2083.3373,9.0485,15.0,25.0,25.056,1248,23,1,1,1.0,0,0,0,0,0,0
main,CSDVRP-M-n50-s1,M,50,1,base,DRL-ALNS,7,3,15,1568.5494,1718.5004,1502.0077,6.5416,60.0,15.0,15.008,1548,15,4,4,1.0,0,0,0,0,0,0
main,CSDVRP-M-n50-s2,M,50,2,base,Roulette-9,6,,15,1472.0742,1677.4231,1465.5918,6.4824,0.0,15.0,15.042,2076,16,0,0,0.9985,0,0,0,0,0,0
exact,CSDVRP-S-n8-s4,S,8,4,base,Roulette-9,2,,5,359.1905,397.2233,357.0731,2.1174,0.0,5.0,5.059,15989,3,0,0,0.8793,0,0,0,0,0,0
exact,CSDVRP-S-n8-s5,S,8,5,base,DRL-ALNS,3,4,5,423.2126,427.0275,419.9371,3.2754,0.0,5.0,5.046,6445,3,0,0,0.894,0,0,0,0,0,0
main,CSDVRP-M-n50-s5,M,50,5,base,DRL-VNS,6,2,15,1623.7644,1904.3598,1601.0527,7.7117,15.0,15.0,15.012,1909,15,1,1,1.0,0,0,0,0,0,0
main,CSDVRP-M-n50-s3,M,50,3,base,VNS,0,,15,1398.7698,1746.7745,1392.5811,6.1887,0.0,15.0,15.047,3134,15,0,0,0.994,0,0,0,0,0,0
main,CSDVRP-S-n15-s2,S,15,2,base,Fixed-small,6,,5,618.8087,645.109,601.4965,2.3122,15.0,5.0,5.026,8701,6,1,1,1.0,0,0,0,0,0,0
main,CSDVRP-S-n20-s0,S,20,0,base,Roulette-9,4,,6,756.2207,835.2978,752.4896,3.7311,0.0,6.0,6.014,4915,7,0,0,0.9987,0,0,0,0,0,0
main,CSDVRP-XL-n150-s4,XL,150,4,base,Random-9,5,,50,3919.0802,4802.2805,3860.3971,13.6831,45.0,50.0,50.085,1652,45,3,3,1.0,0,0,0,0,0,0
exact,CSDVRP-S-n6-s1,S,6,1,base,VNS,4,,5,341.7876,362.2464,340.1093,1.6783,0.0,5.0,5.003,21844,3,0,0,0.926,0,0,0,0,0,0
exact,CSDVRP-S-n10-s2,S,10,2,base,Fixed-small,8,,5,401.0886,436.4179,398.071,3.0176,0.0,5.0,4.998,17960,3,0,0,0.9867,0,0,0,0,0,0
main,CSDVRP-S-n20-s2,S,20,2,base,VNS-9,3,,6,670.121,732.8183,667.0092,3.1118,0.0,6.0,6.03,4823,7,0,0,0.9933,0,0,0,0,0,0
main,CSDVRP-S-n20-s2,S,20,2,base,Marginal-9,3,4,6,670.121,732.8183,667.0092,3.1118,0.0,6.0,6.031,5041,7,0,0,0.9933,0,0,0,0,0,0
main,CSDVRP-S-n20-s4,S,20,4,base,VNS-9,8,,6,719.4697,798.0501,715.5041,3.9656,0.0,6.0,6.046,4730,7,0,0,0.986,0,0,0,0,0,0
main,CSDVRP-L-n75-s5,L,75,5,base,ALNS+,0,,25,2178.7446,2327.4464,2169.0957,9.6488,0.0,25.047,25.07,1076,23,0,0,0.9984,0,0,0,0,0,0
main,CSDVRP-S-n15-s3,S,15,3,base,VNS,3,,5,601.4006,692.2972,597.8561,3.5445,0.0,5.0,5.004,6000,6,0,0,0.998,0,0,0,0,0,0
exact,CSDVRP-S-n8-s3,S,8,3,base,Random-9,9,,5,339.8466,351.7127,337.5902,2.2564,0.0,5.0,4.996,17918,3,0,0,0.9567,0,0,0,0,0,0
exact,CSDVRP-S-n6-s3,S,6,3,base,VNS-9,0,,5,230.2731,253.5784,228.5871,1.686,0.0,5.0,4.999,30928,2,0,0,0.9873,0,0,0,0,0,0
main,CSDVRP-S-n20-s2,S,20,2,base,Fixed-small,4,,6,670.1377,732.8183,667.0092,3.1285,0.0,6.0,5.998,6569,7,0,0,0.9933,0,0,0,0,0,0
main,CSDVRP-M-n30-s4,M,30,4,base,DRL-ALNS,2,3,10,926.5673,1151.8487,921.3091,5.2583,0.0,10.0,10.018,2969,10,0,0,0.99,0,0,0,0,0,0
main,CSDVRP-S-n15-s0,S,15,0,base,DRL-VNS,6,2,5,606.5233,666.3141,602.2712,4.2521,0.0,5.0,5.007,4594,5,0,0,0.9927,0,0,0,0,0,0
main,CSDVRP-M-n50-s0,M,50,0,base,VNS-9,9,,15,1748.7148,1986.2853,1711.2395,7.4753,30.0,15.0,15.034,1976,16,2,2,1.0,0,0,0,0,0,0
main,CSDVRP-L-n100-s4,L,100,4,base,DRL-VNS,2,3,35,2945.225,3371.4529,2932.0566,13.1684,0.0,35.016,35.028,817,31,0,0,0.9996,0,0,0,0,0,0
main,CSDVRP-M-n50-s3,M,50,3,base,DRL-VNS,6,2,15,1411.1142,1746.7745,1390.8285,5.2857,15.0,15.0,15.007,1933,15,1,1,1.0,0,0,0,0,0,0
main,CSDVRP-L-n75-s0,L,75,0,base,Fixed-small,2,,25,2408.7563,2688.4285,2400.2364,8.5198,0.0,25.0,25.046,2124,24,0,0,0.9984,0,0,0,0,0,0
exact,CSDVRP-S-n10-s3,S,10,3,base,DRL-ALNS,3,4,5,398.3934,456.2198,394.9219,3.4715,0.0,5.0,5.026,6296,3,0,0,0.9427,0,0,0,0,0,0
exact,CSDVRP-S-n12-s5,S,12,5,base,Random-9,5,,5,521.0601,535.5205,517.6832,3.3769,0.0,5.0,5.014,9959,4,0,0,0.978,0,0,0,0,0,0
main,CSDVRP-XL-n150-s2,XL,150,2,base,Fixed-small,7,,50,4017.1139,4545.4892,3988.5718,13.5421,15.0,50.0,50.067,2716,45,1,1,1.0,0,0,0,0,0,0
main,CSDVRP-S-n15-s3,S,15,3,base,Random-9,8,,5,601.4006,692.2972,597.8561,3.5445,0.0,5.0,4.991,6945,6,0,0,0.998,0,0,0,0,0,0
exact,CSDVRP-S-n12-s3,S,12,3,base,Roulette-9,2,,5,522.4878,589.3086,503.6872,3.8005,15.0,5.0,5.045,11903,4,1,1,1.0,0,0,0,0,0,0
case,CSDVRP-CS-Riyadh,case,30,0,base,Random-9,0,,30,420.3178,711.0291,414.0897,6.2281,0.0,30.0,30.108,13557,4,0,0,0.982,0,0,0,0,0,0
exact,CSDVRP-S-n12-s3,S,12,3,base,DRL-ALNS,5,1,5,522.4878,589.3086,503.6872,3.8005,15.0,5.0,5.011,5388,4,1,1,1.0,0,0,0,0,0,0
main,CSDVRP-S-n15-s0,S,15,0,base,DRL-VNS,1,2,5,622.621,666.3141,603.3505,4.2704,15.0,5.0,5.03,4406,5,1,1,1.0,0,0,0,0,0,0
main,CSDVRP-S-n15-s5,S,15,5,base,Roulette-9,2,,5,666.5148,800.4223,662.7682,3.7467,0.0,5.0,5.012,8876,5,0,0,0.9993,0,0,0,0,0,0
main,CSDVRP-S-n15-s2,S,15,2,base,Roulette-9,7,,5,604.4369,645.109,602.0225,2.4144,0.0,5.0,4.998,6775,6,0,0,0.9953,0,0,0,0,0,0
main,CSDVRP-L-n75-s0,L,75,0,base,Random-9,2,,25,2409.7153,2688.4285,2401.1797,8.5355,0.0,25.0,25.014,1132,24,0,0,0.9984,0,0,0,0,0,0
main,CSDVRP-S-n20-s1,S,20,1,base,VNS,1,,6,785.2664,908.0268,780.5879,4.6785,0.0,6.0,5.998,4338,7,0,0,0.9833,0,0,0,0,0,0
exact,CSDVRP-S-n8-s1,S,8,1,base,ALNS+,2,,5,336.0973,376.3954,333.6723,2.425,0.0,5.0,5.015,18777,3,0,0,0.9073,0,0,0,0,0,0
main,CSDVRP-S-n15-s1,S,15,1,base,DRL-VNS,5,1,5,599.4153,675.8866,596.1341,3.2813,0.0,5.0,5.012,4225,6,0,0,0.9,0,0,0,0,0,0
main,CSDVRP-M-n50-s4,M,50,4,base,Random-9,8,,15,1634.9335,1919.2804,1613.8789,6.0547,15.0,15.0,15.048,2200,16,1,1,1.0,0,0,0,0,0,0
exact,CSDVRP-S-n12-s4,S,12,4,base,Marginal-9,1,2,5,487.5063,536.3904,484.4937,3.0126,0.0,5.0,5.026,12018,4,0,0,0.9867,0,0,0,0,0,0
main,CSDVRP-L-n100-s5,L,100,5,base,Roulette-9,1,,35,2580.2972,3154.3549,2567.4736,12.8236,0.0,35.016,35.055,902,30,0,0,0.9988,0,0,0,0,0,0
exact,CSDVRP-S-n6-s4,S,6,4,base,DRL-VNS,5,1,5,307.3738,316.7228,305.135,2.2389,0.0,5.0,5.002,8154,3,0,0,0.906,0,0,0,0,0,0
exact,CSDVRP-S-n8-s1,S,8,1,base,ALNS+,8,,5,335.8429,376.3954,333.6723,2.1706,0.0,5.0,5.028,19798,3,0,0,0.9073,0,0,0,0,0,0
main,CSDVRP-L-n100-s4,L,100,4,base,DRL-VNS,0,1,35,2938.5579,3371.4529,2924.8693,13.6885,0.0,35.016,35.165,804,31,0,0,0.9976,0,0,0,0,0,0
exact,CSDVRP-S-n6-s2,S,6,2,base,Roulette-9,1,,5,330.2083,334.9047,328.2873,1.921,0.0,5.0,4.986,20081,3,0,0,0.8567,0,0,0,0,0,0
main,CSDVRP-S-n20-s1,S,20,1,base,VNS,6,,6,785.2664,908.0268,780.5879,4.6785,0.0,6.0,6.03,4605,7,0,0,0.9833,0,0,0,0,0,0
main,CSDVRP-M-n50-s5,M,50,5,base,Roulette-9,9,,15,1615.6754,1904.3598,1607.0367,8.6386,0.0,15.0,15.031,2357,15,0,0,0.995,0,0,0,0,0,0
main,CSDVRP-L-n75-s0,L,75,0,base,VNS,3,,25,2410.5144,2688.4285,2401.1797,9.3347,0.0,25.016,25.03,1744,24,0,0,0.9984,0,0,0,0,0,0
main,CSDVRP-XL-n150-s5,XL,150,5,base,Marginal-9,4,5,50,3953.8773,4291.4727,3937.3847,16.4926,0.0,50.078,50.2,1402,46,0,0,0.999,0,0,0,0,0,0
main,CSDVRP-M-n50-s2,M,50,2,base,Roulette-9,7,,15,1468.1939,1677.4231,1461.7612,6.4326,0.0,15.0,15.027,2058,16,0,0,0.9985,0,0,0,0,0,0
main,CSDVRP-M-n50-s5,M,50,5,base,ALNS+,7,,15,1672.4309,1904.3598,1662.4392,9.9918,0.0,15.0,15.045,2192,16,0,0,0.9905,0,0,0,0,0,0
main,CSDVRP-XL-n150-s3,XL,150,3,base,VNS,8,,50,3797.3429,4237.9876,3780.148,17.1949,0.0,50.031,50.144,1631,43,0,0,0.9983,0,0,0,0,0,0
exact,CSDVRP-S-n6-s4,S,6,4,base,DRL-ALNS,6,2,5,307.1905,316.7228,305.135,2.0555,0.0,5.0,5.024,7132,3,0,0,0.906,0,0,0,0,0,0
main,CSDVRP-L-n100-s2,L,100,2,base,ALNS+,8,,35,2962.6749,3167.7225,2949.6381,13.0368,0.0,35.078,35.215,595,33,0,0,0.9972,0,0,0,0,0,0
main,CSDVRP-M-n30-s0,M,30,0,base,Random-9,7,,10,1093.0763,1303.6377,1088.8964,4.1799,0.0,10.0,10.016,4481,11,0,0,0.997,0,0,0,0,0,0
main,CSDVRP-M-n30-s3,M,30,3,base,Marginal-9,4,5,10,969.1696,1099.7766,965.9069,3.2627,0.0,10.0,10.014,4040,10,0,0,0.988,0,0,0,0,0,0
main,CSDVRP-XL-n150-s4,XL,150,4,base,VNS,8,,50,3979.7766,4802.2805,3862.5807,12.1959,105.0,50.0,50.141,1492,46,4,7,1.0,0,0,0,0,0,0
main,CSDVRP-XL-n150-s3,XL,150,3,base,VNS,9,,50,3821.8661,4237.9876,3774.5009,17.3652,30.0,50.0,50.117,1795,43,1,2,0.9987,0,0,0,0,0,0
main,CSDVRP-M-n50-s3,M,50,3,base,Fixed-small,7,,15,1398.7698,1746.7745,1392.5811,6.1887,0.0,15.0,15.047,3972,15,0,0,0.994,0,0,0,0,0,0
exact,CSDVRP-S-n10-s1,S,10,1,base,DRL-VNS,0,1,5,394.7924,479.2322,392.2685,2.5239,0.0,5.0,5.027,5908,4,0,0,0.9253,0,0,0,0,0,0
main,CSDVRP-L-n75-s1,L,75,1,base,Marginal-9,9,5,25,2130.7532,2408.8056,2077.7565,7.9967,45.0,25.0,25.108,1034,23,2,3,1.0,0,0,0,0,0,0
main,CSDVRP-L-n100-s4,L,100,4,base,Marginal-9,4,5,35,2935.4843,3371.4529,2921.9183,13.566,0.0,35.0,35.078,770,31,0,0,0.9996,0,0,0,0,0,0
main,CSDVRP-S-n20-s2,S,20,2,base,ALNS+,7,,6,670.121,732.8183,667.0092,3.1118,0.0,6.0,5.996,6186,7,0,0,0.9933,0,0,0,0,0,0
main,CSDVRP-L-n75-s3,L,75,3,base,Roulette-9,7,,25,2115.7964,2332.9982,2079.1659,6.6305,30.0,25.0,25.039,1417,24,1,2,1.0,0,0,0,0,0,0
main,CSDVRP-XL-n150-s2,XL,150,2,base,ALNS+,0,,50,4238.4953,4545.4892,4223.6758,14.8195,0.0,50.047,50.177,748,51,0,0,1.0,0,0,0,0,0,0
main,CSDVRP-S-n15-s3,S,15,3,base,Marginal-9,5,1,5,601.4006,692.2972,597.8561,3.5445,0.0,5.0,4.997,7347,6,0,0,0.998,0,0,0,0,0,0
main,CSDVRP-M-n50-s5,M,50,5,base,Roulette-9,7,,15,1613.0911,1904.3598,1603.9005,9.1905,0.0,15.0,15.04,2215,15,0,0,0.9985,0,0,0,0,0,0
main,CSDVRP-M-n50-s0,M,50,0,base,DRL-ALNS,5,1,15,1739.787,1986.2853,1684.977,9.81,45.0,15.0,15.02,1701,16,3,3,1.0,0,0,0,0,0,0
main,CSDVRP-L-n100-s0,L,100,0,base,Roulette-9,0,,35,3143.8294,3458.8862,3086.3886,12.4408,45.0,35.016,35.055,838,31,2,3,1.0,0,0,0,0,0,0
exact,CSDVRP-S-n6-s5,S,6,5,base,Roulette-9,6,,5,347.3173,347.7063,345.0582,2.2591,0.0,5.0,5.001,25606,3,0,0,0.9907,0,0,0,0,0,0
exact,CSDVRP-S-n10-s1,S,10,1,base,ALNS+,9,,5,394.7924,479.2322,392.2685,2.5239,0.0,5.0,4.999,13012,4,0,0,0.9253,0,0,0,0,0,0
main,CSDVRP-S-n20-s4,S,20,4,base,VNS,7,,6,719.4697,798.0501,715.5041,3.9656,0.0,6.0,6.014,5130,7,0,0,0.986,0,0,0,0,0,0
main,CSDVRP-M-n50-s2,M,50,2,base,DRL-VNS,4,5,15,1467.8485,1677.4231,1462.0673,5.7812,0.0,15.0,15.028,1772,16,0,0,0.9985,0,0,0,0,0,0
main,CSDVRP-XL-n150-s0,XL,150,0,base,Marginal-9,3,4,50,4434.1185,5021.4451,4402.048,17.0704,15.0,50.0,50.031,1709,47,1,1,1.0,0,0,0,0,0,0
exact,CSDVRP-S-n8-s5,S,8,5,base,VNS,8,,5,423.2126,427.0275,419.9371,3.2754,0.0,5.0,5.012,16555,3,0,0,0.894,0,0,0,0,0,0
main,CSDVRP-M-n50-s2,M,50,2,base,Marginal-9,4,5,15,1483.8784,1677.4231,1462.4998,6.3786,15.0,15.0,15.061,1752,16,1,1,0.9985,0,0,0,0,0,0
main,CSDVRP-L-n100-s4,L,100,4,base,ALNS+,6,,35,3075.3472,3371.4529,3061.6561,13.6911,0.0,35.0,35.053,673,35,0,0,0.9976,0,0,0,0,0,0
