suite,instance,size_class,n,inst_seed,config,method,run,policy_seed,budget_s,Z_best,Z_init,routing,emission,split,cpu_s,wall_s,iters,routes,split_customers,extra_visits,max_util,demand_viol,cap_viol,n1_viol,n2_viol,dup_visit_viol,zero_qty_stops
main,CSDVRP-L-n100-s2,L,100,2,base,Fixed-small,6,,35,2802.4811,3167.7225,2791.4499,11.0312,0.0,35.0,35.479,1061,30,0,0,0.9972,0,0,0,0,0,0
exact,CSDVRP-S-n12-s3,S,12,3,base,ALNS+,4,,5,522.4878,589.3086,503.6872,3.8005,15.0,5.0,5.178,11177,4,1,1,1.0,0,0,0,0,0,0
main,CSDVRP-M-n50-s1,M,50,1,base,Marginal-9,2,3,15,1532.776,1718.5004,1511.728,6.048,15.0,15.0,15.39,1657,16,1,1,1.0,0,0,0,0,0,0
main,CSDVRP-L-n75-s3,L,75,3,base,VNS,9,,25,2142.3347,2332.9982,2077.0916,5.2431,60.0,25.016,26.937,1224,24,3,4,1.0,0,0,0,0,0,0
main,CSDVRP-M-n30-s4,M,30,4,base,Roulette-9,9,,10,926.1273,1151.8487,921.3091,4.8182,0.0,10.0,10.945,3097,10,0,0,0.99,0,0,0,0,0,0
main,CSDVRP-XL-n150-s5,XL,150,5,base,VNS-9,5,,50,3941.0836,4291.4727,3909.2426,16.841,15.0,50.031,51.455,1306,46,1,1,1.0,0,0,0,0,0,0
main,CSDVRP-L-n100-s0,L,100,0,base,Marginal-9,9,5,35,3076.6979,3458.8862,3062.006,14.6919,0.0,35.016,35.27,599,31,0,0,0.9964,0,0,0,0,0,0
main,CSDVRP-S-n15-s2,S,15,2,base,DRL-VNS,5,1,5,604.4369,645.109,602.0225,2.4144,0.0,5.0,5.034,3680,6,0,0,0.9953,0,0,0,0,0,0
exact,CSDVRP-S-n12-s1,S,12,1,base,VNS-9,6,,5,548.0363,602.7068,514.4838,3.5525,30.0,5.0,5.077,9521,4,2,2,1.0,0,0,0,0,0,0
main,CSDVRP-M-n30-s5,M,30,5,base,DRL-VNS,5,1,10,1128.6575,1247.2838,1123.3823,5.2752,0.0,10.0,10.121,3001,10,0,0,0.9905,0,0,0,0,0,0
main,CSDVRP-L-n100-s4,L,100,4,base,VNS,0,,35,2944.7283,3371.4529,2932.3324,12.3959,0.0,35.0,35.388,811,31,0,0,0.9976,0,0,0,0,0,0
main,CSDVRP-S-n20-s1,S,20,1,base,VNS-9,2,,6,785.2664,908.0268,780.5879,4.6785,0.0,6.0,6.043,4159,7,0,0,0.9833,0,0,0,0,0,0
main,CSDVRP-L-n75-s2,L,75,2,base,Random-9,8,,25,2140.4974,2442.0216,2130.9906,9.5068,0.0,25.0,25.299,1004,22,0,0,0.994,0,0,0,0,0,0
main,CSDVRP-S-n20-s3,S,20,3,base,VNS-9,1,,6,706.2774,797.0264,687.1154,4.1621,15.0,6.0,6.01,4389,7,1,1,0.9707,0,0,0,0,0,0
main,CSDVRP-XL-n150-s4,XL,150,4,base,Marginal-9,0,1,50,4098.0732,4802.2805,3933.0066,15.0666,150.0,50.016,50.655,1211,46,5,10,1.0,0,0,0,0,0,0
main,CSDVRP-S-n15-s1,S,15,1,base,Fixed-small,5,,5,600.6762,675.8866,597.4673,3.209,0.0,5.0,5.026,5985,6,0,0,0.9,0,0,0,0,0,0
main,CSDVRP-M-n50-s3,M,50,3,base,Marginal-9,0,1,15,1399.5073,1746.7745,1392.5811,6.9262,0.0,15.0,15.125,1690,15,0,0,0.994,0,0,0,0,0,0
main,CSDVRP-S-n20-s2,S,20,2,base,DRL-VNS,9,5,6,670.121,732.8183,667.0092,3.1118,0.0,6.0,6.006,3197,7,0,0,0.9933,0,0,0,0,0,0
exact,CSDVRP-S-n12-s5,S,12,5,base,Roulette-9,5,,5,521.0601,535.5205,517.6832,3.3769,0.0,5.0,4.997,8595,4,0,0,0.978,0,0,0,0,0,0
exact,CSDVRP-S-n12-s3,S,12,3,base,Fixed-small,2,,5,522.8902,589.3086,503.6872,4.203,15.0,5.0,5.0,11800,4,1,1,1.0,0,0,0,0,0,0
main,CSDVRP-L-n100-s4,L,100,4,base,Fixed-small,5,,35,2967.3971,3371.4529,2896.4773,10.9198,60.0,35.0,35.422,1036,31,3,4,1.0,0,0,0,0,0,0
main,CSDVRP-L-n100-s5,L,100,5,base,ALNS+,2,,35,2800.0084,3154.3549,2682.2224,12.786,105.0,35.0,35.579,439,32,5,7,1.0,0,0,0,0,0,0
main,CSDVRP-M-n30-s3,M,30,3,base,DRL-VNS,0,1,10,970.8464,1099.7766,968.1897,2.6567,0.0,10.0,10.163,2490,10,0,0,0.9975,0,0,0,0,0,0
main,CSDVRP-XL-n150-s3,XL,150,3,base,Random-9,2,,50,3838.9704,4237.9876,3822.7602,16.2102,0.0,50.031,50.599,1434,44,0,0,0.9983,0,0,0,0,0,0
exact,CSDVRP-S-n10-s2,S,10,2,base,Roulette-9,0,,5,391.6922,436.4179,389.0812,2.6111,0.0,5.0,4.999,14691,3,0,0,0.9787,0,0,0,0,0,0
exact,CSDVRP-S-n8-s2,S,8,2,base,Random-9,2,,5,344.8888,398.3755,342.4078,2.481,0.0,5.0,5.03,15524,3,0,0,0.8753,0,0,0,0,0,0
main,CSDVRP-XL-n150-s4,XL,150,4,base,Fixed-small,9,,50,3938.5191,4802.2805,3803.9245,14.5946,120.0,50.0,50.452,2238,45,4,8,1.0,0,0,0,0,0,0
main,CSDVRP-S-n15-s2,S,15,2,base,VNS-9,6,,5,604.4369,645.109,602.0225,2.4144,0.0,5.0,5.012,5438,6,0,0,0.9953,0,0,0,0,0,0
main,CSDVRP-L-n75-s0,L,75,0,base,DRL-VNS,4,5,25,2410.5506,2688.4285,2401.1797,9.3709,0.0,25.016,27.953,809,24,0,0,0.9984,0,0,0,0,0,0
exact,CSDVRP-S-n12-s5,S,12,5,base,Roulette-9,6,,5,521.0601,535.5205,517.6832,3.3769,0.0,5.0,5.304,6407,4,0,0,0.978,0,0,0,0,0,0
main,CSDVRP-XL-n150-s0,XL,150,0,base,Roulette-9,2,,50,4431.7685,5021.4451,4357.735,14.0335,60.0,50.047,52.869,1400,47,2,4,1.0,0,0,0,0,0,0
exact,CSDVRP-S-n6-s5,S,6,5,base,Random-9,3,,5,347.3173,347.7063,345.0582,2.2591,0.0,5.0,5.733,19628,3,0,0,0.9907,0,0,0,0,0,0
main,CSDVRP-M-n50-s2,M,50,2,base,DRL-ALNS,3,4,15,1524.9136,1677.4231,1516.7515,8.1621,0.0,15.0,15.536,1424,17,0,0,0.9985,0,0,0,0,0,0
exact,CSDVRP-S-n6-s2,S,6,2,base,Roulette-9,5,,5,330.7872,334.9047,328.2873,2.4999,0.0,5.0,5.439,14063,3,0,0,0.8567,0,0,0,0,0,0
exact,CSDVRP-S-n10-s3,S,10,3,base,VNS-9,4,,5,398.3934,456.2198,394.9219,3.4715,0.0,5.0,5.2,12429,3,0,0,0.9427,0,0,0,0,0,0
exact,CSDVRP-S-n8-s2,S,8,2,base,Marginal-9,0,1,5,344.8888,398.3755,342.4078,2.481,0.0,5.0,5.328,13279,3,0,0,0.8753,0,0,0,0,0,0
main,CSDVRP-L-n75-s1,L,75,1,base,Fixed-small,6,,25,2110.3968,2408.8056,2044.9779,5.4189,60.0,25.0,25.807,1654,23,3,4,1.0,0,0,0,0,0,0
main,CSDVRP-L-n100-s5,L,100,5,base,DRL-VNS,9,5,35,2639.967,3154.3549,2582.0685,12.8985,45.0,35.047,35.88,572,30,2,3,1.0,0,0,0,0,0,0
exact,CSDVRP-S-n6-s3,S,6,3,base,ALNS+,0,,5,230.2731,253.5784,228.5871,1.686,0.0,5.0,5.161,20113,2,0,0,0.9873,0,0,0,0,0,0
main,CSDVRP-S-n15-s0,S,15,0,base,Random-9,1,,5,622.621,666.3141,603.3505,4.2704,15.0,5.0,5.172,5387,5,1,1,1.0,0,0,0,0,0,0
exact,CSDVRP-S-n12-s5,S,12,5,base,DRL-ALNS,5,1,5,521.0601,535.5205,517.6832,3.3769,0.0,5.0,5.102,4102,4,0,0,0.978,0,0,0,0,0,0
exact,CSDVRP-S-n12-s3,S,12,3,base,VNS,6,,5,522.4878,589.3086,503.6872,3.8005,15.0,5.0,5.715,7747,4,1,1,1.0,0,0,0,0,0,0
main,CSDVRP-M-n50-s0,M,50,0,base,Random-9,6,,15,1712.0837,1986.2853,1703.9689,8.1148,0.0,15.0,18.236,1485,16,0,0,0.9995,0,0,0,0,0,0
exact,CSDVRP-S-n12-s3,S,12,3,base,Fixed-small,3,,5,522.8902,589.3086,503.6872,4.203,15.0,5.0,5.042,11211,4,1,1,1.0,0,0,0,0,0,0
exact,CSDVRP-S-n6-s5,S,6,5,base,Marginal-9,4,5,5,347.3173,347.7063,345.0582,2.2591,0.0,5.0,5.028,19129,3,0,0,0.9907,0,0,0,0,0,0
main,CSDVRP-L-n75-s2,L,75,2,base,Roulette-9,2,,25,2112.4327,2442.0216,2102.798,9.6347,0.0,25.0,30.324,985,23,0,0,0.9928,0,0,0,0,0,0
main,CSDVRP-S-n15-s0,S,15,0,base,ALNS+,5,,5,631.7557,666.3141,627.1757,4.5801,0.0,5.0,5.093,6661,6,0,0,0.9967,0,0,0,0,0,0
main,CSDVRP-XL-n150-s3,XL,150,3,base,Fixed-small,9,,50,3840.5484,4237.9876,3827.2036,13.3448,0.0,50.0,51.41,1486,44,0,0,0.9983,0,0,0,0,0,0
exact,CSDVRP-S-n8-s5,S,8,5,base,Marginal-9,3,4,5,423.2126,427.0275,419.9371,3.2754,0.0,5.0,5.004,9666,3,0,0,0.894,0,0,0,0,0,0
main,CSDVRP-L-n75-s2,L,75,2,base,Fixed-small,4,,25,2094.1742,2442.0216,2085.8818,8.2924,0.0,25.0,25.703,1205,23,0,0,0.9928,0,0,0,0,0,0
exact,CSDVRP-S-n8-s1,S,8,1,base,Random-9,3,,5,335.8429,376.3954,333.6723,2.1706,0.0,5.0,5.041,13049,3,0,0,0.9073,0,0,0,0,0,0
main,CSDVRP-L-n100-s3,L,100,3,base,VNS-9,7,,35,2732.3955,3095.0715,2721.6205,10.775,0.0,35.031,36.837,506,31,0,0,0.9992,0,0,0,0,0,0
main,CSDVRP-L-n75-s3,L,75,3,base,Fixed-small,1,,25,2084.3411,2332.9982,2078.1471,6.194,0.0,25.016,26.77,1118,24,0,0,0.9956,0,0,0,0,0,0
main,CSDVRP-L-n75-s4,L,75,4,base,Roulette-9,0,,25,2216.1359,2460.454,2207.4776,8.6582,0.0,25.031,25.673,713,24,0,0,1.0,0,0,0,0,0,0
exact,CSDVRP-S-n12-s2,S,12,2,base,DRL-VNS,3,4,5,460.175,518.4642,458.0808,2.0942,0.0,5.0,5.247,4281,4,0,0,0.998,0,0,0,0,0,0
main,CSDVRP-L-n100-s1,L,100,1,base,ALNS+,8,,35,2904.1679,3146.4881,2890.5452,13.6227,0.0,35.062,35.512,347,34,0,0,0.9996,0,0,0,0,0,0
exact,CSDVRP-S-n12-s3,S,12,3,base,Random-9,2,,5,522.4878,589.3086,503.6872,3.8005,15.0,5.0,5.012,8552,4,1,1,1.0,0,0,0,0,0,0
main,CSDVRP-XL-n150-s3,XL,150,3,base,Fixed-small,5,,50,3836.7015,4237.9876,3808.0034,13.6981,15.0,50.062,50.969,1735,44,1,1,1.0,0,0,0,0,0,0
main,CSDVRP-S-n20-s2,S,20,2,base,DRL-ALNS,9,5,6,696.4763,732.8183,676.8292,4.6471,15.0,6.0,6.581,2187,7,1,1,1.0,0,0,0,0,0,0
main,CSDVRP-M-n30-s5,M,30,5,base,Marginal-9,2,3,10,1119.7487,1247.2838,1084.647,5.1016,30.0,10.0,13.702,2088,10,1,2,1.0,0,0,0,0,0,0
main,CSDVRP-M-n50-s5,M,50,5,base,VNS-9,7,,15,1638.5662,1904.3598,1630.4499,8.1163,0.0,15.0,15.78,1017,16,0,0,0.998,0,0,0,0,0,0
exact,CSDVRP-S-n6-s3,S,6,3,base,VNS-9,7,,5,230.2731,253.5784,228.5871,1.686,0.0,5.0,5.005,19331,2,0,0,0.9873,0,0,0,0,0,0
main,CSDVRP-XL-n150-s1,XL,150,1,base,DRL-VNS,5,1,50,4238.2074,4744.1508,4222.8206,15.3867,0.0,50.0,51.599,1055,45,0,0,1.0,0,0,0,0,0,0
exact,CSDVRP-S-n6-s4,S,6,4,base,DRL-VNS,0,1,5,307.3738,316.7228,305.135,2.2389,0.0,5.0,5.72,4630,3,0,0,0.906,0,0,0,0,0,0
main,CSDVRP-S-n20-s1,S,20,1,base,Random-9,5,,6,785.2664,908.0268,780.5879,4.6785,0.0,6.0,7.497,3077,7,0,0,0.9833,0,0,0,0,0,0
main,CSDVRP-S-n15-s1,S,15,1,base,Marginal-9,8,4,5,590.7648,675.8866,586.7939,3.9709,0.0,5.0,5.118,4355,5,0,0,0.9987,0,0,0,0,0,0
exact,CSDVRP-S-n12-s4,S,12,4,base,VNS-9,1,,5,487.5063,536.3904,484.4937,3.0126,0.0,5.0,5.218,7165,4,0,0,0.9867,0,0,0,0,0,0
main,CSDVRP-S-n20-s0,S,20,0,base,ALNS+,1,,6,788.6007,835.2978,784.6197,3.981,0.0,6.0,6.261,3718,8,0,0,0.9987,0,0,0,0,0,0
case,CSDVRP-CS-Riyadh,case,30,0,base,VNS,5,,30,420.8407,711.0291,415.2538,5.5869,0.0,30.0,30.589,8910,4,0,0,0.982,0,0,0,0,0,0
main,CSDVRP-M-n30-s1,M,30,1,base,Marginal-9,6,2,10,1037.7677,1231.1888,1033.3823,4.3854,0.0,10.0,10.958,2178,10,0,0,0.988,0,0,0,0,0,0
main,CSDVRP-S-n15-s4,S,15,4,base,DRL-VNS,2,3,5,585.7427,624.2332,582.2908,3.4519,0.0,5.0,5.004,3127,6,0,0,0.9347,0,0,0,0,0,0
case,CSDVRP-CS-Riyadh,case,30,0,base,VNS,8,,30,420.8407,711.0291,415.2538,5.5869,0.0,30.0,31.218,8858,4,0,0,0.982,0,0,0,0,0,0
case,CSDVRP-CS-Riyadh,case,30,0,base,ALNS+,3,,30,417.1203,711.0291,411.6246,5.4957,0.0,30.0,30.59,11999,4,0,0,0.986,0,0,0,0,0,0
exact,CSDVRP-S-n12-s4,S,12,4,base,VNS-9,5,,5,487.5063,536.3904,484.4937,3.0126,0.0,5.0,5.122,6226,4,0,0,0.9867,0,0,0,0,0,0
main,CSDVRP-M-n30-s1,M,30,1,base,DRL-VNS,1,2,10,1037.7677,1231.1888,1033.3823,4.3854,0.0,10.0,10.234,1883,10,0,0,0.988,0,0,0,0,0,0
main,CSDVRP-L-n100-s0,L,100,0,base,DRL-ALNS,0,1,35,3299.3532,3458.8862,3284.2959,15.0573,0.0,35.125,35.693,291,35,0,0,0.996,0,0,0,0,0,0
main,CSDVRP-XL-n150-s5,XL,150,5,base,VNS-9,9,,50,3942.8326,4291.4727,3924.2108,18.6219,0.0,50.016,50.644,1049,46,0,0,0.999,0,0,0,0,0,0
main,CSDVRP-L-n75-s4,L,75,4,base,VNS,9,,25,2244.2297,2460.454,2207.5706,6.6591,30.0,25.0,25.573,895,24,1,2,1.0,0,0,0,0,0,0
main,CSDVRP-S-n15-s1,S,15,1,base,VNS,7,,5,599.4153,675.8866,596.1341,3.2813,0.0,5.0,5.202,3445,6,0,0,0.9,0,0,0,0,0,0
main,CSDVRP-XL-n150-s2,XL,150,2,base,Roulette-9,7,,50,4070.3229,4545.4892,4056.2091,14.1138,0.0,50.062,51.588,1093,46,0,0,1.0,0,0,0,0,0,0
main,CSDVRP-XL-n150-s1,XL,150,1,base,VNS,9,,50,4192.4192,4744.1508,4174.3098,18.1094,0.0,50.188,51.393,1164,44,0,0,0.9967,0,0,0,0,0,0
main,CSDVRP-M-n50-s4,M,50,4,base,Marginal-9,0,1,15,1665.1025,1919.2804,1657.8718,7.2307,0.0,15.0,15.29,1133,16,0,0,0.9925,0,0,0,0,0,0
exact,CSDVRP-S-n8-s2,S,8,2,base,ALNS+,4,,5,344.8888,398.3755,342.4078,2.481,0.0,5.0,5.071,12360,3,0,0,0.8753,0,0,0,0,0,0
exact,CSDVRP-S-n8-s1,S,8,1,base,VNS,4,,5,335.8429,376.3954,333.6723,2.1706,0.0,5.0,5.169,12038,3,0,0,0.9073,0,0,0,0,0,0
main,CSDVRP-S-n15-s3,S,15,3,base,Random-9,3,,5,601.7995,692.2972,597.8561,3.9435,0.0,5.0,5.06,4878,6,0,0,0.998,0,0,0,0,0,0
main,CSDVRP-M-n50-s4,M,50,4,base,ALNS+,7,,15,1732.3928,1919.2804,1635.284,7.1087,90.0,15.0,16.046,1133,16,6,6,1.0,0,0,0,0,0,0
main,CSDVRP-M-n50-s4,M,50,4,base,Random-9,6,,15,1641.9911,1919.2804,1635.5121,6.4789,0.0,15.0,16.623,1381,16,0,0,0.998,0,0,0,0,0,0
main,CSDVRP-S-n20-s3,S,20,3,base,Roulette-9,7,,6,691.2399,797.0264,687.1116,4.1284,0.0,6.0,6.261,3708,7,0,0,0.9707,0,0,0,0,0,0
exact,CSDVRP-S-n6-s1,S,6,1,base,Fixed-small,3,,5,341.7876,362.2464,340.1093,1.6783,0.0,5.0,5.311,13872,3,0,0,0.926,0,0,0,0,0,0
main,CSDVRP-M-n30-s3,M,30,3,base,DRL-ALNS,5,1,10,971.2374,1099.7766,968.1617,3.0757,0.0,10.0,10.441,1956,10,0,0,0.9975,0,0,0,0,0,0
main,CSDVRP-M-n30-s4,M,30,4,base,DRL-VNS,6,2,10,926.7872,1151.8487,921.3091,5.4782,0.0,10.0,10.741,2260,10,0,0,0.99,0,0,0,0,0,0
main,CSDVRP-M-n50-s5,M,50,5,base,ALNS+,3,,15,1729.3629,1904.3598,1600.7921,8.5708,120.0,15.0,17.118,1271,15,7,8,1.0,0,0,0,0,0,0
main,CSDVRP-S-n15-s5,S,15,5,base,Fixed-small,2,,5,666.5148,800.4223,662.7682,3.7467,0.0,5.0,5.199,7466,5,0,0,0.9993,0,0,0,0,0,0
main,CSDVRP-M-n50-s0,M,50,0,base,Random-9,2,,15,1724.2901,1986.2853,1686.2926,7.9975,30.0,15.0,15.983,1345,16,2,2,1.0,0,0,0,0,0,0
exact,CSDVRP-S-n10-s4,S,10,4,base,Fixed-small,7,,5,387.7762,460.8567,384.9244,2.8518,0.0,5.0,5.152,12779,3,0,0,0.98,0,0,0,0,0,0
main,CSDVRP-S-n15-s4,S,15,4,base,Fixed-small,9,,5,605.6037,624.2332,601.9721,3.6316,0.0,5.0,5.123,7314,5,0,0,0.9993,0,0,0,0,0,0
exact,CSDVRP-S-n8-s4,S,8,4,base,DRL-ALNS,7,3,5,359.1905,397.2233,357.0731,2.1174,0.0,5.0,5.284,4646,3,0,0,0.8793,0,0,0,0,0,0
main,CSDVRP-S-n20-s4,S,20,4,base,ALNS+,8,,6,720.1794,798.0501,716.3687,3.8107,0.0,6.0,6.075,4353,7,0,0,0.986,0,0,0,0,0,0
main,CSDVRP-L-n100-s5,L,100,5,base,VNS,3,,35,2665.7688,3154.3549,2579.0771,11.6917,75.0,35.016,36.116,648,30,3,5,1.0,0,0,0,0,0,0
exact,CSDVRP-S-n8-s4,S,8,4,base,VNS-9,5,,5,359.1905,397.2233,357.0731,2.1174,0.0,5.0,5.127,12127,3,0,0,0.8793,0,0,0,0,0,0
exact,CSDVRP-S-n6-s2,S,6,2,base,Fixed-small,9,,5,330.7872,334.9047,328.2873,2.4999,0.0,5.0,5.109,13540,3,0,0,0.8567,0,0,0,0,0,0
main,CSDVRP-L-n75-s3,L,75,3,base,DRL-VNS,9,5,25,2128.6222,2332.9982,2090.5089,8.1133,30.0,25.0,26.093,743,24,1,2,1.0,0,0,0,0,0,0
main,CSDVRP-L-n75-s1,L,75,1,base,ALNS+,9,,25,2181.974,2408.8056,2143.1346,8.8394,30.0,25.0,26.058,660,24,1,2,1.0,0,0,0,0,0,0
main,CSDVRP-L-n75-s0,L,75,0,base,DRL-ALNS,2,3,25,2428.5732,2688.4285,2415.6615,12.9117,0.0,25.031,26.861,543,24,0,0,0.9984,0,0,0,0,0,0
main,CSDVRP-S-n20-s1,S,20,1,base,Fixed-small,4,,6,785.3009,908.0268,780.5879,4.713,0.0,6.0,6.212,5450,7,0,0,0.9833,0,0,0,0,0,0
exact,CSDVRP-S-n6-s2,S,6,2,base,VNS-9,1,,5,330.7872,334.9047,328.2873,2.4999,0.0,5.0,5.107,13211,3,0,0,0.8567,0,0,0,0,0,0
main,CSDVRP-S-n15-s3,S,15,3,base,Roulette-9,5,,5,601.4006,692.2972,597.8561,3.5445,0.0,5.0,5.248,4920,6,0,0,0.998,0,0,0,0,0,0
exact,CSDVRP-S-n6-s5,S,6,5,base,Fixed-small,7,,5,347.3173,347.7063,345.0582,2.2591,0.0,5.0,5.232,17601,3,0,0,0.9907,0,0,0,0,0,0
exact,CSDVRP-S-n10-s3,S,10,3,base,Marginal-9,2,3,5,398.3226,456.2198,394.9219,3.4007,0.0,5.0,5.294,9886,3,0,0,0.9427,0,0,0,0,0,0
exact,CSDVRP-S-n6-s4,S,6,4,base,Random-9,8,,5,307.3738,316.7228,305.135,2.2389,0.0,5.0,5.265,14296,3,0,0,0.906,0,0,0,0,0,0
exact,CSDVRP-S-n10-s4,S,10,4,base,Roulette-9,8,,5,387.4582,460.8567,384.9244,2.5338,0.0,5.0,5.154,11194,3,0,0,0.98,0,0,0,0,0,0
main,CSDVRP-XL-n150-s0,XL,150,0,base,DRL-VNS,5,1,50,4396.7711,5021.4451,4380.1983,16.5728,0.0,50.016,52.911,1185,47,0,0,0.9997,0,0,0,0,0,0
exact,CSDVRP-S-n6-s1,S,6,1,base,Marginal-9,0,1,5,341.7876,362.2464,340.1093,1.6783,0.0,5.0,5.628,15380,3,0,0,0.926,0,0,0,0,0,0
exact,CSDVRP-S-n6-s5,S,6,5,base,VNS-9,4,,5,347.3173,347.7063,345.0582,2.2591,0.0,5.0,5.605,18070,3,0,0,0.9907,0,0,0,0,0,0
main,CSDVRP-L-n75-s4,L,75,4,base,VNS-9,3,,25,2237.5786,2460.454,2199.7803,7.7983,30.0,25.0,25.802,749,24,1,2,0.998,0,0,0,0,0,0
main,CSDVRP-M-n30-s2,M,30,2,base,VNS-9,6,,10,951.5511,1162.4183,933.102,3.4491,15.0,10.0,10.385,2538,10,1,1,1.0,0,0,0,0,0,0
main,CSDVRP-L-n100-s5,L,100,5,base,VNS,4,,35,2602.4557,3154.3549,2561.0488,11.4069,30.0,35.047,38.023,588,30,1,2,1.0,0,0,0,0,0,0
exact,CSDVRP-S-n8-s5,S,8,5,base,Fixed-small,2,,5,423.2126,427.0275,419.9371,3.2754,0.0,5.0,5.248,10113,3,0,0,0.894,0,0,0,0,0,0
exact,CSDVRP-S-n12-s2,S,12,2,base,Fixed-small,0,,5,475.9776,518.4642,473.3356,2.642,0.0,5.0,6.404,7226,5,0,0,0.9853,0,0,0,0,0,0
main,CSDVRP-L-n100-s2,L,100,2,base,VNS-9,9,,35,2807.3712,3167.7225,2795.5349,11.8363,0.0,35.016,40.302,475,30,0,0,0.9972,0,0,0,0,0,0
exact,CSDVRP-S-n12-s4,S,12,4,base,Roulette-9,0,,5,487.5063,536.3904,484.4937,3.0126,0.0,5.0,5.332,7333,4,0,0,0.9867,0,0,0,0,0,0
exact,CSDVRP-S-n12-s3,S,12,3,base,Fixed-small,5,,5,522.5127,589.3086,503.6872,3.8254,15.0,5.0,5.168,8365,4,1,1,1.0,0,0,0,0,0,0
main,CSDVRP-S-n15-s5,S,15,5,base,Roulette-9,8,,5,666.5148,800.4223,662.7682,3.7467,0.0,5.0,5.233,5929,5,0,0,0.9993,0,0,0,0,0,0
main,CSDVRP-L-n75-s0,L,75,0,base,Random-9,7,,25,2408.9511,2688.4285,2400.1362,8.8148,0.0,25.0,26.163,803,24,0,0,0.9984,0,0,0,0,0,0
exact,CSDVRP-S-n8-s2,S,8,2,base,VNS,3,,5,344.8888,398.3755,342.4078,2.481,0.0,5.0,5.269,10511,3,0,0,0.8753,0,0,0,0,0,0
main,CSDVRP-L-n75-s1,L,75,1,base,ALNS+,5,,25,2252.3786,2408.8056,2244.8888,7.4898,0.0,25.016,26.008,636,27,0,0,0.9964,0,0,0,0,0,0
exact,CSDVRP-S-n10-s3,S,10,3,base,Roulette-9,1,,5,398.3226,456.2198,394.9219,3.4007,0.0,5.0,5.172,9952,3,0,0,0.9427,0,0,0,0,0,0
main,CSDVRP-M-n50-s4,M,50,4,base,Marginal-9,7,3,15,1677.763,1919.2804,1670.5095,7.2535,0.0,15.016,15.498,1171,17,0,0,0.984,0,0,0,0,0,0
exact,CSDVRP-S-n12-s2,S,12,2,base,VNS,3,,5,460.175,518.4642,458.0808,2.0942,0.0,5.0,5.482,8018,4,0,0,0.998,0,0,0,0,0,0
main,CSDVRP-M-n50-s2,M,50,2,base,Marginal-9,9,5,15,1468.6243,1677.4231,1462.0673,6.557,0.0,15.0,16.07,1243,16,0,0,0.9985,0,0,0,0,0,0
exact,CSDVRP-S-n10-s4,S,10,4,base,DRL-VNS,0,1,5,387.4582,460.8567,384.9244,2.5338,0.0,5.0,5.436,5086,3,0,0,0.98,0,0,0,0,0,0
main,CSDVRP-S-n20-s3,S,20,3,base,Fixed-small,3,,6,691.7715,797.0264,687.1116,4.6599,0.0,6.0,6.513,5376,7,0,0,0.9707,0,0,0,0,0,0
main,CSDVRP-XL-n150-s3,XL,150,3,base,Random-9,4,,50,3850.1944,4237.9876,3834.6257,15.5687,0.0,50.016,52.625,1103,44,0,0,0.9993,0,0,0,0,0,0
main,CSDVRP-M-n30-s0,M,30,0,base,DRL-VNS,7,3,10,1093.1322,1303.6377,1089.1614,3.9707,0.0,10.0,10.117,2294,11,0,0,0.997,0,0,0,0,0,0
main,CSDVRP-L-n100-s1,L,100,1,base,ALNS+,7,,35,2827.9835,3146.4881,2812.1856,15.7979,0.0,35.047,39.019,386,29,0,0,0.9992,0,0,0,0,0,0
main,CSDVRP-L-n100-s4,L,100,4,base,Marginal-9,5,1,35,2966.0205,3371.4529,2951.1786,14.8418,0.0,35.016,40.463,475,31,0,0,0.9952,0,0,0,0,0,0
main,CSDVRP-L-n100-s5,L,100,5,base,VNS,1,,35,2615.4946,3154.3549,2542.8897,12.6049,60.0,35.0,36.426,637,30,3,4,1.0,0,0,0,0,0,0
main,CSDVRP-L-n100-s3,L,100,3,base,VNS-9,2,,35,2750.4737,3095.0715,2710.3016,10.172,30.0,35.031,36.493,502,31,1,2,1.0,0,0,0,0,0,0
main,CSDVRP-S-n20-s2,S,20,2,base,Roulette-9,8,,6,670.121,732.8183,667.0092,3.1118,0.0,6.0,6.132,3431,7,0,0,0.9933,0,0,0,0,0,0
main,CSDVRP-L-n100-s0,L,100,0,base,Fixed-small,0,,35,3095.1656,3458.8862,3083.1239,12.0416,0.0,35.0,36.111,856,32,0,0,0.9996,0,0,0,0,0,0
exact,CSDVRP-S-n12-s3,S,12,3,base,DRL-ALNS,8,4,5,522.4878,589.3086,503.6872,3.8005,15.0,5.0,5.149,3714,4,1,1,1.0,0,0,0,0,0,0
main,CSDVRP-L-n100-s0,L,100,0,base,ALNS+,6,,35,3292.8862,3458.8862,3278.6595,14.2268,0.0,35.016,36.522,355,35,0,0,0.9988,0,0,0,0,0,0
exact,CSDVRP-S-n10-s4,S,10,4,base,Roulette-9,2,,5,387.4582,460.8567,384.9244,2.5338,0.0,5.0,5.174,11277,3,0,0,0.98,0,0,0,0,0,0
main,CSDVRP-M-n50-s1,M,50,1,base,VNS,8,,15,1514.9622,1718.5004,1494.292,5.6703,15.0,15.016,15.5,2082,15,1,1,1.0,0,0,0,0,0,0
main,CSDVRP-M-n50-s5,M,50,5,base,VNS,9,,15,1638.9133,1904.3598,1631.1577,7.7557,0.0,15.0,15.562,1939,16,0,0,0.9875,0,0,0,0,0,0
main,CSDVRP-L-n75-s3,L,75,3,base,ALNS+,2,,25,2214.5723,2332.9982,2207.5518,7.0206,0.0,25.0,25.967,627,27,0,0,0.9952,0,0,0,0,0,0
main,CSDVRP-S-n20-s4,S,20,4,base,Marginal-9,3,4,6,719.4697,798.0501,715.5041,3.9656,0.0,6.0,6.163,3439,7,0,0,0.986,0,0,0,0,0,0
main,CSDVRP-S-n20-s3,S,20,3,base,VNS-9,3,,6,703.7068,797.0264,684.6426,4.0642,15.0,6.0,6.172,3719,7,1,1,1.0,0,0,0,0,0,0
main,CSDVRP-S-n15-s2,S,15,2,base,ALNS+,4,,5,604.4369,645.109,602.0225,2.4144,0.0,5.0,5.071,5090,6,0,0,0.9953,0,0,0,0,0,0
main,CSDVRP-L-n100-s0,L,100,0,base,VNS-9,2,,35,3091.3452,3458.8862,3078.3489,12.9963,0.0,35.047,36.852,492,31,0,0,0.9964,0,0,0,0,0,0
main,CSDVRP-S-n20-s4,S,20,4,base,Marginal-9,0,1,6,719.4697,798.0501,715.5041,3.9656,0.0,6.0,6.284,3364,7,0,0,0.986,0,0,0,0,0,0
main,CSDVRP-L-n100-s5,L,100,5,base,Fixed-small,3,,35,2679.086,3154.3549,2637.6516,11.4343,30.0,35.031,36.628,826,32,2,2,1.0,0,0,0,0,0,0
main,CSDVRP-L-n100-s5,L,100,5,base,VNS,8,,35,2568.2861,3154.3549,2555.3699,12.9161,0.0,35.016,37.569,638,30,0,0,0.9988,0,0,0,0,0,0
main,CSDVRP-S-n20-s3,S,20,3,base,Random-9,2,,6,699.1552,797.0264,679.9295,4.2258,15.0,6.0,6.607,3240,7,1,1,1.0,0,0,0,0,0,0
main,CSDVRP-L-n100-s4,L,100,4,base,Random-9,8,,35,2946.3107,3371.4529,2918.5753,12.7354,15.0,35.094,37.94,537,31,1,1,1.0,0,0,0,0,0,0
case,CSDVRP-CS-Riyadh,case,30,0,base,Roulette-9,3,,30,416.3117,711.0291,411.6246,4.6871,0.0,30.0,32.494,9245,4,0,0,0.986,0,0,0,0,0,0
main,CSDVRP-S-n20-s4,S,20,4,base,DRL-ALNS,0,1,6,753.5885,798.0501,734.3419,4.2466,15.0,6.0,6.417,2211,7,1,1,1.0,0,0,0,0,0,0
exact,CSDVRP-S-n6-s2,S,6,2,base,ALNS+,4,,5,330.2083,334.9047,328.2873,1.921,0.0,5.0,5.463,11571,3,0,0,0.8567,0,0,0,0,0,0
main,CSDVRP-S-n15-s2,S,15,2,base,Marginal-9,3,4,5,604.4369,645.109,602.0225,2.4144,0.0,5.0,5.45,4184,6,0,0,0.9953,0,0,0,0,0,0
main,CSDVRP-S-n15-s4,S,15,4,base,Roulette-9,3,,5,585.7427,624.2332,582.2908,3.4519,0.0,5.0,5.357,4557,6,0,0,0.9347,0,0,0,0,0,0
main,CSDVRP-S-n20-s1,S,20,1,base,DRL-ALNS,5,1,6,785.8265,908.0268,780.5879,5.2386,0.0,6.0,6.282,2137,7,0,0,0.9833,0,0,0,0,0,0
main,CSDVRP-L-n75-s1,L,75,1,base,DRL-ALNS,0,1,25,2218.5122,2408.8056,2178.7308,9.7814,30.0,25.0,26.934,509,24,1,2,1.0,0,0,0,0,0,0
exact,CSDVRP-S-n12-s3,S,12,3,base,VNS,3,,5,522.4878,589.3086,503.6872,3.8005,15.0,5.0,5.115,6315,4,1,1,1.0,0,0,0,0,0,0
main,CSDVRP-M-n30-s0,M,30,0,base,VNS,9,,10,1093.1322,1303.6377,1089.1614,3.9707,0.0,10.0,11.403,2295,11,0,0,0.997,0,0,0,0,0,0
main,CSDVRP-XL-n150-s0,XL,150,0,base,DRL-ALNS,2,3,50,4624.456,5021.4451,4609.2206,15.2354,0.0,50.125,58.124,410,53,0,0,0.9937,0,0,0,0,0,0
exact,CSDVRP-S-n8-s3,S,8,3,base,Random-9,6,,5,339.8466,351.7127,337.5902,2.2564,0.0,5.0,5.041,13061,3,0,0,0.9567,0,0,0,0,0,0
main,CSDVRP-XL-n150-s1,XL,150,1,base,Fixed-small,1,,50,4203.3881,4744.1508,4176.2091,12.1789,15.0,50.031,50.849,1891,45,1,1,1.0,0,0,0,0,0,0
main,CSDVRP-M-n30-s0,M,30,0,base,ALNS+,2,,10,1094.2294,1303.6377,1088.8964,5.3331,0.0,10.0,13.004,1583,11,0,0,0.997,0,0,0,0,0,0
main,CSDVRP-S-n20-s3,S,20,3,base,DRL-VNS,9,5,6,703.796,797.0264,684.6426,4.1534,15.0,6.0,6.516,1329,7,1,1,1.0,0,0,0,0,0,0
main,CSDVRP-M-n50-s1,M,50,1,base,DRL-VNS,2,3,15,1526.2872,1718.5004,1505.4401,5.8472,15.0,15.0,18.217,690,16,1,1,1.0,0,0,0,0,0,0
exact,CSDVRP-S-n10-s3,S,10,3,base,Fixed-small,3,,5,398.3934,456.2198,394.9219,3.4715,0.0,5.0,5.234,6812,3,0,0,0.9427,0,0,0,0,0,0
main,CSDVRP-M-n30-s1,M,30,1,base,Random-9,6,,10,1037.8437,1231.1888,1033.3823,4.4615,0.0,10.0,10.139,1784,10,0,0,0.988,0,0,0,0,0,0
main,CSDVRP-S-n15-s3,S,15,3,base,ALNS+,8,,5,619.8138,692.2972,600.902,3.9118,15.0,5.0,5.008,4637,6,1,1,1.0,0,0,0,0,0,0
main,CSDVRP-L-n75-s4,L,75,4,base,ALNS+,1,,25,2283.9324,2460.454,2275.7111,8.2213,0.0,25.031,25.348,680,27,0,0,0.998,0,0,0,0,0,0
main,CSDVRP-S-n15-s5,S,15,5,base,Random-9,8,,5,666.5148,800.4223,662.7682,3.7467,0.0,5.0,5.021,7470,5,0,0,0.9993,0,0,0,0,0,0
main,CSDVRP-S-n15-s5,S,15,5,base,Marginal-9,6,2,5,666.5148,800.4223,662.7682,3.7467,0.0,5.0,5.033,7474,5,0,0,0.9993,0,0,0,0,0,0
main,CSDVRP-M-n50-s1,M,50,1,base,Random-9,0,,15,1517.4295,1718.5004,1495.9109,6.5186,15.0,15.0,15.079,1771,15,1,1,1.0,0,0,0,0,0,0
case,CSDVRP-CS-Riyadh,case,30,0,base,Random-9,8,,30,420.8407,711.0291,415.2538,5.5869,0.0,30.0,30.509,10855,4,0,0,0.982,0,0,0,0,0,0
main,CSDVRP-S-n15-s2,S,15,2,base,DRL-VNS,1,2,5,604.4369,645.109,602.0225,2.4144,0.0,5.0,5.119,4102,6,0,0,0.9953,0,0,0,0,0,0
main,CSDVRP-M-n50-s1,M,50,1,base,DRL-VNS,7,3,15,1498.7752,1718.5004,1493.2879,5.4873,0.0,15.0,16.077,1811,15,0,0,0.9915,0,0,0,0,0,0
main,CSDVRP-S-n15-s1,S,15,1,base,Random-9,7,,5,599.4153,675.8866,596.1341,3.2813,0.0,5.0,5.011,6011,6,0,0,0.9,0,0,0,0,0,0
main,CSDVRP-S-n20-s4,S,20,4,base,ALNS+,2,,6,719.4697,798.0501,715.5041,3.9656,0.0,6.0,5.997,5709,7,0,0,0.986,0,0,0,0,0,0
main,CSDVRP-S-n15-s2,S,15,2,base,Random-9,1,,5,604.4369,645.109,602.0225,2.4144,0.0,5.0,5.045,5982,6,0,0,0.9953,0,0,0,0,0,0
main,CSDVRP-M-n30-s4,M,30,4,base,Marginal-9,9,5,10,928.3312,1151.8487,923.2908,5.0403,0.0,10.0,10.077,3280,10,0,0,0.99,0,0,0,0,0,0
main,CSDVRP-XL-n150-s0,XL,150,0,base,Fixed-small,0,,50,4348.5302,5021.4451,4333.6085,14.9217,0.0,50.016,50.734,2392,47,0,0,0.9997,0,0,0,0,0,0
main,CSDVRP-L-n100-s2,L,100,2,base,Roulette-9,7,,35,2800.4195,3167.7225,2787.7995,12.6199,0.0,35.047,35.39,756,30,0,0,0.9916,0,0,0,0,0,0
exact,CSDVRP-S-n10-s5,S,10,5,base,DRL-ALNS,9,5,5,454.5993,485.8354,450.6688,3.9305,0.0,5.0,5.037,5053,3,0,0,0.956,0,0,0,0,0,0
main,CSDVRP-S-n20-s0,S,20,0,base,VNS-9,8,,6,756.2207,835.2978,752.4896,3.7311,0.0,6.0,6.138,4461,7,0,0,0.9987,0,0,0,0,0,0
main,CSDVRP-S-n15-s0,S,15,0,base,Roulette-9,2,,5,622.621,666.3141,603.3505,4.2704,15.0,5.0,5.061,5954,5,1,1,1.0,0,0,0,0,0,0
exact,CSDVRP-S-n12-s4,S,12,4,base,VNS,0,,5,487.5063,536.3904,484.4937,3.0126,0.0,5.0,4.998,7736,4,0,0,0.9867,0,0,0,0,0,0
main,CSDVRP-L-n75-s5,L,75,5,base,Random-9,8,,25,2108.6417,2327.4464,2100.5555,8.0862,0.0,25.016,26.534,997,23,0,0,0.9984,0,0,0,0,0,0
exact,CSDVRP-S-n12-s5,S,12,5,base,Fixed-small,6,,5,521.1985,535.5205,517.6832,3.5154,0.0,5.0,5.101,10956,4,0,0,0.978,0,0,0,0,0,0
main,CSDVRP-M-n30-s2,M,30,2,base,ALNS+,5,,10,960.2417,1162.4183,896.5476,3.694,60.0,10.0,10.327,3667,9,4,4,1.0,0,0,0,0,0,0
main,CSDVRP-L-n100-s5,L,100,5,base,Random-9,0,,35,2629.115,3154.3549,2587.0642,12.0508,30.0,35.0,39.595,609,30,1,2,1.0,0,0,0,0,0,0
exact,CSDVRP-S-n6-s4,S,6,4,base,VNS,0,,5,307.1905,316.7228,305.135,2.0555,0.0,5.0,6.04,14731,3,0,0,0.906,0,0,0,0,0,0
main,CSDVRP-XL-n150-s4,XL,150,4,base,Marginal-9,7,3,50,4051.2967,4802.2805,3799.7795,11.5172,240.0,50.016,53.159,1486,44,11,16,1.0,0,0,0,0,0,0
exact,CSDVRP-S-n8-s4,S,8,4,base,Fixed-small,0,,5,359.1905,397.2233,357.0731,2.1174,0.0,5.0,5.443,15252,3,0,0,0.8793,0,0,0,0,0,0
main,CSDVRP-S-n15-s1,S,15,1,base,VNS-9,1,,5,599.4153,675.8866,596.1341,3.2813,0.0,5.0,5.03,4647,6,0,0,0.9,0,0,0,0,0,0
main,CSDVRP-XL-n150-s5,XL,150,5,base,Marginal-9,8,4,50,3945.9161,4291.4727,3838.8615,17.0546,90.0,50.016,50.361,1215,44,3,6,1.0,0,0,0,0,0,0
exact,CSDVRP-S-n6-s2,S,6,2,base,VNS,8,,5,330.2083,334.9047,328.2873,1.921,0.0,5.0,5.006,15423,3,0,0,0.8567,0,0,0,0,0,0
main,CSDVRP-L-n75-s3,L,75,3,base,Marginal-9,6,2,25,2143.4343,2332.9982,2090.7754,7.659,45.0,25.016,25.27,1001,24,2,3,1.0,0,0,0,0,0,0
main,CSDVRP-L-n100-s4,L,100,4,base,VNS-9,8,,35,2970.9686,3371.4529,2911.5952,14.3734,45.0,35.031,35.539,642,30,2,3,1.0,0,0,0,0,0,0
exact,CSDVRP-S-n12-s4,S,12,4,base,Marginal-9,3,4,5,487.5063,536.3904,484.4937,3.0126,0.0,5.0,5.026,9839,4,0,0,0.9867,0,0,0,0,0,0
main,CSDVRP-M-n30-s4,M,30,4,base,Random-9,7,,10,925.7284,1151.8487,921.3091,4.4194,0.0,10.0,10.63,3416,10,0,0,0.99,0,0,0,0,0,0
main,CSDVRP-M-n50-s4,M,50,4,base,Roulette-9,1,,15,1646.0822,1919.2804,1625.0727,6.0095,15.0,15.0,19.283,1451,17,1,1,1.0,0,0,0,0,0,0
main,CSDVRP-M-n30-s5,M,30,5,base,VNS-9,8,,10,1128.4041,1247.2838,1092.2244,6.1796,30.0,10.0,11.92,3092,10,1,2,1.0,0,0,0,0,0,0
exact,CSDVRP-S-n12-s3,S,12,3,base,Roulette-9,3,,5,522.4878,589.3086,503.6872,3.8005,15.0,5.0,5.403,8052,4,1,1,1.0,0,0,0,0,0,0
exact,CSDVRP-S-n12-s2,S,12,2,base,Fixed-small,2,,5,475.9776,518.4642,473.3356,2.642,0.0,5.0,5.262,8115,5,0,0,0.9853,0,0,0,0,0,0
main,CSDVRP-S-n15-s0,S,15,0,base,DRL-ALNS,8,4,5,633.2807,666.3141,628.6438,4.637,0.0,5.0,5.328,3128,6,0,0,0.9967,0,0,0,0,0,0
exact,CSDVRP-S-n12-s3,S,12,3,base,Random-9,4,,5,522.4878,589.3086,503.6872,3.8005,15.0,5.0,6.245,8947,4,1,1,1.0,0,0,0,0,0,0
main,CSDVRP-S-n20-s3,S,20,3,base,DRL-VNS,4,5,6,714.5796,797.0264,695.6625,3.9171,15.0,6.0,6.244,2727,7,1,1,1.0,0,0,0,0,0,0
main,CSDVRP-XL-n150-s3,XL,150,3,base,VNS-9,2,,50,3835.0813,4237.9876,3819.0719,16.0094,0.0,50.0,51.622,1401,44,0,0,0.9993,0,0,0,0,0,0
main,CSDVRP-XL-n150-s5,XL,150,5,base,DRL-ALNS,2,3,50,4045.4175,4291.4727,4027.6249,17.7926,0.0,50.016,53.47,600,49,0,0,0.999,0,0,0,0,0,0
main,CSDVRP-M-n50-s3,M,50,3,base,Roulette-9,7,,15,1399.8435,1746.7745,1393.2711,6.5725,0.0,15.016,16.228,1885,15,0,0,0.994,0,0,0,0,0,0
exact,CSDVRP-S-n12-s2,S,12,2,base,VNS,4,,5,460.175,518.4642,458.0808,2.0942,0.0,5.0,5.013,10572,4,0,0,0.998,0,0,0,0,0,0
main,CSDVRP-L-n100-s5,L,100,5,base,VNS,0,,35,2565.7398,3154.3549,2553.7592,11.9805,0.0,35.016,35.321,857,30,0,0,0.9988,0,0,0,0,0,0
main,CSDVRP-L-n100-s4,L,100,4,base,Roulette-9,5,,35,2943.7025,3371.4529,2928.5832,15.1193,0.0,35.0,37.644,673,31,0,0,0.9888,0,0,0,0,0,0
main,CSDVRP-S-n15-s1,S,15,1,base,ALNS+,0,,5,614.0876,675.8866,610.7782,3.3094,0.0,5.0,5.027,7731,6,0,0,0.912,0,0,0,0,0,0
main,CSDVRP-L-n75-s1,L,75,1,base,Random-9,5,,25,2107.5627,2408.8056,2056.0653,6.4975,45.0,25.0,25.479,1137,23,3,3,1.0,0,0,0,0,0,0
main,CSDVRP-M-n30-s3,M,30,3,base,Fixed-small,4,,10,969.4487,1099.7766,965.9069,3.5418,0.0,10.0,10.329,4946,10,0,0,0.988,0,0,0,0,0,0
main,CSDVRP-S-n20-s2,S,20,2,base,Roulette-9,0,,6,670.121,732.8183,667.0092,3.1118,0.0,6.0,7.64,4392,7,0,0,0.9933,0,0,0,0,0,0
main,CSDVRP-S-n20-s0,S,20,0,base,ALNS+,5,,6,787.1132,835.2978,782.5461,4.5671,0.0,6.0,6.075,5164,8,0,0,0.9987,0,0,0,0,0,0
main,CSDVRP-L-n100-s2,L,100,2,base,DRL-VNS,4,5,35,2801.3332,3167.7225,2788.8838,12.4494,0.0,35.047,36.125,702,30,0,0,0.9968,0,0,0,0,0,0
exact,CSDVRP-S-n12-s2,S,12,2,base,Roulette-9,9,,5,460.175,518.4642,458.0808,2.0942,0.0,5.0,5.213,11495,4,0,0,0.998,0,0,0,0,0,0
exact,CSDVRP-S-n12-s2,S,12,2,base,Random-9,2,,5,460.175,518.4642,458.0808,2.0942,0.0,5.0,5.144,13043,4,0,0,0.998,0,0,0,0,0,0
exact,CSDVRP-S-n8-s4,S,8,4,base,DRL-VNS,1,2,5,359.1905,397.2233,357.0731,2.1174,0.0,5.0,5.497,6701,3,0,0,0.8793,0,0,0,0,0,0
main,CSDVRP-S-n20-s2,S,20,2,base,Marginal-9,7,3,6,670.121,732.8183,667.0092,3.1118,0.0,6.0,6.14,4883,7,0,0,0.9933,0,0,0,0,0,0
exact,CSDVRP-S-n12-s1,S,12,1,base,Fixed-small,0,,5,546.9826,602.7068,512.8082,4.1744,30.0,5.0,5.138,10463,4,2,2,1.0,0,0,0,0,0,0
main,CSDVRP-XL-n150-s1,XL,150,1,base,VNS-9,1,,50,4246.0908,4744.1508,4171.3404,14.7504,60.0,50.062,51.005,1698,45,2,4,1.0,0,0,0,0,0,0
main,CSDVRP-L-n75-s2,L,75,2,base,Roulette-9,1,,25,2106.3404,2442.0216,2067.2407,9.0997,30.0,25.0,25.08,1313,22,2,2,1.0,0,0,0,0,0,0
exact,CSDVRP-S-n10-s3,S,10,3,base,Marginal-9,8,4,5,398.3226,456.2198,394.9219,3.4007,0.0,5.0,5.016,13997,3,0,0,0.9427,0,0,0,0,0,0
main,CSDVRP-S-n20-s5,S,20,5,base,DRL-ALNS,6,2,6,763.1659,865.7,758.6853,4.4806,0.0,6.0,6.058,3802,7,0,0,0.9947,0,0,0,0,0,0
main,CSDVRP-M-n30-s4,M,30,4,base,Fixed-small,2,,10,1002.8326,1151.8487,983.1953,4.6373,15.0,10.0,10.029,4869,11,1,1,0.9565,0,0,0,0,0,0
main,CSDVRP-L-n100-s0,L,100,0,base,Fixed-small,2,,35,3060.2265,3458.8862,3020.5186,9.708,30.0,35.0,35.119,1173,31,1,2,1.0,0,0,0,0,0,0
exact,CSDVRP-S-n10-s5,S,10,5,base,Roulette-9,4,,5,454.5993,485.8354,450.6688,3.9305,0.0,5.0,5.017,12464,3,0,0,0.956,0,0,0,0,0,0
main,CSDVRP-L-n75-s5,L,75,5,base,Roulette-9,6,,25,2137.4213,2327.4464,2100.0125,7.4089,30.0,25.016,25.139,1268,23,1,2,1.0,0,0,0,0,0,0
main,CSDVRP-L-n75-s5,L,75,5,base,DRL-ALNS,3,4,25,2183.2657,2327.4464,2173.4176,9.848,0.0,25.016,25.096,960,23,0,0,0.9876,0,0,0,0,0,0
exact,CSDVRP-S-n8-s2,S,8,2,base,DRL-ALNS,9,5,5,344.8888,398.3755,342.4078,2.481,0.0,5.0,5.024,6415,3,0,0,0.8753,0,0,0,0,0,0
main,CSDVRP-M-n50-s0,M,50,0,base,VNS-9,6,,15,1712.9042,1986.2853,1705.7308,7.1734,0.0,15.0,15.051,1858,16,0,0,0.986,0,0,0,0,0,0
main,CSDVRP-S-n15-s0,S,15,0,base,Roulette-9,5,,5,606.5233,666.3141,602.2712,4.2521,0.0,5.0,4.992,7355,5,0,0,0.9927,0,0,0,0,0,0
main,CSDVRP-L-n100-s0,L,100,0,base,VNS,9,,35,3111.9938,3458.8862,3038.8278,13.1659,60.0,35.0,35.15,889,31,3,4,1.0,0,0,0,0,0,0
main,CSDVRP-L-n75-s0,L,75,0,base,Fixed-small,5,,25,2426.3521,2688.4285,2418.535,7.817,0.0,25.0,25.07,2010,24,0,0,0.9984,0,0,0,0,0,0
main,CSDVRP-S-n15-s1,S,15,1,base,ALNS+,4,,5,591.4635,675.8866,586.7939,4.6695,0.0,5.0,4.991,8069,5,0,0,0.9987,0,0,0,0,0,0
main,CSDVRP-L-n75-s5,L,75,5,base,ALNS+,1,,25,2155.833,2327.4464,2130.6726,10.1604,15.0,25.0,25.072,988,24,1,1,1.0,0,0,0,0,0,0
main,CSDVRP-S-n15-s4,S,15,4,base,DRL-VNS,3,4,5,585.7427,624.2332,582.2908,3.4519,0.0,5.0,4.986,4595,6,0,0,0.9347,0,0,0,0,0,0
exact,CSDVRP-S-n6-s2,S,6,2,base,VNS,4,,5,330.2083,334.9047,328.2873,1.921,0.0,5.0,5.013,16296,3,0,0,0.8567,0,0,0,0,0,0
main,CSDVRP-S-n20-s2,S,20,2,base,VNS-9,9,,6,670.121,732.8183,667.0092,3.1118,0.0,6.0,6.078,4829,7,0,0,0.9933,0,0,0,0,0,0
exact,CSDVRP-S-n8-s1,S,8,1,base,Fixed-small,7,,5,357.4079,376.3954,340.1754,2.2325,15.0,5.0,4.997,18666,3,1,1,1.0,0,0,0,0,0,0
main,CSDVRP-M-n50-s5,M,50,5,base,Marginal-9,3,4,15,1607.3752,1904.3598,1583.7583,8.6169,15.0,15.0,15.062,1942,15,1,1,1.0,0,0,0,0,0,0
main,CSDVRP-S-n15-s0,S,15,0,base,Random-9,6,,5,622.621,666.3141,603.3505,4.2704,15.0,5.0,4.997,6881,5,1,1,1.0,0,0,0,0,0,0
main,CSDVRP-M-n30-s1,M,30,1,base,VNS,3,,10,1031.4688,1231.1888,1027.1043,4.3646,0.0,10.0,10.045,3656,10,0,0,0.98,0,0,0,0,0,0
exact,CSDVRP-S-n8-s5,S,8,5,base,Roulette-9,5,,5,423.2126,427.0275,419.9371,3.2754,0.0,5.0,5.012,14212,3,0,0,0.894,0,0,0,0,0,0
main,CSDVRP-M-n30-s1,M,30,1,base,Fixed-small,2,,10,1057.2555,1231.1888,1037.9499,4.3056,15.0,10.0,10.016,4927,10,1,1,1.0,0,0,0,0,0,0
main,CSDVRP-M-n50-s3,M,50,3,base,Fixed-small,0,,15,1400.2633,1746.7745,1393.2711,6.9923,0.0,15.0,15.077,3155,15,0,0,0.994,0,0,0,0,0,0
main,CSDVRP-XL-n150-s3,XL,150,3,base,Random-9,3,,50,3847.3019,4237.9876,3833.9794,13.3225,0.0,50.0,50.324,1475,45,0,0,0.9993,0,0,0,0,0,0
main,CSDVRP-L-n100-s0,L,100,0,base,ALNS+,0,,35,3278.5814,3458.8862,3262.6029,15.9786,0.0,35.031,35.265,509,32,0,0,0.9984,0,0,0,0,0,0
main,CSDVRP-M-n30-s4,M,30,4,base,Marginal-9,3,4,10,925.7284,1151.8487,921.3091,4.4194,0.0,10.0,10.03,3706,10,0,0,0.99,0,0,0,0,0,0
main,CSDVRP-L-n100-s4,L,100,4,base,Random-9,7,,35,2929.7558,3371.4529,2916.8647,12.8911,0.0,35.016,35.238,701,31,0,0,0.9976,0,0,0,0,0,0
main,CSDVRP-S-n20-s0,S,20,0,base,DRL-ALNS,5,1,6,756.3441,835.2978,752.4896,3.8544,0.0,6.0,6.017,3384,7,0,0,0.9987,0,0,0,0,0,0
exact,CSDVRP-S-n8-s3,S,8,3,base,DRL-ALNS,7,3,5,339.8466,351.7127,337.5902,2.2564,0.0,5.0,5.076,6253,3,0,0,0.9567,0,0,0,0,0,0
main,CSDVRP-S-n20-s5,S,20,5,base,Fixed-small,7,,6,763.1659,865.7,758.6853,4.4806,0.0,6.0,6.076,7621,7,0,0,0.9947,0,0,0,0,0,0
main,CSDVRP-M-n30-s1,M,30,1,base,ALNS+,5,,10,1088.6007,1231.1888,1067.5574,6.0434,15.0,10.0,10.046,4026,10,1,1,1.0,0,0,0,0,0,0
main,CSDVRP-S-n15-s4,S,15,4,base,VNS-9,5,,5,585.7427,624.2332,582.2908,3.4519,0.0,5.0,5.028,7107,6,0,0,0.9347,0,0,0,0,0,0
exact,CSDVRP-S-n6-s5,S,6,5,base,ALNS+,5,,5,347.3173,347.7063,345.0582,2.2591,0.0,5.0,5.045,21330,3,0,0,0.9907,0,0,0,0,0,0
case,CSDVRP-CS-Riyadh,case,30,0,base,Roulette-9,6,,30,420.8407,711.0291,415.2538,5.5869,0.0,30.0,30.137,12639,4,0,0,0.982,0,0,0,0,0,0
main,CSDVRP-M-n50-s1,M,50,1,base,DRL-ALNS,0,1,15,1528.5564,1718.5004,1475.9695,7.5868,45.0,15.0,15.027,1528,15,3,3,1.0,0,0,0,0,0,0
main,CSDVRP-M-n30-s4,M,30,4,base,Roulette-9,4,,10,926.1514,1151.8487,921.3091,4.8423,0.0,10.0,9.986,3836,10,0,0,0.99,0,0,0,0,0,0
main,CSDVRP-L-n75-s5,L,75,5,base,DRL-ALNS,1,2,25,2197.9246,2327.4464,2187.0722,10.8524,0.0,25.0,25.081,989,22,0,0,0.9984,0,0,0,0,0,0
exact,CSDVRP-S-n10-s5,S,10,5,base,VNS,8,,5,454.5993,485.8354,450.6688,3.9305,0.0,5.0,5.038,10407,3,0,0,0.956,0,0,0,0,0,0
exact,CSDVRP-S-n12-s1,S,12,1,base,Random-9,3,,5,546.6653,602.7068,512.8082,3.8571,30.0,5.0,5.045,10459,4,2,2,0.994,0,0,0,0,0,0
main,CSDVRP-S-n15-s1,S,15,1,base,Roulette-9,0,,5,599.4153,675.8866,596.1341,3.2813,0.0,5.0,5.013,6319,6,0,0,0.9,0,0,0,0,0,0
exact,CSDVRP-S-n10-s4,S,10,4,base,Fixed-small,5,,5,387.4582,460.8567,384.9244,2.5338,0.0,5.0,4.997,17877,3,0,0,0.98,0,0,0,0,0,0
main,CSDVRP-M-n50-s1,M,50,1,base,DRL-VNS,8,4,15,1498.148,1718.5004,1477.1339,6.0142,15.0,15.0,15.044,1916,15,1,1,1.0,0,0,0,0,0,0
main,CSDVRP-XL-n150-s5,XL,150,5,base,DRL-ALNS,5,1,50,4051.2033,4291.4727,4032.6209,18.5824,0.0,50.094,50.223,687,49,0,0,0.999,0,0,0,0,0,0
main,CSDVRP-S-n20-s3,S,20,3,base,Random-9,9,,6,691.2399,797.0264,687.1116,4.1284,0.0,6.0,5.991,5131,7,0,0,0.9707,0,0,0,0,0,0
exact,CSDVRP-S-n6-s3,S,6,3,base,DRL-ALNS,8,4,5,230.2731,253.5784,228.5871,1.686,0.0,5.0,5.013,7748,2,0,0,0.9873,0,0,0,0,0,0
exact,CSDVRP-S-n8-s1,S,8,1,base,VNS-9,5,,5,335.8429,376.3954,333.6723,2.1706,0.0,5.0,5.0,18893,3,0,0,0.9073,0,0,0,0,0,0
main,CSDVRP-M-n30-s2,M,30,2,base,VNS-9,8,,10,941.0511,1162.4183,938.3163,2.7347,0.0,10.0,10.046,3667,10,0,0,0.9865,0,0,0,0,0,0
exact,CSDVRP-S-n6-s4,S,6,4,base,Marginal-9,5,1,5,307.1905,316.7228,305.135,2.0555,0.0,5.0,4.996,18728,3,0,0,0.906,0,0,0,0,0,0
main,CSDVRP-M-n30-s3,M,30,3,base,DRL-VNS,4,5,10,970.8464,1099.7766,968.1897,2.6567,0.0,10.0,10.047,2846,10,0,0,0.9975,0,0,0,0,0,0
main,CSDVRP-M-n50-s0,M,50,0,base,Fixed-small,8,,15,1750.5519,1986.2853,1742.9477,7.6043,0.0,15.0,15.043,2117,17,0,0,0.9855,0,0,0,0,0,0
case,CSDVRP-CS-Riyadh,case,30,0,base,Fixed-small,4,,30,424.5677,711.0291,419.1337,5.4341,0.0,30.0,30.089,21670,4,0,0,0.982,0,0,0,0,0,0
main,CSDVRP-L-n100-s0,L,100,0,base,Marginal-9,0,1,35,3091.1261,3458.8862,3076.366,14.7601,0.0,35.078,35.183,626,31,0,0,0.9988,0,0,0,0,0,0
main,CSDVRP-XL-n150-s5,XL,150,5,base,DRL-VNS,1,2,50,3896.706,4291.4727,3878.6903,18.0157,0.0,50.0,50.088,1610,45,0,0,0.999,0,0,0,0,0,0
main,CSDVRP-L-n100-s4,L,100,4,base,Fixed-small,6,,35,2962.9343,3371.4529,2921.3784,11.556,30.0,35.0,35.057,1188,31,2,2,1.0,0,0,0,0,0,0
exact,CSDVRP-S-n12-s2,S,12,2,base,ALNS+,9,,5,460.175,518.4642,458.0808,2.0942,0.0,5.0,5.019,13284,4,0,0,0.998,0,0,0,0,0,0
exact,CSDVRP-S-n8-s1,S,8,1,base,VNS,0,,5,335.8429,376.3954,333.6723,2.1706,0.0,5.0,5.013,16454,3,0,0,0.9073,0,0,0,0,0,0
main,CSDVRP-S-n15-s1,S,15,1,base,DRL-ALNS,7,3,5,599.9447,675.8866,596.1341,3.8106,0.0,5.0,5.014,4221,6,0,0,0.9,0,0,0,0,0,0
main,CSDVRP-S-n20-s5,S,20,5,base,Roulette-9,0,,6,763.1659,865.7,758.6853,4.4806,0.0,6.0,5.999,5807,7,0,0,0.9947,0,0,0,0,0,0
main,CSDVRP-M-n30-s1,M,30,1,base,VNS-9,6,,10,1050.5353,1231.1888,1031.6902,3.8451,15.0,10.0,10.018,3355,10,1,1,1.0,0,0,0,0,0,0
main,CSDVRP-L-n75-s1,L,75,1,base,DRL-ALNS,7,3,25,2201.3661,2408.8056,2191.4229,9.9432,0.0,25.0,25.111,851,24,0,0,0.9948,0,0,0,0,0,0
main,CSDVRP-M-n30-s3,M,30,3,base,Random-9,1,,10,969.2873,1099.7766,965.9069,3.3804,0.0,10.0,10.039,3644,10,0,0,0.988,0,0,0,0,0,0
main,CSDVRP-L-n75-s2,L,75,2,base,Random-9,2,,25,2105.7816,2442.0216,2096.9586,8.823,0.0,25.031,25.075,1149,23,0,0,0.9932,0,0,0,0,0,0
main,CSDVRP-M-n50-s5,M,50,5,base,Marginal-9,2,3,15,1654.6101,1904.3598,1632.0171,7.593,15.0,15.0,15.049,1915,16,1,1,1.0,0,0,0,0,0,0
exact,CSDVRP-S-n8-s4,S,8,4,base,Roulette-9,1,,5,359.1905,397.2233,357.0731,2.1174,0.0,5.0,5.008,15588,3,0,0,0.8793,0,0,0,0,0,0
main,CSDVRP-S-n20-s5,S,20,5,base,DRL-VNS,6,2,6,763.1659,865.7,758.6853,4.4806,0.0,6.0,6.044,4189,7,0,0,0.9947,0,0,0,0,0,0
main,CSDVRP-XL-n150-s1,XL,150,1,base,Fixed-small,9,,50,4225.3113,4744.1508,4152.178,13.1333,60.0,50.0,50.126,2496,45,2,4,1.0,0,0,0,0,0,0
exact,CSDVRP-S-n8-s2,S,8,2,base,Fixed-small,7,,5,344.8888,398.3755,342.4078,2.481,0.0,5.0,5.04,18732,3,0,0,0.8753,0,0,0,0,0,0
exact,CSDVRP-S-n8-s2,S,8,2,base,DRL-ALNS,8,4,5,344.8888,398.3755,342.4078,2.481,0.0,5.0,5.016,6385,3,0,0,0.8753,0,0,0,0,0,0
exact,CSDVRP-S-n12-s3,S,12,3,base,VNS-9,6,,5,522.4878,589.3086,503.6872,3.8005,15.0,5.0,4.997,11998,4,1,1,1.0,0,0,0,0,0,0
exact,CSDVRP-S-n10-s2,S,10,2,base,ALNS+,6,,5,386.2368,436.4179,383.4745,2.7622,0.0,5.0,4.998,17372,3,0,0,0.9893,0,0,0,0,0,0
main,CSDVRP-L-n100-s5,L,100,5,base,DRL-ALNS,6,2,35,2651.503,3154.3549,2637.8484,13.6546,0.0,35.031,35.129,542,32,0,0,0.9988,0,0,0,0,0,0
exact,CSDVRP-S-n10-s1,S,10,1,base,DRL-ALNS,2,3,5,394.7924,479.2322,392.2685,2.5239,0.0,5.0,4.992,4996,4,0,0,0.9253,0,0,0,0,0,0
main,CSDVRP-M-n30-s1,M,30,1,base,ALNS+,4,,10,1063.6736,1231.1888,1029.321,4.3526,30.0,10.0,10.014,4037,10,2,2,1.0,0,0,0,0,0,0
main,CSDVRP-XL-n150-s0,XL,150,0,base,VNS-9,7,,50,4527.0081,5021.4451,4465.1481,16.86,45.0,50.0,50.232,1653,47,2,3,1.0,0,0,0,0,0,0
main,CSDVRP-M-n30-s2,M,30,2,base,Marginal-9,8,4,10,941.0551,1162.4183,938.3163,2.7388,0.0,10.0,10.029,3729,10,0,0,0.9865,0,0,0,0,0,0
exact,CSDVRP-S-n8-s2,S,8,2,base,DRL-VNS,6,2,5,344.8888,398.3755,342.4078,2.481,0.0,5.0,5.011,7464,3,0,0,0.8753,0,0,0,0,0,0
main,CSDVRP-S-n15-s4,S,15,4,base,DRL-VNS,9,5,5,585.7427,624.2332,582.2908,3.4519,0.0,5.0,4.998,4556,6,0,0,0.9347,0,0,0,0,0,0
exact,CSDVRP-S-n6-s2,S,6,2,base,Fixed-small,7,,5,330.7872,334.9047,328.2873,2.4999,0.0,5.0,4.998,19727,3,0,0,0.8567,0,0,0,0,0,0
exact,CSDVRP-S-n12-s4,S,12,4,base,ALNS+,7,,5,487.5063,536.3904,484.4937,3.0126,0.0,5.0,5.014,12000,4,0,0,0.9867,0,0,0,0,0,0
main,CSDVRP-L-n100-s5,L,100,5,base,DRL-ALNS,2,3,35,2815.5685,3154.3549,2682.5523,13.0161,120.0,35.031,35.192,493,31,4,8,1.0,0,0,0,0,0,0
main,CSDVRP-L-n75-s2,L,75,2,base,ALNS+,5,,25,2245.3894,2442.0216,2145.8577,9.5317,90.0,25.0,25.116,870,23,4,6,1.0,0,0,0,0,0,0
main,CSDVRP-M-n50-s3,M,50,3,base,VNS,7,,15,1399.255,1746.7745,1392.5811,6.6739,0.0,15.0,15.031,2999,15,0,0,0.994,0,0,0,0,0,0
exact,CSDVRP-S-n8-s3,S,8,3,base,Roulette-9,8,,5,339.8466,351.7127,337.5902,2.2564,0.0,5.0,5.012,17069,3,0,0,0.9567,0,0,0,0,0,0
main,CSDVRP-S-n20-s4,S,20,4,base,Random-9,8,,6,719.4697,798.0501,715.5041,3.9656,0.0,6.0,5.999,4771,7,0,0,0.986,0,0,0,0,0,0
exact,CSDVRP-S-n6-s4,S,6,4,base,Roulette-9,6,,5,307.1905,316.7228,305.135,2.0555,0.0,5.0,5.028,19012,3,0,0,0.906,0,0,0,0,0,0
exact,CSDVRP-S-n6-s1,S,6,1,base,Roulette-9,8,,5,341.7876,362.2464,340.1093,1.6783,0.0,5.0,5.014,21177,3,0,0,0.926,0,0,0,0,0,0
exact,CSDVRP-S-n10-s3,S,10,3,base,ALNS+,5,,5,398.3934,456.2198,394.9219,3.4715,0.0,5.0,5.045,15661,3,0,0,0.9427,0,0,0,0,0,0
main,CSDVRP-XL-n150-s4,XL,150,4,base,VNS,2,,50,3892.4244,4802.2805,3791.3567,11.0676,90.0,50.016,50.201,1417,44,4,6,1.0,0,0,0,0,0,0
main,CSDVRP-L-n75-s0,L,75,0,base,Marginal-9,4,5,25,2420.2141,2688.4285,2409.6147,10.5994,0.0,25.016,25.104,911,24,0,0,0.996,0,0,0,0,0,0
exact,CSDVRP-S-n10-s2,S,10,2,base,DRL-VNS,4,5,5,391.6922,436.4179,389.0812,2.6111,0.0,5.0,5.016,7177,3,0,0,0.9787,0,0,0,0,0,0
main,CSDVRP-L-n75-s0,L,75,0,base,DRL-ALNS,3,4,25,2425.961,2688.4285,2413.9176,12.0434,0.0,25.0,25.079,859,24,0,0,0.9984,0,0,0,0,0,0
main,CSDVRP-M-n50-s2,M,50,2,base,DRL-VNS,7,3,15,1467.7784,1677.4231,1462.0673,5.7111,0.0,15.0,15.09,1895,16,0,0,0.9985,0,0,0,0,0,0
case,CSDVRP-CS-Riyadh,case,30,0,base,Marginal-9,9,5,30,420.0991,711.0291,414.0897,6.0094,0.0,30.0,31.026,11667,4,0,0,0.982,0,0,0,0,0,0
exact,CSDVRP-S-n8-s5,S,8,5,base,VNS-9,2,,5,423.2126,427.0275,419.9371,3.2754,0.0,5.0,5.029,15375,3,0,0,0.894,0,0,0,0,0,0
main,CSDVRP-XL-n150-s1,XL,150,1,base,Random-9,6,,50,4270.2561,4744.1508,4253.405,16.8511,0.0,50.031,50.257,1612,45,0,0,0.9993,0,0,0,0,0,0
main,CSDVRP-L-n75-s5,L,75,5,base,Marginal-9,4,5,25,2102.2993,2327.4464,2094.8855,7.4137,0.0,25.016,25.098,1090,23,0,0,0.9992,0,0,0,0,0,0
main,CSDVRP-S-n20-s3,S,20,3,base,Random-9,4,,6,690.3257,797.0264,671.6629,3.6628,15.0,6.0,6.029,5035,7,1,1,1.0,0,0,0,0,0,0
main,CSDVRP-L-n75-s1,L,75,1,base,VNS-9,3,,25,2139.2396,2408.8056,2056.2639,7.9758,75.0,25.016,25.103,1052,23,4,5,1.0,0,0,0,0,0,0
exact,CSDVRP-S-n8-s5,S,8,5,base,Roulette-9,1,,5,423.2126,427.0275,419.9371,3.2754,0.0,5.0,4.985,14639,3,0,0,0.894,0,0,0,0,0,0
main,CSDVRP-L-n100-s4,L,100,4,base,Fixed-small,7,,35,2950.5027,3371.4529,2940.304,10.1988,0.0,35.0,35.112,1343,31,0,0,0.9976,0,0,0,0,0,0
main,CSDVRP-M-n50-s3,M,50,3,base,VNS-9,6,,15,1399.0974,1746.7745,1392.5811,6.5163,0.0,15.0,15.02,1965,15,0,0,0.994,0,0,0,0,0,0
main,CSDVRP-S-n15-s4,S,15,4,base,VNS,3,,5,585.7427,624.2332,582.2908,3.4519,0.0,5.0,5.004,6404,6,0,0,0.9347,0,0,0,0,0,0
exact,CSDVRP-S-n8-s5,S,8,5,base,Fixed-small,8,,5,423.2126,427.0275,419.9371,3.2754,0.0,5.0,4.997,15781,3,0,0,0.894,0,0,0,0,0,0
exact,CSDVRP-S-n10-s5,S,10,5,base,ALNS+,7,,5,454.5993,485.8354,450.6688,3.9305,0.0,5.0,5.0,14048,3,0,0,0.956,0,0,0,0,0,0
exact,CSDVRP-S-n8-s4,S,8,4,base,Random-9,9,,5,359.1905,397.2233,357.0731,2.1174,0.0,5.0,4.997,16768,3,0,0,0.8793,0,0,0,0,0,0
exact,CSDVRP-S-n10-s1,S,10,1,base,Fixed-small,9,,5,395.139,479.2322,392.2685,2.8705,0.0,5.0,4.999,11753,4,0,0,0.9253,0,0,0,0,0,0
main,CSDVRP-L-n100-s4,L,100,4,base,Random-9,4,,35,2928.542,3371.4529,2914.4898,14.0522,0.0,35.062,35.171,782,31,0,0,1.0,0,0,0,0,0,0
exact,CSDVRP-S-n8-s4,S,8,4,base,Marginal-9,1,2,5,359.1905,397.2233,357.0731,2.1174,0.0,5.0,5.027,16356,3,0,0,0.8793,0,0,0,0,0,0
exact,CSDVRP-S-n10-s1,S,10,1,base,DRL-ALNS,5,1,5,394.7924,479.2322,392.2685,2.5239,0.0,5.0,5.015,5131,4,0,0,0.9253,0,0,0,0,0,0
exact,CSDVRP-S-n10-s4,S,10,4,base,VNS-9,0,,5,387.4582,460.8567,384.9244,2.5338,0.0,5.0,4.998,16728,3,0,0,0.98,0,0,0,0,0,0
main,CSDVRP-S-n20-s4,S,20,4,base,DRL-ALNS,7,3,6,719.4697,798.0501,715.5041,3.9656,0.0,6.0,6.046,3655,7,0,0,0.986,0,0,0,0,0,0
main,CSDVRP-M-n50-s2,M,50,2,base,ALNS+,5,,15,1478.8379,1677.4231,1470.9106,7.9273,0.0,15.0,15.014,1813,16,0,0,0.9985,0,0,0,0,0,0
main,CSDVRP-S-n15-s1,S,15,1,base,DRL-VNS,4,5,5,599.4153,675.8866,596.1341,3.2813,0.0,5.0,5.027,4207,6,0,0,0.9,0,0,0,0,0,0
main,CSDVRP-M-n30-s5,M,30,5,base,VNS-9,2,,10,1120.305,1247.2838,1085.5258,4.7792,30.0,10.0,10.048,4182,10,2,2,1.0,0,0,0,0,0,0
main,CSDVRP-L-n75-s3,L,75,3,base,Random-9,0,,25,2122.2032,2332.9982,2100.1018,7.1014,15.0,25.0,25.165,1164,24,1,1,1.0,0,0,0,0,0,0
exact,CSDVRP-S-n12-s3,S,12,3,base,DRL-VNS,8,4,5,522.4878,589.3086,503.6872,3.8005,15.0,5.0,5.029,6171,4,1,1,1.0,0,0,0,0,0,0
exact,CSDVRP-S-n6-s5,S,6,5,base,DRL-ALNS,3,4,5,347.3173,347.7063,345.0582,2.2591,0.0,5.0,4.998,7138,3,0,0,0.9907,0,0,0,0,0,0
main,CSDVRP-L-n100-s1,L,100,1,base,VNS,5,,35,2698.3871,3146.4881,2643.4314,9.9557,45.0,35.016,35.099,980,29,3,3,1.0,0,0,0,0,0,0
main,CSDVRP-M-n50-s5,M,50,5,base,VNS,2,,15,1643.241,1904.3598,1635.7386,7.5024,0.0,15.0,15.074,2651,16,0,0,1.0,0,0,0,0,0,0
main,CSDVRP-L-n100-s0,L,100,0,base,VNS-9,9,,35,3077.6523,3458.8862,3034.5784,13.0739,30.0,35.016,35.045,769,31,1,2,1.0,0,0,0,0,0,0
main,CSDVRP-L-n75-s1,L,75,1,base,DRL-ALNS,5,1,25,2252.3786,2408.8056,2244.8888,7.4898,0.0,25.031,25.107,818,27,0,0,0.9964,0,0,0,0,0,0
exact,CSDVRP-S-n12-s5,S,12,5,base,Random-9,0,,5,521.0601,535.5205,517.6832,3.3769,0.0,5.0,4.993,10042,4,0,0,0.978,0,0,0,0,0,0
exact,CSDVRP-S-n12-s3,S,12,3,base,DRL-ALNS,9,5,5,522.4878,589.3086,503.6872,3.8005,15.0,5.0,4.999,5395,4,1,1,1.0,0,0,0,0,0,0
exact,CSDVRP-S-n6-s2,S,6,2,base,Fixed-small,6,,5,330.7872,334.9047,328.2873,2.4999,0.0,5.0,5.013,18523,3,0,0,0.8567,0,0,0,0,0,0
main,CSDVRP-L-n100-s3,L,100,3,base,VNS,2,,35,2704.5302,3095.0715,2692.8704,11.6599,0.0,35.016,35.11,966,31,0,0,1.0,0,0,0,0,0,0
main,CSDVRP-M-n50-s4,M,50,4,base,VNS-9,5,,15,1659.4354,1919.2804,1623.3495,6.0859,30.0,15.0,15.143,1770,16,1,2,1.0,0,0,0,0,0,0
main,CSDVRP-L-n100-s3,L,100,3,base,Fixed-small,7,,35,2696.9849,3095.0715,2673.1108,8.8741,15.0,35.0,35.089,1425,31,1,1,1.0,0,0,0,0,0,0
exact,CSDVRP-S-n8-s5,S,8,5,base,Marginal-9,7,3,5,423.2126,427.0275,419.9371,3.2754,0.0,5.0,4.992,15104,3,0,0,0.894,0,0,0,0,0,0
exact,CSDVRP-S-n8-s3,S,8,3,base,VNS-9,0,,5,339.8466,351.7127,337.5902,2.2564,0.0,5.0,5.015,17973,3,0,0,0.9567,0,0,0,0,0,0
main,CSDVRP-M-n30-s1,M,30,1,base,Marginal-9,3,4,10,1031.4688,1231.1888,1027.1043,4.3646,0.0,10.0,10.062,3556,10,0,0,0.98,0,0,0,0,0,0
main,CSDVRP-M-n30-s0,M,30,0,base,Fixed-small,3,,10,1093.2446,1303.6377,1088.8964,4.3482,0.0,10.0,9.997,4819,11,0,0,0.997,0,0,0,0,0,0
exact,CSDVRP-S-n12-s4,S,12,4,base,DRL-VNS,9,5,5,487.5063,536.3904,484.4937,3.0126,0.0,5.0,4.997,5817,4,0,0,0.9867,0,0,0,0,0,0
main,CSDVRP-XL-n150-s2,XL,150,2,base,Roulette-9,9,,50,4040.8652,4545.4892,4024.1499,16.7153,0.0,50.047,50.181,1635,46,0,0,1.0,0,0,0,0,0,0
main,CSDVRP-S-n15-s5,S,15,5,base,VNS,8,,5,666.5148,800.4223,662.7682,3.7467,0.0,5.0,4.986,7687,5,0,0,0.9993,0,0,0,0,0,0
exact,CSDVRP-S-n10-s2,S,10,2,base,ALNS+,8,,5,386.2368,436.4179,383.4745,2.7622,0.0,5.0,4.997,17443,3,0,0,0.9893,0,0,0,0,0,0
exact,CSDVRP-S-n12-s4,S,12,4,base,DRL-ALNS,5,1,5,487.5063,536.3904,484.4937,3.0126,0.0,5.0,5.03,5197,4,0,0,0.9867,0,0,0,0,0,0
main,CSDVRP-L-n75-s2,L,75,2,base,ALNS+,1,,25,2250.0648,2442.0216,2120.4468,9.618,120.0,25.016,25.045,968,22,6,8,1.0,0,0,0,0,0,0
exact,CSDVRP-S-n6-s5,S,6,5,base,Marginal-9,7,3,5,347.3173,347.7063,345.0582,2.2591,0.0,5.0,4.997,23128,3,0,0,0.9907,0,0,0,0,0,0
exact,CSDVRP-S-n6-s3,S,6,3,base,Random-9,9,,5,230.2731,253.5784,228.5871,1.686,0.0,5.0,4.998,30073,2,0,0,0.9873,0,0,0,0,0,0
main,CSDVRP-S-n15-s4,S,15,4,base,Fixed-small,2,,5,586.0528,624.2332,582.2908,3.762,0.0,5.0,5.046,10099,6,0,0,0.9347,0,0,0,0,0,0
case,CSDVRP-CS-Riyadh,case,30,0,base,Fixed-small,6,,30,420.3653,711.0291,414.1168,6.2485,0.0,30.0,30.106,23353,4,0,0,0.99,0,0,0,0,0,0
main,CSDVRP-M-n50-s5,M,50,5,base,DRL-VNS,3,4,15,1606.1842,1904.3598,1597.9554,8.2288,0.0,15.0,15.013,2012,15,0,0,0.995,0,0,0,0,0,0
main,CSDVRP-M-n30-s4,M,30,4,base,Roulette-9,8,,10,926.1514,1151.8487,921.3091,4.8423,0.0,10.0,10.028,3916,10,0,0,0.99,0,0,0,0,0,0
main,CSDVRP-M-n30-s1,M,30,1,base,DRL-VNS,2,3,10,1031.4688,1231.1888,1027.1043,4.3646,0.0,10.0,10.016,2996,10,0,0,0.98,0,0,0,0,0,0
main,CSDVRP-L-n100-s1,L,100,1,base,Fixed-small,4,,35,2708.5822,3146.4881,2667.999,10.5832,30.0,35.0,35.134,1063,29,2,2,1.0,0,0,0,0,0,0
exact,CSDVRP-S-n6-s1,S,6,1,base,Marginal-9,6,2,5,341.7876,362.2464,340.1093,1.6783,0.0,5.0,5.012,20984,3,0,0,0.926,0,0,0,0,0,0
exact,CSDVRP-S-n10-s2,S,10,2,base,VNS-9,8,,5,391.6922,436.4179,389.0812,2.6111,0.0,5.0,4.999,17287,3,0,0,0.9787,0,0,0,0,0,0
exact,CSDVRP-S-n6-s2,S,6,2,base,Marginal-9,1,2,5,330.2083,334.9047,328.2873,1.921,0.0,5.0,5.044,18671,3,0,0,0.8567,0,0,0,0,0,0
main,CSDVRP-M-n30-s4,M,30,4,base,Random-9,1,,10,926.5915,1151.8487,921.3091,5.2824,0.0,10.0,10.032,3934,10,0,0,0.99,0,0,0,0,0,0
exact,CSDVRP-S-n8-s2,S,8,2,base,DRL-VNS,3,4,5,344.8888,398.3755,342.4078,2.481,0.0,5.0,5.01,7420,3,0,0,0.8753,0,0,0,0,0,0
exact,CSDVRP-S-n10-s5,S,10,5,base,VNS-9,5,,5,454.5993,485.8354,450.6688,3.9305,0.0,5.0,5.03,13270,3,0,0,0.956,0,0,0,0,0,0
exact,CSDVRP-S-n6-s3,S,6,3,base,VNS,1,,5,230.2731,253.5784,228.5871,1.686,0.0,5.0,4.998,28792,2,0,0,0.9873,0,0,0,0,0,0
exact,CSDVRP-S-n8-s5,S,8,5,base,Marginal-9,5,1,5,423.2126,427.0275,419.9371,3.2754,0.0,5.0,5.029,15351,3,0,0,0.894,0,0,0,0,0,0
exact,CSDVRP-S-n6-s4,S,6,4,base,VNS-9,9,,5,307.1905,316.7228,305.135,2.0555,0.0,5.0,4.999,19990,3,0,0,0.906,0,0,0,0,0,0
main,CSDVRP-M-n30-s5,M,30,5,base,VNS-9,6,,10,1119.8883,1247.2838,1084.6448,5.2435,30.0,10.0,10.031,4359,10,1,2,1.0,0,0,0,0,0,0
main,CSDVRP-M-n50-s5,M,50,5,base,VNS-9,1,,15,1643.7709,1904.3598,1636.1556,7.6153,0.0,15.0,15.027,1733,16,0,0,0.998,0,0,0,0,0,0
main,CSDVRP-S-n20-s3,S,20,3,base,VNS,4,,6,730.5584,797.0264,696.4671,4.0913,30.0,6.0,6.049,3955,7,2,2,1.0,0,0,0,0,0,0
main,CSDVRP-S-n20-s4,S,20,4,base,Random-9,6,,6,719.4697,798.0501,715.5041,3.9656,0.0,6.0,6.043,5099,7,0,0,0.986,0,0,0,0,0,0
exact,CSDVRP-S-n10-s1,S,10,1,base,Fixed-small,0,,5,394.7924,479.2322,392.2685,2.5239,0.0,5.0,5.03,9744,4,0,0,0.9253,0,0,0,0,0,0
main,CSDVRP-S-n20-s2,S,20,2,base,Fixed-small,5,,6,670.145,732.8183,667.0092,3.1358,0.0,6.0,6.014,6616,7,0,0,0.9933,0,0,0,0,0,0
main,CSDVRP-L-n100-s3,L,100,3,base,DRL-VNS,4,5,35,2698.4513,3095.0715,2686.9084,11.5429,0.0,35.109,35.216,672,31,0,0,1.0,0,0,0,0,0,0
exact,CSDVRP-S-n12-s4,S,12,4,base,Fixed-small,4,,5,487.6731,536.3904,484.4937,3.1794,0.0,5.0,5.011,13452,4,0,0,0.9867,0,0,0,0,0,0
exact,CSDVRP-S-n6-s3,S,6,3,base,ALNS+,4,,5,230.2731,253.5784,228.5871,1.686,0.0,5.0,5.015,27092,2,0,0,0.9873,0,0,0,0,0,0
exact,CSDVRP-S-n12-s1,S,12,1,base,Marginal-9,7,3,5,527.1742,602.7068,508.3795,3.7947,15.0,5.0,5.028,11186,4,1,1,1.0,0,0,0,0,0,0
main,CSDVRP-S-n20-s5,S,20,5,base,Fixed-small,4,,6,763.2502,865.7,758.6853,4.5649,0.0,6.0,5.999,7747,7,0,0,0.9947,0,0,0,0,0,0
exact,CSDVRP-S-n10-s1,S,10,1,base,Roulette-9,7,,5,394.7924,479.2322,392.2685,2.5239,0.0,5.0,5.045,8961,4,0,0,0.9253,0,0,0,0,0,0
main,CSDVRP-L-n75-s3,L,75,3,base,DRL-ALNS,4,5,25,2137.797,2332.9982,2128.0115,9.7855,0.0,25.031,25.152,859,25,0,0,0.9952,0,0,0,0,0,0
main,CSDVRP-S-n20-s1,S,20,1,base,ALNS+,4,,6,799.6868,908.0268,793.8281,5.8587,0.0,6.0,5.999,5334,7,0,0,0.9833,0,0,0,0,0,0
main,CSDVRP-S-n20-s0,S,20,0,base,Roulette-9,3,,6,756.2207,835.2978,752.4896,3.7311,0.0,6.0,6.03,5000,7,0,0,0.9987,0,0,0,0,0,0
exact,CSDVRP-S-n6-s5,S,6,5,base,VNS-9,0,,5,347.3173,347.7063,345.0582,2.2591,0.0,5.0,5.011,24722,3,0,0,0.9907,0,0,0,0,0,0
exact,CSDVRP-S-n8-s5,S,8,5,base,VNS-9,7,,5,423.2126,427.0275,419.9371,3.2754,0.0,5.0,5.015,15519,3,0,0,0.894,0,0,0,0,0,0
main,CSDVRP-XL-n150-s2,XL,150,2,base,Fixed-small,8,,50,4058.5683,4545.4892,4044.6485,13.9198,0.0,50.0,50.091,2288,47,0,0,1.0,0,0,0,0,0,0
main,CSDVRP-L-n75-s3,L,75,3,base,ALNS+,5,,25,2205.1264,2332.9982,2198.9516,6.1749,0.0,25.0,25.062,946,27,0,0,0.9952,0,0,0,0,0,0
main,CSDVRP-S-n15-s1,S,15,1,base,ALNS+,5,,5,620.4653,675.8866,600.9045,4.5608,15.0,5.0,5.026,8317,5,1,1,1.0,0,0,0,0,0,0
exact,CSDVRP-S-n12-s3,S,12,3,base,Random-9,1,,5,522.4878,589.3086,503.6872,3.8005,15.0,5.0,5.0,12391,4,1,1,1.0,0,0,0,0,0,0
main,CSDVRP-S-n20-s1,S,20,1,base,Roulette-9,2,,6,785.2664,908.0268,780.5879,4.6785,0.0,6.0,5.997,5189,7,0,0,0.9833,0,0,0,0,0,0
exact,CSDVRP-S-n12-s2,S,12,2,base,VNS,8,,5,460.175,518.4642,458.0808,2.0942,0.0,5.0,4.999,11248,4,0,0,0.998,0,0,0,0,0,0
main,CSDVRP-XL-n150-s5,XL,150,5,base,DRL-ALNS,9,5,50,4045.4175,4291.4727,4027.6249,17.7926,0.0,50.016,50.108,885,49,0,0,0.999,0,0,0,0,0,0
main,CSDVRP-L-n75-s3,L,75,3,base,DRL-VNS,6,2,25,2120.5628,2332.9982,2099.132,6.4308,15.0,25.0,25.007,1099,24,1,1,0.9992,0,0,0,0,0,0
main,CSDVRP-M-n30-s0,M,30,0,base,DRL-VNS,3,4,10,1093.0763,1303.6377,1088.8964,4.1799,0.0,10.0,10.016,3487,11,0,0,0.997,0,0,0,0,0,0
main,CSDVRP-XL-n150-s1,XL,150,1,base,Random-9,5,,50,4304.4393,4744.1508,4229.1492,15.2901,60.0,50.016,50.188,1554,45,2,4,1.0,0,0,0,0,0,0
main,CSDVRP-XL-n150-s1,XL,150,1,base,DRL-ALNS,9,5,50,4402.0305,4744.1508,4384.9788,17.0517,0.0,50.125,50.299,868,47,0,0,0.9983,0,0,0,0,0,0
main,CSDVRP-M-n30-s5,M,30,5,base,VNS-9,5,,10,1120.1923,1247.2838,1114.9179,5.2744,0.0,10.0,10.042,3491,10,0,0,0.9915,0,0,0,0,0,0
exact,CSDVRP-S-n12-s5,S,12,5,base,DRL-VNS,1,2,5,521.0601,535.5205,517.6832,3.3769,0.0,5.0,5.023,5758,4,0,0,0.978,0,0,0,0,0,0
main,CSDVRP-L-n75-s2,L,75,2,base,VNS-9,9,,25,2165.2904,2442.0216,2126.1472,9.1432,30.0,25.016,25.072,1130,23,1,2,1.0,0,0,0,0,0,0
main,CSDVRP-S-n20-s4,S,20,4,base,DRL-ALNS,6,2,6,719.4697,798.0501,715.5041,3.9656,0.0,6.0,6.004,3658,7,0,0,0.986,0,0,0,0,0,0
exact,CSDVRP-S-n10-s2,S,10,2,base,Roulette-9,7,,5,386.2368,436.4179,383.4745,2.7622,0.0,5.0,5.012,15037,3,0,0,0.9893,0,0,0,0,0,0
main,CSDVRP-S-n20-s5,S,20,5,base,DRL-VNS,8,4,6,763.1659,865.7,758.6853,4.4806,0.0,6.0,6.014,4268,7,0,0,0.9947,0,0,0,0,0,0
main,CSDVRP-M-n30-s1,M,30,1,base,Marginal-9,2,3,10,1062.0993,1231.1888,1042.7696,4.3298,15.0,10.0,10.031,3587,10,1,1,0.9725,0,0,0,0,0,0
exact,CSDVRP-S-n10-s5,S,10,5,base,Marginal-9,3,4,5,454.5993,485.8354,450.6688,3.9305,0.0,5.0,4.995,12768,3,0,0,0.956,0,0,0,0,0,0
exact,CSDVRP-S-n6-s2,S,6,2,base,Roulette-9,7,,5,330.7872,334.9047,328.2873,2.4999,0.0,5.0,5.186,17670,3,0,0,0.8567,0,0,0,0,0,0
main,CSDVRP-S-n20-s0,S,20,0,base,ALNS+,3,,6,756.2207,835.2978,752.4896,3.7311,0.0,6.0,6.015,6062,7,0,0,0.9987,0,0,0,0,0,0
exact,CSDVRP-S-n8-s1,S,8,1,base,Roulette-9,1,,5,335.8429,376.3954,333.6723,2.1706,0.0,5.0,5.013,18097,3,0,0,0.9073,0,0,0,0,0,0
main,CSDVRP-S-n20-s1,S,20,1,base,Roulette-9,3,,6,785.2664,908.0268,780.5879,4.6785,0.0,6.0,6.001,5146,7,0,0,0.9833,0,0,0,0,0,0
main,CSDVRP-S-n20-s2,S,20,2,base,DRL-VNS,7,3,6,670.121,732.8183,667.0092,3.1118,0.0,6.0,6.026,3802,7,0,0,0.9933,0,0,0,0,0,0
main,CSDVRP-L-n100-s2,L,100,2,base,DRL-VNS,6,2,35,2804.285,3167.7225,2790.5869,13.6981,0.0,35.0,35.063,788,30,0,0,0.9916,0,0,0,0,0,0
exact,CSDVRP-S-n8-s4,S,8,4,base,DRL-ALNS,4,5,5,359.1905,397.2233,357.0731,2.1174,0.0,5.0,5.008,6477,3,0,0,0.8793,0,0,0,0,0,0
main,CSDVRP-L-n100-s1,L,100,1,base,Marginal-9,2,3,35,2690.668,3146.4881,2648.3473,12.3207,30.0,35.0,35.031,800,29,1,2,1.0,0,0,0,0,0,0
main,CSDVRP-S-n15-s1,S,15,1,base,Random-9,8,,5,599.4153,675.8866,596.1341,3.2813,0.0,5.0,4.997,6556,6,0,0,0.9,0,0,0,0,0,0
main,CSDVRP-S-n15-s1,S,15,1,base,DRL-ALNS,8,4,5,627.6555,675.8866,593.9258,3.7297,30.0,5.0,5.031,4468,5,2,2,1.0,0,0,0,0,0,0
exact,CSDVRP-S-n10-s4,S,10,4,base,DRL-ALNS,2,3,5,387.4582,460.8567,384.9244,2.5338,0.0,5.0,4.998,6329,3,0,0,0.98,0,0,0,0,0,0
case,CSDVRP-CS-Riyadh,case,30,0,base,ALNS+,6,,30,420.3866,711.0291,414.0897,6.2968,0.0,30.0,30.076,14708,4,0,0,0.982,0,0,0,0,0,0
main,CSDVRP-XL-n150-s0,XL,150,0,base,Fixed-small,2,,50,4401.0902,5021.4451,4325.784,15.3062,60.0,50.0,50.207,2581,47,3,4,1.0,0,0,0,0,0,0
main,CSDVRP-L-n100-s2,L,100,2,base,DRL-VNS,1,2,35,2815.1845,3167.7225,2790.129,10.0555,15.0,35.0,35.147,881,30,1,1,1.0,0,0,0,0,0,0
main,CSDVRP-S-n20-s0,S,20,0,base,VNS-9,4,,6,756.2207,835.2978,752.4896,3.7311,0.0,6.0,6.012,5063,7,0,0,0.9987,0,0,0,0,0,0
main,CSDVRP-XL-n150-s1,XL,150,1,base,VNS-9,7,,50,4248.3115,4744.1508,4233.7975,14.514,0.0,50.0,50.104,1620,46,0,0,0.9993,0,0,0,0,0,0
main,CSDVRP-L-n100-s2,L,100,2,base,Roulette-9,8,,35,2803.4174,3167.7225,2792.0704,11.3471,0.0,35.062,35.179,819,30,0,0,0.9972,0,0,0,0,0,0
exact,CSDVRP-S-n10-s3,S,10,3,base,ALNS+,7,,5,398.3934,456.2198,394.9219,3.4715,0.0,5.0,5.006,15540,3,0,0,0.9427,0,0,0,0,0,0
main,CSDVRP-L-n100-s1,L,100,1,base,DRL-VNS,7,3,35,2649.0794,3146.4881,2637.7277,11.3517,0.0,35.031,35.068,878,29,0,0,0.9996,0,0,0,0,0,0
main,CSDVRP-S-n20-s4,S,20,4,base,VNS-9,2,,6,719.4697,798.0501,715.5041,3.9656,0.0,6.0,5.989,4713,7,0,0,0.986,0,0,0,0,0,0
exact,CSDVRP-S-n10-s1,S,10,1,base,ALNS+,0,,5,394.7924,479.2322,392.2685,2.5239,0.0,5.0,5.044,11787,4,0,0,0.9253,0,0,0,0,0,0
main,CSDVRP-S-n20-s5,S,20,5,base,ALNS+,7,,6,763.1659,865.7,758.6853,4.4806,0.0,6.0,6.014,6544,7,0,0,0.9947,0,0,0,0,0,0
main,CSDVRP-L-n75-s3,L,75,3,base,VNS-9,0,,25,2139.3507,2332.9982,2087.7111,6.6397,45.0,25.016,25.086,1125,24,2,3,1.0,0,0,0,0,0,0
main,CSDVRP-S-n15-s0,S,15,0,base,ALNS+,4,,5,631.1789,666.3141,626.1763,5.0026,0.0,5.0,4.988,8089,5,0,0,0.9967,0,0,0,0,0,0
main,CSDVRP-S-n15-s0,S,15,0,base,VNS-9,8,,5,622.7674,666.3141,603.7737,3.9937,15.0,5.0,5.0,7505,5,1,1,1.0,0,0,0,0,0,0
main,CSDVRP-M-n50-s2,M,50,2,base,Marginal-9,7,3,15,1503.2112,1677.4231,1467.4056,5.8056,30.0,15.0,14.998,1934,16,1,2,1.0,0,0,0,0,0,0
main,CSDVRP-M-n30-s4,M,30,4,base,VNS-9,7,,10,926.1514,1151.8487,921.3091,4.8423,0.0,10.0,10.017,3883,10,0,0,0.99,0,0,0,0,0,0
main,CSDVRP-S-n15-s4,S,15,4,base,VNS,0,,5,585.7427,624.2332,582.2908,3.4519,0.0,5.0,4.997,6459,6,0,0,0.9347,0,0,0,0,0,0
exact,CSDVRP-S-n12-s5,S,12,5,base,VNS-9,8,,5,521.0601,535.5205,517.6832,3.3769,0.0,5.0,5.027,10129,4,0,0,0.978,0,0,0,0,0,0
main,CSDVRP-L-n75-s2,L,75,2,base,Marginal-9,0,1,25,2122.5078,2442.0216,2096.1165,11.3913,15.0,25.0,25.124,1057,23,1,1,0.994,0,0,0,0,0,0
main,CSDVRP-L-n100-s2,L,100,2,base,DRL-ALNS,3,4,35,2890.8193,3167.7225,2878.0489,12.7704,0.0,35.0,35.053,532,31,0,0,0.9916,0,0,0,0,0,0
main,CSDVRP-M-n50-s0,M,50,0,base,ALNS+,5,,15,1746.5826,1986.2853,1737.7413,8.8413,0.0,15.0,15.006,1837,16,0,0,0.9895,0,0,0,0,0,0
exact,CSDVRP-S-n8-s1,S,8,1,base,DRL-ALNS,8,4,5,335.8429,376.3954,333.6723,2.1706,0.0,5.0,5.013,6802,3,0,0,0.9073,0,0,0,0,0,0
main,CSDVRP-XL-n150-s4,XL,150,4,base,VNS-9,8,,50,3912.7348,4802.2805,3884.0126,13.7223,15.0,50.0,50.244,1649,46,1,1,1.0,0,0,0,0,0,0
main,CSDVRP-L-n100-s1,L,100,1,base,ALNS+,0,,35,2872.053,3146.4881,2724.1573,12.8957,135.0,35.016,35.114,614,30,5,9,1.0,0,0,0,0,0,0
main,CSDVRP-M-n30-s3,M,30,3,base,DRL-ALNS,2,3,10,969.1696,1099.7766,965.9069,3.2627,0.0,10.0,10.028,3141,10,0,0,0.988,0,0,0,0,0,0
exact,CSDVRP-S-n10-s3,S,10,3,base,VNS-9,5,,5,398.3934,456.2198,394.9219,3.4715,0.0,5.0,4.995,14770,3,0,0,0.9427,0,0,0,0,0,0
main,CSDVRP-S-n15-s3,S,15,3,base,DRL-VNS,8,4,5,601.4006,692.2972,597.8561,3.5445,0.0,5.0,4.997,4443,6,0,0,0.998,0,0,0,0,0,0
main,CSDVRP-L-n75-s3,L,75,3,base,Random-9,2,,25,2117.7026,2332.9982,2080.6872,7.0154,30.0,25.0,25.021,1187,24,1,2,1.0,0,0,0,0,0,0
main,CSDVRP-S-n20-s5,S,20,5,base,VNS,4,,6,763.1659,865.7,758.6853,4.4806,0.0,6.0,6.005,4578,7,0,0,0.9947,0,0,0,0,0,0
main,CSDVRP-L-n100-s3,L,100,3,base,ALNS+,2,,35,2768.6219,3095.0715,2757.517,11.1049,0.0,35.031,35.158,527,32,0,0,0.9872,0,0,0,0,0,0
main,CSDVRP-M-n50-s3,M,50,3,base,VNS-9,2,,15,1417.1103,1746.7745,1395.194,6.9163,15.0,15.0,15.073,1995,15,1,1,1.0,0,0,0,0,0,0
exact,CSDVRP-S-n8-s3,S,8,3,base,Random-9,8,,5,339.8466,351.7127,337.5902,2.2564,0.0,5.0,5.028,17958,3,0,0,0.9567,0,0,0,0,0,0
main,CSDVRP-L-n100-s4,L,100,4,base,VNS,2,,35,2933.1958,3371.4529,2904.2157,13.98,15.0,35.0,35.112,1017,30,1,1,1.0,0,0,0,0,0,0
main,CSDVRP-M-n50-s1,M,50,1,base,DRL-VNS,6,2,15,1518.9279,1718.5004,1513.1913,5.7366,0.0,15.0,15.012,1915,16,0,0,0.994,0,0,0,0,0,0
main,CSDVRP-M-n50-s4,M,50,4,base,Random-9,7,,15,1666.3758,1919.2804,1660.114,6.2617,0.0,15.0,15.061,1605,16,0,0,1.0,0,0,0,0,0,0
exact,CSDVRP-S-n8-s3,S,8,3,base,Marginal-9,8,4,5,339.8466,351.7127,337.5902,2.2564,0.0,5.0,5.007,17103,3,0,0,0.9567,0,0,0,0,0,0
main,CSDVRP-S-n15-s4,S,15,4,base,Roulette-9,2,,5,585.7427,624.2332,582.2908,3.4519,0.0,5.0,5.015,7064,6,0,0,0.9347,0,0,0,0,0,0
exact,CSDVRP-S-n6-s4,S,6,4,base,Roulette-9,2,,5,307.3738,316.7228,305.135,2.2389,0.0,5.0,5.014,18936,3,0,0,0.906,0,0,0,0,0,0
exact,CSDVRP-S-n12-s2,S,12,2,base,VNS-9,9,,5,460.175,518.4642,458.0808,2.0942,0.0,5.0,5.012,14161,4,0,0,0.998,0,0,0,0,0,0
exact,CSDVRP-S-n8-s4,S,8,4,base,Fixed-small,7,,5,359.1905,397.2233,357.0731,2.1174,0.0,5.0,5.015,17571,3,0,0,0.8793,0,0,0,0,0,0
main,CSDVRP-XL-n150-s1,XL,150,1,base,Marginal-9,8,4,50,4238.5613,4744.1508,4223.2133,15.348,0.0,50.0,50.158,1558,45,0,0,0.9993,0,0,0,0,0,0
exact,CSDVRP-S-n8-s3,S,8,3,base,Fixed-small,6,,5,339.8466,351.7127,337.5902,2.2564,0.0,5.0,5.025,18820,3,0,0,0.9567,0,0,0,0,0,0
main,CSDVRP-L-n75-s5,L,75,5,base,DRL-VNS,4,5,25,2094.3869,2327.4464,2085.6701,8.7168,0.0,25.016,25.153,1163,23,0,0,1.0,0,0,0,0,0,0
main,CSDVRP-XL-n150-s2,XL,150,2,base,DRL-VNS,2,3,50,4027.2091,4545.4892,3998.5536,13.6554,15.0,50.047,50.229,1768,45,1,1,1.0,0,0,0,0,0,0
case,CSDVRP-CS-Riyadh,case,30,0,base,VNS-9,4,,30,423.9465,711.0291,419.1337,4.8128,0.0,30.0,30.06,15406,4,0,0,0.982,0,0,0,0,0,0
main,CSDVRP-S-n20-s1,S,20,1,base,ALNS+,0,,6,820.4048,908.0268,785.717,4.6878,30.0,6.0,6.012,5354,7,2,2,1.0,0,0,0,0,0,0
exact,CSDVRP-S-n8-s4,S,8,4,base,Random-9,5,,5,359.1905,397.2233,357.0731,2.1174,0.0,5.0,5.014,16601,3,0,0,0.8793,0,0,0,0,0,0
exact,CSDVRP-S-n6-s4,S,6,4,base,DRL-ALNS,1,2,5,307.1905,316.7228,305.135,2.0555,0.0,5.0,4.998,6710,3,0,0,0.906,0,0,0,0,0,0
main,CSDVRP-S-n20-s4,S,20,4,base,Fixed-small,6,,6,719.4697,798.0501,715.5041,3.9656,0.0,6.0,6.015,6798,7,0,0,0.986,0,0,0,0,0,0
main,CSDVRP-XL-n150-s2,XL,150,2,base,DRL-ALNS,2,3,50,4231.9594,4545.4892,4217.3484,14.6109,0.0,50.031,50.176,647,51,0,0,1.0,0,0,0,0,0,0
main,CSDVRP-M-n50-s4,M,50,4,base,Fixed-small,6,,15,1640.4734,1919.2804,1620.0409,5.4325,15.0,15.0,15.041,3149,16,1,1,1.0,0,0,0,0,0,0
main,CSDVRP-L-n100-s2,L,100,2,base,DRL-VNS,8,4,35,2770.5854,3167.7225,2759.85,10.7354,0.0,35.0,35.065,757,30,0,0,0.9956,0,0,0,0,0,0
main,CSDVRP-S-n15-s3,S,15,3,base,DRL-ALNS,3,4,5,613.8579,692.2972,595.8443,3.0136,15.0,5.0,5.003,4754,5,1,1,1.0,0,0,0,0,0,0
case,CSDVRP-CS-Riyadh,case,30,0,base,VNS-9,8,,30,425.1377,711.0291,419.5582,5.5796,0.0,30.0,30.091,14022,4,0,0,0.964,0,0,0,0,0,0
exact,CSDVRP-S-n8-s3,S,8,3,base,DRL-VNS,5,1,5,339.8466,351.7127,337.5902,2.2564,0.0,5.0,4.998,7070,3,0,0,0.9567,0,0,0,0,0,0
exact,CSDVRP-S-n12-s3,S,12,3,base,Marginal-9,8,4,5,522.4878,589.3086,503.6872,3.8005,15.0,5.0,5.028,11705,4,1,1,1.0,0,0,0,0,0,0
main,CSDVRP-M-n50-s5,M,50,5,base,ALNS+,8,,15,1713.5193,1904.3598,1598.7512,9.7681,105.0,15.0,15.075,1951,15,7,7,1.0,0,0,0,0,0,0
main,CSDVRP-L-n100-s5,L,100,5,base,Random-9,1,,35,2563.2137,3154.3549,2551.1428,12.0709,0.0,35.078,35.166,742,30,0,0,0.9988,0,0,0,0,0,0
main,CSDVRP-S-n15-s5,S,15,5,base,Roulette-9,6,,5,666.5148,800.4223,662.7682,3.7467,0.0,5.0,4.987,8711,5,0,0,0.9993,0,0,0,0,0,0
exact,CSDVRP-S-n6-s5,S,6,5,base,Fixed-small,2,,5,347.3173,347.7063,345.0582,2.2591,0.0,5.0,4.998,24841,3,0,0,0.9907,0,0,0,0,0,0
main,CSDVRP-L-n75-s5,L,75,5,base,Fixed-small,6,,25,2109.6005,2327.4464,2087.4597,7.1408,15.0,25.0,25.049,1858,23,1,1,1.0,0,0,0,0,0,0
exact,CSDVRP-S-n8-s5,S,8,5,base,Fixed-small,6,,5,423.2126,427.0275,419.9371,3.2754,0.0,5.0,5.01,15562,3,0,0,0.894,0,0,0,0,0,0
exact,CSDVRP-S-n8-s1,S,8,1,base,Random-9,9,,5,335.8429,376.3954,333.6723,2.1706,0.0,5.0,4.999,18803,3,0,0,0.9073,0,0,0,0,0,0
main,CSDVRP-S-n15-s4,S,15,4,base,VNS-9,1,,5,585.7427,624.2332,582.2908,3.4519,0.0,5.0,5.013,7332,6,0,0,0.9347,0,0,0,0,0,0
main,CSDVRP-M-n30-s4,M,30,4,base,Fixed-small,7,,10,978.2241,1151.8487,942.8797,5.3444,30.0,10.0,10.046,5331,10,2,2,1.0,0,0,0,0,0,0
main,CSDVRP-S-n15-s3,S,15,3,base,DRL-VNS,4,5,5,601.4006,692.2972,597.8561,3.5445,0.0,5.0,5.027,4420,6,0,0,0.998,0,0,0,0,0,0
main,CSDVRP-L-n100-s4,L,100,4,base,DRL-VNS,3,4,35,2955.0868,3371.4529,2943.4484,11.6384,0.0,35.031,35.123,755,31,0,0,0.9952,0,0,0,0,0,0
main,CSDVRP-XL-n150-s0,XL,150,0,base,DRL-VNS,7,3,50,4419.6237,5021.4451,4374.7515,14.8722,30.0,50.0,50.113,1759,47,1,2,1.0,0,0,0,0,0,0
main,CSDVRP-L-n75-s5,L,75,5,base,VNS-9,6,,25,2115.9518,2327.4464,2092.7784,8.1734,15.0,25.0,25.034,1135,23,1,1,1.0,0,0,0,0,0,0
main,CSDVRP-M-n50-s0,M,50,0,base,VNS,1,,15,1713.1551,1986.2853,1705.7308,7.4242,0.0,15.0,15.031,2736,16,0,0,0.986,0,0,0,0,0,0
exact,CSDVRP-S-n12-s5,S,12,5,base,Fixed-small,1,,5,521.1985,535.5205,517.6832,3.5154,0.0,5.0,5.027,12712,4,0,0,0.978,0,0,0,0,0,0
main,CSDVRP-XL-n150-s4,XL,150,4,base,VNS,1,,50,3866.6606,4802.2805,3779.9642,11.6965,75.0,50.109,50.291,1429,45,3,5,1.0,0,0,0,0,0,0
main,CSDVRP-L-n100-s0,L,100,0,base,DRL-ALNS,8,4,35,3208.3063,3458.8862,3193.0758,15.2305,0.0,35.0,35.046,504,32,0,0,0.9988,0,0,0,0,0,0
main,CSDVRP-L-n100-s2,L,100,2,base,ALNS+,4,,35,2943.6546,3167.7225,2930.884,12.7706,0.0,35.047,35.167,547,33,0,0,0.9832,0,0,0,0,0,0
main,CSDVRP-XL-n150-s4,XL,150,4,base,ALNS+,5,,50,4170.4003,4802.2805,3974.6083,15.792,180.0,50.062,50.248,673,46,6,12,1.0,0,0,0,0,0,0
exact,CSDVRP-S-n12-s2,S,12,2,base,DRL-VNS,8,4,5,460.175,518.4642,458.0808,2.0942,0.0,5.0,5.016,6645,4,0,0,0.998,0,0,0,0,0,0
main,CSDVRP-M-n50-s0,M,50,0,base,Random-9,5,,15,1712.0442,1986.2853,1704.3668,7.6774,0.0,15.0,15.059,1877,16,0,0,0.994,0,0,0,0,0,0
main,CSDVRP-XL-n150-s4,XL,150,4,base,VNS-9,2,,50,3999.2812,4802.2805,3926.0214,13.2598,60.0,50.0,50.177,1664,45,4,4,1.0,0,0,0,0,0,0
exact,CSDVRP-S-n12-s2,S,12,2,base,Roulette-9,3,,5,460.175,518.4642,458.0808,2.0942,0.0,5.0,4.99,13345,4,0,0,0.998,0,0,0,0,0,0
main,CSDVRP-M-n30-s2,M,30,2,base,Random-9,9,,10,945.6669,1162.4183,941.8287,3.8382,0.0,10.0,10.03,3743,10,0,0,0.9865,0,0,0,0,0,0
main,CSDVRP-S-n15-s3,S,15,3,base,Random-9,7,,5,613.8579,692.2972,595.8443,3.0136,15.0,5.0,5.015,9079,5,1,1,1.0,0,0,0,0,0,0
exact,CSDVRP-S-n8-s5,S,8,5,base,Random-9,8,,5,423.2126,427.0275,419.9371,3.2754,0.0,5.0,4.998,15175,3,0,0,0.894,0,0,0,0,0,0
main,CSDVRP-S-n15-s0,S,15,0,base,Random-9,7,,5,622.621,666.3141,603.3505,4.2704,15.0,5.0,4.997,6763,5,1,1,1.0,0,0,0,0,0,0
main,CSDVRP-M-n50-s0,M,50,0,base,ALNS+,7,,15,1750.6419,1986.2853,1713.9632,6.6787,30.0,15.0,15.07,1860,16,2,2,1.0,0,0,0,0,0,0
main,CSDVRP-XL-n150-s4,XL,150,4,base,VNS,5,,50,3923.9015,4802.2805,3804.8332,14.0682,105.0,50.078,50.207,1415,45,4,7,1.0,0,0,0,0,0,0
exact,CSDVRP-S-n6-s4,S,6,4,base,Fixed-small,4,,5,307.3738,316.7228,305.135,2.2389,0.0,5.0,5.013,19863,3,0,0,0.906,0,0,0,0,0,0
main,CSDVRP-XL-n150-s0,XL,150,0,base,Random-9,1,,50,4468.1817,5021.4451,4389.3637,18.818,60.0,50.0,50.107,1637,47,3,4,1.0,0,0,0,0,0,0
exact,CSDVRP-S-n12-s1,S,12,1,base,DRL-ALNS,1,2,5,527.1742,602.7068,508.3795,3.7947,15.0,5.0,5.031,5095,4,1,1,1.0,0,0,0,0,0,0
main,CSDVRP-S-n20-s4,S,20,4,base,Random-9,5,,6,719.4697,798.0501,715.5041,3.9656,0.0,6.0,5.998,4760,7,0,0,0.986,0,0,0,0,0,0
exact,CSDVRP-S-n10-s3,S,10,3,base,ALNS+,4,,5,398.3226,456.2198,394.9219,3.4007,0.0,5.0,4.997,15433,3,0,0,0.9427,0,0,0,0,0,0
main,CSDVRP-L-n100-s4,L,100,4,base,ALNS+,1,,35,3081.7063,3371.4529,3006.8708,14.8355,60.0,35.031,35.054,535,30,2,4,1.0,0,0,0,0,0,0
exact,CSDVRP-S-n8-s2,S,8,2,base,Fixed-small,5,,5,344.8888,398.3755,342.4078,2.481,0.0,5.0,5.035,19138,3,0,0,0.8753,0,0,0,0,0,0
exact,CSDVRP-S-n10-s4,S,10,4,base,Random-9,5,,5,387.4582,460.8567,384.9244,2.5338,0.0,5.0,4.999,16669,3,0,0,0.98,0,0,0,0,0,0
main,CSDVRP-XL-n150-s1,XL,150,1,base,Fixed-small,6,,50,4248.7872,4744.1508,4174.5701,14.2171,60.0,50.016,50.17,2633,45,2,4,1.0,0,0,0,0,0,0
main,CSDVRP-S-n15-s1,S,15,1,base,Random-9,6,,5,599.4153,675.8866,596.1341,3.2813,0.0,5.0,5.013,6507,6,0,0,0.9,0,0,0,0,0,0
main,CSDVRP-S-n15-s3,S,15,3,base,VNS-9,8,,5,613.8579,692.2972,595.8443,3.0136,15.0,5.0,5.029,9225,5,1,1,1.0,0,0,0,0,0,0
main,CSDVRP-S-n20-s1,S,20,1,base,VNS-9,8,,6,808.7667,908.0268,789.1391,4.6276,15.0,6.0,6.014,4988,7,1,1,1.0,0,0,0,0,0,0
exact,CSDVRP-S-n10-s4,S,10,4,base,DRL-ALNS,7,3,5,387.7762,460.8567,384.9244,2.8518,0.0,5.0,4.999,6303,3,0,0,0.98,0,0,0,0,0,0
main,CSDVRP-L-n75-s2,L,75,2,base,Fixed-small,0,,25,2104.1234,2442.0216,2095.5073,8.6161,0.0,25.016,25.081,2175,23,0,0,0.9928,0,0,0,0,0,0
main,CSDVRP-S-n15-s4,S,15,4,base,Random-9,0,,5,585.7427,624.2332,582.2908,3.4519,0.0,5.0,5.009,7340,6,0,0,0.9347,0,0,0,0,0,0
main,CSDVRP-S-n15-s1,S,15,1,base,VNS,6,,5,590.7648,675.8866,586.7939,3.9709,0.0,5.0,4.998,6003,5,0,0,0.9987,0,0,0,0,0,0
main,CSDVRP-XL-n150-s2,XL,150,2,base,Roulette-9,6,,50,4058.9267,4545.4892,4014.72,14.2067,30.0,50.0,50.117,1759,46,1,2,1.0,0,0,0,0,0,0
main,CSDVRP-L-n75-s1,L,75,1,base,ALNS+,1,,25,2216.4818,2408.8056,2059.7214,6.7605,150.0,25.016,25.079,992,22,7,10,1.0,0,0,0,0,0,0
exact,CSDVRP-S-n10-s5,S,10,5,base,DRL-VNS,7,3,5,454.5993,485.8354,450.6688,3.9305,0.0,5.0,5.029,6350,3,0,0,0.956,0,0,0,0,0,0
exact,CSDVRP-S-n8-s2,S,8,2,base,VNS,0,,5,344.8888,398.3755,342.4078,2.481,0.0,5.0,4.997,15069,3,0,0,0.8753,0,0,0,0,0,0
main,CSDVRP-M-n50-s2,M,50,2,base,DRL-VNS,1,2,15,1472.1767,1677.4231,1465.5976,6.5791,0.0,15.0,15.062,1972,16,0,0,0.9985,0,0,0,0,0,0
main,CSDVRP-M-n50-s5,M,50,5,base,Random-9,4,,15,1636.9768,1904.3598,1629.4282,7.5486,0.0,15.0,14.998,1806,16,0,0,1.0,0,0,0,0,0,0
exact,CSDVRP-S-n12-s3,S,12,3,base,DRL-ALNS,3,4,5,522.4878,589.3086,503.6872,3.8005,15.0,5.0,5.043,5491,4,1,1,1.0,0,0,0,0,0,0
main,CSDVRP-M-n50-s0,M,50,0,base,Roulette-9,7,,15,1708.2931,1986.2853,1700.9035,7.3896,0.0,15.0,15.036,2008,16,0,0,0.9865,0,0,0,0,0,0
main,CSDVRP-S-n15-s2,S,15,2,base,DRL-VNS,6,2,5,604.4369,645.109,602.0225,2.4144,0.0,5.0,5.023,4555,6,0,0,0.9953,0,0,0,0,0,0
exact,CSDVRP-S-n6-s5,S,6,5,base,ALNS+,6,,5,347.3173,347.7063,345.0582,2.2591,0.0,5.0,5.012,22374,3,0,0,0.9907,0,0,0,0,0,0
main,CSDVRP-S-n20-s4,S,20,4,base,Fixed-small,1,,6,741.252,798.0501,736.5071,4.745,0.0,6.0,6.062,5342,7,0,0,0.986,0,0,0,0,0,0
main,CSDVRP-S-n15-s5,S,15,5,base,Fixed-small,4,,5,668.1861,800.4223,664.0584,4.1277,0.0,5.0,5.028,9422,6,0,0,0.998,0,0,0,0,0,0
main,CSDVRP-XL-n150-s5,XL,150,5,base,DRL-ALNS,0,1,50,4016.9825,4291.4727,3997.5283,19.4542,0.0,50.031,50.177,744,46,0,0,0.999,0,0,0,0,0,0
exact,CSDVRP-S-n8-s2,S,8,2,base,DRL-VNS,0,1,5,344.8888,398.3755,342.4078,2.481,0.0,5.0,5.007,7228,3,0,0,0.8753,0,0,0,0,0,0
exact,CSDVRP-S-n8-s1,S,8,1,base,Fixed-small,4,,5,357.6623,376.3954,340.1754,2.4869,15.0,5.0,5.013,19263,3,1,1,1.0,0,0,0,0,0,0
case,CSDVRP-CS-Riyadh,case,30,0,base,DRL-VNS,3,4,30,420.0991,711.0291,414.0897,6.0094,0.0,30.0,30.076,11414,4,0,0,0.982,0,0,0,0,0,0
main,CSDVRP-M-n30-s0,M,30,0,base,DRL-ALNS,0,1,10,1197.94,1303.6377,1117.6072,5.3328,75.0,10.0,10.03,3190,10,5,5,1.0,0,0,0,0,0,0
main,CSDVRP-L-n100-s2,L,100,2,base,VNS-9,3,,35,2802.9119,3167.7225,2791.9314,10.9805,0.0,35.031,35.06,828,30,0,0,0.9916,0,0,0,0,0,0
main,CSDVRP-M-n50-s2,M,50,2,base,VNS,5,,15,1468.2694,1677.4231,1461.7612,6.5082,0.0,15.0,15.059,2581,16,0,0,0.9985,0,0,0,0,0,0
main,CSDVRP-L-n100-s1,L,100,1,base,DRL-VNS,4,5,35,2717.5728,3146.4881,2704.9395,12.6332,0.0,35.016,35.113,720,29,0,0,0.9984,0,0,0,0,0,0
exact,CSDVRP-S-n8-s5,S,8,5,base,VNS,7,,5,423.2126,427.0275,419.9371,3.2754,0.0,5.0,4.988,15195,3,0,0,0.894,0,0,0,0,0,0
case,CSDVRP-CS-Riyadh,case,30,0,base,Fixed-small,1,,30,424.5677,711.0291,419.1337,5.4341,0.0,30.0,30.091,22003,4,0,0,0.982,0,0,0,0,0,0
main,CSDVRP-XL-n150-s2,XL,150,2,base,VNS-9,7,,50,4102.5224,4545.4892,4058.668,13.8544,30.0,50.0,50.169,1520,46,1,2,1.0,0,0,0,0,0,0
main,CSDVRP-S-n20-s2,S,20,2,base,VNS,3,,6,670.121,732.8183,667.0092,3.1118,0.0,6.0,6.014,3939,7,0,0,0.9933,0,0,0,0,0,0
main,CSDVRP-S-n15-s4,S,15,4,base,Fixed-small,0,,5,605.9389,624.2332,601.9721,3.9668,0.0,5.0,4.997,10651,5,0,0,0.9993,0,0,0,0,0,0
main,CSDVRP-S-n15-s1,S,15,1,base,Random-9,5,,5,599.4153,675.8866,596.1341,3.2813,0.0,5.0,5.03,6548,6,0,0,0.9,0,0,0,0,0,0
main,CSDVRP-S-n20-s2,S,20,2,base,ALNS+,9,,6,676.9964,732.8183,672.5799,4.4166,0.0,6.0,6.014,5435,7,0,0,0.9933,0,0,0,0,0,0
main,CSDVRP-L-n100-s3,L,100,3,base,ALNS+,0,,35,2786.6465,3095.0715,2775.8253,10.8212,0.0,35.078,35.154,555,32,0,0,0.9848,0,0,0,0,0,0
exact,CSDVRP-S-n6-s2,S,6,2,base,VNS-9,5,,5,330.7872,334.9047,328.2873,2.4999,0.0,5.0,5.013,19876,3,0,0,0.8567,0,0,0,0,0,0
main,CSDVRP-M-n30-s3,M,30,3,base,DRL-ALNS,3,4,10,969.3071,1099.7766,965.9069,3.4002,0.0,10.0,10.061,3424,10,0,0,0.988,0,0,0,0,0,0
exact,CSDVRP-S-n12-s3,S,12,3,base,Roulette-9,7,,5,522.4878,589.3086,503.6872,3.8005,15.0,5.0,4.998,11901,4,1,1,1.0,0,0,0,0,0,0
main,CSDVRP-L-n75-s4,L,75,4,base,DRL-VNS,3,4,25,2204.4042,2460.454,2197.3601,7.0441,0.0,25.0,25.066,1027,24,0,0,0.998,0,0,0,0,0,0
main,CSDVRP-XL-n150-s1,XL,150,1,base,Marginal-9,5,1,50,4286.045,4744.1508,4242.7874,13.2576,30.0,50.047,50.126,1606,45,1,2,1.0,0,0,0,0,0,0
main,CSDVRP-L-n100-s4,L,100,4,base,DRL-ALNS,8,4,35,2970.7819,3371.4529,2954.7365,16.0455,0.0,35.031,35.103,497,31,0,0,0.9976,0,0,0,0,0,0
main,CSDVRP-S-n20-s5,S,20,5,base,Roulette-9,4,,6,763.1659,865.7,758.6853,4.4806,0.0,6.0,6.039,5854,7,0,0,0.9947,0,0,0,0,0,0
main,CSDVRP-L-n100-s0,L,100,0,base,DRL-VNS,6,2,35,3109.3576,3458.8862,3096.9591,12.3985,0.0,35.109,35.167,684,31,0,0,0.9976,0,0,0,0,0,0
main,CSDVRP-S-n20-s5,S,20,5,base,Roulette-9,5,,6,763.1659,865.7,758.6853,4.4806,0.0,6.0,5.998,5892,7,0,0,0.9947,0,0,0,0,0,0
main,CSDVRP-S-n20-s2,S,20,2,base,Random-9,5,,6,670.121,732.8183,667.0092,3.1118,0.0,6.0,6.014,5013,7,0,0,0.9933,0,0,0,0,0,0
main,CSDVRP-XL-n150-s1,XL,150,1,base,Marginal-9,2,3,50,4281.8406,4744.1508,4193.3034,13.5372,75.0,50.016,50.207,1656,45,3,5,1.0,0,0,0,0,0,0
exact,CSDVRP-S-n6-s5,S,6,5,base,Fixed-small,4,,5,347.3173,347.7063,345.0582,2.2591,0.0,5.0,5.022,25069,3,0,0,0.9907,0,0,0,0,0,0
main,CSDVRP-XL-n150-s1,XL,150,1,base,DRL-VNS,8,4,50,4239.1003,4744.1508,4193.0904,16.0099,30.0,50.0,50.125,1354,45,1,2,1.0,0,0,0,0,0,0
main,CSDVRP-S-n15-s1,S,15,1,base,DRL-VNS,8,4,5,599.6997,675.8866,596.1341,3.5656,0.0,5.0,5.038,4392,6,0,0,0.9,0,0,0,0,0,0
main,CSDVRP-M-n30-s0,M,30,0,base,DRL-ALNS,2,3,10,1148.3861,1303.6377,1114.2597,4.1263,30.0,10.0,10.03,2896,11,2,2,1.0,0,0,0,0,0,0
main,CSDVRP-L-n75-s3,L,75,3,base,VNS,5,,25,2130.0805,2332.9982,2093.9316,6.1489,30.0,25.0,25.06,1666,24,1,2,1.0,0,0,0,0,0,0
main,CSDVRP-M-n30-s3,M,30,3,base,Marginal-9,5,1,10,970.8464,1099.7766,968.1897,2.6567,0.0,10.0,10.017,3617,10,0,0,0.9975,0,0,0,0,0,0
main,CSDVRP-M-n30-s4,M,30,4,base,Random-9,5,,10,946.3554,1151.8487,942.7083,3.6471,0.0,10.0,10.029,3908,10,0,0,0.994,0,0,0,0,0,0
main,CSDVRP-S-n15-s4,S,15,4,base,DRL-VNS,1,2,5,585.7427,624.2332,582.2908,3.4519,0.0,5.0,5.023,4776,6,0,0,0.9347,0,0,0,0,0,0
exact,CSDVRP-S-n6-s1,S,6,1,base,VNS-9,6,,5,341.7876,362.2464,340.1093,1.6783,0.0,5.0,4.999,22621,3,0,0,0.926,0,0,0,0,0,0
main,CSDVRP-M-n30-s0,M,30,0,base,VNS-9,1,,10,1093.1322,1303.6377,1089.1614,3.9707,0.0,10.0,10.015,3975,11,0,0,0.997,0,0,0,0,0,0
exact,CSDVRP-S-n10-s2,S,10,2,base,DRL-VNS,2,3,5,391.6922,436.4179,389.0812,2.6111,0.0,5.0,4.996,7344,3,0,0,0.9787,0,0,0,0,0,0
main,CSDVRP-S-n20-s5,S,20,5,base,VNS,6,,6,763.1659,865.7,758.6853,4.4806,0.0,6.0,6.014,4640,7,0,0,0.9947,0,0,0,0,0,0
main,CSDVRP-M-n50-s3,M,50,3,base,DRL-ALNS,7,3,15,1440.2089,1746.7745,1403.6509,6.558,30.0,15.0,15.061,1677,15,2,2,1.0,0,0,0,0,0,0
exact,CSDVRP-S-n6-s4,S,6,4,base,VNS-9,5,,5,307.1905,316.7228,305.135,2.0555,0.0,5.0,5.012,20059,3,0,0,0.906,0,0,0,0,0,0
exact,CSDVRP-S-n12-s4,S,12,4,base,Roulette-9,9,,5,487.5063,536.3904,484.4937,3.0126,0.0,5.0,5.0,11127,4,0,0,0.9867,0,0,0,0,0,0
exact,CSDVRP-S-n8-s3,S,8,3,base,DRL-ALNS,3,4,5,339.8466,351.7127,337.5902,2.2564,0.0,5.0,5.013,6551,3,0,0,0.9567,0,0,0,0,0,0
main,CSDVRP-S-n15-s4,S,15,4,base,Roulette-9,7,,5,585.7427,624.2332,582.2908,3.4519,0.0,5.0,5.03,7290,6,0,0,0.9347,0,0,0,0,0,0
main,CSDVRP-L-n75-s1,L,75,1,base,ALNS+,6,,25,2248.4983,2408.8056,2090.9913,7.507,150.0,25.016,25.07,959,23,7,10,1.0,0,0,0,0,0,0
main,CSDVRP-L-n75-s1,L,75,1,base,VNS-9,0,,25,2125.9783,2408.8056,2058.2507,7.7277,60.0,25.0,25.097,1041,23,3,4,1.0,0,0,0,0,0,0
main,CSDVRP-M-n30-s4,M,30,4,base,ALNS+,0,,10,926.5915,1151.8487,921.3091,5.2824,0.0,10.0,10.016,4341,10,0,0,0.99,0,0,0,0,0,0
main,CSDVRP-L-n100-s2,L,100,2,base,ALNS+,5,,35,2912.069,3167.7225,2897.9974,14.0716,0.0,35.047,35.116,545,31,0,0,0.9972,0,0,0,0,0,0
main,CSDVRP-L-n100-s5,L,100,5,base,VNS-9,5,,35,2613.698,3154.3549,2555.4081,13.2898,45.0,35.0,35.081,745,30,2,3,1.0,0,0,0,0,0,0
main,CSDVRP-L-n75-s1,L,75,1,base,Roulette-9,6,,25,2115.5067,2408.8056,2048.2551,7.2516,60.0,25.016,25.126,1186,23,3,4,1.0,0,0,0,0,0,0
main,CSDVRP-S-n20-s4,S,20,4,base,Marginal-9,9,5,6,719.4697,798.0501,715.5041,3.9656,0.0,6.0,6.011,4448,7,0,0,0.986,0,0,0,0,0,0
main,CSDVRP-S-n15-s5,S,15,5,base,ALNS+,3,,5,666.5148,800.4223,662.7682,3.7467,0.0,5.0,4.997,9780,5,0,0,0.9993,0,0,0,0,0,0
exact,CSDVRP-S-n8-s3,S,8,3,base,VNS,1,,5,339.8466,351.7127,337.5902,2.2564,0.0,5.0,5.015,13595,3,0,0,0.9567,0,0,0,0,0,0
main,CSDVRP-L-n100-s0,L,100,0,base,Fixed-small,6,,35,3066.3545,3458.8862,3054.3861,11.9684,0.0,35.016,35.048,1251,31,0,0,0.9996,0,0,0,0,0,0
main,CSDVRP-L-n75-s4,L,75,4,base,Random-9,0,,25,2225.086,2460.454,2202.9373,7.1488,15.0,25.016,25.063,1042,24,1,1,1.0,0,0,0,0,0,0
exact,CSDVRP-S-n12-s4,S,12,4,base,DRL-VNS,3,4,5,487.5063,536.3904,484.4937,3.0126,0.0,5.0,5.007,5904,4,0,0,0.9867,0,0,0,0,0,0
main,CSDVRP-M-n50-s5,M,50,5,base,VNS-9,3,,15,1605.8445,1904.3598,1597.9554,7.889,0.0,15.0,15.016,2061,15,0,0,0.995,0,0,0,0,0,0
exact,CSDVRP-S-n12-s2,S,12,2,base,ALNS+,8,,5,460.175,518.4642,458.0808,2.0942,0.0,5.0,5.042,13971,4,0,0,0.998,0,0,0,0,0,0
main,CSDVRP-M-n50-s0,M,50,0,base,Random-9,8,,15,1704.6414,1986.2853,1698.6227,6.0187,0.0,15.0,15.061,2031,16,0,0,0.991,0,0,0,0,0,0
main,CSDVRP-L-n100-s1,L,100,1,base,DRL-VNS,9,5,35,2648.5716,3146.4881,2638.1619,10.4097,0.0,35.016,35.148,713,29,0,0,0.9996,0,0,0,0,0,0
main,CSDVRP-M-n30-s0,M,30,0,base,Roulette-9,2,,10,1110.3793,1303.6377,1091.4559,3.9234,15.0,10.0,10.02,3726,11,1,1,0.997,0,0,0,0,0,0
main,CSDVRP-XL-n150-s4,XL,150,4,base,Fixed-small,8,,50,3921.863,4802.2805,3761.5369,10.3261,150.0,50.016,50.285,2626,44,6,10,1.0,0,0,0,0,0,0
exact,CSDVRP-S-n8-s4,S,8,4,base,Fixed-small,1,,5,359.1905,397.2233,357.0731,2.1174,0.0,5.0,5.206,17023,3,0,0,0.8793,0,0,0,0,0,0
main,CSDVRP-S-n15-s3,S,15,3,base,DRL-VNS,3,4,5,601.4006,692.2972,597.8561,3.5445,0.0,5.0,4.997,4325,6,0,0,0.998,0,0,0,0,0,0
exact,CSDVRP-S-n12-s3,S,12,3,base,DRL-VNS,3,4,5,522.4878,589.3086,503.6872,3.8005,15.0,5.0,5.027,5857,4,1,1,1.0,0,0,0,0,0,0
main,CSDVRP-L-n75-s5,L,75,5,base,ALNS+,6,,25,2206.3803,2327.4464,2195.9588,10.4215,0.0,25.0,25.048,1013,23,0,0,0.9984,0,0,0,0,0,0
main,CSDVRP-L-n100-s2,L,100,2,base,Marginal-9,5,1,35,2810.1127,3167.7225,2782.3486,12.7641,15.0,35.0,35.084,736,30,1,1,1.0,0,0,0,0,0,0
exact,CSDVRP-S-n12-s4,S,12,4,base,Marginal-9,9,5,5,487.5063,536.3904,484.4937,3.0126,0.0,5.0,5.003,10649,4,0,0,0.9867,0,0,0,0,0,0
main,CSDVRP-S-n20-s2,S,20,2,base,DRL-VNS,4,5,6,670.121,732.8183,667.0092,3.1118,0.0,6.0,5.997,3464,7,0,0,0.9933,0,0,0,0,0,0
main,CSDVRP-M-n30-s3,M,30,3,base,VNS-9,5,,10,969.1696,1099.7766,965.9069,3.2627,0.0,10.0,10.016,4047,10,0,0,0.988,0,0,0,0,0,0
main,CSDVRP-XL-n150-s3,XL,150,3,base,VNS-9,3,,50,3902.4008,4237.9876,3858.5161,13.8848,30.0,50.0,50.108,1517,45,1,2,1.0,0,0,0,0,0,0
main,CSDVRP-M-n50-s4,M,50,4,base,Marginal-9,3,4,15,1647.6437,1919.2804,1640.5713,7.0724,0.0,15.0,15.043,1706,16,0,0,0.9995,0,0,0,0,0,0
main,CSDVRP-XL-n150-s4,XL,150,4,base,ALNS+,1,,50,4045.5243,4802.2805,3942.2957,13.2286,90.0,50.109,50.255,690,48,3,6,1.0,0,0,0,0,0,0
main,CSDVRP-M-n50-s0,M,50,0,base,DRL-VNS,4,5,15,1705.3035,1986.2853,1698.6227,6.6809,0.0,15.0,15.045,1748,16,0,0,0.991,0,0,0,0,0,0
exact,CSDVRP-S-n10-s1,S,10,1,base,Fixed-small,2,,5,394.7924,479.2322,392.2685,2.5239,0.0,5.0,5.017,9792,4,0,0,0.9253,0,0,0,0,0,0
main,CSDVRP-S-n20-s3,S,20,3,base,VNS,8,,6,706.2573,797.0264,687.1154,4.1419,15.0,6.0,6.0,4216,7,1,1,0.9707,0,0,0,0,0,0
exact,CSDVRP-S-n10-s2,S,10,2,base,DRL-VNS,7,3,5,386.2368,436.4179,383.4745,2.7622,0.0,5.0,5.011,7021,3,0,0,0.9893,0,0,0,0,0,0
main,CSDVRP-M-n50-s0,M,50,0,base,Marginal-9,7,3,15,1712.7223,1986.2853,1704.3668,8.3555,0.0,15.0,15.064,1935,16,0,0,0.994,0,0,0,0,0,0
exact,CSDVRP-S-n12-s5,S,12,5,base,VNS-9,7,,5,521.0601,535.5205,517.6832,3.3769,0.0,5.0,5.027,9970,4,0,0,0.978,0,0,0,0,0,0
main,CSDVRP-S-n15-s4,S,15,4,base,Roulette-9,0,,5,585.7427,624.2332,582.2908,3.4519,0.0,5.0,5.044,7219,6,0,0,0.9347,0,0,0,0,0,0
main,CSDVRP-M-n50-s1,M,50,1,base,Fixed-small,4,,15,1519.2578,1718.5004,1513.1913,6.0665,0.0,15.0,15.047,3559,16,0,0,0.994,0,0,0,0,0,0
main,CSDVRP-S-n20-s0,S,20,0,base,VNS,2,,6,756.2207,835.2978,752.4896,3.7311,0.0,6.0,6.012,4367,7,0,0,0.9987,0,0,0,0,0,0
main,CSDVRP-L-n100-s2,L,100,2,base,Fixed-small,2,,35,2807.0383,3167.7225,2797.9245,9.1138,0.0,35.016,35.082,1289,30,0,0,0.9928,0,0,0,0,0,0
main,CSDVRP-S-n15-s2,S,15,2,base,VNS,3,,5,604.4369,645.109,602.0225,2.4144,0.0,5.0,4.99,5123,6,0,0,0.9953,0,0,0,0,0,0
main,CSDVRP-S-n15-s4,S,15,4,base,VNS,4,,5,602.9731,624.2332,584.1074,3.8657,15.0,5.0,5.046,6878,5,1,1,1.0,0,0,0,0,0,0
main,CSDVRP-M-n50-s2,M,50,2,base,VNS-9,2,,15,1468.3773,1677.4231,1462.0673,6.31,0.0,15.0,15.05,1776,16,0,0,0.9985,0,0,0,0,0,0
main,CSDVRP-S-n20-s1,S,20,1,base,Fixed-small,2,,6,785.3009,908.0268,780.5879,4.713,0.0,6.0,5.994,7597,7,0,0,0.9833,0,0,0,0,0,0
exact,CSDVRP-S-n8-s3,S,8,3,base,DRL-VNS,6,2,5,339.8466,351.7127,337.5902,2.2564,0.0,5.0,5.027,7474,3,0,0,0.9567,0,0,0,0,0,0
main,CSDVRP-M-n50-s0,M,50,0,base,DRL-ALNS,7,3,15,1752.1741,1986.2853,1698.0617,9.1124,45.0,15.0,15.069,1536,16,3,3,1.0,0,0,0,0,0,0
main,CSDVRP-S-n20-s3,S,20,3,base,DRL-ALNS,8,4,6,729.3228,797.0264,680.4894,3.8334,45.0,6.0,6.005,3702,7,3,3,1.0,0,0,0,0,0,0
exact,CSDVRP-S-n10-s2,S,10,2,base,Fixed-small,0,,5,391.6922,436.4179,389.0812,2.6111,0.0,5.0,4.999,18796,3,0,0,0.9787,0,0,0,0,0,0
main,CSDVRP-L-n75-s5,L,75,5,base,Fixed-small,7,,25,2093.4889,2327.4464,2085.605,7.8838,0.0,25.0,25.221,1917,22,0,0,0.9984,0,0,0,0,0,0
main,CSDVRP-S-n20-s3,S,20,3,base,DRL-VNS,8,4,6,691.1397,797.0264,687.1116,4.0281,0.0,6.0,5.991,4041,7,0,0,0.9707,0,0,0,0,0,0
exact,CSDVRP-S-n8-s5,S,8,5,base,Random-9,2,,5,423.2126,427.0275,419.9371,3.2754,0.0,5.0,5.014,15178,3,0,0,0.894,0,0,0,0,0,0
main,CSDVRP-M-n50-s3,M,50,3,base,VNS,1,,15,1399.5391,1746.7745,1393.2711,6.268,0.0,15.0,15.069,2934,15,0,0,0.994,0,0,0,0,0,0
main,CSDVRP-L-n100-s1,L,100,1,base,DRL-ALNS,0,1,35,2805.807,3146.4881,2791.4731,14.3339,0.0,35.0,35.1,518,30,0,0,0.9968,0,0,0,0,0,0
main,CSDVRP-M-n50-s3,M,50,3,base,Random-9,2,,15,1398.8402,1746.7745,1392.5811,6.2591,0.0,15.016,15.061,1970,15,0,0,0.994,0,0,0,0,0,0
case,CSDVRP-CS-Riyadh,case,30,0,base,Roulette-9,0,,30,420.0991,711.0291,414.0897,6.0094,0.0,30.0,30.066,13106,4,0,0,0.982,0,0,0,0,0,0
exact,CSDVRP-S-n8-s5,S,8,5,base,Fixed-small,1,,5,423.2126,427.0275,419.9371,3.2754,0.0,5.0,5.014,15558,3,0,0,0.894,0,0,0,0,0,0
main,CSDVRP-L-n75-s2,L,75,2,base,VNS,4,,25,2093.708,2442.0216,2055.0938,8.6143,30.0,25.0,25.062,1826,22,2,2,1.0,0,0,0,0,0,0
main,CSDVRP-S-n15-s3,S,15,3,base,VNS-9,1,,5,601.7995,692.2972,597.8561,3.9435,0.0,5.0,4.996,6895,6,0,0,0.998,0,0,0,0,0,0
exact,CSDVRP-S-n12-s4,S,12,4,base,ALNS+,5,,5,487.5063,536.3904,484.4937,3.0126,0.0,5.0,4.998,12039,4,0,0,0.9867,0,0,0,0,0,0
exact,CSDVRP-S-n12-s1,S,12,1,base,DRL-VNS,2,3,5,546.6849,602.7068,512.8082,3.8767,30.0,5.0,4.996,5646,4,2,2,1.0,0,0,0,0,0,0
main,CSDVRP-M-n50-s5,M,50,5,base,VNS-9,2,,15,1627.9344,1904.3598,1618.5973,9.337,0.0,15.0,15.046,1907,15,0,0,1.0,0,0,0,0,0,0
main,CSDVRP-L-n100-s2,L,100,2,base,VNS,1,,35,2801.6139,3167.7225,2790.4184,11.1956,0.0,35.0,35.144,959,30,0,0,0.9976,0,0,0,0,0,0
exact,CSDVRP-S-n6-s3,S,6,3,base,Marginal-9,3,4,5,230.2731,253.5784,228.5871,1.686,0.0,5.0,4.99,28270,2,0,0,0.9873,0,0,0,0,0,0
exact,CSDVRP-S-n6-s3,S,6,3,base,Roulette-9,9,,5,230.2731,253.5784,228.5871,1.686,0.0,5.0,5.031,27605,2,0,0,0.9873,0,0,0,0,0,0
case,CSDVRP-CS-Riyadh,case,30,0,base,Roulette-9,1,,30,416.4868,711.0291,411.6246,4.8621,0.0,30.0,30.049,14789,4,0,0,0.986,0,0,0,0,0,0
exact,CSDVRP-S-n6-s2,S,6,2,base,DRL-VNS,2,3,5,330.7872,334.9047,328.2873,2.4999,0.0,5.0,4.991,7879,3,0,0,0.8567,0,0,0,0,0,0
main,CSDVRP-S-n15-s4,S,15,4,base,DRL-VNS,8,4,5,585.7427,624.2332,582.2908,3.4519,0.0,5.0,4.997,4648,6,0,0,0.9347,0,0,0,0,0,0
main,CSDVRP-L-n75-s4,L,75,4,base,DRL-VNS,9,5,25,2209.9374,2460.454,2201.785,8.1524,0.0,25.047,25.078,880,24,0,0,0.9996,0,0,0,0,0,0
main,CSDVRP-L-n100-s1,L,100,1,base,VNS-9,4,,35,2658.8254,3146.4881,2617.8681,10.9573,30.0,35.0,35.155,880,29,2,2,1.0,0,0,0,0,0,0
exact,CSDVRP-S-n12-s4,S,12,4,base,Random-9,8,,5,487.5063,536.3904,484.4937,3.0126,0.0,5.0,5.009,11595,4,0,0,0.9867,0,0,0,0,0,0
main,CSDVRP-XL-n150-s4,XL,150,4,base,Roulette-9,3,,50,3973.5809,4802.2805,3793.1194,15.4615,165.0,50.0,50.144,1759,45,7,11,1.0,0,0,0,0,0,0
main,CSDVRP-L-n75-s0,L,75,0,base,VNS,1,,25,2410.3633,2688.4285,2401.1797,9.1836,0.0,25.0,25.059,1688,24,0,0,0.9984,0,0,0,0,0,0
main,CSDVRP-L-n100-s1,L,100,1,base,DRL-ALNS,7,3,35,2887.5896,3146.4881,2783.6011,13.9885,90.0,35.078,35.192,575,29,4,6,1.0,0,0,0,0,0,0
main,CSDVRP-S-n15-s4,S,15,4,base,VNS,5,,5,585.7427,624.2332,582.2908,3.4519,0.0,5.0,4.986,6450,6,0,0,0.9347,0,0,0,0,0,0
exact,CSDVRP-S-n8-s4,S,8,4,base,Marginal-9,5,1,5,359.1905,397.2233,357.0731,2.1174,0.0,5.0,5.013,16178,3,0,0,0.8793,0,0,0,0,0,0
main,CSDVRP-S-n15-s2,S,15,2,base,VNS-9,1,,5,604.4369,645.109,602.0225,2.4144,0.0,5.0,4.998,6785,6,0,0,0.9953,0,0,0,0,0,0
main,CSDVRP-M-n50-s3,M,50,3,base,DRL-VNS,7,3,15,1399.4639,1746.7745,1393.5559,5.908,0.0,15.0,15.059,1977,15,0,0,0.994,0,0,0,0,0,0
main,CSDVRP-M-n50-s5,M,50,5,base,VNS,3,,15,1679.2391,1904.3598,1626.503,7.7362,45.0,15.0,15.045,3087,15,2,3,1.0,0,0,0,0,0,0
main,CSDVRP-S-n15-s4,S,15,4,base,Random-9,2,,5,585.7427,624.2332,582.2908,3.4519,0.0,5.0,5.013,7354,6,0,0,0.9347,0,0,0,0,0,0
main,CSDVRP-S-n20-s2,S,20,2,base,Roulette-9,4,,6,670.121,732.8183,667.0092,3.1118,0.0,6.0,6.03,4853,7,0,0,0.9933,0,0,0,0,0,0
exact,CSDVRP-S-n8-s3,S,8,3,base,DRL-VNS,7,3,5,339.8466,351.7127,337.5902,2.2564,0.0,5.0,5.011,7444,3,0,0,0.9567,0,0,0,0,0,0
exact,CSDVRP-S-n12-s2,S,12,2,base,Roulette-9,5,,5,460.175,518.4642,458.0808,2.0942,0.0,5.0,4.999,13321,4,0,0,0.998,0,0,0,0,0,0
main,CSDVRP-M-n30-s5,M,30,5,base,DRL-VNS,8,4,10,1123.7475,1247.2838,1118.3425,5.405,0.0,10.0,10.029,3699,10,0,0,0.9895,0,0,0,0,0,0
main,CSDVRP-XL-n150-s3,XL,150,3,base,VNS-9,8,,50,3875.3365,4237.9876,3860.8614,14.4751,0.0,50.0,50.154,1551,45,0,0,0.9953,0,0,0,0,0,0
exact,CSDVRP-S-n10-s1,S,10,1,base,DRL-ALNS,4,5,5,394.7924,479.2322,392.2685,2.5239,0.0,5.0,5.012,5035,4,0,0,0.9253,0,0,0,0,0,0
exact,CSDVRP-S-n6-s5,S,6,5,base,ALNS+,4,,5,347.3173,347.7063,345.0582,2.2591,0.0,5.0,4.997,22217,3,0,0,0.9907,0,0,0,0,0,0
main,CSDVRP-M-n30-s2,M,30,2,base,VNS,2,,10,943.1458,1162.4183,938.9579,4.1879,0.0,10.0,10.016,3635,10,0,0,0.9865,0,0,0,0,0,0
exact,CSDVRP-S-n10-s1,S,10,1,base,DRL-ALNS,3,4,5,394.7924,479.2322,392.2685,2.5239,0.0,5.0,4.997,5199,4,0,0,0.9253,0,0,0,0,0,0
main,CSDVRP-S-n15-s0,S,15,0,base,Random-9,5,,5,622.621,666.3141,603.3505,4.2704,15.0,5.0,4.998,6862,5,1,1,1.0,0,0,0,0,0,0
exact,CSDVRP-S-n10-s1,S,10,1,base,DRL-ALNS,8,4,5,394.7924,479.2322,392.2685,2.5239,0.0,5.0,5.014,5238,4,0,0,0.9253,0,0,0,0,0,0
main,CSDVRP-L-n100-s1,L,100,1,base,ALNS+,2,,35,2820.3938,3146.4881,2732.9079,12.4859,75.0,35.016,35.207,597,30,4,5,1.0,0,0,0,0,0,0
exact,CSDVRP-S-n6-s3,S,6,3,base,Roulette-9,5,,5,230.2731,253.5784,228.5871,1.686,0.0,5.0,5.022,28087,2,0,0,0.9873,0,0,0,0,0,0
exact,CSDVRP-S-n10-s1,S,10,1,base,Marginal-9,6,2,5,394.7924,479.2322,392.2685,2.5239,0.0,5.0,5.031,8830,4,0,0,0.9253,0,0,0,0,0,0
exact,CSDVRP-S-n6-s3,S,6,3,base,DRL-ALNS,0,1,5,230.2731,253.5784,228.5871,1.686,0.0,5.0,4.997,7869,2,0,0,0.9873,0,0,0,0,0,0
main,CSDVRP-S-n15-s4,S,15,4,base,Marginal-9,8,4,5,585.7427,624.2332,582.2908,3.4519,0.0,5.0,5.0,7230,6,0,0,0.9347,0,0,0,0,0,0
main,CSDVRP-XL-n150-s1,XL,150,1,base,VNS-9,5,,50,4266.083,4744.1508,4221.6224,14.4606,30.0,50.016,50.19,1696,45,1,2,1.0,0,0,0,0,0,0
main,CSDVRP-L-n75-s3,L,75,3,base,DRL-ALNS,3,4,25,2214.5723,2332.9982,2207.5518,7.0206,0.0,25.016,25.159,946,27,0,0,0.9952,0,0,0,0,0,0
main,CSDVRP-M-n30-s1,M,30,1,base,ALNS+,9,,10,1070.7542,1231.1888,1036.7268,4.0274,30.0,10.0,10.003,4523,10,2,2,1.0,0,0,0,0,0,0
main,CSDVRP-S-n15-s1,S,15,1,base,DRL-VNS,9,5,5,599.4153,675.8866,596.1341,3.2813,0.0,5.0,5.013,4186,6,0,0,0.9,0,0,0,0,0,0
main,CSDVRP-L-n100-s4,L,100,4,base,ALNS+,7,,35,3131.496,3371.4529,3101.2732,15.2228,15.0,35.031,35.066,547,31,1,1,0.9872,0,0,0,0,0,0
main,CSDVRP-S-n20-s1,S,20,1,base,Marginal-9,9,5,6,785.2664,908.0268,780.5879,4.6785,0.0,6.0,5.991,4623,7,0,0,0.9833,0,0,0,0,0,0
main,CSDVRP-S-n15-s2,S,15,2,base,VNS,5,,5,604.4369,645.109,602.0225,2.4144,0.0,5.0,5.013,5236,6,0,0,0.9953,0,0,0,0,0,0
main,CSDVRP-L-n100-s0,L,100,0,base,Random-9,2,,35,3103.055,3458.8862,3073.5907,14.4644,15.0,35.0,35.078,646,31,1,1,1.0,0,0,0,0,0,0
main,CSDVRP-L-n75-s5,L,75,5,base,Marginal-9,9,5,25,2091.7575,2327.4464,2083.4687,8.2888,0.0,25.0,25.062,1117,23,0,0,0.9904,0,0,0,0,0,0
exact,CSDVRP-S-n8-s5,S,8,5,base,Fixed-small,4,,5,423.2126,427.0275,419.9371,3.2754,0.0,5.0,4.993,15607,3,0,0,0.894,0,0,0,0,0,0
main,CSDVRP-L-n75-s5,L,75,5,base,Random-9,1,,25,2106.6719,2327.4464,2099.3534,7.3186,0.0,25.0,25.084,1173,23,0,0,0.9992,0,0,0,0,0,0
main,CSDVRP-M-n30-s5,M,30,5,base,DRL-VNS,2,3,10,1123.7646,1247.2838,1118.3403,5.4243,0.0,10.0,10.052,3529,10,0,0,0.9895,0,0,0,0,0,0
main,CSDVRP-M-n50-s0,M,50,0,base,Roulette-9,8,,15,1704.6414,1986.2853,1698.6227,6.0187,0.0,15.0,15.048,2125,16,0,0,0.991,0,0,0,0,0,0
main,CSDVRP-XL-n150-s0,XL,150,0,base,Marginal-9,7,3,50,4354.8954,5021.4451,4337.6862,17.2092,0.0,50.0,50.102,1815,47,0,0,0.9977,0,0,0,0,0,0
main,CSDVRP-S-n15-s5,S,15,5,base,ALNS+,0,,5,684.8214,800.4223,665.8353,3.9861,15.0,5.0,4.998,8343,5,1,1,1.0,0,0,0,0,0,0
main,CSDVRP-M-n30-s2,M,30,2,base,DRL-VNS,1,2,10,941.0511,1162.4183,938.3163,2.7347,0.0,10.0,10.03,3399,10,0,0,0.9865,0,0,0,0,0,0
main,CSDVRP-S-n20-s1,S,20,1,base,DRL-VNS,2,3,6,808.7667,908.0268,789.1391,4.6276,15.0,6.0,6.026,3812,7,1,1,1.0,0,0,0,0,0,0
exact,CSDVRP-S-n8-s2,S,8,2,base,Fixed-small,4,,5,344.9724,398.3755,342.4078,2.5646,0.0,5.0,5.015,19400,3,0,0,0.8753,0,0,0,0,0,0
main,CSDVRP-XL-n150-s5,XL,150,5,base,ALNS+,6,,50,4062.7248,4291.4727,4045.0274,17.6973,0.0,50.0,50.086,717,49,0,0,0.999,0,0,0,0,0,0
main,CSDVRP-S-n20-s2,S,20,2,base,DRL-ALNS,3,4,6,670.121,732.8183,667.0092,3.1118,0.0,6.0,6.051,3578,7,0,0,0.9933,0,0,0,0,0,0
main,CSDVRP-XL-n150-s5,XL,150,5,base,Roulette-9,2,,50,3907.6789,4291.4727,3876.4544,16.2245,15.0,50.0,50.165,1734,44,1,1,1.0,0,0,0,0,0,0
main,CSDVRP-XL-n150-s5,XL,150,5,base,Marginal-9,9,5,50,3953.9621,4291.4727,3938.4134,15.5486,0.0,50.0,50.203,1325,46,0,0,0.999,0,0,0,0,0,0
main,CSDVRP-M-n30-s3,M,30,3,base,VNS,9,,10,970.8464,1099.7766,968.1897,2.6567,0.0,10.0,10.016,3983,10,0,0,0.9975,0,0,0,0,0,0
exact,CSDVRP-S-n8-s3,S,8,3,base,DRL-VNS,9,5,5,339.8466,351.7127,337.5902,2.2564,0.0,5.0,4.997,7318,3,0,0,0.9567,0,0,0,0,0,0
exact,CSDVRP-S-n10-s5,S,10,5,base,Fixed-small,6,,5,454.5993,485.8354,450.6688,3.9305,0.0,5.0,5.014,14844,3,0,0,0.956,0,0,0,0,0,0
main,CSDVRP-M-n50-s1,M,50,1,base,DRL-ALNS,9,5,15,1566.7069,1718.5004,1514.6812,7.0257,45.0,15.0,15.019,1557,15,2,3,1.0,0,0,0,0,0,0
main,CSDVRP-L-n75-s4,L,75,4,base,DRL-ALNS,8,4,25,2273.642,2460.454,2265.2605,8.3816,0.0,25.0,25.08,879,27,0,0,0.998,0,0,0,0,0,0
main,CSDVRP-XL-n150-s1,XL,150,1,base,Fixed-small,8,,50,4257.9085,4744.1508,4182.6892,15.2193,60.0,50.0,50.191,2593,45,2,4,1.0,0,0,0,0,0,0
exact,CSDVRP-S-n8-s5,S,8,5,base,DRL-VNS,3,4,5,423.2126,427.0275,419.9371,3.2754,0.0,5.0,4.996,7011,3,0,0,0.894,0,0,0,0,0,0
main,CSDVRP-XL-n150-s2,XL,150,2,base,Random-9,7,,50,4074.9186,4545.4892,4031.1583,13.7604,30.0,50.016,50.074,1633,46,1,2,1.0,0,0,0,0,0,0
main,CSDVRP-XL-n150-s0,XL,150,0,base,Roulette-9,8,,50,4407.6804,5021.4451,4362.4002,15.2802,30.0,50.0,50.114,1704,47,2,2,1.0,0,0,0,0,0,0
main,CSDVRP-L-n75-s2,L,75,2,base,Random-9,3,,25,2137.5961,2442.0216,2098.7826,8.8135,30.0,25.016,25.129,1183,23,1,2,0.9948,0,0,0,0,0,0
main,CSDVRP-S-n15-s2,S,15,2,base,VNS-9,8,,5,604.4369,645.109,602.0225,2.4144,0.0,5.0,5.017,6913,6,0,0,0.9953,0,0,0,0,0,0
main,CSDVRP-L-n100-s2,L,100,2,base,DRL-VNS,9,5,35,2811.8856,3167.7225,2801.0606,10.825,0.0,35.0,35.066,721,30,0,0,0.9972,0,0,0,0,0,0
exact,CSDVRP-S-n8-s2,S,8,2,base,ALNS+,2,,5,344.8888,398.3755,342.4078,2.481,0.0,5.0,5.022,18019,3,0,0,0.8753,0,0,0,0,0,0
main,CSDVRP-L-n75-s4,L,75,4,base,Random-9,7,,25,2207.1493,2460.454,2198.9174,8.2319,0.0,25.0,25.035,988,24,0,0,0.998,0,0,0,0,0,0
main,CSDVRP-L-n75-s1,L,75,1,base,VNS,4,,25,2118.6001,2408.8056,2036.121,7.4791,75.0,25.0,25.021,1664,23,3,5,1.0,0,0,0,0,0,0
main,CSDVRP-L-n100-s4,L,100,4,base,ALNS+,5,,35,3078.9315,3371.4529,3066.3245,12.607,0.0,35.094,35.207,547,35,0,0,0.9924,0,0,0,0,0,0
exact,CSDVRP-S-n10-s1,S,10,1,base,DRL-VNS,3,4,5,394.7924,479.2322,392.2685,2.5239,0.0,5.0,5.008,5360,4,0,0,0.9253,0,0,0,0,0,0
exact,CSDVRP-S-n10-s1,S,10,1,base,VNS,9,,5,394.7924,479.2322,392.2685,2.5239,0.0,5.0,5.03,9114,4,0,0,0.9253,0,0,0,0,0,0
main,CSDVRP-L-n100-s2,L,100,2,base,VNS-9,6,,35,2796.233,3167.7225,2785.5249,10.7081,0.0,35.0,35.084,811,30,0,0,0.9972,0,0,0,0,0,0
main,CSDVRP-S-n15-s3,S,15,3,base,VNS-9,7,,5,605.368,692.2972,602.0686,3.2994,0.0,5.0,5.007,8869,6,0,0,0.9787,0,0,0,0,0,0
exact,CSDVRP-S-n6-s2,S,6,2,base,VNS,3,,5,330.2083,334.9047,328.2873,1.921,0.0,5.0,5.028,16741,3,0,0,0.8567,0,0,0,0,0,0
main,CSDVRP-L-n100-s0,L,100,0,base,DRL-ALNS,1,2,35,3179.1621,3458.8862,3161.6384,17.5237,0.0,35.0,35.122,534,31,0,0,0.9992,0,0,0,0,0,0
main,CSDVRP-L-n100-s3,L,100,3,base,DRL-ALNS,4,5,35,2764.8253,3095.0715,2753.1994,11.6259,0.0,35.078,35.201,503,31,0,0,1.0,0,0,0,0,0,0
main,CSDVRP-S-n20-s3,S,20,3,base,Random-9,5,,6,727.4957,797.0264,693.2198,4.2759,30.0,6.0,6.0,5057,7,2,2,0.9833,0,0,0,0,0,0
main,CSDVRP-M-n50-s2,M,50,2,base,DRL-ALNS,2,3,15,1557.042,1677.4231,1488.6725,8.3695,60.0,15.0,15.092,1539,16,4,4,1.0,0,0,0,0,0,0
main,CSDVRP-L-n75-s5,L,75,5,base,ALNS+,7,,25,2198.4742,2327.4464,2188.9108,9.5635,0.0,25.016,25.113,982,24,0,0,0.9984,0,0,0,0,0,0
main,CSDVRP-S-n20-s3,S,20,3,base,Marginal-9,1,2,6,691.2399,797.0264,687.1116,4.1284,0.0,6.0,5.991,5300,7,0,0,0.9707,0,0,0,0,0,0
main,CSDVRP-XL-n150-s4,XL,150,4,base,DRL-ALNS,8,4,50,4028.6594,4802.2805,4013.8378,14.8216,0.0,50.016,50.153,984,50,0,0,0.9983,0,0,0,0,0,0
exact,CSDVRP-S-n8-s1,S,8,1,base,Marginal-9,6,2,5,335.8429,376.3954,333.6723,2.1706,0.0,5.0,5.015,17625,3,0,0,0.9073,0,0,0,0,0,0
main,CSDVRP-XL-n150-s5,XL,150,5,base,Random-9,7,,50,3927.8053,4291.4727,3881.7737,16.0316,30.0,50.0,50.128,1535,45,1,2,1.0,0,0,0,0,0,0
exact,CSDVRP-S-n6-s3,S,6,3,base,Marginal-9,5,1,5,230.2731,253.5784,228.5871,1.686,0.0,5.0,5.022,28796,2,0,0,0.9873,0,0,0,0,0,0
exact,CSDVRP-S-n8-s2,S,8,2,base,Random-9,3,,5,344.8888,398.3755,342.4078,2.481,0.0,5.0,5.047,17615,3,0,0,0.8753,0,0,0,0,0,0
exact,CSDVRP-S-n6-s2,S,6,2,base,VNS-9,8,,5,330.7872,334.9047,328.2873,2.4999,0.0,5.0,4.997,19033,3,0,0,0.8567,0,0,0,0,0,0
exact,CSDVRP-S-n8-s3,S,8,3,base,Random-9,5,,5,339.8466,351.7127,337.5902,2.2564,0.0,5.0,5.031,17805,3,0,0,0.9567,0,0,0,0,0,0
exact,CSDVRP-S-n6-s4,S,6,4,base,DRL-ALNS,9,5,5,307.1905,316.7228,305.135,2.0555,0.0,5.0,5.044,6643,3,0,0,0.906,0,0,0,0,0,0
main,CSDVRP-M-n30-s1,M,30,1,base,Random-9,2,,10,1056.1124,1231.1888,1036.7195,4.3929,15.0,10.0,9.999,3226,10,1,1,1.0,0,0,0,0,0,0
main,CSDVRP-L-n75-s1,L,75,1,base,Roulette-9,9,,25,2096.8281,2408.8056,2072.9018,8.9263,15.0,25.016,25.055,1183,23,1,1,1.0,0,0,0,0,0,0
exact,CSDVRP-S-n12-s2,S,12,2,base,Marginal-9,1,2,5,460.175,518.4642,458.0808,2.0942,0.0,5.0,5.02,13767,4,0,0,0.998,0,0,0,0,0,0
main,CSDVRP-L-n100-s2,L,100,2,base,Marginal-9,6,2,35,2780.6105,3167.7225,2769.1736,11.4369,0.0,35.0,35.046,756,30,0,0,0.998,0,0,0,0,0,0
main,CSDVRP-M-n30-s0,M,30,0,base,Marginal-9,5,1,10,1162.8031,1303.6377,1113.0264,4.7768,45.0,10.0,10.012,3759,11,2,3,1.0,0,0,0,0,0,0
main,CSDVRP-L-n100-s2,L,100,2,base,Roulette-9,1,,35,2802.8253,3167.7225,2791.3051,11.5201,0.0,35.016,35.169,776,30,0,0,0.996,0,0,0,0,0,0
main,CSDVRP-L-n100-s1,L,100,1,base,Fixed-small,0,,35,2691.7931,3146.4881,2651.3035,10.4896,30.0,35.0,35.063,1232,29,2,2,1.0,0,0,0,0,0,0
main,CSDVRP-M-n50-s2,M,50,2,base,Random-9,9,,15,1467.7784,1677.4231,1462.0673,5.7111,0.0,15.0,15.082,1798,16,0,0,0.9985,0,0,0,0,0,0
exact,CSDVRP-S-n12-s5,S,12,5,base,VNS,1,,5,521.0601,535.5205,517.6832,3.3769,0.0,5.0,5.021,9008,4,0,0,0.978,0,0,0,0,0,0
exact,CSDVRP-S-n8-s5,S,8,5,base,VNS-9,6,,5,423.2126,427.0275,419.9371,3.2754,0.0,5.0,4.999,15413,3,0,0,0.894,0,0,0,0,0,0
exact,CSDVRP-S-n8-s4,S,8,4,base,Roulette-9,3,,5,359.1905,397.2233,357.0731,2.1174,0.0,5.0,5.014,16090,3,0,0,0.8793,0,0,0,0,0,0
exact,CSDVRP-S-n10-s2,S,10,2,base,Fixed-small,4,,5,401.0886,436.4179,398.071,3.0176,0.0,5.0,5.029,17904,3,0,0,0.9867,0,0,0,0,0,0
main,CSDVRP-L-n75-s1,L,75,1,base,DRL-VNS,4,5,25,2105.9143,2408.8056,2084.3328,6.5815,15.0,25.031,25.135,989,23,1,1,1.0,0,0,0,0,0,0
exact,CSDVRP-S-n8-s1,S,8,1,base,Fixed-small,0,,5,335.8429,376.3954,333.6723,2.1706,0.0,5.0,4.984,19192,3,0,0,0.9073,0,0,0,0,0,0
main,CSDVRP-L-n100-s3,L,100,3,base,VNS-9,0,,35,2747.89,3095.0715,2722.4508,10.4392,15.0,35.0,35.057,745,31,1,1,1.0,0,0,0,0,0,0
exact,CSDVRP-S-n8-s4,S,8,4,base,Marginal-9,9,5,5,359.1905,397.2233,357.0731,2.1174,0.0,5.0,4.986,16060,3,0,0,0.8793,0,0,0,0,0,0
main,CSDVRP-S-n15-s5,S,15,5,base,DRL-VNS,3,4,5,666.5148,800.4223,662.7682,3.7467,0.0,5.0,5.03,5267,5,0,0,0.9993,0,0,0,0,0,0
main,CSDVRP-M-n30-s5,M,30,5,base,Fixed-small,6,,10,1135.5773,1247.2838,1129.9651,5.6122,0.0,10.0,10.028,5157,11,0,0,0.962,0,0,0,0,0,0
exact,CSDVRP-S-n10-s5,S,10,5,base,DRL-ALNS,5,1,5,454.5993,485.8354,450.6688,3.9305,0.0,5.0,5.03,5804,3,0,0,0.956,0,0,0,0,0,0
main,CSDVRP-S-n15-s3,S,15,3,base,Random-9,2,,5,601.4006,692.2972,597.8561,3.5445,0.0,5.0,5.013,7025,6,0,0,0.998,0,0,0,0,0,0
main,CSDVRP-S-n15-s0,S,15,0,base,Marginal-9,9,5,5,622.621,666.3141,603.3505,4.2704,15.0,5.0,5.029,6666,5,1,1,1.0,0,0,0,0,0,0
exact,CSDVRP-S-n6-s2,S,6,2,base,Random-9,8,,5,330.7872,334.9047,328.2873,2.4999,0.0,5.0,5.045,19031,3,0,0,0.8567,0,0,0,0,0,0
main,CSDVRP-M-n30-s4,M,30,4,base,Marginal-9,6,2,10,943.4608,1151.8487,923.4305,5.0302,15.0,10.0,10.03,3842,10,1,1,1.0,0,0,0,0,0,0
main,CSDVRP-L-n100-s2,L,100,2,base,Roulette-9,9,,35,2799.0245,3167.7225,2788.0011,11.0234,0.0,35.016,35.158,839,30,0,0,0.9972,0,0,0,0,0,0
exact,CSDVRP-S-n8-s3,S,8,3,base,Marginal-9,7,3,5,339.8466,351.7127,337.5902,2.2564,0.0,5.0,4.994,16957,3,0,0,0.9567,0,0,0,0,0,0
exact,CSDVRP-S-n12-s1,S,12,1,base,Roulette-9,4,,5,511.4838,602.7068,507.9062,3.5776,0.0,5.0,5.014,9846,4,0,0,0.994,0,0,0,0,0,0
main,CSDVRP-M-n30-s2,M,30,2,base,Fixed-small,5,,10,942.101,1162.4183,938.3163,3.7847,0.0,10.0,10.015,5248,10,0,0,0.9865,0,0,0,0,0,0
main,CSDVRP-S-n20-s5,S,20,5,base,ALNS+,0,,6,763.1659,865.7,758.6853,4.4806,0.0,6.0,5.997,6467,7,0,0,0.9947,0,0,0,0,0,0
main,CSDVRP-S-n15-s2,S,15,2,base,VNS,1,,5,604.4369,645.109,602.0225,2.4144,0.0,5.0,5.029,5200,6,0,0,0.9953,0,0,0,0,0,0
main,CSDVRP-L-n100-s1,L,100,1,base,VNS,8,,35,2702.7102,3146.4881,2647.5934,10.1169,45.0,35.016,35.126,986,29,2,3,1.0,0,0,0,0,0,0
exact,CSDVRP-S-n12-s3,S,12,3,base,DRL-VNS,5,1,5,522.4878,589.3086,503.6872,3.8005,15.0,5.0,5.024,6151,4,1,1,1.0,0,0,0,0,0,0
main,CSDVRP-L-n100-s5,L,100,5,base,VNS-9,6,,35,2612.5655,3154.3549,2570.3219,12.2435,30.0,35.031,35.128,788,30,2,2,1.0,0,0,0,0,0,0
main,CSDVRP-S-n20-s4,S,20,4,base,Roulette-9,2,,6,719.4697,798.0501,715.5041,3.9656,0.0,6.0,6.055,4813,7,0,0,0.986,0,0,0,0,0,0
main,CSDVRP-M-n30-s3,M,30,3,base,DRL-ALNS,7,3,10,981.4303,1099.7766,963.276,3.1544,15.0,10.0,10.014,3119,10,1,1,1.0,0,0,0,0,0,0
main,CSDVRP-M-n30-s2,M,30,2,base,ALNS+,4,,10,955.8164,1162.4183,892.2565,3.5599,60.0,10.0,10.049,5602,9,4,4,1.0,0,0,0,0,0,0
exact,CSDVRP-S-n12-s2,S,12,2,base,VNS,7,,5,460.175,518.4642,458.0808,2.0942,0.0,5.0,5.025,11414,4,0,0,0.998,0,0,0,0,0,0
main,CSDVRP-L-n100-s3,L,100,3,base,VNS,9,,35,2710.134,3095.0715,2698.9373,11.1966,0.0,35.047,35.156,950,31,0,0,1.0,0,0,0,0,0,0
main,CSDVRP-M-n50-s5,M,50,5,base,VNS,7,,15,1672.3205,1904.3598,1635.235,7.0856,30.0,15.0,15.045,2623,16,1,2,1.0,0,0,0,0,0,0
main,CSDVRP-S-n15-s3,S,15,3,base,DRL-VNS,7,3,5,601.4006,692.2972,597.8561,3.5445,0.0,5.0,5.01,4505,6,0,0,0.998,0,0,0,0,0,0
exact,CSDVRP-S-n8-s3,S,8,3,base,DRL-ALNS,5,1,5,339.8466,351.7127,337.5902,2.2564,0.0,5.0,4.999,6543,3,0,0,0.9567,0,0,0,0,0,0
main,CSDVRP-M-n50-s2,M,50,2,base,Marginal-9,5,1,15,1467.7784,1677.4231,1462.0673,5.7111,0.0,15.0,15.019,1716,16,0,0,0.9985,0,0,0,0,0,0
main,CSDVRP-M-n50-s3,M,50,3,base,DRL-ALNS,6,2,15,1417.5975,1746.7745,1410.1529,7.4446,0.0,15.0,15.098,1729,16,0,0,0.993,0,0,0,0,0,0
main,CSDVRP-S-n20-s0,S,20,0,base,Marginal-9,7,3,6,756.3441,835.2978,752.4896,3.8544,0.0,6.0,5.986,5040,7,0,0,0.9987,0,0,0,0,0,0
exact,CSDVRP-S-n6-s5,S,6,5,base,DRL-ALNS,4,5,5,347.3173,347.7063,345.0582,2.2591,0.0,5.0,5.045,7252,3,0,0,0.9907,0,0,0,0,0,0
exact,CSDVRP-S-n10-s1,S,10,1,base,VNS,0,,5,394.7924,479.2322,392.2685,2.5239,0.0,5.0,4.997,9161,4,0,0,0.9253,0,0,0,0,0,0
main,CSDVRP-L-n100-s3,L,100,3,base,Fixed-small,5,,35,2683.2723,3095.0715,2673.8483,9.424,0.0,35.0,35.18,1376,31,0,0,1.0,0,0,0,0,0,0
main,CSDVRP-L-n100-s2,L,100,2,base,Random-9,8,,35,2802.7234,3167.7225,2790.8424,11.881,0.0,35.047,35.223,765,30,0,0,0.9972,0,0,0,0,0,0
exact,CSDVRP-S-n8-s2,S,8,2,base,ALNS+,5,,5,344.8888,398.3755,342.4078,2.481,0.0,5.0,4.996,17766,3,0,0,0.8753,0,0,0,0,0,0
main,CSDVRP-M-n50-s1,M,50,1,base,Random-9,2,,15,1506.2466,1718.5004,1500.4211,5.8255,0.0,15.0,15.015,1964,15,0,0,0.995,0,0,0,0,0,0
main,CSDVRP-S-n15-s2,S,15,2,base,Roulette-9,8,,5,604.4369,645.109,602.0225,2.4144,0.0,5.0,5.029,6760,6,0,0,0.9953,0,0,0,0,0,0
main,CSDVRP-M-n30-s0,M,30,0,base,Fixed-small,4,,10,1093.2446,1303.6377,1088.8964,4.3482,0.0,10.0,10.015,4835,11,0,0,0.997,0,0,0,0,0,0
main,CSDVRP-L-n75-s0,L,75,0,base,Random-9,3,,25,2408.9667,2688.4285,2400.1362,8.8305,0.0,25.0,25.014,1139,24,0,0,0.9984,0,0,0,0,0,0
exact,CSDVRP-S-n8-s5,S,8,5,base,Roulette-9,8,,5,423.2126,427.0275,419.9371,3.2754,0.0,5.0,5.042,14871,3,0,0,0.894,0,0,0,0,0,0
main,CSDVRP-S-n15-s4,S,15,4,base,Roulette-9,6,,5,586.0528,624.2332,582.2908,3.762,0.0,5.0,5.03,7344,6,0,0,0.9347,0,0,0,0,0,0
exact,CSDVRP-S-n10-s3,S,10,3,base,ALNS+,1,,5,398.3226,456.2198,394.9219,3.4007,0.0,5.0,5.015,15730,3,0,0,0.9427,0,0,0,0,0,0
exact,CSDVRP-S-n12-s3,S,12,3,base,Marginal-9,5,1,5,522.4878,589.3086,503.6872,3.8005,15.0,5.0,5.044,11802,4,1,1,1.0,0,0,0,0,0,0
exact,CSDVRP-S-n12-s4,S,12,4,base,VNS,4,,5,487.5063,536.3904,484.4937,3.0126,0.0,5.0,5.014,8960,4,0,0,0.9867,0,0,0,0,0,0
main,CSDVRP-M-n50-s1,M,50,1,base,Fixed-small,8,,15,1519.3572,1718.5004,1513.4669,5.8903,0.0,15.0,15.063,3178,16,0,0,0.994,0,0,0,0,0,0
case,CSDVRP-CS-Riyadh,case,30,0,base,Fixed-small,8,,30,425.1377,711.0291,419.5582,5.5796,0.0,30.0,30.056,17290,4,0,0,0.964,0,0,0,0,0,0
main,CSDVRP-L-n75-s1,L,75,1,base,Marginal-9,5,1,25,2095.9561,2408.8056,2044.4045,6.5516,45.0,25.031,25.092,1100,23,3,3,1.0,0,0,0,0,0,0
main,CSDVRP-L-n100-s3,L,100,3,base,DRL-ALNS,9,5,35,2806.5596,3095.0715,2795.232,11.3275,0.0,35.031,35.121,510,33,0,0,0.988,0,0,0,0,0,0
exact,CSDVRP-S-n10-s3,S,10,3,base,VNS-9,3,,5,398.3934,456.2198,394.9219,3.4715,0.0,5.0,5.014,14954,3,0,0,0.9427,0,0,0,0,0,0
main,CSDVRP-XL-n150-s5,XL,150,5,base,VNS-9,0,,50,3897.6655,4291.4727,3880.2748,17.3907,0.0,50.016,50.127,1508,45,0,0,0.9987,0,0,0,0,0,0
main,CSDVRP-M-n50-s0,M,50,0,base,Roulette-9,0,,15,1712.966,1986.2853,1705.7308,7.2352,0.0,15.0,15.042,1925,16,0,0,0.986,0,0,0,0,0,0
main,CSDVRP-M-n30-s1,M,30,1,base,VNS-9,7,,10,1050.3053,1231.1888,1031.6902,3.6151,15.0,10.0,10.011,3563,10,1,1,1.0,0,0,0,0,0,0
exact,CSDVRP-S-n10-s5,S,10,5,base,Roulette-9,9,,5,454.5993,485.8354,450.6688,3.9305,0.0,5.0,5.014,12729,3,0,0,0.956,0,0,0,0,0,0
exact,CSDVRP-S-n8-s4,S,8,4,base,ALNS+,7,,5,359.1905,397.2233,357.0731,2.1174,0.0,5.0,4.999,16956,3,0,0,0.8793,0,0,0,0,0,0
main,CSDVRP-XL-n150-s3,XL,150,3,base,DRL-ALNS,0,1,50,3948.1665,4237.9876,3932.765,15.4015,0.0,50.062,50.198,775,48,0,0,0.9993,0,0,0,0,0,0
main,CSDVRP-XL-n150-s3,XL,150,3,base,Roulette-9,9,,50,3814.4984,4237.9876,3801.0957,13.4026,0.0,50.0,50.103,1817,44,0,0,0.9973,0,0,0,0,0,0
main,CSDVRP-S-n15-s3,S,15,3,base,Random-9,0,,5,601.4006,692.2972,597.8561,3.5445,0.0,5.0,5.021,6901,6,0,0,0.998,0,0,0,0,0,0
main,CSDVRP-M-n30-s1,M,30,1,base,DRL-VNS,9,5,10,1031.5482,1231.1888,1027.1043,4.4439,0.0,10.0,10.029,2741,10,0,0,0.98,0,0,0,0,0,0
main,CSDVRP-S-n20-s3,S,20,3,base,VNS,2,,6,691.2399,797.0264,687.1116,4.1284,0.0,6.0,5.999,4174,7,0,0,0.9707,0,0,0,0,0,0
exact,CSDVRP-S-n8-s4,S,8,4,base,Roulette-9,8,,5,360.1059,397.2233,357.0731,3.0328,0.0,5.0,5.013,16071,3,0,0,0.8793,0,0,0,0,0,0
exact,CSDVRP-S-n10-s4,S,10,4,base,Marginal-9,3,4,5,387.4582,460.8567,384.9244,2.5338,0.0,5.0,4.998,16170,3,0,0,0.98,0,0,0,0,0,0
exact,CSDVRP-S-n6-s2,S,6,2,base,Marginal-9,2,3,5,330.7872,334.9047,328.2873,2.4999,0.0,5.0,4.997,18394,3,0,0,0.8567,0,0,0,0,0,0
main,CSDVRP-M-n50-s5,M,50,5,base,Fixed-small,2,,15,1684.0573,1904.3598,1646.9692,7.088,30.0,15.0,15.034,2339,16,1,2,1.0,0,0,0,0,0,0
main,CSDVRP-M-n50-s4,M,50,4,base,Fixed-small,2,,15,1669.4379,1919.2804,1663.808,5.6299,0.0,15.0,15.062,3060,17,0,0,0.984,0,0,0,0,0,0
main,CSDVRP-L-n75-s4,L,75,4,base,DRL-ALNS,1,2,25,2233.5309,2460.454,2224.3619,9.169,0.0,25.016,25.048,895,24,0,0,0.9996,0,0,0,0,0,0
main,CSDVRP-L-n75-s0,L,75,0,base,Random-9,4,,25,2443.3005,2688.4285,2404.6185,8.6819,30.0,25.016,25.089,1079,24,1,2,1.0,0,0,0,0,0,0
exact,CSDVRP-S-n6-s2,S,6,2,base,Marginal-9,5,1,5,330.7872,334.9047,328.2873,2.4999,0.0,5.0,5.007,18294,3,0,0,0.8567,0,0,0,0,0,0
exact,CSDVRP-S-n6-s4,S,6,4,base,Marginal-9,4,5,5,307.1905,316.7228,305.135,2.0555,0.0,5.0,5.014,19105,3,0,0,0.906,0,0,0,0,0,0
exact,CSDVRP-S-n12-s1,S,12,1,base,VNS,9,,5,511.4838,602.7068,507.9062,3.5776,0.0,5.0,5.03,8578,4,0,0,0.994,0,0,0,0,0,0
main,CSDVRP-L-n75-s4,L,75,4,base,VNS-9,2,,25,2235.4579,2460.454,2199.7094,5.7484,30.0,25.0,25.082,1055,24,2,2,1.0,0,0,0,0,0,0
main,CSDVRP-M-n50-s3,M,50,3,base,Fixed-small,8,,15,1399.255,1746.7745,1392.5811,6.6739,0.0,15.0,15.029,3757,15,0,0,0.994,0,0,0,0,0,0
exact,CSDVRP-S-n6-s1,S,6,1,base,Roulette-9,3,,5,341.7876,362.2464,340.1093,1.6783,0.0,5.0,5.009,21199,3,0,0,0.926,0,0,0,0,0,0
main,CSDVRP-S-n20-s4,S,20,4,base,VNS,5,,6,719.4697,798.0501,715.5041,3.9656,0.0,6.0,6.012,4644,7,0,0,0.986,0,0,0,0,0,0
exact,CSDVRP-S-n10-s4,S,10,4,base,Random-9,3,,5,387.4582,460.8567,384.9244,2.5338,0.0,5.0,4.999,16787,3,0,0,0.98,0,0,0,0,0,0
main,CSDVRP-XL-n150-s2,XL,150,2,base,Marginal-9,4,5,50,4095.4072,4545.4892,4005.1802,15.227,75.0,50.031,50.142,1360,45,3,5,1.0,0,0,0,0,0,0
main,CSDVRP-S-n15-s0,S,15,0,base,Fixed-small,1,,5,606.5233,666.3141,602.2712,4.2521,0.0,5.0,4.993,9423,5,0,0,0.9927,0,0,0,0,0,0
main,CSDVRP-S-n15-s4,S,15,4,base,VNS-9,7,,5,585.7427,624.2332,582.2908,3.4519,0.0,5.0,5.013,7461,6,0,0,0.9347,0,0,0,0,0,0
main,CSDVRP-L-n75-s1,L,75,1,base,Random-9,6,,25,2146.1191,2408.8056,2093.9566,7.1625,45.0,25.016,25.034,1097,23,2,3,1.0,0,0,0,0,0,0
exact,CSDVRP-S-n6-s1,S,6,1,base,ALNS+,9,,5,341.7876,362.2464,340.1093,1.6783,0.0,5.0,5.008,21962,3,0,0,0.926,0,0,0,0,0,0
main,CSDVRP-M-n50-s5,M,50,5,base,Roulette-9,4,,15,1628.9012,1904.3598,1605.5947,8.3065,15.0,15.0,15.059,2031,15,1,1,1.0,0,0,0,0,0,0
main,CSDVRP-XL-n150-s3,XL,150,3,base,Roulette-9,2,,50,3813.4116,4237.9876,3797.8001,15.6115,0.0,50.0,50.064,1812,44,0,0,1.0,0,0,0,0,0,0
exact,CSDVRP-S-n8-s1,S,8,1,base,DRL-VNS,0,1,5,335.8429,376.3954,333.6723,2.1706,0.0,5.0,5.026,7623,3,0,0,0.9073,0,0,0,0,0,0
exact,CSDVRP-S-n8-s4,S,8,4,base,DRL-ALNS,0,1,5,359.1905,397.2233,357.0731,2.1174,0.0,5.0,4.998,6468,3,0,0,0.8793,0,0,0,0,0,0
exact,CSDVRP-S-n6-s2,S,6,2,base,DRL-ALNS,1,2,5,330.2083,334.9047,328.2873,1.921,0.0,5.0,5.014,6657,3,0,0,0.8567,0,0,0,0,0,0
main,CSDVRP-M-n30-s5,M,30,5,base,Marginal-9,7,3,10,1123.5828,1247.2838,1103.0889,5.4939,15.0,10.0,10.045,3510,10,1,1,1.0,0,0,0,0,0,0
main,CSDVRP-S-n15-s4,S,15,4,base,Marginal-9,0,1,5,585.7427,624.2332,582.2908,3.4519,0.0,5.0,5.015,7082,6,0,0,0.9347,0,0,0,0,0,0
main,CSDVRP-S-n15-s5,S,15,5,base,ALNS+,1,,5,668.2959,800.4223,664.0584,4.2375,0.0,5.0,4.998,8185,6,0,0,0.998,0,0,0,0,0,0
exact,CSDVRP-S-n8-s3,S,8,3,base,Roulette-9,1,,5,339.8466,351.7127,337.5902,2.2564,0.0,5.0,5.014,16732,3,0,0,0.9567,0,0,0,0,0,0
exact,CSDVRP-S-n6-s4,S,6,4,base,Random-9,7,,5,307.3738,316.7228,305.135,2.2389,0.0,5.0,4.998,19726,3,0,0,0.906,0,0,0,0,0,0
main,CSDVRP-XL-n150-s1,XL,150,1,base,DRL-VNS,6,2,50,4256.1738,4744.1508,4226.4242,14.7495,15.0,50.062,50.269,1729,45,1,1,1.0,0,0,0,0,0,0
main,CSDVRP-S-n15-s0,S,15,0,base,Roulette-9,7,,5,606.5233,666.3141,602.2712,4.2521,0.0,5.0,4.989,7304,5,0,0,0.9927,0,0,0,0,0,0
main,CSDVRP-L-n75-s4,L,75,4,base,ALNS+,0,,25,2283.2355,2460.454,2274.5603,8.6751,0.0,25.0,25.076,864,27,0,0,1.0,0,0,0,0,0,0
main,CSDVRP-S-n20-s5,S,20,5,base,DRL-ALNS,8,4,6,763.1659,865.7,758.6853,4.4806,0.0,6.0,6.015,4119,7,0,0,0.9947,0,0,0,0,0,0
main,CSDVRP-S-n20-s0,S,20,0,base,Random-9,2,,6,756.2207,835.2978,752.4896,3.7311,0.0,6.0,5.999,5119,7,0,0,0.9987,0,0,0,0,0,0
main,CSDVRP-S-n15-s4,S,15,4,base,DRL-ALNS,6,2,5,602.9731,624.2332,584.1074,3.8657,15.0,5.0,5.013,4318,5,1,1,1.0,0,0,0,0,0,0
main,CSDVRP-L-n100-s1,L,100,1,base,ALNS+,9,,35,2881.9198,3146.4881,2868.5468,13.373,0.0,35.047,35.175,552,34,0,0,0.9968,0,0,0,0,0,0
main,CSDVRP-L-n75-s2,L,75,2,base,Marginal-9,3,4,25,2114.1847,2442.0216,2104.7225,9.4622,0.0,25.031,25.136,1143,23,0,0,0.9928,0,0,0,0,0,0
main,CSDVRP-L-n75-s2,L,75,2,base,DRL-ALNS,0,1,25,2208.8796,2442.0216,2123.0263,10.8534,75.0,25.0,25.085,832,22,4,5,1.0,0,0,0,0,0,0
main,CSDVRP-M-n30-s4,M,30,4,base,VNS-9,3,,10,926.1273,1151.8487,921.3091,4.8182,0.0,10.0,10.004,3974,10,0,0,0.99,0,0,0,0,0,0
main,CSDVRP-L-n75-s1,L,75,1,base,Marginal-9,7,3,25,2102.587,2408.8056,2036.57,6.017,60.0,25.016,25.096,1150,23,3,4,1.0,0,0,0,0,0,0
main,CSDVRP-XL-n150-s0,XL,150,0,base,Fixed-small,4,,50,4339.6042,5021.4451,4296.2134,13.3908,30.0,50.0,50.093,2595,47,2,2,1.0,0,0,0,0,0,0
main,CSDVRP-S-n20-s4,S,20,4,base,Marginal-9,6,2,6,719.4697,798.0501,715.5041,3.9656,0.0,6.0,5.99,4934,7,0,0,0.986,0,0,0,0,0,0
exact,CSDVRP-S-n6-s4,S,6,4,base,ALNS+,1,,5,307.1905,316.7228,305.135,2.0555,0.0,5.0,5.044,20157,3,0,0,0.906,0,0,0,0,0,0
main,CSDVRP-S-n15-s4,S,15,4,base,VNS-9,2,,5,585.7427,624.2332,582.2908,3.4519,0.0,5.0,5.014,7341,6,0,0,0.9347,0,0,0,0,0,0
exact,CSDVRP-S-n12-s3,S,12,3,base,Roulette-9,5,,5,522.4878,589.3086,503.6872,3.8005,15.0,5.0,5.03,12029,4,1,1,1.0,0,0,0,0,0,0
main,CSDVRP-L-n100-s4,L,100,4,base,Random-9,0,,35,2925.0824,3371.4529,2914.0825,10.9999,0.0,35.062,35.159,719,31,0,0,1.0,0,0,0,0,0,0
exact,CSDVRP-S-n6-s1,S,6,1,base,Fixed-small,7,,5,341.7876,362.2464,340.1093,1.6783,0.0,5.0,4.993,22471,3,0,0,0.926,0,0,0,0,0,0
main,CSDVRP-M-n50-s0,M,50,0,base,ALNS+,0,,15,1729.193,1986.2853,1706.1523,8.0407,15.0,15.0,15.078,1895,16,1,1,1.0,0,0,0,0,0,0
main,CSDVRP-L-n100-s3,L,100,3,base,Random-9,0,,35,2697.5476,3095.0715,2685.5369,12.0107,0.0,35.031,35.131,723,31,0,0,0.996,0,0,0,0,0,0
exact,CSDVRP-S-n12-s3,S,12,3,base,Random-9,7,,5,522.4878,589.3086,503.6872,3.8005,15.0,5.0,5.019,12270,4,1,1,1.0,0,0,0,0,0,0
main,CSDVRP-M-n30-s4,M,30,4,base,DRL-VNS,2,3,10,926.5915,1151.8487,921.3091,5.2824,0.0,10.0,10.043,3528,10,0,0,0.99,0,0,0,0,0,0
main,CSDVRP-XL-n150-s1,XL,150,1,base,Marginal-9,0,1,50,4384.0585,4744.1508,4232.5944,16.4641,135.0,50.0,50.183,1476,45,5,9,1.0,0,0,0,0,0,0
exact,CSDVRP-S-n10-s2,S,10,2,base,Random-9,7,,5,391.6922,436.4179,389.0812,2.6111,0.0,5.0,5.047,17436,3,0,0,0.9787,0,0,0,0,0,0
main,CSDVRP-L-n75-s3,L,75,3,base,Fixed-small,3,,25,2097.8534,2332.9982,2031.2162,6.6372,60.0,25.016,25.071,1819,23,2,4,1.0,0,0,0,0,0,0
main,CSDVRP-XL-n150-s1,XL,150,1,base,ALNS+,6,,50,4363.2186,4744.1508,4347.5339,15.6847,0.0,50.062,50.175,724,48,0,0,0.9993,0,0,0,0,0,0
main,CSDVRP-M-n30-s2,M,30,2,base,VNS-9,7,,10,945.6669,1162.4183,941.8287,3.8382,0.0,10.0,10.047,3663,10,0,0,0.9865,0,0,0,0,0,0
main,CSDVRP-XL-n150-s5,XL,150,5,base,VNS,7,,50,3877.4964,4291.4727,3859.8496,17.6468,0.0,50.0,50.082,1305,45,0,0,0.998,0,0,0,0,0,0
main,CSDVRP-M-n30-s2,M,30,2,base,Fixed-small,3,,10,945.7392,1162.4183,941.8287,3.9105,0.0,10.0,9.99,4483,10,0,0,0.9865,0,0,0,0,0,0
exact,CSDVRP-S-n10-s5,S,10,5,base,ALNS+,0,,5,454.5993,485.8354,450.6688,3.9305,0.0,5.0,5.03,13937,3,0,0,0.956,0,0,0,0,0,0
main,CSDVRP-L-n75-s2,L,75,2,base,DRL-ALNS,5,1,25,2225.9205,2442.0216,2216.5647,9.3558,0.0,25.031,25.065,863,24,0,0,0.9868,0,0,0,0,0,0
main,CSDVRP-S-n15-s1,S,15,1,base,DRL-ALNS,1,2,5,591.2799,675.8866,586.7939,4.486,0.0,5.0,4.994,4335,5,0,0,0.9987,0,0,0,0,0,0
main,CSDVRP-S-n15-s2,S,15,2,base,VNS,6,,5,604.4369,645.109,602.0225,2.4144,0.0,5.0,4.998,5261,6,0,0,0.9953,0,0,0,0,0,0
exact,CSDVRP-S-n10-s2,S,10,2,base,Roulette-9,8,,5,391.6922,436.4179,389.0812,2.6111,0.0,5.0,5.013,16406,3,0,0,0.9787,0,0,0,0,0,0
main,CSDVRP-S-n15-s4,S,15,4,base,VNS-9,8,,5,585.7427,624.2332,582.2908,3.4519,0.0,5.0,4.999,7489,6,0,0,0.9347,0,0,0,0,0,0
main,CSDVRP-L-n100-s3,L,100,3,base,Random-9,7,,35,2726.9413,3095.0715,2716.3675,10.5739,0.0,35.047,35.103,757,31,0,0,0.9936,0,0,0,0,0,0
main,CSDVRP-M-n30-s1,M,30,1,base,Marginal-9,5,1,10,1031.4688,1231.1888,1027.1043,4.3646,0.0,10.0,10.005,3202,10,0,0,0.98,0,0,0,0,0,0
exact,CSDVRP-S-n6-s5,S,6,5,base,Random-9,7,,5,347.3173,347.7063,345.0582,2.2591,0.0,5.0,5.087,25035,3,0,0,0.9907,0,0,0,0,0,0
main,CSDVRP-M-n30-s2,M,30,2,base,DRL-ALNS,5,1,10,951.111,1162.4183,947.4171,3.6939,0.0,10.0,10.031,3532,10,0,0,0.9865,0,0,0,0,0,0
main,CSDVRP-M-n30-s5,M,30,5,base,DRL-VNS,0,1,10,1128.6575,1247.2838,1123.3823,5.2752,0.0,10.0,10.029,3394,10,0,0,0.9905,0,0,0,0,0,0
main,CSDVRP-S-n20-s4,S,20,4,base,VNS-9,3,,6,719.4697,798.0501,715.5041,3.9656,0.0,6.0,6.012,4749,7,0,0,0.986,0,0,0,0,0,0
exact,CSDVRP-S-n10-s5,S,10,5,base,ALNS+,1,,5,454.5993,485.8354,450.6688,3.9305,0.0,5.0,5.013,13946,3,0,0,0.956,0,0,0,0,0,0
main,CSDVRP-L-n75-s3,L,75,3,base,Random-9,7,,25,2101.1847,2332.9982,2094.8815,6.3032,0.0,25.0,25.09,1096,24,0,0,0.9956,0,0,0,0,0,0
main,CSDVRP-L-n75-s5,L,75,5,base,DRL-ALNS,8,4,25,2180.5233,2327.4464,2170.6641,9.8592,0.0,25.0,25.062,981,24,0,0,0.9984,0,0,0,0,0,0
exact,CSDVRP-S-n6-s5,S,6,5,base,Roulette-9,8,,5,347.3173,347.7063,345.0582,2.2591,0.0,5.0,4.997,23392,3,0,0,0.9907,0,0,0,0,0,0
main,CSDVRP-S-n15-s5,S,15,5,base,DRL-VNS,6,2,5,666.5148,800.4223,662.7682,3.7467,0.0,5.0,5.014,5163,5,0,0,0.9993,0,0,0,0,0,0
main,CSDVRP-L-n75-s4,L,75,4,base,DRL-VNS,0,1,25,2211.4027,2460.454,2202.9605,8.4422,0.0,25.062,25.186,932,24,0,0,0.998,0,0,0,0,0,0
exact,CSDVRP-S-n10-s1,S,10,1,base,DRL-ALNS,9,5,5,394.7924,479.2322,392.2685,2.5239,0.0,5.0,5.028,5053,4,0,0,0.9253,0,0,0,0,0,0
main,CSDVRP-L-n100-s3,L,100,3,base,ALNS+,4,,35,2798.1923,3095.0715,2784.3497,13.8426,0.0,35.062,35.213,515,31,0,0,0.99,0,0,0,0,0,0
main,CSDVRP-S-n15-s5,S,15,5,base,Marginal-9,9,5,5,666.5148,800.4223,662.7682,3.7467,0.0,5.0,4.985,8663,5,0,0,0.9993,0,0,0,0,0,0
main,CSDVRP-M-n50-s2,M,50,2,base,Roulette-9,4,,15,1467.8485,1677.4231,1462.0673,5.7812,0.0,15.0,15.046,1940,16,0,0,0.9985,0,0,0,0,0,0
exact,CSDVRP-S-n12-s5,S,12,5,base,ALNS+,4,,5,521.0601,535.5205,517.6832,3.3769,0.0,5.0,5.028,10940,4,0,0,0.978,0,0,0,0,0,0
main,CSDVRP-L-n100-s1,L,100,1,base,ALNS+,5,,35,2895.5081,3146.4881,2883.0908,12.4173,0.0,35.016,35.31,574,33,0,0,0.9996,0,0,0,0,0,0
main,CSDVRP-M-n50-s5,M,50,5,base,Roulette-9,0,,15,1632.5348,1904.3598,1624.8472,7.6876,0.0,15.0,15.174,2149,16,0,0,0.998,0,0,0,0,0,0
main,CSDVRP-S-n15-s5,S,15,5,base,Marginal-9,5,1,5,666.5148,800.4223,662.7682,3.7467,0.0,5.0,5.041,9194,5,0,0,0.9993,0,0,0,0,0,0
main,CSDVRP-S-n20-s4,S,20,4,base,VNS,3,,6,719.4697,798.0501,715.5041,3.9656,0.0,6.0,5.998,4859,7,0,0,0.986,0,0,0,0,0,0
main,CSDVRP-S-n15-s0,S,15,0,base,VNS,1,,5,606.5233,666.3141,602.2712,4.2521,0.0,5.0,5.015,6567,5,0,0,0.9927,0,0,0,0,0,0
main,CSDVRP-L-n100-s2,L,100,2,base,VNS-9,8,,35,2796.5514,3167.7225,2784.9195,11.6319,0.0,35.047,35.318,819,30,0,0,0.9916,0,0,0,0,0,0
main,CSDVRP-XL-n150-s3,XL,150,3,base,Marginal-9,4,5,50,3848.2592,4237.9876,3832.689,15.5702,0.0,50.0,50.294,1473,44,0,0,0.9967,0,0,0,0,0,0
main,CSDVRP-S-n20-s3,S,20,3,base,VNS,9,,6,691.2399,797.0264,687.1116,4.1284,0.0,6.0,6.083,4574,7,0,0,0.9707,0,0,0,0,0,0
main,CSDVRP-L-n100-s1,L,100,1,base,DRL-ALNS,8,4,35,2806.0405,3146.4881,2792.7049,13.3356,0.0,35.0,35.187,640,31,0,0,0.9996,0,0,0,0,0,0
exact,CSDVRP-S-n10-s2,S,10,2,base,DRL-ALNS,3,4,5,391.6922,436.4179,389.0812,2.6111,0.0,5.0,5.043,6872,3,0,0,0.9787,0,0,0,0,0,0
exact,CSDVRP-S-n12-s3,S,12,3,base,DRL-VNS,0,1,5,522.4878,589.3086,503.6872,3.8005,15.0,5.0,4.997,6385,4,1,1,1.0,0,0,0,0,0,0
main,CSDVRP-XL-n150-s5,XL,150,5,base,VNS-9,4,,50,3974.6072,4291.4727,3927.778,16.8291,30.0,50.031,50.427,1571,46,1,2,1.0,0,0,0,0,0,0
exact,CSDVRP-S-n12-s2,S,12,2,base,Random-9,8,,5,460.175,518.4642,458.0808,2.0942,0.0,5.0,5.022,14690,4,0,0,0.998,0,0,0,0,0,0
main,CSDVRP-L-n100-s0,L,100,0,base,DRL-VNS,0,1,35,3098.0196,3458.8862,3085.5332,12.4865,0.0,35.109,35.345,733,32,0,0,0.9996,0,0,0,0,0,0
main,CSDVRP-L-n100-s1,L,100,1,base,VNS-9,6,,35,2717.0523,3146.4881,2661.8993,10.153,45.0,35.031,35.223,832,29,2,3,1.0,0,0,0,0,0,0
exact,CSDVRP-S-n6-s3,S,6,3,base,ALNS+,6,,5,230.2731,253.5784,228.5871,1.686,0.0,5.0,5.049,29954,2,0,0,0.9873,0,0,0,0,0,0
main,CSDVRP-L-n100-s2,L,100,2,base,VNS-9,2,,35,2795.5533,3167.7225,2769.5271,11.0262,15.0,35.016,35.254,813,30,1,1,1.0,0,0,0,0,0,0
main,CSDVRP-L-n100-s3,L,100,3,base,Roulette-9,2,,35,2735.1921,3095.0715,2694.7274,10.4647,30.0,35.031,35.34,887,31,1,2,1.0,0,0,0,0,0,0
main,CSDVRP-L-n75-s0,L,75,0,base,DRL-ALNS,7,3,25,2457.6353,2688.4285,2446.2861,11.3491,0.0,25.016,25.124,868,25,0,0,0.9984,0,0,0,0,0,0
main,CSDVRP-S-n15-s5,S,15,5,base,ALNS+,9,,5,683.8499,800.4223,664.9844,3.8654,15.0,5.0,5.007,9232,5,1,1,1.0,0,0,0,0,0,0
exact,CSDVRP-S-n12-s1,S,12,1,base,Marginal-9,2,3,5,511.4838,602.7068,507.9062,3.5776,0.0,5.0,5.045,11603,4,0,0,0.994,0,0,0,0,0,0
exact,CSDVRP-S-n6-s1,S,6,1,base,ALNS+,6,,5,341.7876,362.2464,340.1093,1.6783,0.0,5.0,5.014,24382,3,0,0,0.926,0,0,0,0,0,0
exact,CSDVRP-S-n10-s5,S,10,5,base,Marginal-9,5,1,5,454.5993,485.8354,450.6688,3.9305,0.0,5.0,5.03,13993,3,0,0,0.956,0,0,0,0,0,0
main,CSDVRP-M-n30-s2,M,30,2,base,VNS,5,,10,955.3895,1162.4183,937.8256,2.5639,15.0,10.0,10.045,4032,10,1,1,1.0,0,0,0,0,0,0
exact,CSDVRP-S-n8-s2,S,8,2,base,VNS-9,3,,5,344.8888,398.3755,342.4078,2.481,0.0,5.0,4.997,18716,3,0,0,0.8753,0,0,0,0,0,0
main,CSDVRP-L-n75-s3,L,75,3,base,VNS-9,3,,25,2102.3855,2332.9982,2097.2802,5.1053,0.0,25.016,25.113,1264,24,0,0,0.996,0,0,0,0,0,0
exact,CSDVRP-S-n6-s2,S,6,2,base,VNS-9,2,,5,330.7872,334.9047,328.2873,2.4999,0.0,5.0,5.056,21491,3,0,0,0.8567,0,0,0,0,0,0
exact,CSDVRP-S-n6-s2,S,6,2,base,DRL-ALNS,9,5,5,330.2083,334.9047,328.2873,1.921,0.0,5.0,5.015,7433,3,0,0,0.8567,0,0,0,0,0,0
exact,CSDVRP-S-n12-s5,S,12,5,base,VNS-9,0,,5,521.0601,535.5205,517.6832,3.3769,0.0,5.0,5.014,11301,4,0,0,0.978,0,0,0,0,0,0
main,CSDVRP-M-n30-s4,M,30,4,base,Fixed-small,4,,10,947.1837,1151.8487,942.7083,4.4754,0.0,10.0,10.048,5841,10,0,0,0.994,0,0,0,0,0,0
exact,CSDVRP-S-n10-s5,S,10,5,base,ALNS+,8,,5,454.5993,485.8354,450.6688,3.9305,0.0,5.0,5.01,15220,3,0,0,0.956,0,0,0,0,0,0
main,CSDVRP-S-n15-s2,S,15,2,base,DRL-ALNS,4,5,5,604.4369,645.109,602.0225,2.4144,0.0,5.0,5.0,4283,6,0,0,0.9953,0,0,0,0,0,0
exact,CSDVRP-S-n6-s3,S,6,3,base,Marginal-9,8,4,5,230.2731,253.5784,228.5871,1.686,0.0,5.0,5.06,31721,2,0,0,0.9873,0,0,0,0,0,0
exact,CSDVRP-S-n10-s3,S,10,3,base,DRL-ALNS,7,3,5,398.3226,456.2198,394.9219,3.4007,0.0,5.0,5.061,6852,3,0,0,0.9427,0,0,0,0,0,0
exact,CSDVRP-S-n6-s1,S,6,1,base,Fixed-small,1,,5,341.7876,362.2464,340.1093,1.6783,0.0,5.0,5.014,24975,3,0,0,0.926,0,0,0,0,0,0
main,CSDVRP-XL-n150-s2,XL,150,2,base,Roulette-9,3,,50,4017.0112,4545.4892,4001.9638,15.0474,0.0,50.0,50.351,1986,45,0,0,1.0,0,0,0,0,0,0
main,CSDVRP-S-n20-s0,S,20,0,base,Random-9,9,,6,756.2207,835.2978,752.4896,3.7311,0.0,6.0,6.02,5478,7,0,0,0.9987,0,0,0,0,0,0
main,CSDVRP-L-n75-s5,L,75,5,base,Marginal-9,6,2,25,2101.8964,2327.4464,2094.8855,7.0109,0.0,25.031,25.126,1289,23,0,0,0.9992,0,0,0,0,0,0
main,CSDVRP-M-n30-s4,M,30,4,base,Random-9,0,,10,926.1514,1151.8487,921.3091,4.8423,0.0,10.0,10.057,4352,10,0,0,0.99,0,0,0,0,0,0
exact,CSDVRP-S-n10-s2,S,10,2,base,VNS,7,,5,386.2368,436.4179,383.4745,2.7622,0.0,5.0,4.998,16563,3,0,0,0.9893,0,0,0,0,0,0
main,CSDVRP-M-n50-s3,M,50,3,base,VNS-9,5,,15,1398.7807,1746.7745,1392.5811,6.1997,0.0,15.0,15.14,2247,15,0,0,0.994,0,0,0,0,0,0
main,CSDVRP-S-n20-s2,S,20,2,base,VNS,8,,6,670.121,732.8183,667.0092,3.1118,0.0,6.0,5.996,4140,7,0,0,0.9933,0,0,0,0,0,0
main,CSDVRP-S-n15-s2,S,15,2,base,Random-9,4,,5,604.4369,645.109,602.0225,2.4144,0.0,5.0,5.029,7488,6,0,0,0.9953,0,0,0,0,0,0
main,CSDVRP-S-n20-s0,S,20,0,base,Marginal-9,0,1,6,756.3441,835.2978,752.4896,3.8544,0.0,6.0,6.063,5228,7,0,0,0.9987,0,0,0,0,0,0
main,CSDVRP-S-n20-s2,S,20,2,base,DRL-VNS,5,1,6,670.121,732.8183,667.0092,3.1118,0.0,6.0,6.01,3941,7,0,0,0.9933,0,0,0,0,0,0
main,CSDVRP-S-n15-s3,S,15,3,base,DRL-VNS,9,5,5,601.4006,692.2972,597.8561,3.5445,0.0,5.0,5.014,5059,6,0,0,0.998,0,0,0,0,0,0
main,CSDVRP-S-n15-s2,S,15,2,base,VNS,4,,5,604.4369,645.109,602.0225,2.4144,0.0,5.0,5.013,5697,6,0,0,0.9953,0,0,0,0,0,0
main,CSDVRP-L-n75-s1,L,75,1,base,Roulette-9,4,,25,2093.9352,2408.8056,2040.9809,7.9543,45.0,25.0,25.056,1605,22,2,3,1.0,0,0,0,0,0,0
main,CSDVRP-XL-n150-s0,XL,150,0,base,VNS-9,4,,50,4514.53,5021.4451,4436.5073,18.0226,60.0,50.047,50.234,1879,46,3,4,1.0,0,0,0,0,0,0
main,CSDVRP-M-n30-s1,M,30,1,base,Random-9,0,,10,1031.4688,1231.1888,1027.1043,4.3646,0.0,10.0,10.016,3761,10,0,0,0.98,0,0,0,0,0,0
main,CSDVRP-M-n50-s1,M,50,1,base,Fixed-small,5,,15,1526.1731,1718.5004,1505.4401,5.733,15.0,15.0,15.112,3391,16,1,1,1.0,0,0,0,0,0,0
