suite,instance,size_class,n,inst_seed,config,method,run,policy_seed,budget_s,Z_best,Z_init,routing,emission,split,cpu_s,wall_s,iters,routes,split_customers,extra_visits,max_util,demand_viol,cap_viol,n1_viol,n2_viol,dup_visit_viol,zero_qty_stops
family18,CSDVRP-L-n100-s5,L,100,5,base,VNS-18,4,,35,2583.2644,3154.3549,2556.08,12.1844,15.0,35.031,43.065,769,30,1,1,1.0,0,0,0,0,0,0
family18,CSDVRP-S-n12-s2,S,12,2,base,Roulette-18,5,,5,460.175,518.4642,458.0808,2.0942,0.0,5.0,5.455,10938,4,0,0,0.998,0,0,0,0,0,0
family18,CSDVRP-L-n75-s4,L,75,4,base,Marginal-18,6,2,25,2204.4822,2460.454,2197.3601,7.1221,0.0,25.031,27.66,1010,24,0,0,0.998,0,0,0,0,0,0
family18,CSDVRP-L-n75-s3,L,75,3,base,VNS-18,4,,25,2143.9301,2332.9982,2077.6662,6.2639,60.0,25.0,30.475,989,24,3,4,1.0,0,0,0,0,0,0
family18,CSDVRP-L-n75-s4,L,75,4,base,Random-18,3,,25,2221.8087,2460.454,2198.7309,8.0778,15.0,25.0,27.545,1007,24,1,1,0.9996,0,0,0,0,0,0
family18,CSDVRP-S-n20-s2,S,20,2,base,VNS-18,4,,6,670.121,732.8183,667.0092,3.1118,0.0,6.0,6.241,4155,7,0,0,0.9933,0,0,0,0,0,0
family18,CSDVRP-S-n8-s5,S,8,5,base,DRL-VNS18,9,5,5,423.2126,427.0275,419.9371,3.2754,0.0,5.0,5.55,5466,3,0,0,0.894,0,0,0,0,0,0
family18,CSDVRP-S-n6-s4,S,6,4,base,Fixed-dominant,8,,5,307.3738,316.7228,305.135,2.2389,0.0,5.0,5.492,18115,3,0,0,0.906,0,0,0,0,0,0
family18,CSDVRP-S-n10-s4,S,10,4,base,Random-18,5,,5,387.4582,460.8567,384.9244,2.5338,0.0,5.0,5.107,14825,3,0,0,0.98,0,0,0,0,0,0
family18,CSDVRP-M-n50-s3,M,50,3,base,Random-18,7,,15,1398.6023,1746.7745,1392.5811,6.0212,0.0,15.0,15.532,1810,15,0,0,0.994,0,0,0,0,0,0
family18,CSDVRP-M-n30-s1,M,30,1,base,DRL-VNS18,2,3,10,1031.4688,1231.1888,1027.1043,4.3646,0.0,10.0,10.18,2731,10,0,0,0.98,0,0,0,0,0,0
family18,CSDVRP-S-n10-s3,S,10,3,base,DRL-VNS18,8,4,5,398.3226,456.2198,394.9219,3.4007,0.0,5.0,5.098,6193,3,0,0,0.9427,0,0,0,0,0,0
family18,CSDVRP-CS-Riyadh,case,30,0,base,Marginal-18,9,5,30,420.8407,711.0291,415.2538,5.5869,0.0,30.0,30.444,12092,4,0,0,0.982,0,0,0,0,0,0
family18,CSDVRP-M-n50-s4,M,50,4,base,DRL-VNS18,6,2,15,1632.832,1919.2804,1597.6673,5.1647,30.0,15.0,15.249,1995,16,2,2,1.0,0,0,0,0,0,0
family18,CSDVRP-M-n30-s1,M,30,1,base,Marginal-18,9,5,10,1031.4688,1231.1888,1027.1043,4.3646,0.0,10.0,10.603,3403,10,0,0,0.98,0,0,0,0,0,0
family18,CSDVRP-S-n12-s1,S,12,1,base,Roulette-18,3,,5,511.8119,602.7068,507.9062,3.9057,0.0,5.0,5.043,9303,4,0,0,0.994,0,0,0,0,0,0
family18,CSDVRP-S-n8-s3,S,8,3,base,Random-18,4,,5,339.8466,351.7127,337.5902,2.2564,0.0,5.0,5.057,15871,3,0,0,0.9567,0,0,0,0,0,0
family18,CSDVRP-XL-n150-s3,XL,150,3,base,Fixed-dominant,8,,50,3857.9042,4237.9876,3842.709,15.1952,0.0,50.016,50.849,1232,45,0,0,0.9953,0,0,0,0,0,0
family18,CSDVRP-L-n75-s1,L,75,1,base,Marginal-18,6,2,25,2130.4338,2408.8056,2063.2641,7.1697,60.0,25.016,25.735,1161,23,4,4,1.0,0,0,0,0,0,0
family18,CSDVRP-L-n100-s4,L,100,4,base,VNS-18,2,,35,2962.5133,3371.4529,2918.6471,13.8662,30.0,35.078,35.61,716,31,1,2,1.0,0,0,0,0,0,0
family18,CSDVRP-S-n20-s4,S,20,4,base,Roulette-18,8,,6,719.4697,798.0501,715.5041,3.9656,0.0,6.0,6.094,4774,7,0,0,0.986,0,0,0,0,0,0
family18,CSDVRP-L-n100-s4,L,100,4,base,DRL-VNS18,4,5,35,2989.0037,3371.4529,2916.6836,12.3202,60.0,35.0,35.826,641,31,3,4,1.0,0,0,0,0,0,0
family18,CSDVRP-S-n8-s5,S,8,5,base,DRL-VNS18,8,4,5,423.2126,427.0275,419.9371,3.2754,0.0,5.0,5.087,6217,3,0,0,0.894,0,0,0,0,0,0
family18,CSDVRP-M-n50-s1,M,50,1,base,Roulette-18,3,,15,1536.6398,1718.5004,1515.8382,5.8016,15.0,15.0,15.202,1643,16,1,1,1.0,0,0,0,0,0,0
family18,CSDVRP-S-n8-s4,S,8,4,base,Random-18,9,,5,360.1059,397.2233,357.0731,3.0328,0.0,5.0,5.042,15451,3,0,0,0.8793,0,0,0,0,0,0
family18,CSDVRP-S-n20-s5,S,20,5,base,Marginal-18,6,2,6,763.1659,865.7,758.6853,4.4806,0.0,6.0,6.094,5371,7,0,0,0.9947,0,0,0,0,0,0
family18,CSDVRP-S-n15-s5,S,15,5,base,Marginal-18,4,5,5,666.5148,800.4223,662.7682,3.7467,0.0,5.0,5.043,7988,5,0,0,0.9993,0,0,0,0,0,0
family18,CSDVRP-L-n100-s3,L,100,3,base,Fixed-dominant,1,,35,2688.6712,3095.0715,2677.9593,10.7119,0.0,35.016,35.824,703,31,0,0,1.0,0,0,0,0,0,0
family18,CSDVRP-M-n30-s3,M,30,3,base,VNS-18,1,,10,969.1696,1099.7766,965.9069,3.2627,0.0,10.0,10.208,3932,10,0,0,0.988,0,0,0,0,0,0
family18,CSDVRP-S-n10-s1,S,10,1,base,Random-18,7,,5,394.7924,479.2322,392.2685,2.5239,0.0,5.0,5.054,9261,4,0,0,0.9253,0,0,0,0,0,0
family18,CSDVRP-S-n10-s4,S,10,4,base,Fixed-dominant,7,,5,387.7762,460.8567,384.9244,2.8518,0.0,5.0,4.998,15964,3,0,0,0.98,0,0,0,0,0,0
family18,CSDVRP-S-n15-s1,S,15,1,base,Roulette-18,6,,5,599.4153,675.8866,596.1341,3.2813,0.0,5.0,5.107,5586,6,0,0,0.9,0,0,0,0,0,0
family18,CSDVRP-XL-n150-s2,XL,150,2,base,Roulette-18,2,,50,3983.6624,4545.4892,3967.9939,15.6685,0.0,50.062,50.836,834,45,0,0,1.0,0,0,0,0,0,0
family18,CSDVRP-S-n12-s3,S,12,3,base,Fixed-dominant,1,,5,522.5237,589.3086,503.6872,3.8364,15.0,5.0,5.033,10575,4,1,1,1.0,0,0,0,0,0,0
family18,CSDVRP-S-n20-s3,S,20,3,base,VNS-18,8,,6,714.5796,797.0264,695.6625,3.9171,15.0,6.0,6.138,4858,7,1,1,1.0,0,0,0,0,0,0
family18,CSDVRP-M-n30-s0,M,30,0,base,Random-18,7,,10,1092.964,1303.6377,1089.1614,3.8025,0.0,10.0,10.296,3523,11,0,0,0.997,0,0,0,0,0,0
family18,CSDVRP-XL-n150-s0,XL,150,0,base,VNS-18,1,,50,4368.4116,5021.4451,4349.433,18.9786,0.0,50.016,50.904,953,46,0,0,0.9997,0,0,0,0,0,0
family18,CSDVRP-S-n20-s1,S,20,1,base,Fixed-dominant,1,,6,785.6384,908.0268,780.5879,5.0504,0.0,6.0,6.245,5230,7,0,0,0.9833,0,0,0,0,0,0
family18,CSDVRP-L-n75-s2,L,75,2,base,VNS-18,6,,25,2113.7016,2442.0216,2059.3485,9.3531,45.0,25.031,25.47,1109,22,2,3,1.0,0,0,0,0,0,0
family18,CSDVRP-S-n6-s3,S,6,3,base,Roulette-18,1,,5,230.2731,253.5784,228.5871,1.686,0.0,5.0,5.026,24865,2,0,0,0.9873,0,0,0,0,0,0
family18,CSDVRP-L-n100-s4,L,100,4,base,Random-18,4,,35,2936.6514,3371.4529,2907.7303,13.9211,15.0,35.0,35.59,669,31,1,1,1.0,0,0,0,0,0,0
family18,CSDVRP-L-n75-s3,L,75,3,base,Random-18,0,,25,2113.713,2332.9982,2077.6983,6.0148,30.0,25.0,25.806,1036,23,1,2,0.9964,0,0,0,0,0,0
family18,CSDVRP-XL-n150-s0,XL,150,0,base,Random-18,4,,50,4325.3015,5021.4451,4291.9497,18.3518,15.0,50.0,50.706,842,46,1,1,0.9983,0,0,0,0,0,0
family18,CSDVRP-L-n100-s2,L,100,2,base,Roulette-18,5,,35,2829.6863,3167.7225,2818.1696,11.5167,0.0,35.094,35.916,694,30,0,0,0.9976,0,0,0,0,0,0
family18,CSDVRP-S-n12-s3,S,12,3,base,Roulette-18,4,,5,522.4878,589.3086,503.6872,3.8005,15.0,5.0,5.014,10200,4,1,1,1.0,0,0,0,0,0,0
family18,CSDVRP-S-n20-s1,S,20,1,base,Random-18,3,,6,808.7667,908.0268,789.1391,4.6276,15.0,6.0,6.046,4597,7,1,1,1.0,0,0,0,0,0,0
family18,CSDVRP-L-n100-s1,L,100,1,base,Fixed-dominant,7,,35,2651.199,3146.4881,2638.9057,12.2933,0.0,35.047,35.831,709,29,0,0,0.9984,0,0,0,0,0,0
family18,CSDVRP-L-n100-s5,L,100,5,base,Fixed-dominant,4,,35,2589.4218,3154.3549,2575.661,13.7608,0.0,35.016,35.673,647,30,0,0,0.9992,0,0,0,0,0,0
family18,CSDVRP-L-n75-s1,L,75,1,base,Roulette-18,5,,25,2095.8895,2408.8056,2074.2868,6.6027,15.0,25.0,25.436,1183,23,1,1,1.0,0,0,0,0,0,0
family18,CSDVRP-S-n20-s5,S,20,5,base,Fixed-dominant,7,,6,763.2502,865.7,758.6853,4.5649,0.0,6.0,6.126,5939,7,0,0,0.9947,0,0,0,0,0,0
family18,CSDVRP-M-n30-s3,M,30,3,base,Random-18,8,,10,969.1696,1099.7766,965.9069,3.2627,0.0,10.0,10.485,3969,10,0,0,0.988,0,0,0,0,0,0
family18,CSDVRP-S-n10-s4,S,10,4,base,DRL-VNS18,1,2,5,387.4582,460.8567,384.9244,2.5338,0.0,5.0,5.229,6652,3,0,0,0.98,0,0,0,0,0,0
family18,CSDVRP-S-n12-s4,S,12,4,base,DRL-VNS18,0,1,5,487.5063,536.3904,484.4937,3.0126,0.0,5.0,5.087,5463,4,0,0,0.9867,0,0,0,0,0,0
family18,CSDVRP-S-n8-s3,S,8,3,base,Random-18,0,,5,339.8466,351.7127,337.5902,2.2564,0.0,5.0,5.092,15965,3,0,0,0.9567,0,0,0,0,0,0
family18,CSDVRP-S-n15-s0,S,15,0,base,Marginal-18,3,4,5,606.5233,666.3141,602.2712,4.2521,0.0,5.0,5.076,7055,5,0,0,0.9927,0,0,0,0,0,0
family18,CSDVRP-M-n30-s1,M,30,1,base,Random-18,4,,10,1057.3121,1231.1888,1037.9499,4.3622,15.0,10.0,10.172,2959,10,1,1,1.0,0,0,0,0,0,0
family18,CSDVRP-M-n30-s0,M,30,0,base,VNS-18,0,,10,1110.3793,1303.6377,1091.4559,3.9234,15.0,10.0,10.152,3416,11,1,1,0.997,0,0,0,0,0,0
family18,CSDVRP-XL-n150-s1,XL,150,1,base,Marginal-18,2,3,50,4229.3938,4744.1508,4194.5747,19.8191,15.0,50.156,51.301,888,45,1,1,0.9963,0,0,0,0,0,0
family18,CSDVRP-M-n50-s3,M,50,3,base,Fixed-dominant,7,,15,1400.3797,1746.7745,1392.5811,7.7986,0.0,15.0,15.216,1695,15,0,0,0.994,0,0,0,0,0,0
family18,CSDVRP-S-n12-s3,S,12,3,base,Roulette-18,1,,5,522.4878,589.3086,503.6872,3.8005,15.0,5.0,5.083,10473,4,1,1,1.0,0,0,0,0,0,0
family18,CSDVRP-S-n12-s5,S,12,5,base,Fixed-dominant,3,,5,521.0601,535.5205,517.6832,3.3769,0.0,5.0,5.123,9811,4,0,0,0.978,0,0,0,0,0,0
family18,CSDVRP-M-n30-s0,M,30,0,base,Fixed-dominant,9,,10,1093.7182,1303.6377,1088.8964,4.8218,0.0,10.0,10.146,3632,11,0,0,0.997,0,0,0,0,0,0
family18,CSDVRP-S-n20-s3,S,20,3,base,Marginal-18,3,4,6,730.5584,797.0264,696.4671,4.0913,30.0,6.0,6.116,4675,7,2,2,1.0,0,0,0,0,0,0
family18,CSDVRP-S-n10-s1,S,10,1,base,Fixed-dominant,7,,5,395.139,479.2322,392.2685,2.8705,0.0,5.0,5.125,12664,4,0,0,0.9253,0,0,0,0,0,0
family18,CSDVRP-S-n8-s4,S,8,4,base,VNS-18,4,,5,360.1059,397.2233,357.0731,3.0328,0.0,5.0,5.059,15909,3,0,0,0.8793,0,0,0,0,0,0
family18,CSDVRP-S-n15-s2,S,15,2,base,DRL-VNS18,3,4,5,604.4369,645.109,602.0225,2.4144,0.0,5.0,5.105,4049,6,0,0,0.9953,0,0,0,0,0,0
family18,CSDVRP-L-n100-s0,L,100,0,base,DRL-VNS18,9,5,35,3067.5915,3458.8862,3054.5769,13.0145,0.0,35.0,35.815,670,31,0,0,0.9972,0,0,0,0,0,0
family18,CSDVRP-M-n50-s4,M,50,4,base,Roulette-18,7,,15,1650.364,1919.2804,1643.9568,6.4072,0.0,15.0,15.256,1670,16,0,0,0.984,0,0,0,0,0,0
family18,CSDVRP-M-n50-s1,M,50,1,base,DRL-VNS18,1,2,15,1500.4438,1718.5004,1494.5565,5.8873,0.0,15.0,15.242,1881,15,0,0,0.997,0,0,0,0,0,0
family18,CSDVRP-M-n30-s5,M,30,5,base,Marginal-18,8,4,10,1119.8883,1247.2838,1084.6448,5.2435,30.0,10.0,10.112,3770,10,1,2,1.0,0,0,0,0,0,0
family18,CSDVRP-S-n12-s4,S,12,4,base,Random-18,9,,5,487.5063,536.3904,484.4937,3.0126,0.0,5.0,5.169,10649,4,0,0,0.9867,0,0,0,0,0,0
family18,CSDVRP-S-n10-s5,S,10,5,base,Random-18,1,,5,454.5993,485.8354,450.6688,3.9305,0.0,5.0,5.295,11784,3,0,0,0.956,0,0,0,0,0,0
family18,CSDVRP-S-n20-s1,S,20,1,base,Random-18,8,,6,785.2664,908.0268,780.5879,4.6785,0.0,6.0,6.077,4664,7,0,0,0.9833,0,0,0,0,0,0
family18,CSDVRP-S-n12-s3,S,12,3,base,Marginal-18,3,4,5,522.4878,589.3086,503.6872,3.8005,15.0,5.0,5.089,10692,4,1,1,1.0,0,0,0,0,0,0
family18,CSDVRP-L-n75-s2,L,75,2,base,Fixed-dominant,7,,25,2119.1313,2442.0216,2109.3687,9.7626,0.0,25.0,25.293,1015,22,0,0,0.9916,0,0,0,0,0,0
family18,CSDVRP-M-n30-s5,M,30,5,base,DRL-VNS18,6,2,10,1123.8872,1247.2838,1118.3403,5.5469,0.0,10.0,10.281,3334,10,0,0,0.9895,0,0,0,0,0,0
family18,CSDVRP-L-n100-s2,L,100,2,base,Marginal-18,0,1,35,2811.1746,3167.7225,2753.9031,12.2715,45.0,35.016,35.965,669,29,2,3,1.0,0,0,0,0,0,0
family18,CSDVRP-CS-Riyadh,case,30,0,base,Marginal-18,5,1,30,420.1501,711.0291,414.0897,6.0604,0.0,30.0,30.494,12637,4,0,0,0.982,0,0,0,0,0,0
family18,CSDVRP-L-n75-s5,L,75,5,base,VNS-18,2,,25,2107.0065,2327.4464,2085.3399,6.6667,15.0,25.0,25.54,1018,23,1,1,1.0,0,0,0,0,0,0
family18,CSDVRP-S-n15-s4,S,15,4,base,Marginal-18,7,3,5,585.7427,624.2332,582.2908,3.4519,0.0,5.0,5.064,6657,6,0,0,0.9347,0,0,0,0,0,0
family18,CSDVRP-XL-n150-s4,XL,150,4,base,DRL-VNS18,2,3,50,3954.4733,4802.2805,3864.6222,14.8511,75.0,50.0,51.008,783,45,3,5,1.0,0,0,0,0,0,0
family18,CSDVRP-S-n20-s5,S,20,5,base,DRL-VNS18,6,2,6,763.1659,865.7,758.6853,4.4806,0.0,6.0,6.109,3850,7,0,0,0.9947,0,0,0,0,0,0
family18,CSDVRP-S-n8-s3,S,8,3,base,Random-18,8,,5,339.8466,351.7127,337.5902,2.2564,0.0,5.0,5.06,15450,3,0,0,0.9567,0,0,0,0,0,0
family18,CSDVRP-S-n20-s2,S,20,2,base,Marginal-18,0,1,6,670.121,732.8183,667.0092,3.1118,0.0,6.0,6.157,4540,7,0,0,0.9933,0,0,0,0,0,0
family18,CSDVRP-L-n75-s2,L,75,2,base,Fixed-dominant,4,,25,2121.4499,2442.0216,2111.2563,10.1936,0.0,25.016,25.64,1041,22,0,0,0.9932,0,0,0,0,0,0
family18,CSDVRP-M-n50-s0,M,50,0,base,DRL-VNS18,1,2,15,1703.0552,1986.2853,1695.1454,7.9099,0.0,15.0,15.385,1816,16,0,0,0.9865,0,0,0,0,0,0
family18,CSDVRP-M-n50-s5,M,50,5,base,DRL-VNS18,9,5,15,1625.4716,1904.3598,1617.039,8.4326,0.0,15.0,15.237,2028,15,0,0,0.9915,0,0,0,0,0,0
family18,CSDVRP-M-n30-s5,M,30,5,base,Fixed-dominant,2,,10,1130.4354,1247.2838,1123.3845,7.0509,0.0,10.0,10.117,4150,10,0,0,0.9905,0,0,0,0,0,0
family18,CSDVRP-S-n15-s4,S,15,4,base,Marginal-18,0,1,5,585.7427,624.2332,582.2908,3.4519,0.0,5.0,5.058,6810,6,0,0,0.9347,0,0,0,0,0,0
family18,CSDVRP-L-n100-s4,L,100,4,base,Roulette-18,8,,35,2948.4116,3371.4529,2935.9785,12.4331,0.0,35.031,35.711,665,31,0,0,0.9976,0,0,0,0,0,0
family18,CSDVRP-S-n12-s2,S,12,2,base,Fixed-dominant,0,,5,460.8355,518.4642,458.0808,2.7548,0.0,5.0,5.112,13894,4,0,0,0.998,0,0,0,0,0,0
family18,CSDVRP-S-n8-s1,S,8,1,base,DRL-VNS18,7,3,5,335.8429,376.3954,333.6723,2.1706,0.0,5.0,5.075,6778,3,0,0,0.9073,0,0,0,0,0,0
family18,CSDVRP-L-n75-s5,L,75,5,base,DRL-VNS18,1,2,25,2108.9802,2327.4464,2101.9307,7.0495,0.0,25.016,25.399,1147,23,0,0,1.0,0,0,0,0,0,0
family18,CSDVRP-M-n30-s1,M,30,1,base,Roulette-18,4,,10,1037.7677,1231.1888,1033.3823,4.3854,0.0,10.0,10.189,3100,10,0,0,0.988,0,0,0,0,0,0
family18,CSDVRP-S-n15-s5,S,15,5,base,DRL-VNS18,1,2,5,666.5148,800.4223,662.7682,3.7467,0.0,5.0,5.09,4783,5,0,0,0.9993,0,0,0,0,0,0
family18,CSDVRP-S-n15-s5,S,15,5,base,Roulette-18,6,,5,666.5148,800.4223,662.7682,3.7467,0.0,5.0,5.063,7738,5,0,0,0.9993,0,0,0,0,0,0
family18,CSDVRP-S-n10-s3,S,10,3,base,Marginal-18,3,4,5,398.3934,456.2198,394.9219,3.4715,0.0,5.0,5.044,13185,3,0,0,0.9427,0,0,0,0,0,0
family18,CSDVRP-S-n6-s4,S,6,4,base,Roulette-18,2,,5,307.3738,316.7228,305.135,2.2389,0.0,5.0,5.357,17293,3,0,0,0.906,0,0,0,0,0,0
family18,CSDVRP-S-n20-s0,S,20,0,base,Marginal-18,8,4,6,756.2207,835.2978,752.4896,3.7311,0.0,6.0,6.264,4715,7,0,0,0.9987,0,0,0,0,0,0
family18,CSDVRP-L-n75-s5,L,75,5,base,VNS-18,6,,25,2099.1456,2327.4464,2091.2638,7.8818,0.0,25.016,25.425,1012,23,0,0,0.9904,0,0,0,0,0,0
family18,CSDVRP-S-n20-s0,S,20,0,base,Marginal-18,4,5,6,756.3441,835.2978,752.4896,3.8544,0.0,6.0,6.101,4791,7,0,0,0.9987,0,0,0,0,0,0
family18,CSDVRP-L-n75-s4,L,75,4,base,Marginal-18,4,5,25,2201.3886,2460.454,2194.1963,7.1923,0.0,25.031,25.482,1057,24,0,0,0.9996,0,0,0,0,0,0
family18,CSDVRP-M-n30-s0,M,30,0,base,Marginal-18,5,1,10,1092.9389,1303.6377,1089.1614,3.7775,0.0,10.0,10.202,3334,11,0,0,0.997,0,0,0,0,0,0
family18,CSDVRP-S-n6-s1,S,6,1,base,Roulette-18,8,,5,341.7876,362.2464,340.1093,1.6783,0.0,5.0,5.386,20593,3,0,0,0.926,0,0,0,0,0,0
family18,CSDVRP-L-n75-s3,L,75,3,base,Roulette-18,4,,25,2112.2072,2332.9982,2076.3684,5.8388,30.0,25.0,25.361,1125,23,1,2,1.0,0,0,0,0,0,0
family18,CSDVRP-S-n12-s3,S,12,3,base,VNS-18,2,,5,522.4878,589.3086,503.6872,3.8005,15.0,5.0,5.105,10838,4,1,1,1.0,0,0,0,0,0,0
family18,CSDVRP-S-n6-s5,S,6,5,base,DRL-VNS18,6,2,5,347.3173,347.7063,345.0582,2.2591,0.0,5.0,5.121,7530,3,0,0,0.9907,0,0,0,0,0,0
family18,CSDVRP-M-n50-s5,M,50,5,base,Roulette-18,0,,15,1612.2779,1904.3598,1603.9005,8.3773,0.0,15.0,15.2,1793,15,0,0,0.9985,0,0,0,0,0,0
family18,CSDVRP-S-n12-s1,S,12,1,base,Marginal-18,7,3,5,511.8119,602.7068,507.9062,3.9057,0.0,5.0,5.091,9450,4,0,0,0.994,0,0,0,0,0,0
family18,CSDVRP-S-n6-s2,S,6,2,base,Fixed-dominant,5,,5,330.7872,334.9047,328.2873,2.4999,0.0,5.0,5.077,17838,3,0,0,0.8567,0,0,0,0,0,0
family18,CSDVRP-XL-n150-s4,XL,150,4,base,DRL-VNS18,9,5,50,3983.1554,4802.2805,3864.1182,14.0371,105.0,50.031,51.16,988,45,4,7,1.0,0,0,0,0,0,0
family18,CSDVRP-L-n100-s3,L,100,3,base,VNS-18,3,,35,2767.78,3095.0715,2698.8362,8.9438,60.0,35.047,35.605,691,31,3,4,1.0,0,0,0,0,0,0
family18,CSDVRP-L-n100-s0,L,100,0,base,Marginal-18,7,3,35,3086.9005,3458.8862,3075.1366,11.7638,0.0,35.0,35.768,642,31,0,0,0.9988,0,0,0,0,0,0
family18,CSDVRP-M-n30-s2,M,30,2,base,Random-18,7,,10,945.9873,1162.4183,941.8287,4.1586,0.0,10.0,10.221,3241,10,0,0,0.9865,0,0,0,0,0,0
family18,CSDVRP-S-n20-s3,S,20,3,base,VNS-18,1,,6,730.1927,797.0264,696.4671,3.7256,30.0,6.0,6.202,4730,7,2,2,1.0,0,0,0,0,0,0
family18,CSDVRP-S-n20-s2,S,20,2,base,Marginal-18,6,2,6,670.121,732.8183,667.0092,3.1118,0.0,6.0,6.044,4731,7,0,0,0.9933,0,0,0,0,0,0
family18,CSDVRP-L-n100-s3,L,100,3,base,Fixed-dominant,9,,35,2712.3537,3095.0715,2698.8206,13.5331,0.0,35.016,35.701,755,31,0,0,1.0,0,0,0,0,0,0
family18,CSDVRP-S-n20-s5,S,20,5,base,Marginal-18,7,3,6,763.1659,865.7,758.6853,4.4806,0.0,6.0,6.17,5110,7,0,0,0.9947,0,0,0,0,0,0
family18,CSDVRP-S-n10-s3,S,10,3,base,VNS-18,5,,5,398.3934,456.2198,394.9219,3.4715,0.0,5.0,5.09,13747,3,0,0,0.9427,0,0,0,0,0,0
family18,CSDVRP-M-n50-s5,M,50,5,base,DRL-VNS18,6,2,15,1612.2404,1904.3598,1603.9005,8.3399,0.0,15.0,15.275,1960,15,0,0,0.9985,0,0,0,0,0,0
family18,CSDVRP-S-n6-s1,S,6,1,base,DRL-VNS18,0,1,5,341.7876,362.2464,340.1093,1.6783,0.0,5.0,5.077,7296,3,0,0,0.926,0,0,0,0,0,0
family18,CSDVRP-S-n20-s0,S,20,0,base,Marginal-18,9,5,6,756.3441,835.2978,752.4896,3.8544,0.0,6.0,6.062,4758,7,0,0,0.9987,0,0,0,0,0,0
family18,CSDVRP-M-n50-s1,M,50,1,base,Roulette-18,5,,15,1507.75,1718.5004,1502.1886,5.5614,0.0,15.0,15.201,1833,15,0,0,0.995,0,0,0,0,0,0
family18,CSDVRP-L-n75-s0,L,75,0,base,Roulette-18,2,,25,2409.7606,2688.4285,2401.1797,8.5809,0.0,25.031,25.85,1125,24,0,0,0.9984,0,0,0,0,0,0
family18,CSDVRP-M-n30-s3,M,30,3,base,Roulette-18,0,,10,969.1696,1099.7766,965.9069,3.2627,0.0,10.0,10.179,3939,10,0,0,0.988,0,0,0,0,0,0
family18,CSDVRP-M-n50-s3,M,50,3,base,DRL-VNS18,9,5,15,1398.406,1746.7745,1392.5811,5.8249,0.0,15.0,15.306,1911,15,0,0,0.994,0,0,0,0,0,0
family18,CSDVRP-CS-Riyadh,case,30,0,base,Random-18,9,,30,423.9465,711.0291,419.1337,4.8128,0.0,30.0,30.463,13981,4,0,0,0.982,0,0,0,0,0,0
family18,CSDVRP-XL-n150-s0,XL,150,0,base,DRL-VNS18,9,5,50,4397.542,5021.4451,4319.8592,17.6828,60.0,50.047,51.319,1027,45,2,4,1.0,0,0,0,0,0,0
family18,CSDVRP-L-n100-s4,L,100,4,base,VNS-18,6,,35,2963.7979,3371.4529,2876.5259,12.2721,75.0,35.047,35.532,736,30,4,5,1.0,0,0,0,0,0,0
family18,CSDVRP-S-n12-s4,S,12,4,base,Marginal-18,4,5,5,487.5063,536.3904,484.4937,3.0126,0.0,5.0,5.467,11001,4,0,0,0.9867,0,0,0,0,0,0
family18,CSDVRP-XL-n150-s5,XL,150,5,base,Roulette-18,6,,50,3898.018,4291.4727,3865.3301,17.6878,15.0,50.0,51.261,879,45,1,1,1.0,0,0,0,0,0,0
family18,CSDVRP-S-n20-s0,S,20,0,base,DRL-VNS18,6,2,6,756.2207,835.2978,752.4896,3.7311,0.0,6.0,6.124,3489,7,0,0,0.9987,0,0,0,0,0,0
family18,CSDVRP-M-n30-s3,M,30,3,base,VNS-18,3,,10,981.4303,1099.7766,963.276,3.1544,15.0,10.0,10.284,3916,10,1,1,1.0,0,0,0,0,0,0
family18,CSDVRP-S-n10-s1,S,10,1,base,VNS-18,4,,5,394.7924,479.2322,392.2685,2.5239,0.0,5.0,5.071,9160,4,0,0,0.9253,0,0,0,0,0,0
family18,CSDVRP-S-n6-s2,S,6,2,base,Fixed-dominant,1,,5,330.7872,334.9047,328.2873,2.4999,0.0,5.0,5.451,18524,3,0,0,0.8567,0,0,0,0,0,0
family18,CSDVRP-M-n30-s3,M,30,3,base,DRL-VNS18,1,2,10,969.1696,1099.7766,965.9069,3.2627,0.0,10.0,10.297,3534,10,0,0,0.988,0,0,0,0,0,0
family18,CSDVRP-S-n6-s5,S,6,5,base,Random-18,1,,5,347.3173,347.7063,345.0582,2.2591,0.0,5.0,5.181,22803,3,0,0,0.9907,0,0,0,0,0,0
family18,CSDVRP-XL-n150-s2,XL,150,2,base,Roulette-18,6,,50,3987.5969,4545.4892,3969.5486,18.0483,0.0,50.047,50.759,963,44,0,0,1.0,0,0,0,0,0,0
family18,CSDVRP-S-n10-s5,S,10,5,base,DRL-VNS18,4,5,5,454.5993,485.8354,450.6688,3.9305,0.0,5.0,5.11,5736,3,0,0,0.956,0,0,0,0,0,0
family18,CSDVRP-M-n50-s1,M,50,1,base,VNS-18,7,,15,1513.4167,1718.5004,1492.9434,5.4733,15.0,15.0,15.499,1913,15,1,1,1.0,0,0,0,0,0,0
family18,CSDVRP-L-n75-s1,L,75,1,base,Fixed-dominant,5,,25,2131.6151,2408.8056,2122.5844,9.0307,0.0,25.0,25.433,898,24,0,0,0.9932,0,0,0,0,0,0
family18,CSDVRP-XL-n150-s1,XL,150,1,base,VNS-18,3,,50,4201.0017,4744.1508,4169.416,16.5857,15.0,50.0,50.943,949,44,1,1,0.998,0,0,0,0,0,0
family18,CSDVRP-L-n75-s0,L,75,0,base,Marginal-18,3,4,25,2409.0826,2688.4285,2401.1797,7.9028,0.0,25.0,25.404,1085,24,0,0,0.9984,0,0,0,0,0,0
family18,CSDVRP-M-n50-s5,M,50,5,base,VNS-18,9,,15,1631.1068,1904.3598,1607.4885,8.6183,15.0,15.0,15.174,1875,15,1,1,1.0,0,0,0,0,0,0
family18,CSDVRP-S-n12-s4,S,12,4,base,Fixed-dominant,4,,5,488.9656,536.3904,484.4937,4.4719,0.0,5.0,5.111,10815,4,0,0,0.9867,0,0,0,0,0,0
family18,CSDVRP-S-n20-s0,S,20,0,base,Fixed-dominant,9,,6,756.6189,835.2978,752.4896,4.1293,0.0,6.0,6.186,4560,7,0,0,0.9987,0,0,0,0,0,0
family18,CSDVRP-S-n10-s3,S,10,3,base,Random-18,4,,5,398.3226,456.2198,394.9219,3.4007,0.0,5.0,5.058,13528,3,0,0,0.9427,0,0,0,0,0,0
family18,CSDVRP-S-n8-s1,S,8,1,base,Roulette-18,3,,5,335.8429,376.3954,333.6723,2.1706,0.0,5.0,5.061,15892,3,0,0,0.9073,0,0,0,0,0,0
family18,CSDVRP-L-n100-s3,L,100,3,base,DRL-VNS18,3,4,35,2711.6461,3095.0715,2701.0848,10.5613,0.0,35.0,35.769,733,31,0,0,0.998,0,0,0,0,0,0
family18,CSDVRP-XL-n150-s0,XL,150,0,base,Roulette-18,8,,50,4397.5091,5021.4451,4335.5251,16.984,45.0,50.031,50.937,934,46,2,3,1.0,0,0,0,0,0,0
family18,CSDVRP-S-n20-s2,S,20,2,base,Fixed-dominant,7,,6,671.0165,732.8183,667.0092,4.0073,0.0,6.0,6.082,4994,7,0,0,0.9933,0,0,0,0,0,0
family18,CSDVRP-S-n15-s3,S,15,3,base,Random-18,5,,5,601.4006,692.2972,597.8561,3.5445,0.0,5.0,5.123,6142,6,0,0,0.998,0,0,0,0,0,0
family18,CSDVRP-L-n75-s5,L,75,5,base,Roulette-18,4,,25,2089.5595,2327.4464,2081.9165,7.643,0.0,25.016,25.42,1192,22,0,0,0.9944,0,0,0,0,0,0
family18,CSDVRP-M-n50-s3,M,50,3,base,Roulette-18,0,,15,1435.6518,1746.7745,1399.2383,6.4135,30.0,15.016,15.153,1855,15,1,2,1.0,0,0,0,0,0,0
family18,CSDVRP-S-n20-s1,S,20,1,base,Fixed-dominant,4,,6,785.4201,908.0268,780.5879,4.8322,0.0,6.0,6.139,5142,7,0,0,0.9833,0,0,0,0,0,0
family18,CSDVRP-L-n100-s2,L,100,2,base,VNS-18,7,,35,2808.5471,3167.7225,2796.0063,12.5408,0.0,35.0,35.68,689,30,0,0,0.9972,0,0,0,0,0,0
family18,CSDVRP-S-n12-s3,S,12,3,base,DRL-VNS18,8,4,5,522.4878,589.3086,503.6872,3.8005,15.0,5.0,5.093,5516,4,1,1,1.0,0,0,0,0,0,0
family18,CSDVRP-S-n8-s5,S,8,5,base,Marginal-18,1,2,5,423.2126,427.0275,419.9371,3.2754,0.0,5.0,5.093,13523,3,0,0,0.894,0,0,0,0,0,0
family18,CSDVRP-S-n20-s5,S,20,5,base,Marginal-18,2,3,6,763.1659,865.7,758.6853,4.4806,0.0,6.0,6.061,5050,7,0,0,0.9947,0,0,0,0,0,0
family18,CSDVRP-M-n30-s1,M,30,1,base,Marginal-18,0,1,10,1031.4688,1231.1888,1027.1043,4.3646,0.0,10.0,10.122,3173,10,0,0,0.98,0,0,0,0,0,0
family18,CSDVRP-M-n30-s5,M,30,5,base,Random-18,5,,10,1128.7287,1247.2838,1123.3845,5.3443,0.0,10.0,10.233,4011,10,0,0,0.9905,0,0,0,0,0,0
family18,CSDVRP-L-n100-s0,L,100,0,base,DRL-VNS18,8,4,35,3050.3047,3458.8862,3038.675,11.6297,0.0,35.016,35.85,660,31,0,0,1.0,0,0,0,0,0,0
family18,CSDVRP-S-n8-s5,S,8,5,base,Fixed-dominant,1,,5,423.2126,427.0275,419.9371,3.2754,0.0,5.0,5.08,17001,3,0,0,0.894,0,0,0,0,0,0
family18,CSDVRP-XL-n150-s0,XL,150,0,base,Roulette-18,6,,50,4376.4372,5021.4451,4360.1225,16.3147,0.0,50.172,50.886,926,46,0,0,0.9997,0,0,0,0,0,0
family18,CSDVRP-M-n30-s4,M,30,4,base,VNS-18,7,,10,926.1514,1151.8487,921.3091,4.8423,0.0,10.0,10.471,3564,10,0,0,0.99,0,0,0,0,0,0
family18,CSDVRP-L-n75-s0,L,75,0,base,Marginal-18,5,1,25,2445.8242,2688.4285,2437.3605,8.4637,0.0,25.016,25.592,1029,24,0,0,0.9984,0,0,0,0,0,0
family18,CSDVRP-XL-n150-s4,XL,150,4,base,VNS-18,1,,50,3965.1291,4802.2805,3858.9408,16.1882,90.0,50.016,50.815,831,45,4,6,1.0,0,0,0,0,0,0
family18,CSDVRP-XL-n150-s2,XL,150,2,base,Random-18,0,,50,4122.8475,4545.4892,4019.8194,13.028,90.0,50.047,50.884,819,45,4,6,1.0,0,0,0,0,0,0
family18,CSDVRP-S-n6-s4,S,6,4,base,DRL-VNS18,7,3,5,307.1905,316.7228,305.135,2.0555,0.0,5.0,5.036,6735,3,0,0,0.906,0,0,0,0,0,0
family18,CSDVRP-S-n15-s2,S,15,2,base,Fixed-dominant,5,,5,604.8839,645.109,602.0225,2.8613,0.0,5.0,5.076,6723,6,0,0,0.9953,0,0,0,0,0,0
family18,CSDVRP-S-n20-s3,S,20,3,base,DRL-VNS18,6,2,6,714.5796,797.0264,695.6625,3.9171,15.0,6.0,6.044,3604,7,1,1,1.0,0,0,0,0,0,0
family18,CSDVRP-XL-n150-s2,XL,150,2,base,Marginal-18,4,5,50,4010.5977,4545.4892,3965.4965,15.1012,30.0,50.047,51.389,962,45,1,2,1.0,0,0,0,0,0,0
family18,CSDVRP-CS-Riyadh,case,30,0,base,Fixed-dominant,7,,30,421.1016,711.0291,415.416,5.6857,0.0,30.0,30.556,14245,4,0,0,0.982,0,0,0,0,0,0
family18,CSDVRP-S-n15-s3,S,15,3,base,VNS-18,6,,5,601.4006,692.2972,597.8561,3.5445,0.0,5.0,5.388,6436,6,0,0,0.998,0,0,0,0,0,0
family18,CSDVRP-M-n30-s4,M,30,4,base,DRL-VNS18,4,5,10,957.1605,1151.8487,922.8587,4.3019,30.0,10.0,10.357,3063,10,1,2,1.0,0,0,0,0,0,0
family18,CSDVRP-XL-n150-s5,XL,150,5,base,DRL-VNS18,1,2,50,3851.6048,4291.4727,3835.4228,16.182,0.0,50.031,50.779,978,45,0,0,0.9997,0,0,0,0,0,0
family18,CSDVRP-S-n8-s3,S,8,3,base,Random-18,7,,5,339.8466,351.7127,337.5902,2.2564,0.0,5.0,5.103,15378,3,0,0,0.9567,0,0,0,0,0,0
family18,CSDVRP-XL-n150-s4,XL,150,4,base,Roulette-18,7,,50,4028.5875,4802.2805,3907.6163,15.9712,105.0,50.125,51.072,894,45,4,7,1.0,0,0,0,0,0,0
family18,CSDVRP-L-n100-s5,L,100,5,base,DRL-VNS18,4,5,35,2614.3693,3154.3549,2558.4438,10.9255,45.0,35.016,35.674,770,30,3,3,1.0,0,0,0,0,0,0
family18,CSDVRP-L-n75-s4,L,75,4,base,VNS-18,9,,25,2208.2993,2460.454,2201.6969,6.6024,0.0,25.016,25.72,1010,24,0,0,0.998,0,0,0,0,0,0
family18,CSDVRP-S-n20-s5,S,20,5,base,Random-18,9,,6,763.1659,865.7,758.6853,4.4806,0.0,6.0,6.101,5239,7,0,0,0.9947,0,0,0,0,0,0
family18,CSDVRP-S-n8-s1,S,8,1,base,Fixed-dominant,0,,5,357.4079,376.3954,340.1754,2.2325,15.0,5.0,5.059,17055,3,1,1,1.0,0,0,0,0,0,0
family18,CSDVRP-M-n30-s4,M,30,4,base,DRL-VNS18,8,4,10,946.3554,1151.8487,942.7083,3.6471,0.0,10.0,10.219,2964,10,0,0,0.994,0,0,0,0,0,0
family18,CSDVRP-S-n10-s3,S,10,3,base,DRL-VNS18,6,2,5,398.3934,456.2198,394.9219,3.4715,0.0,5.0,5.071,6142,3,0,0,0.9427,0,0,0,0,0,0
family18,CSDVRP-S-n10-s3,S,10,3,base,Random-18,8,,5,398.3934,456.2198,394.9219,3.4715,0.0,5.0,5.078,13536,3,0,0,0.9427,0,0,0,0,0,0
family18,CSDVRP-XL-n150-s4,XL,150,4,base,DRL-VNS18,3,4,50,3910.6142,4802.2805,3822.3777,13.2364,75.0,50.094,51.065,947,44,3,5,1.0,0,0,0,0,0,0
family18,CSDVRP-S-n6-s1,S,6,1,base,Random-18,3,,5,341.7876,362.2464,340.1093,1.6783,0.0,5.0,5.083,20633,3,0,0,0.926,0,0,0,0,0,0
family18,CSDVRP-S-n8-s1,S,8,1,base,Roulette-18,9,,5,335.8429,376.3954,333.6723,2.1706,0.0,5.0,5.045,15855,3,0,0,0.9073,0,0,0,0,0,0
family18,CSDVRP-L-n75-s4,L,75,4,base,VNS-18,1,,25,2204.7514,2460.454,2197.0485,7.7029,0.0,25.0,25.488,963,24,0,0,0.9996,0,0,0,0,0,0
family18,CSDVRP-L-n100-s0,L,100,0,base,Marginal-18,4,5,35,3079.4533,3458.8862,3066.2842,13.1691,0.0,35.047,35.962,638,31,0,0,0.9992,0,0,0,0,0,0
family18,CSDVRP-S-n6-s5,S,6,5,base,DRL-VNS18,2,3,5,347.3173,347.7063,345.0582,2.2591,0.0,5.0,5.073,7496,3,0,0,0.9907,0,0,0,0,0,0
family18,CSDVRP-L-n75-s5,L,75,5,base,Marginal-18,8,4,25,2114.0159,2327.4464,2091.41,7.6059,15.0,25.0,25.27,1057,23,1,1,1.0,0,0,0,0,0,0
family18,CSDVRP-S-n20-s3,S,20,3,base,VNS-18,2,,6,714.5796,797.0264,695.6625,3.9171,15.0,6.0,6.085,4790,7,1,1,1.0,0,0,0,0,0,0
family18,CSDVRP-L-n100-s3,L,100,3,base,Fixed-dominant,4,,35,2707.0516,3095.0715,2695.2015,11.8501,0.0,35.031,35.843,705,31,0,0,1.0,0,0,0,0,0,0
family18,CSDVRP-S-n8-s4,S,8,4,base,Marginal-18,7,3,5,359.1905,397.2233,357.0731,2.1174,0.0,5.0,5.042,14449,3,0,0,0.8793,0,0,0,0,0,0
family18,CSDVRP-L-n100-s1,L,100,1,base,Marginal-18,3,4,35,2662.7246,3146.4881,2637.2252,10.4993,15.0,35.016,35.533,673,29,1,1,1.0,0,0,0,0,0,0
family18,CSDVRP-S-n6-s3,S,6,3,base,VNS-18,6,,5,230.2731,253.5784,228.5871,1.686,0.0,5.0,5.072,27245,2,0,0,0.9873,0,0,0,0,0,0
family18,CSDVRP-S-n15-s5,S,15,5,base,DRL-VNS18,5,1,5,666.5148,800.4223,662.7682,3.7467,0.0,5.0,5.074,4598,5,0,0,0.9993,0,0,0,0,0,0
family18,CSDVRP-XL-n150-s1,XL,150,1,base,Marginal-18,7,3,50,4347.4096,4744.1508,4198.9721,13.4375,135.0,50.0,50.91,825,45,5,9,1.0,0,0,0,0,0,0
family18,CSDVRP-L-n100-s1,L,100,1,base,Random-18,5,,35,2654.4278,3146.4881,2644.6431,9.7848,0.0,35.031,35.463,639,29,0,0,0.9988,0,0,0,0,0,0
family18,CSDVRP-S-n6-s1,S,6,1,base,DRL-VNS18,2,3,5,341.7876,362.2464,340.1093,1.6783,0.0,5.0,5.492,7697,3,0,0,0.926,0,0,0,0,0,0
family18,CSDVRP-S-n10-s1,S,10,1,base,Marginal-18,4,5,5,394.7924,479.2322,392.2685,2.5239,0.0,5.0,5.109,9186,4,0,0,0.9253,0,0,0,0,0,0
family18,CSDVRP-S-n15-s1,S,15,1,base,DRL-VNS18,3,4,5,599.4153,675.8866,596.1341,3.2813,0.0,5.0,5.153,3864,6,0,0,0.9,0,0,0,0,0,0
family18,CSDVRP-S-n15-s0,S,15,0,base,VNS-18,4,,5,622.621,666.3141,603.3505,4.2704,15.0,5.0,5.139,6709,5,1,1,1.0,0,0,0,0,0,0
family18,CSDVRP-S-n8-s5,S,8,5,base,Fixed-dominant,2,,5,423.2126,427.0275,419.9371,3.2754,0.0,5.0,5.074,17600,3,0,0,0.894,0,0,0,0,0,0
family18,CSDVRP-S-n20-s3,S,20,3,base,DRL-VNS18,7,3,6,711.4958,797.0264,677.4605,4.0353,30.0,6.0,6.077,3433,7,2,2,1.0,0,0,0,0,0,0
family18,CSDVRP-S-n15-s0,S,15,0,base,Marginal-18,7,3,5,606.5233,666.3141,602.2712,4.2521,0.0,5.0,5.043,6834,5,0,0,0.9927,0,0,0,0,0,0
family18,CSDVRP-S-n6-s3,S,6,3,base,Marginal-18,2,3,5,230.2731,253.5784,228.5871,1.686,0.0,5.0,4.997,25014,2,0,0,0.9873,0,0,0,0,0,0
family18,CSDVRP-M-n50-s2,M,50,2,base,Roulette-18,2,,15,1484.1478,1677.4231,1462.8907,6.2571,15.0,15.0,15.221,1807,16,1,1,1.0,0,0,0,0,0,0
family18,CSDVRP-S-n12-s2,S,12,2,base,Random-18,0,,5,460.175,518.4642,458.0808,2.0942,0.0,5.0,5.088,12619,4,0,0,0.998,0,0,0,0,0,0
family18,CSDVRP-CS-Riyadh,case,30,0,base,VNS-18,6,,30,424.5677,711.0291,419.1337,5.4341,0.0,30.0,31.013,14391,4,0,0,0.982,0,0,0,0,0,0
family18,CSDVRP-S-n10-s5,S,10,5,base,Fixed-dominant,8,,5,454.5993,485.8354,450.6688,3.9305,0.0,5.0,5.138,15445,3,0,0,0.956,0,0,0,0,0,0
family18,CSDVRP-S-n20-s5,S,20,5,base,Fixed-dominant,0,,6,763.2502,865.7,758.6853,4.5649,0.0,6.0,6.108,6019,7,0,0,0.9947,0,0,0,0,0,0
family18,CSDVRP-M-n30-s1,M,30,1,base,Random-18,5,,10,1031.5482,1231.1888,1027.1043,4.4439,0.0,10.0,10.107,3146,10,0,0,0.98,0,0,0,0,0,0
family18,CSDVRP-XL-n150-s3,XL,150,3,base,VNS-18,2,,50,3859.3919,4237.9876,3814.3928,14.9991,30.0,50.016,50.905,883,44,1,2,1.0,0,0,0,0,0,0
family18,CSDVRP-L-n75-s1,L,75,1,base,Fixed-dominant,8,,25,2123.6836,2408.8056,2113.9811,9.7025,0.0,25.016,25.514,932,24,0,0,0.9932,0,0,0,0,0,0
family18,CSDVRP-S-n12-s3,S,12,3,base,Marginal-18,4,5,5,522.4878,589.3086,503.6872,3.8005,15.0,5.0,5.15,11020,4,1,1,1.0,0,0,0,0,0,0
family18,CSDVRP-S-n8-s2,S,8,2,base,Marginal-18,5,1,5,344.8888,398.3755,342.4078,2.481,0.0,5.0,5.058,15532,3,0,0,0.8753,0,0,0,0,0,0
family18,CSDVRP-L-n75-s4,L,75,4,base,Random-18,7,,25,2215.1177,2460.454,2208.372,6.7458,0.0,25.0,25.364,907,24,0,0,0.998,0,0,0,0,0,0
family18,CSDVRP-M-n50-s0,M,50,0,base,Random-18,0,,15,1717.9607,1986.2853,1696.0926,6.8681,15.0,15.0,15.619,1797,16,1,1,1.0,0,0,0,0,0,0
family18,CSDVRP-S-n12-s4,S,12,4,base,Random-18,8,,5,487.5063,536.3904,484.4937,3.0126,0.0,5.0,5.073,10478,4,0,0,0.9867,0,0,0,0,0,0
family18,CSDVRP-XL-n150-s5,XL,150,5,base,Fixed-dominant,4,,50,4015.949,4291.4727,3997.4473,18.5018,0.0,50.016,50.975,1080,46,0,0,0.9987,0,0,0,0,0,0
family18,CSDVRP-M-n50-s1,M,50,1,base,DRL-VNS18,2,3,15,1500.8251,1718.5004,1494.5565,6.2686,0.0,15.0,15.566,1611,15,0,0,0.997,0,0,0,0,0,0
family18,CSDVRP-L-n100-s0,L,100,0,base,Roulette-18,5,,35,3053.9072,3458.8862,3039.7938,14.1134,0.0,35.047,35.925,672,31,0,0,0.9988,0,0,0,0,0,0
family18,CSDVRP-S-n10-s4,S,10,4,base,Marginal-18,9,5,5,387.4582,460.8567,384.9244,2.5338,0.0,5.0,5.068,14723,3,0,0,0.98,0,0,0,0,0,0
family18,CSDVRP-S-n10-s5,S,10,5,base,VNS-18,5,,5,454.5993,485.8354,450.6688,3.9305,0.0,5.0,5.045,11372,3,0,0,0.956,0,0,0,0,0,0
family18,CSDVRP-M-n30-s4,M,30,4,base,DRL-VNS18,1,2,10,925.7043,1151.8487,921.3091,4.3952,0.0,10.0,10.156,3080,10,0,0,0.99,0,0,0,0,0,0
family18,CSDVRP-S-n10-s2,S,10,2,base,Random-18,0,,5,391.6922,436.4179,389.0812,2.6111,0.0,5.0,5.119,15657,3,0,0,0.9787,0,0,0,0,0,0
family18,CSDVRP-S-n8-s1,S,8,1,base,Marginal-18,3,4,5,335.8429,376.3954,333.6723,2.1706,0.0,5.0,5.201,16227,3,0,0,0.9073,0,0,0,0,0,0
family18,CSDVRP-S-n8-s4,S,8,4,base,Marginal-18,6,2,5,359.1905,397.2233,357.0731,2.1174,0.0,5.0,5.108,15727,3,0,0,0.8793,0,0,0,0,0,0
family18,CSDVRP-M-n50-s4,M,50,4,base,DRL-VNS18,9,5,15,1654.0414,1919.2804,1647.452,6.5894,0.0,15.0,15.654,1592,16,0,0,1.0,0,0,0,0,0,0
family18,CSDVRP-S-n15-s2,S,15,2,base,Random-18,6,,5,604.4369,645.109,602.0225,2.4144,0.0,5.0,5.106,6274,6,0,0,0.9953,0,0,0,0,0,0
family18,CSDVRP-L-n75-s0,L,75,0,base,DRL-VNS18,2,3,25,2411.2911,2688.4285,2401.1797,10.1114,0.0,25.0,25.396,1026,24,0,0,0.9984,0,0,0,0,0,0
family18,CSDVRP-S-n15-s4,S,15,4,base,Roulette-18,6,,5,585.7427,624.2332,582.2908,3.4519,0.0,5.0,5.113,6801,6,0,0,0.9347,0,0,0,0,0,0
family18,CSDVRP-L-n75-s4,L,75,4,base,Fixed-dominant,2,,25,2205.0639,2460.454,2195.773,9.2908,0.0,25.031,25.346,1103,24,0,0,0.9996,0,0,0,0,0,0
family18,CSDVRP-S-n10-s1,S,10,1,base,Marginal-18,1,2,5,394.7924,479.2322,392.2685,2.5239,0.0,5.0,5.057,9571,4,0,0,0.9253,0,0,0,0,0,0
family18,CSDVRP-L-n100-s3,L,100,3,base,Roulette-18,0,,35,2702.6798,3095.0715,2677.07,10.6099,15.0,35.094,36.033,736,31,1,1,1.0,0,0,0,0,0,0
family18,CSDVRP-S-n10-s3,S,10,3,base,Roulette-18,1,,5,398.3934,456.2198,394.9219,3.4715,0.0,5.0,5.026,13182,3,0,0,0.9427,0,0,0,0,0,0
family18,CSDVRP-S-n15-s2,S,15,2,base,VNS-18,9,,5,604.4369,645.109,602.0225,2.4144,0.0,5.0,5.06,6286,6,0,0,0.9953,0,0,0,0,0,0
family18,CSDVRP-S-n20-s2,S,20,2,base,Random-18,8,,6,670.121,732.8183,667.0092,3.1118,0.0,6.0,6.093,4635,7,0,0,0.9933,0,0,0,0,0,0
family18,CSDVRP-S-n15-s4,S,15,4,base,DRL-VNS18,6,2,5,585.7427,624.2332,582.2908,3.4519,0.0,5.0,5.089,4405,6,0,0,0.9347,0,0,0,0,0,0
family18,CSDVRP-L-n75-s2,L,75,2,base,Fixed-dominant,1,,25,2118.1667,2442.0216,2106.9634,11.2033,0.0,25.0,25.422,1030,22,0,0,0.9992,0,0,0,0,0,0
family18,CSDVRP-S-n6-s5,S,6,5,base,VNS-18,9,,5,347.3173,347.7063,345.0582,2.2591,0.0,5.0,5.229,23982,3,0,0,0.9907,0,0,0,0,0,0
family18,CSDVRP-M-n50-s4,M,50,4,base,Marginal-18,6,2,15,1641.8502,1919.2804,1635.5722,6.278,0.0,15.0,15.377,2205,16,0,0,0.998,0,0,0,0,0,0
family18,CSDVRP-S-n8-s4,S,8,4,base,Random-18,6,,5,359.1905,397.2233,357.0731,2.1174,0.0,5.0,5.104,16054,3,0,0,0.8793,0,0,0,0,0,0
family18,CSDVRP-S-n12-s1,S,12,1,base,Marginal-18,1,2,5,546.6653,602.7068,512.8082,3.8571,30.0,5.0,5.123,9603,4,2,2,0.994,0,0,0,0,0,0
family18,CSDVRP-L-n75-s1,L,75,1,base,VNS-18,9,,25,2148.0921,2408.8056,2050.7206,7.3716,90.0,25.031,25.601,1056,23,3,6,1.0,0,0,0,0,0,0
family18,CSDVRP-S-n20-s2,S,20,2,base,Fixed-dominant,4,,6,671.0332,732.8183,667.0092,4.024,0.0,6.0,6.128,5213,7,0,0,0.9933,0,0,0,0,0,0
family18,CSDVRP-M-n50-s0,M,50,0,base,Random-18,1,,15,1716.2492,1986.2853,1708.8212,7.428,0.0,15.0,15.437,1767,16,0,0,0.997,0,0,0,0,0,0
family18,CSDVRP-S-n6-s2,S,6,2,base,DRL-VNS18,1,2,5,330.7872,334.9047,328.2873,2.4999,0.0,5.0,5.26,7232,3,0,0,0.8567,0,0,0,0,0,0
family18,CSDVRP-S-n12-s5,S,12,5,base,Marginal-18,0,1,5,521.0601,535.5205,517.6832,3.3769,0.0,5.0,5.062,9421,4,0,0,0.978,0,0,0,0,0,0
family18,CSDVRP-S-n6-s4,S,6,4,base,DRL-VNS18,5,1,5,307.3738,316.7228,305.135,2.2389,0.0,5.0,5.169,7073,3,0,0,0.906,0,0,0,0,0,0
family18,CSDVRP-S-n12-s2,S,12,2,base,Roulette-18,4,,5,460.175,518.4642,458.0808,2.0942,0.0,5.0,5.091,12575,4,0,0,0.998,0,0,0,0,0,0
family18,CSDVRP-M-n30-s0,M,30,0,base,Random-18,0,,10,1092.9389,1303.6377,1089.1614,3.7775,0.0,10.0,10.234,3536,11,0,0,0.997,0,0,0,0,0,0
family18,CSDVRP-S-n6-s3,S,6,3,base,Roulette-18,8,,5,230.2731,253.5784,228.5871,1.686,0.0,5.0,5.058,25338,2,0,0,0.9873,0,0,0,0,0,0
family18,CSDVRP-S-n12-s2,S,12,2,base,VNS-18,7,,5,460.175,518.4642,458.0808,2.0942,0.0,5.0,5.045,13032,4,0,0,0.998,0,0,0,0,0,0
family18,CSDVRP-S-n8-s2,S,8,2,base,DRL-VNS18,7,3,5,344.8888,398.3755,342.4078,2.481,0.0,5.0,5.013,6601,3,0,0,0.8753,0,0,0,0,0,0
family18,CSDVRP-L-n100-s1,L,100,1,base,Random-18,7,,35,2709.4582,3146.4881,2653.663,10.7952,45.0,35.078,35.952,710,29,2,3,1.0,0,0,0,0,0,0
family18,CSDVRP-L-n75-s4,L,75,4,base,Roulette-18,0,,25,2205.15,2460.454,2197.3601,7.7899,0.0,25.031,25.406,975,24,0,0,0.998,0,0,0,0,0,0
family18,CSDVRP-S-n12-s2,S,12,2,base,VNS-18,1,,5,460.175,518.4642,458.0808,2.0942,0.0,5.0,5.727,12951,4,0,0,0.998,0,0,0,0,0,0
family18,CSDVRP-S-n15-s2,S,15,2,base,Random-18,5,,5,604.4369,645.109,602.0225,2.4144,0.0,5.0,5.108,6225,6,0,0,0.9953,0,0,0,0,0,0
family18,CSDVRP-S-n15-s2,S,15,2,base,Roulette-18,2,,5,604.4369,645.109,602.0225,2.4144,0.0,5.0,5.109,6285,6,0,0,0.9953,0,0,0,0,0,0
family18,CSDVRP-L-n75-s5,L,75,5,base,VNS-18,5,,25,2090.4925,2327.4464,2081.4374,9.0551,0.0,25.0,25.427,1124,22,0,0,0.9972,0,0,0,0,0,0
family18,CSDVRP-M-n50-s1,M,50,1,base,DRL-VNS18,0,1,15,1516.2056,1718.5004,1495.8552,5.3504,15.0,15.0,15.864,1779,15,1,1,1.0,0,0,0,0,0,0
family18,CSDVRP-XL-n150-s1,XL,150,1,base,Roulette-18,5,,50,4274.9849,4744.1508,4173.1394,11.8455,90.0,50.0,50.672,868,46,3,6,1.0,0,0,0,0,0,0
family18,CSDVRP-S-n6-s2,S,6,2,base,Fixed-dominant,7,,5,330.7872,334.9047,328.2873,2.4999,0.0,5.0,5.104,17708,3,0,0,0.8567,0,0,0,0,0,0
family18,CSDVRP-L-n100-s0,L,100,0,base,VNS-18,4,,35,3135.0165,3458.8862,3065.3233,9.6932,60.0,35.031,36.151,695,31,2,4,1.0,0,0,0,0,0,0
family18,CSDVRP-L-n100-s1,L,100,1,base,DRL-VNS18,0,1,35,2699.7383,3146.4881,2643.7202,11.0181,45.0,35.0,35.726,736,29,2,3,1.0,0,0,0,0,0,0
family18,CSDVRP-XL-n150-s3,XL,150,3,base,Roulette-18,0,,50,3798.6012,4237.9876,3782.7566,15.8446,0.0,50.078,51.066,927,44,0,0,0.9983,0,0,0,0,0,0
family18,CSDVRP-M-n50-s1,M,50,1,base,Marginal-18,5,1,15,1494.3392,1718.5004,1473.6845,5.6547,15.0,15.0,15.189,1981,15,1,1,1.0,0,0,0,0,0,0
family18,CSDVRP-L-n100-s4,L,100,4,base,DRL-VNS18,1,2,35,2935.6416,3371.4529,2922.3973,13.2442,0.0,35.0,35.981,827,31,0,0,0.9952,0,0,0,0,0,0
family18,CSDVRP-M-n30-s0,M,30,0,base,Random-18,3,,10,1092.9389,1303.6377,1089.1614,3.7775,0.0,10.0,10.244,3540,11,0,0,0.997,0,0,0,0,0,0
family18,CSDVRP-M-n30-s1,M,30,1,base,DRL-VNS18,5,1,10,1031.5482,1231.1888,1027.1043,4.4439,0.0,10.0,10.104,2916,10,0,0,0.98,0,0,0,0,0,0
family18,CSDVRP-M-n50-s4,M,50,4,base,Roulette-18,4,,15,1663.4409,1919.2804,1656.8734,6.5675,0.0,15.0,15.38,1759,16,0,0,0.9915,0,0,0,0,0,0
family18,CSDVRP-S-n12-s2,S,12,2,base,Roulette-18,2,,5,460.175,518.4642,458.0808,2.0942,0.0,5.0,5.114,12633,4,0,0,0.998,0,0,0,0,0,0
family18,CSDVRP-XL-n150-s0,XL,150,0,base,Fixed-dominant,0,,50,4460.1549,5021.4451,4443.6165,16.5384,0.0,50.0,51.078,1265,47,0,0,0.9997,0,0,0,0,0,0
family18,CSDVRP-L-n75-s4,L,75,4,base,DRL-VNS18,2,3,25,2210.9661,2460.454,2202.6203,8.3458,0.0,25.0,25.479,945,24,0,0,0.9996,0,0,0,0,0,0
family18,CSDVRP-S-n20-s3,S,20,3,base,Fixed-dominant,3,,6,730.7487,797.0264,696.4671,4.2817,30.0,6.0,6.103,5148,7,2,2,1.0,0,0,0,0,0,0
family18,CSDVRP-S-n20-s3,S,20,3,base,Roulette-18,3,,6,698.9397,797.0264,679.9295,4.0102,15.0,6.0,6.158,4859,7,1,1,1.0,0,0,0,0,0,0
family18,CSDVRP-XL-n150-s1,XL,150,1,base,Fixed-dominant,3,,50,4277.7609,4744.1508,4258.5689,19.192,0.0,50.0,51.545,1325,44,0,0,0.9993,0,0,0,0,0,0
family18,CSDVRP-S-n20-s3,S,20,3,base,Fixed-dominant,2,,6,709.899,797.0264,704.645,5.2539,0.0,6.0,6.059,5514,7,0,0,0.994,0,0,0,0,0,0
family18,CSDVRP-S-n12-s1,S,12,1,base,Fixed-dominant,1,,5,527.4735,602.7068,508.6521,3.8214,15.0,5.0,5.105,9662,4,1,1,0.994,0,0,0,0,0,0
family18,CSDVRP-M-n30-s3,M,30,3,base,Marginal-18,2,3,10,969.1696,1099.7766,965.9069,3.2627,0.0,10.0,10.205,3856,10,0,0,0.988,0,0,0,0,0,0
family18,CSDVRP-S-n6-s3,S,6,3,base,Fixed-dominant,8,,5,230.4154,253.5784,228.5871,1.8283,0.0,5.0,5.103,28642,2,0,0,0.9873,0,0,0,0,0,0
family18,CSDVRP-M-n30-s4,M,30,4,base,Random-18,0,,10,946.3554,1151.8487,942.7083,3.6471,0.0,10.0,10.201,3676,10,0,0,0.994,0,0,0,0,0,0
family18,CSDVRP-M-n50-s2,M,50,2,base,Roulette-18,1,,15,1467.8485,1677.4231,1462.0673,5.7812,0.0,15.0,15.565,1719,16,0,0,0.9985,0,0,0,0,0,0
family18,CSDVRP-S-n10-s5,S,10,5,base,DRL-VNS18,5,1,5,454.5993,485.8354,450.6688,3.9305,0.0,5.0,5.179,5923,3,0,0,0.956,0,0,0,0,0,0
family18,CSDVRP-S-n15-s2,S,15,2,base,VNS-18,1,,5,604.4369,645.109,602.0225,2.4144,0.0,5.0,5.062,6232,6,0,0,0.9953,0,0,0,0,0,0
family18,CSDVRP-L-n100-s4,L,100,4,base,VNS-18,1,,35,2967.0999,3371.4529,2924.5117,12.5882,30.0,35.062,35.627,735,31,2,2,1.0,0,0,0,0,0,0
family18,CSDVRP-S-n20-s1,S,20,1,base,VNS-18,7,,6,808.7667,908.0268,789.1391,4.6276,15.0,6.0,6.085,4839,7,1,1,1.0,0,0,0,0,0,0
family18,CSDVRP-S-n20-s0,S,20,0,base,VNS-18,5,,6,756.2207,835.2978,752.4896,3.7311,0.0,6.0,6.046,4727,7,0,0,0.9987,0,0,0,0,0,0
family18,CSDVRP-S-n8-s4,S,8,4,base,Roulette-18,4,,5,360.1059,397.2233,357.0731,3.0328,0.0,5.0,5.17,15225,3,0,0,0.8793,0,0,0,0,0,0
family18,CSDVRP-S-n8-s2,S,8,2,base,Marginal-18,4,5,5,344.8888,398.3755,342.4078,2.481,0.0,5.0,5.059,16040,3,0,0,0.8753,0,0,0,0,0,0
family18,CSDVRP-XL-n150-s5,XL,150,5,base,Marginal-18,1,2,50,3859.1983,4291.4727,3842.3804,16.8179,0.0,50.0,51.009,969,44,0,0,0.9987,0,0,0,0,0,0
family18,CSDVRP-M-n50-s2,M,50,2,base,Fixed-dominant,3,,15,1472.9897,1677.4231,1465.5918,7.3979,0.0,15.0,15.223,1876,16,0,0,0.9985,0,0,0,0,0,0
family18,CSDVRP-M-n30-s4,M,30,4,base,Fixed-dominant,9,,10,926.7872,1151.8487,921.3091,5.4782,0.0,10.0,10.311,3683,10,0,0,0.99,0,0,0,0,0,0
family18,CSDVRP-XL-n150-s5,XL,150,5,base,Random-18,0,,50,3930.9876,4291.4727,3883.2922,17.6954,30.0,50.031,51.106,879,45,1,2,0.998,0,0,0,0,0,0
family18,CSDVRP-S-n15-s2,S,15,2,base,Marginal-18,5,1,5,604.4369,645.109,602.0225,2.4144,0.0,5.0,5.088,6354,6,0,0,0.9953,0,0,0,0,0,0
family18,CSDVRP-M-n30-s4,M,30,4,base,VNS-18,8,,10,926.1514,1151.8487,921.3091,4.8423,0.0,10.0,10.08,3563,10,0,0,0.99,0,0,0,0,0,0
family18,CSDVRP-S-n20-s2,S,20,2,base,Marginal-18,2,3,6,670.121,732.8183,667.0092,3.1118,0.0,6.0,6.074,4562,7,0,0,0.9933,0,0,0,0,0,0
family18,CSDVRP-L-n75-s5,L,75,5,base,VNS-18,0,,25,2084.6679,2327.4464,2074.5755,10.0923,0.0,25.0,25.707,1118,22,0,0,0.9964,0,0,0,0,0,0
family18,CSDVRP-CS-Riyadh,case,30,0,base,Random-18,2,,30,420.0991,711.0291,414.0897,6.0094,0.0,30.0,30.426,13479,4,0,0,0.982,0,0,0,0,0,0
family18,CSDVRP-S-n15-s0,S,15,0,base,VNS-18,8,,5,622.621,666.3141,603.3505,4.2704,15.0,5.0,5.076,6794,5,1,1,1.0,0,0,0,0,0,0
family18,CSDVRP-XL-n150-s2,XL,150,2,base,VNS-18,0,,50,4047.7995,4545.4892,3985.7856,17.0139,45.0,50.0,51.172,970,45,2,3,1.0,0,0,0,0,0,0
family18,CSDVRP-S-n20-s1,S,20,1,base,VNS-18,1,,6,808.7667,908.0268,789.1391,4.6276,15.0,6.0,6.121,4884,7,1,1,1.0,0,0,0,0,0,0
family18,CSDVRP-S-n10-s3,S,10,3,base,Marginal-18,7,3,5,398.3934,456.2198,394.9219,3.4715,0.0,5.0,5.03,13493,3,0,0,0.9427,0,0,0,0,0,0
family18,CSDVRP-S-n12-s4,S,12,4,base,Marginal-18,1,2,5,487.5063,536.3904,484.4937,3.0126,0.0,5.0,5.108,10981,4,0,0,0.9867,0,0,0,0,0,0
family18,CSDVRP-S-n8-s4,S,8,4,base,Fixed-dominant,4,,5,359.1905,397.2233,357.0731,2.1174,0.0,5.0,5.076,16746,3,0,0,0.8793,0,0,0,0,0,0
family18,CSDVRP-XL-n150-s5,XL,150,5,base,Fixed-dominant,1,,50,3976.23,4291.4727,3957.4495,18.7805,0.0,50.0,50.998,1220,45,0,0,0.9993,0,0,0,0,0,0
family18,CSDVRP-S-n15-s5,S,15,5,base,DRL-VNS18,3,4,5,666.5148,800.4223,662.7682,3.7467,0.0,5.0,5.09,4894,5,0,0,0.9993,0,0,0,0,0,0
family18,CSDVRP-L-n75-s2,L,75,2,base,VNS-18,3,,25,2092.7275,2442.0216,2082.6436,10.0839,0.0,25.0,25.299,1131,23,0,0,0.9928,0,0,0,0,0,0
family18,CSDVRP-L-n100-s4,L,100,4,base,Roulette-18,9,,35,2931.3166,3371.4529,2917.186,14.1306,0.0,35.047,35.94,713,31,0,0,0.9976,0,0,0,0,0,0
family18,CSDVRP-S-n6-s1,S,6,1,base,Fixed-dominant,6,,5,341.7876,362.2464,340.1093,1.6783,0.0,5.0,5.143,23831,3,0,0,0.926,0,0,0,0,0,0
family18,CSDVRP-S-n15-s1,S,15,1,base,Roulette-18,1,,5,599.4153,675.8866,596.1341,3.2813,0.0,5.0,5.107,5996,6,0,0,0.9,0,0,0,0,0,0
family18,CSDVRP-XL-n150-s1,XL,150,1,base,Fixed-dominant,8,,50,4255.1811,4744.1508,4236.5637,18.6174,0.0,50.016,50.709,1287,45,0,0,0.9963,0,0,0,0,0,0
family18,CSDVRP-M-n30-s1,M,30,1,base,DRL-VNS18,0,1,10,1091.8699,1231.1888,1042.4793,4.3906,45.0,10.0,10.494,2685,10,2,3,1.0,0,0,0,0,0,0
family18,CSDVRP-L-n100-s5,L,100,5,base,VNS-18,3,,35,2575.7123,3154.3549,2546.9559,13.7565,15.0,35.0,35.607,780,30,1,1,1.0,0,0,0,0,0,0
family18,CSDVRP-M-n30-s0,M,30,0,base,Fixed-dominant,8,,10,1094.0247,1303.6377,1088.8964,5.1283,0.0,10.0,10.085,3954,11,0,0,0.997,0,0,0,0,0,0
family18,CSDVRP-S-n15-s5,S,15,5,base,Fixed-dominant,6,,5,667.5614,800.4223,662.7682,4.7933,0.0,5.0,5.029,10111,5,0,0,0.9993,0,0,0,0,0,0
family18,CSDVRP-XL-n150-s4,XL,150,4,base,VNS-18,2,,50,3958.4915,4802.2805,3899.6002,13.8912,45.0,50.0,51.328,881,46,2,3,1.0,0,0,0,0,0,0
family18,CSDVRP-S-n8-s1,S,8,1,base,Marginal-18,8,4,5,335.8429,376.3954,333.6723,2.1706,0.0,5.0,5.057,16641,3,0,0,0.9073,0,0,0,0,0,0
family18,CSDVRP-S-n15-s4,S,15,4,base,DRL-VNS18,7,3,5,585.7427,624.2332,582.2908,3.4519,0.0,5.0,5.061,4454,6,0,0,0.9347,0,0,0,0,0,0
family18,CSDVRP-S-n6-s4,S,6,4,base,Marginal-18,0,1,5,307.3738,316.7228,305.135,2.2389,0.0,5.0,5.121,16985,3,0,0,0.906,0,0,0,0,0,0
family18,CSDVRP-S-n10-s2,S,10,2,base,Marginal-18,0,1,5,391.6922,436.4179,389.0812,2.6111,0.0,5.0,5.076,15654,3,0,0,0.9787,0,0,0,0,0,0
family18,CSDVRP-M-n30-s2,M,30,2,base,Roulette-18,1,,10,941.0551,1162.4183,938.3163,2.7388,0.0,10.0,10.202,3445,10,0,0,0.9865,0,0,0,0,0,0
family18,CSDVRP-S-n20-s1,S,20,1,base,VNS-18,0,,6,785.2664,908.0268,780.5879,4.6785,0.0,6.0,6.139,4906,7,0,0,0.9833,0,0,0,0,0,0
family18,CSDVRP-M-n30-s4,M,30,4,base,Marginal-18,1,2,10,926.1273,1151.8487,921.3091,4.8182,0.0,10.0,10.201,3694,10,0,0,0.99,0,0,0,0,0,0
family18,CSDVRP-S-n20-s3,S,20,3,base,DRL-VNS18,2,3,6,714.5796,797.0264,695.6625,3.9171,15.0,6.0,6.418,3767,7,1,1,1.0,0,0,0,0,0,0
family18,CSDVRP-M-n30-s2,M,30,2,base,Roulette-18,4,,10,973.519,1162.4183,940.706,2.813,30.0,10.0,10.423,3424,10,1,2,1.0,0,0,0,0,0,0
family18,CSDVRP-CS-Riyadh,case,30,0,base,DRL-VNS18,7,3,30,421.0594,711.0291,415.2538,5.8056,0.0,30.0,30.477,10822,4,0,0,0.982,0,0,0,0,0,0
family18,CSDVRP-S-n10-s5,S,10,5,base,VNS-18,0,,5,454.5993,485.8354,450.6688,3.9305,0.0,5.0,5.06,11870,3,0,0,0.956,0,0,0,0,0,0
family18,CSDVRP-S-n10-s2,S,10,2,base,Random-18,7,,5,391.6922,436.4179,389.0812,2.6111,0.0,5.0,5.093,16229,3,0,0,0.9787,0,0,0,0,0,0
family18,CSDVRP-M-n50-s4,M,50,4,base,VNS-18,1,,15,1653.1541,1919.2804,1646.4508,6.7033,0.0,15.0,15.25,1874,16,0,0,0.984,0,0,0,0,0,0
family18,CSDVRP-M-n30-s0,M,30,0,base,Roulette-18,8,,10,1092.964,1303.6377,1089.1614,3.8025,0.0,10.0,10.605,3838,11,0,0,0.997,0,0,0,0,0,0
family18,CSDVRP-CS-Riyadh,case,30,0,base,Fixed-dominant,3,,30,421.6163,711.0291,415.416,6.2003,0.0,30.0,30.497,15366,4,0,0,0.982,0,0,0,0,0,0
family18,CSDVRP-S-n12-s4,S,12,4,base,Roulette-18,4,,5,487.5063,536.3904,484.4937,3.0126,0.0,5.0,5.059,10387,4,0,0,0.9867,0,0,0,0,0,0
family18,CSDVRP-S-n20-s3,S,20,3,base,VNS-18,6,,6,708.7997,797.0264,704.645,4.1547,0.0,6.0,6.139,5049,7,0,0,0.994,0,0,0,0,0,0
family18,CSDVRP-L-n100-s2,L,100,2,base,VNS-18,6,,35,2801.7169,3167.7225,2791.1569,10.56,0.0,35.0,35.804,770,30,0,0,0.9916,0,0,0,0,0,0
family18,CSDVRP-XL-n150-s5,XL,150,5,base,VNS-18,6,,50,3909.2831,4291.4727,3847.3999,16.8832,45.0,50.094,51.262,878,45,2,3,1.0,0,0,0,0,0,0
family18,CSDVRP-L-n100-s5,L,100,5,base,Marginal-18,1,2,35,2640.4931,3154.3549,2568.4189,12.0742,60.0,35.109,35.959,840,30,2,4,1.0,0,0,0,0,0,0
family18,CSDVRP-L-n75-s3,L,75,3,base,Random-18,9,,25,2133.8803,2332.9982,2052.1351,6.7453,75.0,25.0,25.877,1073,23,3,5,1.0,0,0,0,0,0,0
family18,CSDVRP-S-n12-s3,S,12,3,base,DRL-VNS18,2,3,5,522.4878,589.3086,503.6872,3.8005,15.0,5.0,5.13,5697,4,1,1,1.0,0,0,0,0,0,0
family18,CSDVRP-S-n15-s2,S,15,2,base,Marginal-18,0,1,5,604.4369,645.109,602.0225,2.4144,0.0,5.0,5.061,6382,6,0,0,0.9953,0,0,0,0,0,0
family18,CSDVRP-XL-n150-s3,XL,150,3,base,DRL-VNS18,9,5,50,3812.5524,4237.9876,3798.0742,14.4783,0.0,50.016,51.207,1010,44,0,0,0.9983,0,0,0,0,0,0
family18,CSDVRP-S-n20-s3,S,20,3,base,Roulette-18,1,,6,691.4555,797.0264,687.1116,4.3439,0.0,6.0,6.098,5115,7,0,0,0.9707,0,0,0,0,0,0
family18,CSDVRP-M-n50-s5,M,50,5,base,DRL-VNS18,5,1,15,1635.1147,1904.3598,1626.0354,9.0793,0.0,15.0,15.39,1859,15,0,0,0.998,0,0,0,0,0,0
family18,CSDVRP-L-n100-s1,L,100,1,base,Random-18,9,,35,2700.5174,3146.4881,2629.364,11.1534,60.0,35.047,35.651,730,29,2,4,1.0,0,0,0,0,0,0
family18,CSDVRP-M-n50-s3,M,50,3,base,Marginal-18,9,5,15,1398.7698,1746.7745,1392.5811,6.1887,0.0,15.0,15.6,2225,15,0,0,0.994,0,0,0,0,0,0
family18,CSDVRP-M-n50-s5,M,50,5,base,Marginal-18,9,5,15,1612.217,1904.3598,1603.9005,8.3164,0.0,15.0,15.209,2015,15,0,0,0.9985,0,0,0,0,0,0
family18,CSDVRP-L-n100-s4,L,100,4,base,Random-18,6,,35,2997.5258,3371.4529,2938.1478,14.3781,45.0,35.094,35.671,671,31,2,3,1.0,0,0,0,0,0,0
family18,CSDVRP-M-n30-s3,M,30,3,base,Marginal-18,8,4,10,981.4568,1099.7766,963.276,3.1808,15.0,10.0,10.247,4101,10,1,1,1.0,0,0,0,0,0,0
family18,CSDVRP-S-n10-s5,S,10,5,base,Fixed-dominant,2,,5,454.5993,485.8354,450.6688,3.9305,0.0,5.0,5.339,16919,3,0,0,0.956,0,0,0,0,0,0
family18,CSDVRP-M-n50-s4,M,50,4,base,VNS-18,7,,15,1645.1909,1919.2804,1638.3367,6.8542,0.0,15.0,15.49,1755,16,0,0,0.995,0,0,0,0,0,0
family18,CSDVRP-M-n50-s4,M,50,4,base,Marginal-18,5,1,15,1650.114,1919.2804,1643.9568,6.1572,0.0,15.0,15.308,1673,16,0,0,0.984,0,0,0,0,0,0
family18,CSDVRP-M-n50-s3,M,50,3,base,Roulette-18,1,,15,1399.8435,1746.7745,1393.2711,6.5725,0.0,15.0,15.276,1820,15,0,0,0.994,0,0,0,0,0,0
family18,CSDVRP-XL-n150-s4,XL,150,4,base,DRL-VNS18,6,2,50,3909.9096,4802.2805,3790.4681,14.4415,105.0,50.0,51.315,1012,45,4,7,1.0,0,0,0,0,0,0
family18,CSDVRP-S-n15-s5,S,15,5,base,Fixed-dominant,3,,5,667.0857,800.4223,662.7682,4.3175,0.0,5.0,5.022,10326,5,0,0,0.9993,0,0,0,0,0,0
family18,CSDVRP-S-n12-s3,S,12,3,base,Random-18,4,,5,522.4878,589.3086,503.6872,3.8005,15.0,5.0,5.028,11583,4,1,1,1.0,0,0,0,0,0,0
family18,CSDVRP-S-n20-s2,S,20,2,base,Random-18,1,,6,670.121,732.8183,667.0092,3.1118,0.0,6.0,6.062,4735,7,0,0,0.9933,0,0,0,0,0,0
family18,CSDVRP-S-n20-s4,S,20,4,base,Fixed-dominant,1,,6,719.4719,798.0501,715.5041,3.9678,0.0,6.0,6.06,5271,7,0,0,0.986,0,0,0,0,0,0
family18,CSDVRP-XL-n150-s1,XL,150,1,base,Random-18,0,,50,4226.7289,4744.1508,4194.1464,17.5825,15.0,50.016,50.939,917,44,1,1,1.0,0,0,0,0,0,0
family18,CSDVRP-S-n12-s3,S,12,3,base,Random-18,5,,5,522.4878,589.3086,503.6872,3.8005,15.0,5.0,5.119,11629,4,1,1,1.0,0,0,0,0,0,0
family18,CSDVRP-S-n8-s3,S,8,3,base,Random-18,2,,5,339.8466,351.7127,337.5902,2.2564,0.0,5.0,5.106,16479,3,0,0,0.9567,0,0,0,0,0,0
family18,CSDVRP-S-n6-s3,S,6,3,base,Marginal-18,5,1,5,230.2731,253.5784,228.5871,1.686,0.0,5.0,5.107,26639,2,0,0,0.9873,0,0,0,0,0,0
family18,CSDVRP-M-n30-s0,M,30,0,base,Roulette-18,9,,10,1155.1669,1303.6377,1105.6666,4.5002,45.0,10.0,10.203,3623,11,2,3,1.0,0,0,0,0,0,0
family18,CSDVRP-S-n10-s5,S,10,5,base,VNS-18,6,,5,454.5993,485.8354,450.6688,3.9305,0.0,5.0,5.155,12131,3,0,0,0.956,0,0,0,0,0,0
family18,CSDVRP-S-n8-s5,S,8,5,base,DRL-VNS18,0,1,5,423.2126,427.0275,419.9371,3.2754,0.0,5.0,5.058,6462,3,0,0,0.894,0,0,0,0,0,0
family18,CSDVRP-XL-n150-s1,XL,150,1,base,Marginal-18,4,5,50,4331.5024,4744.1508,4181.866,14.6364,135.0,50.078,51.18,1070,44,5,9,1.0,0,0,0,0,0,0
family18,CSDVRP-M-n30-s5,M,30,5,base,Roulette-18,3,,10,1128.7287,1247.2838,1123.3845,5.3443,0.0,10.0,10.268,4179,10,0,0,0.9905,0,0,0,0,0,0
family18,CSDVRP-S-n8-s4,S,8,4,base,VNS-18,7,,5,359.1905,397.2233,357.0731,2.1174,0.0,5.0,5.043,16388,3,0,0,0.8793,0,0,0,0,0,0
family18,CSDVRP-M-n50-s2,M,50,2,base,DRL-VNS18,8,4,15,1503.0964,1677.4231,1466.2588,6.8376,30.0,15.0,15.343,1798,16,1,2,1.0,0,0,0,0,0,0
family18,CSDVRP-S-n15-s1,S,15,1,base,Marginal-18,3,4,5,599.4153,675.8866,596.1341,3.2813,0.0,5.0,5.104,6122,6,0,0,0.9,0,0,0,0,0,0
family18,CSDVRP-S-n10-s5,S,10,5,base,DRL-VNS18,3,4,5,454.5993,485.8354,450.6688,3.9305,0.0,5.0,5.03,5949,3,0,0,0.956,0,0,0,0,0,0
family18,CSDVRP-M-n30-s5,M,30,5,base,Marginal-18,5,1,10,1119.4541,1247.2838,1084.647,4.807,30.0,10.0,10.372,4258,10,1,2,1.0,0,0,0,0,0,0
family18,CSDVRP-S-n8-s5,S,8,5,base,Marginal-18,0,1,5,423.2126,427.0275,419.9371,3.2754,0.0,5.0,5.215,13947,3,0,0,0.894,0,0,0,0,0,0
family18,CSDVRP-XL-n150-s0,XL,150,0,base,Marginal-18,9,5,50,4388.746,5021.4451,4372.9852,15.7609,0.0,50.016,51.273,1032,46,0,0,0.9997,0,0,0,0,0,0
family18,CSDVRP-XL-n150-s3,XL,150,3,base,Fixed-dominant,4,,50,3865.5635,4237.9876,3848.9999,16.5637,0.0,50.016,57.756,1350,44,0,0,0.9953,0,0,0,0,0,0
family18,CSDVRP-S-n8-s3,S,8,3,base,Roulette-18,5,,5,339.8466,351.7127,337.5902,2.2564,0.0,5.0,5.586,15342,3,0,0,0.9567,0,0,0,0,0,0
family18,CSDVRP-S-n6-s3,S,6,3,base,Random-18,0,,5,230.2731,253.5784,228.5871,1.686,0.0,5.0,5.761,25981,2,0,0,0.9873,0,0,0,0,0,0
family18,CSDVRP-L-n75-s3,L,75,3,base,DRL-VNS18,4,5,25,2154.6984,2332.9982,2088.5981,6.1003,60.0,25.016,27.089,971,24,2,4,1.0,0,0,0,0,0,0
family18,CSDVRP-M-n50-s2,M,50,2,base,Marginal-18,1,2,15,1468.0244,1677.4231,1461.7612,6.2631,0.0,15.0,17.087,1738,16,0,0,0.9985,0,0,0,0,0,0
family18,CSDVRP-XL-n150-s0,XL,150,0,base,DRL-VNS18,5,1,50,4427.9274,5021.4451,4336.2629,16.6644,75.0,50.125,55.119,876,46,3,5,1.0,0,0,0,0,0,0
family18,CSDVRP-M-n30-s4,M,30,4,base,Roulette-18,8,,10,926.5673,1151.8487,921.3091,5.2583,0.0,10.0,11.41,3115,10,0,0,0.99,0,0,0,0,0,0
family18,CSDVRP-S-n6-s3,S,6,3,base,VNS-18,5,,5,230.2731,253.5784,228.5871,1.686,0.0,5.0,5.34,25258,2,0,0,0.9873,0,0,0,0,0,0
family18,CSDVRP-S-n10-s1,S,10,1,base,Fixed-dominant,5,,5,395.139,479.2322,392.2685,2.8705,0.0,5.0,6.171,13361,4,0,0,0.9253,0,0,0,0,0,0
family18,CSDVRP-S-n12-s5,S,12,5,base,Fixed-dominant,9,,5,521.0601,535.5205,517.6832,3.3769,0.0,5.0,5.857,10387,4,0,0,0.978,0,0,0,0,0,0
family18,CSDVRP-M-n50-s4,M,50,4,base,Fixed-dominant,4,,15,1649.0821,1919.2804,1642.0919,6.9902,0.0,15.0,17.521,2058,17,0,0,0.995,0,0,0,0,0,0
family18,CSDVRP-S-n10-s1,S,10,1,base,Roulette-18,0,,5,394.7924,479.2322,392.2685,2.5239,0.0,5.0,5.209,8748,4,0,0,0.9253,0,0,0,0,0,0
family18,CSDVRP-L-n75-s2,L,75,2,base,DRL-VNS18,7,3,25,2162.3694,2442.0216,2122.8236,9.5458,30.0,25.0,25.471,990,23,1,2,1.0,0,0,0,0,0,0
family18,CSDVRP-L-n100-s0,L,100,0,base,Marginal-18,0,1,35,3129.6776,3458.8862,3056.4314,13.2462,60.0,35.0,35.983,548,31,3,4,1.0,0,0,0,0,0,0
family18,CSDVRP-S-n6-s3,S,6,3,base,DRL-VNS18,7,3,5,230.2731,253.5784,228.5871,1.686,0.0,5.0,5.052,7882,2,0,0,0.9873,0,0,0,0,0,0
family18,CSDVRP-S-n15-s3,S,15,3,base,Roulette-18,2,,5,605.368,692.2972,602.0686,3.2994,0.0,5.0,5.076,6315,6,0,0,0.9787,0,0,0,0,0,0
family18,CSDVRP-M-n50-s5,M,50,5,base,Marginal-18,5,1,15,1677.63,1904.3598,1640.1781,7.4519,30.0,15.0,15.222,1572,16,2,2,1.0,0,0,0,0,0,0
family18,CSDVRP-M-n30-s0,M,30,0,base,Random-18,9,,10,1092.964,1303.6377,1089.1614,3.8025,0.0,10.0,10.133,3426,11,0,0,0.997,0,0,0,0,0,0
family18,CSDVRP-M-n50-s3,M,50,3,base,Random-18,8,,15,1430.5203,1746.7745,1395.1227,5.3977,30.0,15.0,15.545,1806,15,2,2,1.0,0,0,0,0,0,0
family18,CSDVRP-M-n30-s5,M,30,5,base,Marginal-18,1,2,10,1128.5178,1247.2838,1123.3845,5.1334,0.0,10.0,10.324,4284,10,0,0,0.9905,0,0,0,0,0,0
family18,CSDVRP-S-n6-s5,S,6,5,base,Fixed-dominant,9,,5,347.3173,347.7063,345.0582,2.2591,0.0,5.0,5.121,21580,3,0,0,0.9907,0,0,0,0,0,0
family18,CSDVRP-M-n50-s0,M,50,0,base,Roulette-18,0,,15,1708.9411,1986.2853,1700.9035,8.0375,0.0,15.0,15.347,1874,16,0,0,0.9865,0,0,0,0,0,0
family18,CSDVRP-L-n75-s2,L,75,2,base,DRL-VNS18,4,5,25,2092.4032,2442.0216,2067.5188,9.8843,15.0,25.0,26.07,1165,22,1,1,1.0,0,0,0,0,0,0
family18,CSDVRP-S-n6-s5,S,6,5,base,VNS-18,2,,5,347.3173,347.7063,345.0582,2.2591,0.0,5.0,5.043,22276,3,0,0,0.9907,0,0,0,0,0,0
family18,CSDVRP-S-n6-s2,S,6,2,base,Roulette-18,1,,5,330.2083,334.9047,328.2873,1.921,0.0,5.0,5.106,17094,3,0,0,0.8567,0,0,0,0,0,0
family18,CSDVRP-S-n20-s5,S,20,5,base,Random-18,8,,6,763.1659,865.7,758.6853,4.4806,0.0,6.0,6.077,5119,7,0,0,0.9947,0,0,0,0,0,0
family18,CSDVRP-S-n20-s4,S,20,4,base,Random-18,9,,6,719.4697,798.0501,715.5041,3.9656,0.0,6.0,6.671,4753,7,0,0,0.986,0,0,0,0,0,0
family18,CSDVRP-M-n50-s5,M,50,5,base,Fixed-dominant,5,,15,1637.2254,1904.3598,1629.4282,7.7972,0.0,15.0,15.814,1830,16,0,0,1.0,0,0,0,0,0,0
family18,CSDVRP-XL-n150-s3,XL,150,3,base,Roulette-18,2,,50,3794.4485,4237.9876,3778.4589,15.9896,0.0,50.0,50.918,1010,43,0,0,0.9983,0,0,0,0,0,0
family18,CSDVRP-M-n30-s3,M,30,3,base,VNS-18,7,,10,969.1696,1099.7766,965.9069,3.2627,0.0,10.0,10.432,4075,10,0,0,0.988,0,0,0,0,0,0
family18,CSDVRP-M-n30-s2,M,30,2,base,Fixed-dominant,5,,10,941.4918,1162.4183,938.3163,3.1755,0.0,10.0,10.355,3676,10,0,0,0.9865,0,0,0,0,0,0
family18,CSDVRP-S-n20-s0,S,20,0,base,Fixed-dominant,2,,6,756.3441,835.2978,752.4896,3.8544,0.0,6.0,6.14,4538,7,0,0,0.9987,0,0,0,0,0,0
family18,CSDVRP-M-n50-s0,M,50,0,base,Random-18,5,,15,1717.8146,1986.2853,1696.5971,6.2175,15.0,15.0,15.231,1843,16,1,1,1.0,0,0,0,0,0,0
family18,CSDVRP-S-n12-s2,S,12,2,base,Marginal-18,9,5,5,460.175,518.4642,458.0808,2.0942,0.0,5.0,5.106,12567,4,0,0,0.998,0,0,0,0,0,0
family18,CSDVRP-S-n12-s5,S,12,5,base,VNS-18,6,,5,521.0601,535.5205,517.6832,3.3769,0.0,5.0,5.061,9218,4,0,0,0.978,0,0,0,0,0,0
family18,CSDVRP-L-n75-s1,L,75,1,base,Fixed-dominant,9,,25,2141.4495,2408.8056,2131.5744,9.8751,0.0,25.0,25.377,923,23,0,0,0.9988,0,0,0,0,0,0
family18,CSDVRP-S-n20-s0,S,20,0,base,DRL-VNS18,2,3,6,756.2207,835.2978,752.4896,3.7311,0.0,6.0,6.054,3303,7,0,0,0.9987,0,0,0,0,0,0
family18,CSDVRP-L-n75-s0,L,75,0,base,Fixed-dominant,7,,25,2420.7363,2688.4285,2410.5656,10.1707,0.0,25.0,25.95,1080,24,0,0,0.996,0,0,0,0,0,0
family18,CSDVRP-S-n15-s5,S,15,5,base,Random-18,6,,5,666.5148,800.4223,662.7682,3.7467,0.0,5.0,5.093,7817,5,0,0,0.9993,0,0,0,0,0,0
family18,CSDVRP-S-n10-s4,S,10,4,base,Marginal-18,4,5,5,387.7762,460.8567,384.9244,2.8518,0.0,5.0,5.122,14539,3,0,0,0.98,0,0,0,0,0,0
family18,CSDVRP-L-n100-s4,L,100,4,base,Fixed-dominant,1,,35,2963.0864,3371.4529,2949.9449,13.1415,0.0,35.062,35.622,784,31,0,0,0.9976,0,0,0,0,0,0
family18,CSDVRP-S-n15-s4,S,15,4,base,VNS-18,3,,5,585.7427,624.2332,582.2908,3.4519,0.0,5.0,5.062,6601,6,0,0,0.9347,0,0,0,0,0,0
family18,CSDVRP-S-n8-s3,S,8,3,base,Marginal-18,9,5,5,339.8466,351.7127,337.5902,2.2564,0.0,5.0,5.387,15819,3,0,0,0.9567,0,0,0,0,0,0
family18,CSDVRP-S-n20-s5,S,20,5,base,DRL-VNS18,2,3,6,763.1659,865.7,758.6853,4.4806,0.0,6.0,6.28,3760,7,0,0,0.9947,0,0,0,0,0,0
family18,CSDVRP-M-n50-s4,M,50,4,base,Marginal-18,3,4,15,1666.4195,1919.2804,1661.0564,5.3631,0.0,15.0,15.459,1627,16,0,0,0.998,0,0,0,0,0,0
family18,CSDVRP-S-n15-s4,S,15,4,base,VNS-18,0,,5,585.7427,624.2332,582.2908,3.4519,0.0,5.0,5.097,6825,6,0,0,0.9347,0,0,0,0,0,0
family18,CSDVRP-L-n100-s5,L,100,5,base,VNS-18,6,,35,2562.2992,3154.3549,2548.9777,13.3216,0.0,35.047,35.466,755,30,0,0,0.9988,0,0,0,0,0,0
family18,CSDVRP-S-n8-s4,S,8,4,base,Fixed-dominant,3,,5,359.1905,397.2233,357.0731,2.1174,0.0,5.0,5.107,16349,3,0,0,0.8793,0,0,0,0,0,0
family18,CSDVRP-S-n12-s2,S,12,2,base,Random-18,4,,5,460.175,518.4642,458.0808,2.0942,0.0,5.0,5.154,12768,4,0,0,0.998,0,0,0,0,0,0
family18,CSDVRP-S-n20-s3,S,20,3,base,Marginal-18,4,5,6,691.1397,797.0264,687.1116,4.0281,0.0,6.0,6.451,5392,7,0,0,0.9707,0,0,0,0,0,0
family18,CSDVRP-S-n8-s5,S,8,5,base,Random-18,6,,5,423.2126,427.0275,419.9371,3.2754,0.0,5.0,5.106,13508,3,0,0,0.894,0,0,0,0,0,0
family18,CSDVRP-XL-n150-s4,XL,150,4,base,VNS-18,4,,50,3858.93,4802.2805,3800.6695,13.2605,45.0,50.109,50.821,848,46,2,3,1.0,0,0,0,0,0,0
family18,CSDVRP-S-n10-s3,S,10,3,base,Random-18,6,,5,398.3226,456.2198,394.9219,3.4007,0.0,5.0,5.065,13418,3,0,0,0.9427,0,0,0,0,0,0
family18,CSDVRP-XL-n150-s5,XL,150,5,base,Roulette-18,5,,50,3928.1484,4291.4727,3836.3842,16.7642,75.0,50.031,51.653,907,45,3,5,1.0,0,0,0,0,0,0
family18,CSDVRP-S-n15-s1,S,15,1,base,Random-18,5,,5,599.4153,675.8866,596.1341,3.2813,0.0,5.0,5.062,5880,6,0,0,0.9,0,0,0,0,0,0
family18,CSDVRP-M-n50-s4,M,50,4,base,DRL-VNS18,7,3,15,1650.1386,1919.2804,1643.9568,6.1818,0.0,15.0,15.278,1580,16,0,0,0.984,0,0,0,0,0,0
family18,CSDVRP-M-n50-s4,M,50,4,base,Marginal-18,8,4,15,1650.8108,1919.2804,1643.9568,6.854,0.0,15.0,15.22,1625,16,0,0,0.984,0,0,0,0,0,0
family18,CSDVRP-L-n100-s2,L,100,2,base,Marginal-18,8,4,35,2792.985,3167.7225,2779.3611,13.6239,0.0,35.0,36.262,698,30,0,0,0.9936,0,0,0,0,0,0
family18,CSDVRP-S-n15-s1,S,15,1,base,Fixed-dominant,3,,5,599.6997,675.8866,596.1341,3.5656,0.0,5.0,5.105,6000,6,0,0,0.9,0,0,0,0,0,0
family18,CSDVRP-S-n6-s2,S,6,2,base,Random-18,4,,5,330.7872,334.9047,328.2873,2.4999,0.0,5.0,5.059,17314,3,0,0,0.8567,0,0,0,0,0,0
family18,CSDVRP-M-n50-s4,M,50,4,base,Marginal-18,0,1,15,1668.7473,1919.2804,1662.8373,5.91,0.0,15.0,15.3,1543,16,0,0,0.998,0,0,0,0,0,0
family18,CSDVRP-S-n12-s1,S,12,1,base,VNS-18,2,,5,511.8119,602.7068,507.9062,3.9057,0.0,5.0,5.055,9500,4,0,0,0.994,0,0,0,0,0,0
family18,CSDVRP-M-n50-s5,M,50,5,base,Roulette-18,9,,15,1605.7648,1904.3598,1597.9554,7.8094,0.0,15.0,15.492,1959,15,0,0,0.995,0,0,0,0,0,0
family18,CSDVRP-M-n50-s3,M,50,3,base,Fixed-dominant,2,,15,1399.7973,1746.7745,1392.5811,7.2162,0.0,15.0,15.383,1838,15,0,0,0.994,0,0,0,0,0,0
family18,CSDVRP-S-n20-s0,S,20,0,base,Roulette-18,0,,6,756.2207,835.2978,752.4896,3.7311,0.0,6.0,6.026,4526,7,0,0,0.9987,0,0,0,0,0,0
family18,CSDVRP-L-n100-s2,L,100,2,base,Roulette-18,2,,35,2806.7752,3167.7225,2795.6563,11.1189,0.0,35.016,35.775,690,30,0,0,0.9972,0,0,0,0,0,0
family18,CSDVRP-S-n15-s1,S,15,1,base,Roulette-18,3,,5,599.4153,675.8866,596.1341,3.2813,0.0,5.0,5.156,5801,6,0,0,0.9,0,0,0,0,0,0
family18,CSDVRP-L-n100-s0,L,100,0,base,Roulette-18,9,,35,3117.1769,3458.8862,3044.7814,12.3955,60.0,35.109,35.987,556,32,3,4,1.0,0,0,0,0,0,0
family18,CSDVRP-S-n6-s1,S,6,1,base,Marginal-18,9,5,5,341.7876,362.2464,340.1093,1.6783,0.0,5.0,5.071,19082,3,0,0,0.926,0,0,0,0,0,0
family18,CSDVRP-S-n12-s5,S,12,5,base,Fixed-dominant,2,,5,521.1433,535.5205,517.6832,3.4602,0.0,5.0,5.077,9984,4,0,0,0.978,0,0,0,0,0,0
family18,CSDVRP-M-n50-s3,M,50,3,base,Roulette-18,6,,15,1432.3727,1746.7745,1411.6493,5.7234,15.0,15.0,15.309,1773,15,1,1,1.0,0,0,0,0,0,0
family18,CSDVRP-XL-n150-s5,XL,150,5,base,Fixed-dominant,7,,50,3965.2249,4291.4727,3944.4289,20.796,0.0,50.0,51.045,1140,45,0,0,0.999,0,0,0,0,0,0
family18,CSDVRP-S-n8-s5,S,8,5,base,Roulette-18,1,,5,423.2126,427.0275,419.9371,3.2754,0.0,5.0,5.105,13130,3,0,0,0.894,0,0,0,0,0,0
family18,CSDVRP-S-n20-s1,S,20,1,base,Random-18,4,,6,785.2664,908.0268,780.5879,4.6785,0.0,6.0,6.123,4742,7,0,0,0.9833,0,0,0,0,0,0
family18,CSDVRP-XL-n150-s2,XL,150,2,base,Roulette-18,3,,50,3986.7521,4545.4892,3970.1413,16.6108,0.0,50.109,51.338,837,45,0,0,1.0,0,0,0,0,0,0
family18,CSDVRP-XL-n150-s3,XL,150,3,base,Marginal-18,2,3,50,3816.8803,4237.9876,3801.7416,15.1387,0.0,50.047,50.996,885,44,0,0,0.998,0,0,0,0,0,0
family18,CSDVRP-XL-n150-s1,XL,150,1,base,Random-18,7,,50,4315.5517,4744.1508,4208.4186,17.1331,90.0,50.047,51.395,787,45,3,6,1.0,0,0,0,0,0,0
family18,CSDVRP-S-n20-s2,S,20,2,base,Roulette-18,5,,6,670.121,732.8183,667.0092,3.1118,0.0,6.0,6.056,4491,7,0,0,0.9933,0,0,0,0,0,0
family18,CSDVRP-L-n100-s1,L,100,1,base,DRL-VNS18,8,4,35,2660.5239,3146.4881,2635.7183,9.8056,15.0,35.031,35.592,731,29,1,1,1.0,0,0,0,0,0,0
family18,CSDVRP-S-n8-s4,S,8,4,base,DRL-VNS18,6,2,5,359.1905,397.2233,357.0731,2.1174,0.0,5.0,5.039,6483,3,0,0,0.8793,0,0,0,0,0,0
family18,CSDVRP-S-n10-s5,S,10,5,base,VNS-18,1,,5,454.5993,485.8354,450.6688,3.9305,0.0,5.0,5.468,12401,3,0,0,0.956,0,0,0,0,0,0
family18,CSDVRP-M-n50-s5,M,50,5,base,VNS-18,4,,15,1663.7479,1904.3598,1595.9355,7.8123,60.0,15.016,15.466,1846,15,3,4,1.0,0,0,0,0,0,0
family18,CSDVRP-S-n8-s4,S,8,4,base,Roulette-18,7,,5,359.1905,397.2233,357.0731,2.1174,0.0,5.0,5.075,14488,3,0,0,0.8793,0,0,0,0,0,0
family18,CSDVRP-XL-n150-s4,XL,150,4,base,Random-18,3,,50,4022.1738,4802.2805,3857.4442,14.7295,150.0,50.062,51.409,865,46,6,10,1.0,0,0,0,0,0,0
family18,CSDVRP-M-n30-s4,M,30,4,base,DRL-VNS18,7,3,10,926.5915,1151.8487,921.3091,5.2824,0.0,10.0,10.618,2946,10,0,0,0.99,0,0,0,0,0,0
family18,CSDVRP-S-n6-s5,S,6,5,base,DRL-VNS18,3,4,5,347.3173,347.7063,345.0582,2.2591,0.0,5.0,5.228,7791,3,0,0,0.9907,0,0,0,0,0,0
family18,CSDVRP-S-n8-s5,S,8,5,base,Roulette-18,8,,5,423.2126,427.0275,419.9371,3.2754,0.0,5.0,5.153,13363,3,0,0,0.894,0,0,0,0,0,0
family18,CSDVRP-M-n30-s0,M,30,0,base,DRL-VNS18,6,2,10,1092.964,1303.6377,1089.1614,3.8025,0.0,10.0,10.3,3198,11,0,0,0.997,0,0,0,0,0,0
family18,CSDVRP-L-n100-s5,L,100,5,base,Roulette-18,8,,35,2713.8597,3154.3549,2596.5305,12.3292,105.0,35.047,35.641,639,30,4,7,1.0,0,0,0,0,0,0
family18,CSDVRP-L-n100-s0,L,100,0,base,DRL-VNS18,3,4,35,3066.5123,3458.8862,3053.7293,12.783,0.0,35.0,35.978,654,31,0,0,0.9996,0,0,0,0,0,0
family18,CSDVRP-XL-n150-s3,XL,150,3,base,VNS-18,1,,50,3864.0324,4237.9876,3804.1465,14.8859,45.0,50.031,51.543,887,44,2,3,1.0,0,0,0,0,0,0
family18,CSDVRP-XL-n150-s1,XL,150,1,base,Fixed-dominant,0,,50,4357.3179,4744.1508,4336.3352,20.9827,0.0,50.031,51.187,1237,45,0,0,0.9993,0,0,0,0,0,0
family18,CSDVRP-S-n15-s2,S,15,2,base,Random-18,1,,5,604.4369,645.109,602.0225,2.4144,0.0,5.0,5.067,6152,6,0,0,0.9953,0,0,0,0,0,0
family18,CSDVRP-XL-n150-s3,XL,150,3,base,Roulette-18,6,,50,3819.3396,4237.9876,3801.4901,17.8495,0.0,50.031,51.487,989,43,0,0,0.9983,0,0,0,0,0,0
family18,CSDVRP-L-n75-s1,L,75,1,base,DRL-VNS18,4,5,25,2136.3251,2408.8056,2054.4557,6.8694,75.0,25.016,25.476,1019,23,3,5,1.0,0,0,0,0,0,0
family18,CSDVRP-M-n50-s2,M,50,2,base,Fixed-dominant,6,,15,1468.8703,1677.4231,1461.7612,7.1091,0.0,15.0,15.266,1919,16,0,0,0.9985,0,0,0,0,0,0
family18,CSDVRP-S-n8-s5,S,8,5,base,Fixed-dominant,9,,5,423.2126,427.0275,419.9371,3.2754,0.0,5.0,5.054,17782,3,0,0,0.894,0,0,0,0,0,0
family18,CSDVRP-S-n20-s3,S,20,3,base,DRL-VNS18,8,4,6,730.5584,797.0264,696.4671,4.0913,30.0,6.0,6.359,3513,7,2,2,1.0,0,0,0,0,0,0
family18,CSDVRP-L-n75-s1,L,75,1,base,Fixed-dominant,0,,25,2109.9785,2408.8056,2100.6326,9.346,0.0,25.016,26.032,1036,24,0,0,0.9932,0,0,0,0,0,0
family18,CSDVRP-S-n12-s1,S,12,1,base,Fixed-dominant,9,,5,527.441,602.7068,508.6521,3.7889,15.0,5.0,5.148,9766,4,1,1,1.0,0,0,0,0,0,0
family18,CSDVRP-M-n30-s5,M,30,5,base,Fixed-dominant,0,,10,1130.8527,1247.2838,1123.3845,7.4683,0.0,10.0,10.218,4101,10,0,0,0.9905,0,0,0,0,0,0
family18,CSDVRP-M-n30-s2,M,30,2,base,VNS-18,0,,10,945.6669,1162.4183,941.8287,3.8382,0.0,10.0,10.171,3146,10,0,0,0.9865,0,0,0,0,0,0
family18,CSDVRP-S-n12-s5,S,12,5,base,Random-18,5,,5,521.0601,535.5205,517.6832,3.3769,0.0,5.0,5.119,9552,4,0,0,0.978,0,0,0,0,0,0
family18,CSDVRP-XL-n150-s1,XL,150,1,base,Fixed-dominant,6,,50,4297.198,4744.1508,4279.1214,18.0766,0.0,50.016,51.267,1290,45,0,0,0.9993,0,0,0,0,0,0
family18,CSDVRP-L-n100-s1,L,100,1,base,DRL-VNS18,9,5,35,2650.7467,3146.4881,2610.8464,9.9003,30.0,35.0,35.499,752,29,2,2,1.0,0,0,0,0,0,0
family18,CSDVRP-S-n12-s3,S,12,3,base,VNS-18,4,,5,522.4878,589.3086,503.6872,3.8005,15.0,5.0,5.115,10802,4,1,1,1.0,0,0,0,0,0,0
family18,CSDVRP-L-n100-s5,L,100,5,base,VNS-18,9,,35,2642.6093,3154.3549,2586.1404,11.4688,45.0,35.031,36.112,662,31,2,3,1.0,0,0,0,0,0,0
family18,CSDVRP-S-n6-s2,S,6,2,base,Fixed-dominant,9,,5,330.7872,334.9047,328.2873,2.4999,0.0,5.0,5.087,17535,3,0,0,0.8567,0,0,0,0,0,0
family18,CSDVRP-S-n15-s3,S,15,3,base,DRL-VNS18,9,5,5,613.8579,692.2972,595.8443,3.0136,15.0,5.0,5.122,4925,5,1,1,1.0,0,0,0,0,0,0
family18,CSDVRP-S-n8-s3,S,8,3,base,Roulette-18,3,,5,339.8466,351.7127,337.5902,2.2564,0.0,5.0,5.138,14997,3,0,0,0.9567,0,0,0,0,0,0
family18,CSDVRP-L-n75-s4,L,75,4,base,VNS-18,2,,25,2226.1783,2460.454,2202.8967,8.2816,15.0,25.0,25.406,951,24,1,1,1.0,0,0,0,0,0,0
family18,CSDVRP-XL-n150-s2,XL,150,2,base,DRL-VNS18,4,5,50,4017.6569,4545.4892,3955.417,17.2399,45.0,50.0,51.336,1019,45,2,3,1.0,0,0,0,0,0,0
family18,CSDVRP-S-n8-s3,S,8,3,base,Random-18,3,,5,339.8466,351.7127,337.5902,2.2564,0.0,5.0,5.092,15816,3,0,0,0.9567,0,0,0,0,0,0
family18,CSDVRP-S-n8-s3,S,8,3,base,VNS-18,0,,5,339.8466,351.7127,337.5902,2.2564,0.0,5.0,5.077,15566,3,0,0,0.9567,0,0,0,0,0,0
family18,CSDVRP-L-n75-s5,L,75,5,base,Fixed-dominant,0,,25,2082.7186,2327.4464,2070.9756,11.743,0.0,25.0,25.645,1141,22,0,0,0.9864,0,0,0,0,0,0
family18,CSDVRP-S-n20-s2,S,20,2,base,Marginal-18,7,3,6,670.121,732.8183,667.0092,3.1118,0.0,6.0,6.29,4688,7,0,0,0.9933,0,0,0,0,0,0
family18,CSDVRP-M-n30-s0,M,30,0,base,DRL-VNS18,2,3,10,1112.675,1303.6377,1094.0598,3.6152,15.0,10.0,10.325,2898,11,1,1,1.0,0,0,0,0,0,0
family18,CSDVRP-L-n100-s3,L,100,3,base,DRL-VNS18,2,3,35,2724.9147,3095.0715,2714.5584,10.3563,0.0,35.094,35.843,564,31,0,0,1.0,0,0,0,0,0,0
family18,CSDVRP-S-n20-s3,S,20,3,base,Fixed-dominant,9,,6,691.4555,797.0264,687.1116,4.3439,0.0,6.0,6.101,5896,7,0,0,0.9707,0,0,0,0,0,0
family18,CSDVRP-S-n12-s4,S,12,4,base,Marginal-18,9,5,5,487.5063,536.3904,484.4937,3.0126,0.0,5.0,5.093,10273,4,0,0,0.9867,0,0,0,0,0,0
family18,CSDVRP-M-n30-s2,M,30,2,base,Fixed-dominant,0,,10,941.0551,1162.4183,938.3163,2.7388,0.0,10.0,10.109,3386,10,0,0,0.9865,0,0,0,0,0,0
family18,CSDVRP-L-n75-s4,L,75,4,base,DRL-VNS18,1,2,25,2201.7077,2460.454,2194.182,7.5257,0.0,25.016,25.843,1139,24,0,0,0.9996,0,0,0,0,0,0
family18,CSDVRP-L-n100-s0,L,100,0,base,Fixed-dominant,8,,35,3124.0894,3458.8862,3108.9378,15.1516,0.0,35.031,35.97,721,31,0,0,0.9932,0,0,0,0,0,0
family18,CSDVRP-S-n20-s4,S,20,4,base,Random-18,8,,6,719.4697,798.0501,715.5041,3.9656,0.0,6.0,6.067,4557,7,0,0,0.986,0,0,0,0,0,0
family18,CSDVRP-L-n75-s0,L,75,0,base,Roulette-18,5,,25,2410.5944,2688.4285,2401.1797,9.4147,0.0,25.0,25.809,1171,24,0,0,0.9984,0,0,0,0,0,0
family18,CSDVRP-XL-n150-s3,XL,150,3,base,Roulette-18,4,,50,3808.8502,4237.9876,3793.5766,15.2736,0.0,50.0,50.757,965,43,0,0,0.9983,0,0,0,0,0,0
family18,CSDVRP-L-n75-s1,L,75,1,base,Fixed-dominant,6,,25,2115.049,2408.8056,2104.9528,10.0962,0.0,25.0,25.857,1008,24,0,0,0.9932,0,0,0,0,0,0
family18,CSDVRP-S-n6-s4,S,6,4,base,Random-18,6,,5,307.3738,316.7228,305.135,2.2389,0.0,5.0,5.16,17542,3,0,0,0.906,0,0,0,0,0,0
family18,CSDVRP-M-n50-s0,M,50,0,base,Roulette-18,5,,15,1705.7156,1986.2853,1699.1272,6.5884,0.0,15.0,15.264,1968,16,0,0,0.9865,0,0,0,0,0,0
family18,CSDVRP-S-n15-s1,S,15,1,base,Fixed-dominant,6,,5,599.4153,675.8866,596.1341,3.2813,0.0,5.0,5.09,6121,6,0,0,0.9,0,0,0,0,0,0
family18,CSDVRP-M-n50-s1,M,50,1,base,VNS-18,9,,15,1533.541,1718.5004,1497.946,5.595,30.0,15.0,15.232,1760,15,2,2,1.0,0,0,0,0,0,0
family18,CSDVRP-S-n8-s2,S,8,2,base,DRL-VNS18,3,4,5,344.8888,398.3755,342.4078,2.481,0.0,5.0,5.09,6659,3,0,0,0.8753,0,0,0,0,0,0
family18,CSDVRP-S-n15-s3,S,15,3,base,DRL-VNS18,1,2,5,628.0397,692.2972,592.9672,5.0725,30.0,5.0,5.091,4652,5,2,2,1.0,0,0,0,0,0,0
family18,CSDVRP-L-n75-s3,L,75,3,base,Random-18,8,,25,2129.9492,2332.9982,2079.5234,5.4258,45.0,25.0,25.826,1048,24,2,3,1.0,0,0,0,0,0,0
family18,CSDVRP-S-n15-s3,S,15,3,base,VNS-18,0,,5,601.4006,692.2972,597.8561,3.5445,0.0,5.0,5.151,6220,6,0,0,0.998,0,0,0,0,0,0
family18,CSDVRP-M-n50-s5,M,50,5,base,Roulette-18,5,,15,1619.4198,1904.3598,1596.6216,7.7982,15.0,15.0,15.356,1950,15,1,1,1.0,0,0,0,0,0,0
family18,CSDVRP-S-n10-s4,S,10,4,base,Random-18,2,,5,387.4582,460.8567,384.9244,2.5338,0.0,5.0,5.06,14481,3,0,0,0.98,0,0,0,0,0,0
family18,CSDVRP-M-n50-s2,M,50,2,base,DRL-VNS18,0,1,15,1468.1939,1677.4231,1461.7612,6.4326,0.0,15.0,15.431,1502,16,0,0,0.9985,0,0,0,0,0,0
family18,CSDVRP-S-n20-s5,S,20,5,base,Random-18,6,,6,803.126,865.7,783.4562,4.6697,15.0,6.0,6.158,4959,7,1,1,1.0,0,0,0,0,0,0
family18,CSDVRP-S-n6-s3,S,6,3,base,DRL-VNS18,6,2,5,230.2731,253.5784,228.5871,1.686,0.0,5.0,5.059,8163,2,0,0,0.9873,0,0,0,0,0,0
family18,CSDVRP-S-n10-s3,S,10,3,base,DRL-VNS18,0,1,5,398.3226,456.2198,394.9219,3.4007,0.0,5.0,5.089,6289,3,0,0,0.9427,0,0,0,0,0,0
family18,CSDVRP-S-n20-s0,S,20,0,base,VNS-18,3,,6,756.3441,835.2978,752.4896,3.8544,0.0,6.0,6.108,4672,7,0,0,0.9987,0,0,0,0,0,0
family18,CSDVRP-S-n6-s4,S,6,4,base,VNS-18,7,,5,307.3738,316.7228,305.135,2.2389,0.0,5.0,5.373,18385,3,0,0,0.906,0,0,0,0,0,0
family18,CSDVRP-L-n75-s5,L,75,5,base,Roulette-18,3,,25,2085.9754,2327.4464,2079.6137,6.3618,0.0,25.047,25.662,1135,22,0,0,1.0,0,0,0,0,0,0
family18,CSDVRP-M-n30-s0,M,30,0,base,Fixed-dominant,7,,10,1093.7182,1303.6377,1088.8964,4.8218,0.0,10.0,10.133,3839,11,0,0,0.997,0,0,0,0,0,0
family18,CSDVRP-S-n12-s3,S,12,3,base,Roulette-18,6,,5,522.4878,589.3086,503.6872,3.8005,15.0,5.0,5.12,10580,4,1,1,1.0,0,0,0,0,0,0
family18,CSDVRP-S-n20-s4,S,20,4,base,Fixed-dominant,5,,6,720.0364,798.0501,715.5041,4.5322,0.0,6.0,6.045,5210,7,0,0,0.986,0,0,0,0,0,0
family18,CSDVRP-S-n6-s2,S,6,2,base,VNS-18,3,,5,330.7872,334.9047,328.2873,2.4999,0.0,5.0,5.044,17445,3,0,0,0.8567,0,0,0,0,0,0
family18,CSDVRP-CS-Riyadh,case,30,0,base,VNS-18,2,,30,420.0991,711.0291,414.0897,6.0094,0.0,30.0,30.84,12960,4,0,0,0.982,0,0,0,0,0,0
family18,CSDVRP-L-n75-s2,L,75,2,base,Fixed-dominant,6,,25,2125.7683,2442.0216,2114.475,11.2933,0.0,25.0,25.469,1058,22,0,0,0.9992,0,0,0,0,0,0
family18,CSDVRP-L-n100-s1,L,100,1,base,Marginal-18,6,2,35,2632.5827,3146.4881,2607.1776,10.4052,15.0,35.016,35.548,794,29,1,1,1.0,0,0,0,0,0,0
family18,CSDVRP-L-n75-s1,L,75,1,base,VNS-18,6,,25,2117.7475,2408.8056,2049.9791,7.7684,60.0,25.0,25.834,1086,23,3,4,1.0,0,0,0,0,0,0
family18,CSDVRP-S-n6-s2,S,6,2,base,DRL-VNS18,9,5,5,330.7872,334.9047,328.2873,2.4999,0.0,5.0,5.104,7008,3,0,0,0.8567,0,0,0,0,0,0
family18,CSDVRP-S-n15-s1,S,15,1,base,DRL-VNS18,8,4,5,599.4153,675.8866,596.1341,3.2813,0.0,5.0,5.107,3890,6,0,0,0.9,0,0,0,0,0,0
family18,CSDVRP-S-n6-s4,S,6,4,base,Roulette-18,9,,5,307.3738,316.7228,305.135,2.2389,0.0,5.0,5.061,16337,3,0,0,0.906,0,0,0,0,0,0
family18,CSDVRP-M-n50-s2,M,50,2,base,VNS-18,0,,15,1467.8854,1677.4231,1462.0673,5.818,0.0,15.0,15.255,1508,16,0,0,0.9985,0,0,0,0,0,0
family18,CSDVRP-M-n30-s5,M,30,5,base,Random-18,4,,10,1131.385,1247.2838,1096.415,4.97,30.0,10.0,10.146,3616,10,2,2,1.0,0,0,0,0,0,0
family18,CSDVRP-L-n100-s1,L,100,1,base,DRL-VNS18,2,3,35,2671.8271,3146.4881,2630.9186,10.9085,30.0,35.047,36.404,647,29,1,2,1.0,0,0,0,0,0,0
family18,CSDVRP-S-n10-s3,S,10,3,base,DRL-VNS18,7,3,5,398.3934,456.2198,394.9219,3.4715,0.0,5.0,5.104,6081,3,0,0,0.9427,0,0,0,0,0,0
family18,CSDVRP-S-n20-s0,S,20,0,base,Random-18,3,,6,756.2207,835.2978,752.4896,3.7311,0.0,6.0,6.17,4658,7,0,0,0.9987,0,0,0,0,0,0
family18,CSDVRP-S-n12-s5,S,12,5,base,Marginal-18,2,3,5,521.0601,535.5205,517.6832,3.3769,0.0,5.0,5.091,9360,4,0,0,0.978,0,0,0,0,0,0
family18,CSDVRP-S-n6-s5,S,6,5,base,DRL-VNS18,1,2,5,347.3173,347.7063,345.0582,2.2591,0.0,5.0,5.073,7560,3,0,0,0.9907,0,0,0,0,0,0
family18,CSDVRP-S-n12-s1,S,12,1,base,Fixed-dominant,8,,5,511.4838,602.7068,507.9062,3.5776,0.0,5.0,5.061,10180,4,0,0,0.994,0,0,0,0,0,0
family18,CSDVRP-M-n30-s2,M,30,2,base,Marginal-18,0,1,10,958.7705,1162.4183,940.1226,3.6479,15.0,10.0,10.266,3375,10,1,1,1.0,0,0,0,0,0,0
family18,CSDVRP-S-n15-s4,S,15,4,base,Fixed-dominant,3,,5,606.3303,624.2332,601.9721,4.3582,0.0,5.0,5.09,7940,5,0,0,0.9993,0,0,0,0,0,0
family18,CSDVRP-XL-n150-s4,XL,150,4,base,Fixed-dominant,8,,50,3942.9026,4802.2805,3927.4459,15.4567,0.0,50.0,50.969,1156,47,0,0,0.9983,0,0,0,0,0,0
family18,CSDVRP-L-n75-s5,L,75,5,base,DRL-VNS18,4,5,25,2108.9413,2327.4464,2097.9632,10.9781,0.0,25.031,25.419,1204,22,0,0,1.0,0,0,0,0,0,0
family18,CSDVRP-S-n8-s4,S,8,4,base,Marginal-18,2,3,5,359.1905,397.2233,357.0731,2.1174,0.0,5.0,5.101,14918,3,0,0,0.8793,0,0,0,0,0,0
family18,CSDVRP-S-n12-s2,S,12,2,base,DRL-VNS18,1,2,5,460.175,518.4642,458.0808,2.0942,0.0,5.0,5.139,6038,4,0,0,0.998,0,0,0,0,0,0
family18,CSDVRP-M-n30-s5,M,30,5,base,Random-18,7,,10,1127.5825,1247.2838,1092.2244,5.358,30.0,10.0,10.25,3935,10,1,2,1.0,0,0,0,0,0,0
family18,CSDVRP-S-n20-s0,S,20,0,base,Random-18,4,,6,756.3441,835.2978,752.4896,3.8544,0.0,6.0,6.385,4843,7,0,0,0.9987,0,0,0,0,0,0
family18,CSDVRP-S-n12-s3,S,12,3,base,Fixed-dominant,9,,5,524.8684,589.3086,520.2183,4.6501,0.0,5.0,5.107,12295,4,0,0,0.982,0,0,0,0,0,0
family18,CSDVRP-S-n15-s3,S,15,3,base,Roulette-18,9,,5,601.4006,692.2972,597.8561,3.5445,0.0,5.0,5.281,6177,6,0,0,0.998,0,0,0,0,0,0
family18,CSDVRP-L-n100-s3,L,100,3,base,DRL-VNS18,0,1,35,2709.5562,3095.0715,2698.9544,10.6019,0.0,35.047,35.698,654,31,0,0,1.0,0,0,0,0,0,0
family18,CSDVRP-S-n12-s2,S,12,2,base,Marginal-18,4,5,5,460.175,518.4642,458.0808,2.0942,0.0,5.0,5.012,12022,4,0,0,0.998,0,0,0,0,0,0
family18,CSDVRP-S-n15-s2,S,15,2,base,Marginal-18,6,2,5,604.4369,645.109,602.0225,2.4144,0.0,5.0,5.202,6316,6,0,0,0.9953,0,0,0,0,0,0
family18,CSDVRP-S-n6-s1,S,6,1,base,Marginal-18,0,1,5,341.7876,362.2464,340.1093,1.6783,0.0,5.0,5.076,19633,3,0,0,0.926,0,0,0,0,0,0
family18,CSDVRP-S-n10-s3,S,10,3,base,Marginal-18,4,5,5,398.3226,456.2198,394.9219,3.4007,0.0,5.0,5.06,13675,3,0,0,0.9427,0,0,0,0,0,0
family18,CSDVRP-M-n50-s2,M,50,2,base,VNS-18,7,,15,1467.7015,1677.4231,1462.0673,5.6342,0.0,15.0,15.512,1598,16,0,0,0.9985,0,0,0,0,0,0
family18,CSDVRP-M-n30-s4,M,30,4,base,Random-18,1,,10,926.1273,1151.8487,921.3091,4.8182,0.0,10.0,10.284,3490,10,0,0,0.99,0,0,0,0,0,0
family18,CSDVRP-S-n12-s4,S,12,4,base,Marginal-18,8,4,5,487.5063,536.3904,484.4937,3.0126,0.0,5.0,5.151,10132,4,0,0,0.9867,0,0,0,0,0,0
family18,CSDVRP-M-n30-s1,M,30,1,base,Fixed-dominant,4,,10,1034.0975,1231.1888,1029.4314,4.6662,0.0,10.0,10.218,3896,10,0,0,0.988,0,0,0,0,0,0
family18,CSDVRP-S-n20-s5,S,20,5,base,DRL-VNS18,3,4,6,763.1659,865.7,758.6853,4.4806,0.0,6.0,6.136,3724,7,0,0,0.9947,0,0,0,0,0,0
family18,CSDVRP-L-n100-s1,L,100,1,base,Roulette-18,0,,35,2640.9984,3146.4881,2629.7397,11.2587,0.0,35.016,35.687,773,29,0,0,0.9996,0,0,0,0,0,0
family18,CSDVRP-S-n15-s5,S,15,5,base,DRL-VNS18,7,3,5,666.5148,800.4223,662.7682,3.7467,0.0,5.0,5.588,5083,5,0,0,0.9993,0,0,0,0,0,0
family18,CSDVRP-XL-n150-s0,XL,150,0,base,VNS-18,9,,50,4398.0797,5021.4451,4292.7437,15.336,90.0,50.0,51.1,915,46,4,6,1.0,0,0,0,0,0,0
family18,CSDVRP-S-n6-s2,S,6,2,base,Roulette-18,5,,5,330.2083,334.9047,328.2873,1.921,0.0,5.0,5.19,16668,3,0,0,0.8567,0,0,0,0,0,0
family18,CSDVRP-S-n20-s2,S,20,2,base,DRL-VNS18,2,3,6,670.1283,732.8183,667.0092,3.1191,0.0,6.0,6.202,3287,7,0,0,0.9933,0,0,0,0,0,0
family18,CSDVRP-XL-n150-s5,XL,150,5,base,DRL-VNS18,3,4,50,3931.9335,4291.4727,3898.9405,17.993,15.0,50.0,51.467,832,45,1,1,1.0,0,0,0,0,0,0
family18,CSDVRP-M-n50-s4,M,50,4,base,VNS-18,0,,15,1659.8806,1919.2804,1638.2937,6.5869,15.0,15.016,15.233,1657,16,1,1,1.0,0,0,0,0,0,0
family18,CSDVRP-S-n15-s5,S,15,5,base,DRL-VNS18,0,1,5,666.5148,800.4223,662.7682,3.7467,0.0,5.0,5.067,4657,5,0,0,0.9993,0,0,0,0,0,0
family18,CSDVRP-S-n15-s4,S,15,4,base,Random-18,7,,5,585.7427,624.2332,582.2908,3.4519,0.0,5.0,5.124,6935,6,0,0,0.9347,0,0,0,0,0,0
family18,CSDVRP-S-n15-s2,S,15,2,base,Marginal-18,2,3,5,604.4369,645.109,602.0225,2.4144,0.0,5.0,5.061,6054,6,0,0,0.9953,0,0,0,0,0,0
family18,CSDVRP-S-n12-s5,S,12,5,base,Fixed-dominant,1,,5,521.0601,535.5205,517.6832,3.3769,0.0,5.0,5.011,9950,4,0,0,0.978,0,0,0,0,0,0
family18,CSDVRP-S-n6-s1,S,6,1,base,Fixed-dominant,1,,5,341.7876,362.2464,340.1093,1.6783,0.0,5.0,5.529,24410,3,0,0,0.926,0,0,0,0,0,0
family18,CSDVRP-S-n8-s5,S,8,5,base,DRL-VNS18,1,2,5,423.2126,427.0275,419.9371,3.2754,0.0,5.0,5.152,6362,3,0,0,0.894,0,0,0,0,0,0
family18,CSDVRP-XL-n150-s1,XL,150,1,base,DRL-VNS18,4,5,50,4409.0868,4744.1508,4247.3017,11.7851,150.0,50.0,50.682,925,46,5,10,1.0,0,0,0,0,0,0
family18,CSDVRP-S-n15-s2,S,15,2,base,Random-18,8,,5,604.4369,645.109,602.0225,2.4144,0.0,5.0,5.094,6223,6,0,0,0.9953,0,0,0,0,0,0
family18,CSDVRP-M-n50-s5,M,50,5,base,Marginal-18,8,4,15,1611.988,1904.3598,1603.9005,8.0874,0.0,15.0,15.443,1942,15,0,0,0.9985,0,0,0,0,0,0
family18,CSDVRP-S-n12-s3,S,12,3,base,Random-18,6,,5,522.4878,589.3086,503.6872,3.8005,15.0,5.0,5.16,11008,4,1,1,1.0,0,0,0,0,0,0
family18,CSDVRP-S-n10-s2,S,10,2,base,Marginal-18,8,4,5,391.6922,436.4179,389.0812,2.6111,0.0,5.0,5.186,15127,3,0,0,0.9787,0,0,0,0,0,0
family18,CSDVRP-S-n8-s2,S,8,2,base,Fixed-dominant,7,,5,344.8888,398.3755,342.4078,2.481,0.0,5.0,5.107,17805,3,0,0,0.8753,0,0,0,0,0,0
family18,CSDVRP-S-n8-s3,S,8,3,base,VNS-18,3,,5,339.8466,351.7127,337.5902,2.2564,0.0,5.0,5.075,15776,3,0,0,0.9567,0,0,0,0,0,0
family18,CSDVRP-S-n8-s4,S,8,4,base,VNS-18,8,,5,359.1905,397.2233,357.0731,2.1174,0.0,5.0,5.044,15654,3,0,0,0.8793,0,0,0,0,0,0
family18,CSDVRP-S-n20-s4,S,20,4,base,VNS-18,6,,6,719.4697,798.0501,715.5041,3.9656,0.0,6.0,6.23,4708,7,0,0,0.986,0,0,0,0,0,0
family18,CSDVRP-S-n8-s3,S,8,3,base,Random-18,1,,5,339.8466,351.7127,337.5902,2.2564,0.0,5.0,5.123,17062,3,0,0,0.9567,0,0,0,0,0,0
family18,CSDVRP-M-n50-s2,M,50,2,base,Fixed-dominant,5,,15,1468.8002,1677.4231,1461.7612,7.039,0.0,15.0,15.913,1778,16,0,0,0.9985,0,0,0,0,0,0
family18,CSDVRP-XL-n150-s1,XL,150,1,base,Random-18,9,,50,4281.9789,4744.1508,4193.7182,13.2606,75.0,50.0,55.353,862,45,3,5,1.0,0,0,0,0,0,0
family18,CSDVRP-S-n20-s3,S,20,3,base,DRL-VNS18,9,5,6,703.796,797.0264,684.6426,4.1534,15.0,6.0,6.708,3734,7,1,1,1.0,0,0,0,0,0,0
family18,CSDVRP-S-n20-s0,S,20,0,base,Roulette-18,7,,6,756.2207,835.2978,752.4896,3.7311,0.0,6.0,6.562,4711,7,0,0,0.9987,0,0,0,0,0,0
family18,CSDVRP-L-n100-s4,L,100,4,base,Fixed-dominant,6,,35,2951.2607,3371.4529,2937.7324,13.5283,0.0,35.016,37.16,775,31,0,0,0.9996,0,0,0,0,0,0
family18,CSDVRP-XL-n150-s5,XL,150,5,base,Marginal-18,6,2,50,3933.4809,4291.4727,3825.8699,17.611,90.0,50.094,55.108,973,44,3,6,1.0,0,0,0,0,0,0
family18,CSDVRP-S-n6-s3,S,6,3,base,DRL-VNS18,0,1,5,230.2731,253.5784,228.5871,1.686,0.0,5.0,5.33,7948,2,0,0,0.9873,0,0,0,0,0,0
family18,CSDVRP-L-n100-s5,L,100,5,base,Roulette-18,4,,35,2671.2854,3154.3549,2569.6416,11.6438,90.0,35.016,37.089,710,30,3,6,1.0,0,0,0,0,0,0
family18,CSDVRP-S-n20-s0,S,20,0,base,VNS-18,2,,6,756.2207,835.2978,752.4896,3.7311,0.0,6.0,6.049,4871,7,0,0,0.9987,0,0,0,0,0,0
family18,CSDVRP-M-n50-s5,M,50,5,base,Random-18,3,,15,1631.0278,1904.3598,1608.9909,7.0368,15.0,15.0,15.202,1915,15,1,1,1.0,0,0,0,0,0,0
family18,CSDVRP-L-n100-s3,L,100,3,base,Marginal-18,8,4,35,2698.3944,3095.0715,2672.4208,10.9735,15.0,35.0,35.527,762,31,1,1,1.0,0,0,0,0,0,0
family18,CSDVRP-L-n75-s0,L,75,0,base,Roulette-18,1,,25,2410.0903,2688.4285,2401.1797,8.9106,0.0,25.031,25.543,1148,24,0,0,0.9984,0,0,0,0,0,0
family18,CSDVRP-CS-Riyadh,case,30,0,base,Roulette-18,7,,30,421.0594,711.0291,415.2538,5.8056,0.0,30.0,30.515,12685,4,0,0,0.982,0,0,0,0,0,0
family18,CSDVRP-S-n8-s5,S,8,5,base,Random-18,4,,5,423.2126,427.0275,419.9371,3.2754,0.0,5.0,5.105,14920,3,0,0,0.894,0,0,0,0,0,0
family18,CSDVRP-XL-n150-s1,XL,150,1,base,Fixed-dominant,7,,50,4234.7138,4744.1508,4215.9696,18.7442,0.0,50.016,50.85,1373,45,0,0,0.9993,0,0,0,0,0,0
family18,CSDVRP-S-n6-s3,S,6,3,base,DRL-VNS18,9,5,5,230.2731,253.5784,228.5871,1.686,0.0,5.0,5.112,8818,2,0,0,0.9873,0,0,0,0,0,0
family18,CSDVRP-S-n12-s3,S,12,3,base,Fixed-dominant,6,,5,524.6917,589.3086,520.2183,4.4734,0.0,5.0,5.061,12354,4,0,0,0.982,0,0,0,0,0,0
family18,CSDVRP-S-n20-s1,S,20,1,base,Roulette-18,1,,6,785.2664,908.0268,780.5879,4.6785,0.0,6.0,6.045,4975,7,0,0,0.9833,0,0,0,0,0,0
family18,CSDVRP-S-n12-s4,S,12,4,base,DRL-VNS18,7,3,5,487.5063,536.3904,484.4937,3.0126,0.0,5.0,5.09,5830,4,0,0,0.9867,0,0,0,0,0,0
family18,CSDVRP-S-n15-s2,S,15,2,base,VNS-18,3,,5,604.4369,645.109,602.0225,2.4144,0.0,5.0,5.014,6605,6,0,0,0.9953,0,0,0,0,0,0
family18,CSDVRP-XL-n150-s5,XL,150,5,base,VNS-18,1,,50,3891.8082,4291.4727,3845.7525,16.0557,30.0,50.0,50.81,943,45,1,2,1.0,0,0,0,0,0,0
family18,CSDVRP-L-n100-s3,L,100,3,base,VNS-18,2,,35,2715.5175,3095.0715,2690.0406,10.4769,15.0,35.016,35.404,782,31,1,1,1.0,0,0,0,0,0,0
family18,CSDVRP-L-n100-s0,L,100,0,base,Marginal-18,9,5,35,3058.5692,3458.8862,3045.7932,12.776,0.0,35.094,35.847,723,31,0,0,1.0,0,0,0,0,0,0
family18,CSDVRP-L-n75-s4,L,75,4,base,Roulette-18,9,,25,2217.0396,2460.454,2208.0086,9.031,0.0,25.016,25.5,1062,24,0,0,1.0,0,0,0,0,0,0
family18,CSDVRP-M-n30-s1,M,30,1,base,Marginal-18,2,3,10,1031.4688,1231.1888,1027.1043,4.3646,0.0,10.0,10.068,3409,10,0,0,0.98,0,0,0,0,0,0
family18,CSDVRP-M-n30-s5,M,30,5,base,Random-18,8,,10,1128.5178,1247.2838,1123.3845,5.1334,0.0,10.0,10.074,4179,10,0,0,0.9905,0,0,0,0,0,0
family18,CSDVRP-M-n50-s2,M,50,2,base,Roulette-18,8,,15,1471.6355,1677.4231,1465.5918,6.0437,0.0,15.0,15.342,1987,16,0,0,0.9985,0,0,0,0,0,0
family18,CSDVRP-S-n20-s0,S,20,0,base,Fixed-dominant,6,,6,756.6189,835.2978,752.4896,4.1293,0.0,6.0,6.091,5011,7,0,0,0.9987,0,0,0,0,0,0
family18,CSDVRP-S-n6-s5,S,6,5,base,Roulette-18,9,,5,347.3173,347.7063,345.0582,2.2591,0.0,5.0,5.043,22599,3,0,0,0.9907,0,0,0,0,0,0
family18,CSDVRP-M-n50-s4,M,50,4,base,Random-18,1,,15,1641.118,1919.2804,1620.4581,5.6599,15.0,15.0,15.218,1998,16,1,1,1.0,0,0,0,0,0,0
family18,CSDVRP-S-n8-s4,S,8,4,base,Marginal-18,8,4,5,359.1905,397.2233,357.0731,2.1174,0.0,5.0,5.09,15644,3,0,0,0.8793,0,0,0,0,0,0
family18,CSDVRP-XL-n150-s3,XL,150,3,base,Fixed-dominant,0,,50,3846.8276,4237.9876,3828.6385,18.1892,0.0,50.016,50.898,1274,44,0,0,0.9993,0,0,0,0,0,0
family18,CSDVRP-L-n75-s0,L,75,0,base,Roulette-18,3,,25,2410.4076,2688.4285,2401.1797,9.2279,0.0,25.016,25.395,1192,24,0,0,0.9984,0,0,0,0,0,0
family18,CSDVRP-S-n6-s4,S,6,4,base,Roulette-18,6,,5,307.3738,316.7228,305.135,2.2389,0.0,5.0,5.044,17526,3,0,0,0.906,0,0,0,0,0,0
family18,CSDVRP-M-n30-s4,M,30,4,base,VNS-18,5,,10,946.3554,1151.8487,942.7083,3.6471,0.0,10.0,10.063,3785,10,0,0,0.994,0,0,0,0,0,0
family18,CSDVRP-XL-n150-s5,XL,150,5,base,Fixed-dominant,9,,50,3961.3161,4291.4727,3943.3359,17.9802,0.0,50.0,50.985,1192,46,0,0,0.998,0,0,0,0,0,0
family18,CSDVRP-XL-n150-s0,XL,150,0,base,Marginal-18,4,5,50,4506.8462,5021.4451,4386.1549,15.6913,105.0,50.0,50.933,1097,46,4,7,1.0,0,0,0,0,0,0
family18,CSDVRP-M-n30-s2,M,30,2,base,Fixed-dominant,7,,10,941.0511,1162.4183,938.3163,2.7347,0.0,10.0,10.182,3796,10,0,0,0.9865,0,0,0,0,0,0
family18,CSDVRP-L-n100-s5,L,100,5,base,DRL-VNS18,0,1,35,2691.4568,3154.3549,2589.419,12.0378,90.0,35.0,35.378,681,30,4,6,1.0,0,0,0,0,0,0
family18,CSDVRP-S-n15-s2,S,15,2,base,DRL-VNS18,4,5,5,604.4369,645.109,602.0225,2.4144,0.0,5.0,5.084,4217,6,0,0,0.9953,0,0,0,0,0,0
family18,CSDVRP-L-n100-s5,L,100,5,base,Marginal-18,2,3,35,2692.4031,3154.3549,2589.9441,12.459,90.0,35.047,35.716,677,30,5,6,1.0,0,0,0,0,0,0
family18,CSDVRP-S-n6-s1,S,6,1,base,Marginal-18,2,3,5,341.7876,362.2464,340.1093,1.6783,0.0,5.0,5.091,21410,3,0,0,0.926,0,0,0,0,0,0
family18,CSDVRP-S-n20-s1,S,20,1,base,DRL-VNS18,9,5,6,785.2664,908.0268,780.5879,4.6785,0.0,6.0,6.12,3897,7,0,0,0.9833,0,0,0,0,0,0
family18,CSDVRP-XL-n150-s4,XL,150,4,base,VNS-18,8,,50,3932.4792,4802.2805,3872.0278,15.4514,45.0,50.0,50.708,955,45,2,3,1.0,0,0,0,0,0,0
family18,CSDVRP-S-n8-s3,S,8,3,base,DRL-VNS18,6,2,5,339.8466,351.7127,337.5902,2.2564,0.0,5.0,5.411,7574,3,0,0,0.9567,0,0,0,0,0,0
family18,CSDVRP-XL-n150-s2,XL,150,2,base,Marginal-18,2,3,50,4040.7503,4545.4892,3993.8628,16.8875,30.0,50.016,50.799,993,45,1,2,1.0,0,0,0,0,0,0
family18,CSDVRP-CS-Riyadh,case,30,0,base,Marginal-18,1,2,30,424.5677,711.0291,419.1337,5.4341,0.0,30.0,30.678,15808,4,0,0,0.982,0,0,0,0,0,0
family18,CSDVRP-S-n20-s0,S,20,0,base,Random-18,0,,6,756.2207,835.2978,752.4896,3.7311,0.0,6.0,6.107,4954,7,0,0,0.9987,0,0,0,0,0,0
family18,CSDVRP-S-n15-s0,S,15,0,base,Marginal-18,4,5,5,622.621,666.3141,603.3505,4.2704,15.0,5.0,5.108,7275,5,1,1,1.0,0,0,0,0,0,0
family18,CSDVRP-M-n50-s2,M,50,2,base,Random-18,8,,15,1518.9476,1677.4231,1483.1218,5.8258,30.0,15.0,15.19,1843,16,1,2,1.0,0,0,0,0,0,0
family18,CSDVRP-L-n100-s3,L,100,3,base,Random-18,2,,35,2694.3928,3095.0715,2683.7453,10.6475,0.0,35.016,35.557,725,31,0,0,1.0,0,0,0,0,0,0
family18,CSDVRP-M-n50-s5,M,50,5,base,Fixed-dominant,1,,15,1632.6514,1904.3598,1624.8472,7.8042,0.0,15.0,15.452,2018,16,0,0,0.998,0,0,0,0,0,0
family18,CSDVRP-M-n30-s5,M,30,5,base,VNS-18,6,,10,1128.5178,1247.2838,1123.3845,5.1334,0.0,10.0,10.09,4269,10,0,0,0.9905,0,0,0,0,0,0
family18,CSDVRP-L-n100-s3,L,100,3,base,DRL-VNS18,4,5,35,2745.7598,3095.0715,2721.6103,9.1495,15.0,35.031,35.499,835,31,1,1,1.0,0,0,0,0,0,0
family18,CSDVRP-S-n20-s5,S,20,5,base,Fixed-dominant,3,,6,763.2502,865.7,758.6853,4.5649,0.0,6.0,6.039,6413,7,0,0,0.9947,0,0,0,0,0,0
family18,CSDVRP-L-n75-s5,L,75,5,base,Random-18,1,,25,2114.5392,2327.4464,2091.2484,8.2907,15.0,25.016,25.576,1065,23,1,1,1.0,0,0,0,0,0,0
family18,CSDVRP-M-n30-s2,M,30,2,base,DRL-VNS18,2,3,10,945.6669,1162.4183,941.8287,3.8382,0.0,10.0,10.154,2934,10,0,0,0.9865,0,0,0,0,0,0
family18,CSDVRP-S-n6-s2,S,6,2,base,Random-18,6,,5,330.7872,334.9047,328.2873,2.4999,0.0,5.0,5.075,18982,3,0,0,0.8567,0,0,0,0,0,0
family18,CSDVRP-L-n100-s0,L,100,0,base,Marginal-18,6,2,35,3060.6516,3458.8862,3046.4858,14.1658,0.0,35.031,35.629,698,31,0,0,0.9964,0,0,0,0,0,0
family18,CSDVRP-S-n20-s2,S,20,2,base,Random-18,7,,6,670.121,732.8183,667.0092,3.1118,0.0,6.0,6.163,4952,7,0,0,0.9933,0,0,0,0,0,0
family18,CSDVRP-L-n100-s5,L,100,5,base,DRL-VNS18,6,2,35,2570.7535,3154.3549,2556.5044,14.2491,0.0,35.016,35.783,801,30,0,0,0.998,0,0,0,0,0,0
family18,CSDVRP-L-n100-s5,L,100,5,base,Fixed-dominant,3,,35,2588.3716,3154.3549,2573.8895,14.482,0.0,35.047,35.418,690,30,0,0,0.9988,0,0,0,0,0,0
family18,CSDVRP-S-n10-s5,S,10,5,base,Marginal-18,9,5,5,454.5993,485.8354,450.6688,3.9305,0.0,5.0,5.073,12304,3,0,0,0.956,0,0,0,0,0,0
family18,CSDVRP-S-n8-s4,S,8,4,base,Fixed-dominant,9,,5,359.1905,397.2233,357.0731,2.1174,0.0,5.0,5.108,17479,3,0,0,0.8793,0,0,0,0,0,0
family18,CSDVRP-S-n15-s3,S,15,3,base,Marginal-18,6,2,5,617.4794,692.2972,599.2226,3.2568,15.0,5.0,5.109,9225,5,1,1,1.0,0,0,0,0,0,0
family18,CSDVRP-L-n100-s4,L,100,4,base,Random-18,5,,35,2974.0544,3371.4529,2900.1683,13.8861,60.0,35.016,36.026,692,30,3,4,1.0,0,0,0,0,0,0
family18,CSDVRP-S-n6-s3,S,6,3,base,Random-18,9,,5,230.2731,253.5784,228.5871,1.686,0.0,5.0,5.015,28846,2,0,0,0.9873,0,0,0,0,0,0
family18,CSDVRP-XL-n150-s3,XL,150,3,base,Random-18,3,,50,3801.6365,4237.9876,3770.414,16.2225,15.0,50.0,51.105,1033,43,1,1,0.9983,0,0,0,0,0,0
family18,CSDVRP-S-n6-s3,S,6,3,base,DRL-VNS18,3,4,5,230.2731,253.5784,228.5871,1.686,0.0,5.0,5.092,8630,2,0,0,0.9873,0,0,0,0,0,0
family18,CSDVRP-S-n20-s1,S,20,1,base,Marginal-18,1,2,6,785.2664,908.0268,780.5879,4.6785,0.0,6.0,6.061,5482,7,0,0,0.9833,0,0,0,0,0,0
family18,CSDVRP-S-n8-s5,S,8,5,base,VNS-18,3,,5,423.2126,427.0275,419.9371,3.2754,0.0,5.0,5.075,14846,3,0,0,0.894,0,0,0,0,0,0
family18,CSDVRP-M-n50-s2,M,50,2,base,Marginal-18,5,1,15,1484.1109,1677.4231,1462.8907,6.2202,15.0,15.0,15.219,1703,16,1,1,1.0,0,0,0,0,0,0
family18,CSDVRP-M-n50-s2,M,50,2,base,Roulette-18,7,,15,1468.4873,1677.4231,1462.0673,6.42,0.0,15.0,15.331,1799,16,0,0,0.9985,0,0,0,0,0,0
family18,CSDVRP-S-n15-s1,S,15,1,base,Marginal-18,1,2,5,599.4153,675.8866,596.1341,3.2813,0.0,5.0,5.07,6438,6,0,0,0.9,0,0,0,0,0,0
family18,CSDVRP-M-n30-s4,M,30,4,base,Roulette-18,5,,10,926.5673,1151.8487,921.3091,5.2583,0.0,10.0,10.185,3762,10,0,0,0.99,0,0,0,0,0,0
family18,CSDVRP-M-n30-s3,M,30,3,base,Roulette-18,8,,10,969.1696,1099.7766,965.9069,3.2627,0.0,10.0,10.411,4331,10,0,0,0.988,0,0,0,0,0,0
family18,CSDVRP-M-n30-s5,M,30,5,base,Random-18,9,,10,1119.5592,1247.2838,1084.7428,4.8164,30.0,10.0,10.257,3782,10,1,2,1.0,0,0,0,0,0,0
family18,CSDVRP-S-n20-s3,S,20,3,base,Marginal-18,8,4,6,730.5584,797.0264,696.4671,4.0913,30.0,6.0,6.202,5075,7,2,2,1.0,0,0,0,0,0,0
family18,CSDVRP-S-n6-s5,S,6,5,base,VNS-18,5,,5,347.3173,347.7063,345.0582,2.2591,0.0,5.0,5.091,24499,3,0,0,0.9907,0,0,0,0,0,0
family18,CSDVRP-L-n75-s2,L,75,2,base,Roulette-18,8,,25,2111.8367,2442.0216,2102.5895,9.2472,0.0,25.016,25.51,1290,22,0,0,0.9904,0,0,0,0,0,0
family18,CSDVRP-S-n10-s5,S,10,5,base,Roulette-18,7,,5,454.5993,485.8354,450.6688,3.9305,0.0,5.0,5.125,11980,3,0,0,0.956,0,0,0,0,0,0
family18,CSDVRP-S-n20-s4,S,20,4,base,Marginal-18,8,4,6,719.4697,798.0501,715.5041,3.9656,0.0,6.0,6.063,5048,7,0,0,0.986,0,0,0,0,0,0
family18,CSDVRP-L-n100-s3,L,100,3,base,DRL-VNS18,6,2,35,2717.6811,3095.0715,2707.5521,10.129,0.0,35.0,35.572,774,31,0,0,0.9928,0,0,0,0,0,0
family18,CSDVRP-XL-n150-s1,XL,150,1,base,Roulette-18,8,,50,4227.8043,4744.1508,4209.8013,18.003,0.0,50.078,50.635,895,44,0,0,1.0,0,0,0,0,0,0
family18,CSDVRP-S-n15-s2,S,15,2,base,DRL-VNS18,2,3,5,604.4369,645.109,602.0225,2.4144,0.0,5.0,5.063,4230,6,0,0,0.9953,0,0,0,0,0,0
family18,CSDVRP-XL-n150-s4,XL,150,4,base,VNS-18,0,,50,3999.1291,4802.2805,3805.858,13.2711,180.0,50.0,50.989,1055,44,6,12,1.0,0,0,0,0,0,0
family18,CSDVRP-S-n15-s4,S,15,4,base,DRL-VNS18,2,3,5,585.7427,624.2332,582.2908,3.4519,0.0,5.0,5.208,4402,6,0,0,0.9347,0,0,0,0,0,0
family18,CSDVRP-S-n15-s0,S,15,0,base,Random-18,6,,5,606.5233,666.3141,602.2712,4.2521,0.0,5.0,5.043,7457,5,0,0,0.9927,0,0,0,0,0,0
family18,CSDVRP-S-n6-s5,S,6,5,base,Fixed-dominant,2,,5,347.3173,347.7063,345.0582,2.2591,0.0,5.0,5.108,23861,3,0,0,0.9907,0,0,0,0,0,0
family18,CSDVRP-S-n20-s4,S,20,4,base,VNS-18,3,,6,719.4697,798.0501,715.5041,3.9656,0.0,6.0,6.092,5003,7,0,0,0.986,0,0,0,0,0,0
family18,CSDVRP-S-n8-s3,S,8,3,base,Roulette-18,9,,5,339.8466,351.7127,337.5902,2.2564,0.0,5.0,5.092,16121,3,0,0,0.9567,0,0,0,0,0,0
family18,CSDVRP-L-n100-s1,L,100,1,base,Fixed-dominant,2,,35,2657.0968,3146.4881,2644.3959,12.701,0.0,35.0,35.607,735,29,0,0,0.9996,0,0,0,0,0,0
family18,CSDVRP-S-n15-s0,S,15,0,base,DRL-VNS18,6,2,5,622.621,666.3141,603.3505,4.2704,15.0,5.0,5.075,4487,5,1,1,1.0,0,0,0,0,0,0
family18,CSDVRP-M-n30-s3,M,30,3,base,Fixed-dominant,0,,10,970.6195,1099.7766,965.9069,4.7126,0.0,10.0,10.078,4188,10,0,0,0.988,0,0,0,0,0,0
family18,CSDVRP-XL-n150-s5,XL,150,5,base,Roulette-18,8,,50,3824.024,4291.4727,3779.0595,14.9645,30.0,50.0,50.96,956,44,1,2,1.0,0,0,0,0,0,0
family18,CSDVRP-S-n12-s3,S,12,3,base,Fixed-dominant,4,,5,524.6917,589.3086,520.2183,4.4734,0.0,5.0,5.049,12387,4,0,0,0.982,0,0,0,0,0,0
family18,CSDVRP-S-n15-s2,S,15,2,base,DRL-VNS18,1,2,5,604.4369,645.109,602.0225,2.4144,0.0,5.0,5.215,4534,6,0,0,0.9953,0,0,0,0,0,0
family18,CSDVRP-CS-Riyadh,case,30,0,base,DRL-VNS18,9,5,30,416.3117,711.0291,411.6246,4.6871,0.0,30.0,30.651,13590,4,0,0,0.986,0,0,0,0,0,0
family18,CSDVRP-L-n75-s2,L,75,2,base,Random-18,6,,25,2097.1795,2442.0216,2087.6143,9.5651,0.0,25.0,25.801,1142,22,0,0,0.9988,0,0,0,0,0,0
family18,CSDVRP-S-n15-s5,S,15,5,base,Random-18,8,,5,666.5148,800.4223,662.7682,3.7467,0.0,5.0,5.053,8623,5,0,0,0.9993,0,0,0,0,0,0
family18,CSDVRP-L-n100-s3,L,100,3,base,Marginal-18,5,1,35,2695.8262,3095.0715,2685.5553,10.2709,0.0,35.0,35.469,783,31,0,0,1.0,0,0,0,0,0,0
family18,CSDVRP-S-n20-s2,S,20,2,base,Random-18,3,,6,670.121,732.8183,667.0092,3.1118,0.0,6.0,6.058,4852,7,0,0,0.9933,0,0,0,0,0,0
family18,CSDVRP-CS-Riyadh,case,30,0,base,VNS-18,7,,30,420.0991,711.0291,414.0897,6.0094,0.0,30.0,30.888,13490,4,0,0,0.982,0,0,0,0,0,0
family18,CSDVRP-M-n50-s2,M,50,2,base,Fixed-dominant,8,,15,1468.7922,1677.4231,1462.0673,6.7249,0.0,15.0,15.228,1977,16,0,0,0.9985,0,0,0,0,0,0
family18,CSDVRP-S-n20-s1,S,20,1,base,Marginal-18,8,4,6,785.2664,908.0268,780.5879,4.6785,0.0,6.0,6.032,5185,7,0,0,0.9833,0,0,0,0,0,0
family18,CSDVRP-S-n15-s0,S,15,0,base,Random-18,1,,5,622.9311,666.3141,603.6481,4.283,15.0,5.0,5.139,7407,5,1,1,1.0,0,0,0,0,0,0
family18,CSDVRP-S-n12-s5,S,12,5,base,Roulette-18,3,,5,521.0601,535.5205,517.6832,3.3769,0.0,5.0,5.091,9951,4,0,0,0.978,0,0,0,0,0,0
family18,CSDVRP-M-n50-s3,M,50,3,base,DRL-VNS18,2,3,15,1398.2978,1746.7745,1392.5811,5.7168,0.0,15.0,15.185,1740,15,0,0,0.994,0,0,0,0,0,0
family18,CSDVRP-S-n15-s4,S,15,4,base,VNS-18,7,,5,585.7427,624.2332,582.2908,3.4519,0.0,5.0,5.091,7371,6,0,0,0.9347,0,0,0,0,0,0
family18,CSDVRP-S-n15-s2,S,15,2,base,Marginal-18,8,4,5,604.4369,645.109,602.0225,2.4144,0.0,5.0,5.06,6637,6,0,0,0.9953,0,0,0,0,0,0
family18,CSDVRP-M-n50-s5,M,50,5,base,Roulette-18,4,,15,1634.8942,1904.3598,1611.617,8.2773,15.0,15.0,15.419,1982,15,1,1,0.998,0,0,0,0,0,0
family18,CSDVRP-S-n20-s5,S,20,5,base,Random-18,7,,6,763.1659,865.7,758.6853,4.4806,0.0,6.0,6.044,5511,7,0,0,0.9947,0,0,0,0,0,0
family18,CSDVRP-S-n12-s2,S,12,2,base,Random-18,7,,5,460.175,518.4642,458.0808,2.0942,0.0,5.0,5.046,13534,4,0,0,0.998,0,0,0,0,0,0
family18,CSDVRP-S-n10-s2,S,10,2,base,Marginal-18,1,2,5,391.6922,436.4179,389.0812,2.6111,0.0,5.0,5.061,16216,3,0,0,0.9787,0,0,0,0,0,0
family18,CSDVRP-XL-n150-s1,XL,150,1,base,VNS-18,9,,50,4180.4962,4744.1508,4136.3533,14.1429,30.0,50.0,50.547,1024,44,1,2,1.0,0,0,0,0,0,0
family18,CSDVRP-M-n50-s0,M,50,0,base,Fixed-dominant,1,,15,1705.3958,1986.2853,1698.6227,6.7732,0.0,15.0,15.421,2142,16,0,0,0.991,0,0,0,0,0,0
family18,CSDVRP-S-n8-s2,S,8,2,base,DRL-VNS18,0,1,5,344.8888,398.3755,342.4078,2.481,0.0,5.0,5.022,7183,3,0,0,0.8753,0,0,0,0,0,0
family18,CSDVRP-S-n6-s4,S,6,4,base,Random-18,0,,5,307.3738,316.7228,305.135,2.2389,0.0,5.0,5.045,18537,3,0,0,0.906,0,0,0,0,0,0
family18,CSDVRP-S-n20-s3,S,20,3,base,Roulette-18,8,,6,730.5584,797.0264,696.4671,4.0913,30.0,6.0,6.044,4963,7,2,2,1.0,0,0,0,0,0,0
family18,CSDVRP-S-n10-s2,S,10,2,base,Roulette-18,1,,5,391.6922,436.4179,389.0812,2.6111,0.0,5.0,5.014,15714,3,0,0,0.9787,0,0,0,0,0,0
family18,CSDVRP-S-n15-s4,S,15,4,base,Marginal-18,4,5,5,585.7427,624.2332,582.2908,3.4519,0.0,5.0,5.092,7485,6,0,0,0.9347,0,0,0,0,0,0
family18,CSDVRP-S-n8-s2,S,8,2,base,Marginal-18,7,3,5,344.8888,398.3755,342.4078,2.481,0.0,5.0,5.107,16551,3,0,0,0.8753,0,0,0,0,0,0
family18,CSDVRP-M-n30-s4,M,30,4,base,Fixed-dominant,2,,10,926.8802,1151.8487,921.3091,5.5711,0.0,10.0,10.187,3661,10,0,0,0.99,0,0,0,0,0,0
family18,CSDVRP-S-n8-s5,S,8,5,base,Random-18,0,,5,423.2126,427.0275,419.9371,3.2754,0.0,5.0,5.074,14620,3,0,0,0.894,0,0,0,0,0,0
family18,CSDVRP-S-n15-s4,S,15,4,base,Marginal-18,8,4,5,585.7427,624.2332,582.2908,3.4519,0.0,5.0,5.062,7364,6,0,0,0.9347,0,0,0,0,0,0
family18,CSDVRP-S-n6-s2,S,6,2,base,Random-18,5,,5,330.7872,334.9047,328.2873,2.4999,0.0,5.0,5.139,19836,3,0,0,0.8567,0,0,0,0,0,0
family18,CSDVRP-XL-n150-s4,XL,150,4,base,Roulette-18,6,,50,3989.5619,4802.2805,3795.1562,14.4057,180.0,50.016,50.947,1027,44,8,12,1.0,0,0,0,0,0,0
family18,CSDVRP-S-n6-s4,S,6,4,base,DRL-VNS18,6,2,5,307.3738,316.7228,305.135,2.2389,0.0,5.0,5.094,7394,3,0,0,0.906,0,0,0,0,0,0
family18,CSDVRP-S-n6-s1,S,6,1,base,Marginal-18,8,4,5,341.7876,362.2464,340.1093,1.6783,0.0,5.0,5.185,21787,3,0,0,0.926,0,0,0,0,0,0
family18,CSDVRP-M-n50-s0,M,50,0,base,Fixed-dominant,5,,15,1712.794,1986.2853,1703.9689,8.8251,0.0,15.0,15.127,2122,16,0,0,0.9995,0,0,0,0,0,0
family18,CSDVRP-CS-Riyadh,case,30,0,base,Roulette-18,2,,30,416.3117,711.0291,411.6246,4.6871,0.0,30.0,30.509,16608,4,0,0,0.986,0,0,0,0,0,0
family18,CSDVRP-L-n75-s2,L,75,2,base,Fixed-dominant,8,,25,2121.3434,2442.0216,2110.4265,10.9168,0.0,25.0,25.211,1094,22,0,0,0.9964,0,0,0,0,0,0
family18,CSDVRP-S-n6-s5,S,6,5,base,Fixed-dominant,1,,5,347.3173,347.7063,345.0582,2.2591,0.0,5.0,5.033,24683,3,0,0,0.9907,0,0,0,0,0,0
family18,CSDVRP-S-n12-s5,S,12,5,base,Roulette-18,6,,5,521.0601,535.5205,517.6832,3.3769,0.0,5.0,5.093,10395,4,0,0,0.978,0,0,0,0,0,0
family18,CSDVRP-L-n75-s1,L,75,1,base,Fixed-dominant,1,,25,2129.1261,2408.8056,2120.0304,9.0957,0.0,25.016,25.247,1057,24,0,0,1.0,0,0,0,0,0,0
family18,CSDVRP-S-n10-s3,S,10,3,base,Random-18,7,,5,398.3934,456.2198,394.9219,3.4715,0.0,5.0,5.263,15561,3,0,0,0.9427,0,0,0,0,0,0
family18,CSDVRP-S-n15-s0,S,15,0,base,Fixed-dominant,1,,5,631.7557,666.3141,627.1757,4.5801,0.0,5.0,5.046,7219,6,0,0,0.9967,0,0,0,0,0,0
family18,CSDVRP-S-n8-s2,S,8,2,base,VNS-18,8,,5,344.8888,398.3755,342.4078,2.481,0.0,5.0,5.138,18116,3,0,0,0.8753,0,0,0,0,0,0
family18,CSDVRP-L-n100-s5,L,100,5,base,DRL-VNS18,7,3,35,2568.6865,3154.3549,2555.6535,13.0331,0.0,35.031,35.287,791,30,0,0,1.0,0,0,0,0,0,0
family18,CSDVRP-M-n50-s1,M,50,1,base,DRL-VNS18,7,3,15,1498.9572,1718.5004,1493.2879,5.6693,0.0,15.0,15.086,1926,15,0,0,0.9915,0,0,0,0,0,0
family18,CSDVRP-M-n30-s1,M,30,1,base,Random-18,7,,10,1031.4688,1231.1888,1027.1043,4.3646,0.0,10.0,10.103,3909,10,0,0,0.98,0,0,0,0,0,0
family18,CSDVRP-L-n75-s4,L,75,4,base,Fixed-dominant,6,,25,2204.81,2460.454,2195.6226,9.1874,0.0,25.0,25.201,1285,24,0,0,0.998,0,0,0,0,0,0
family18,CSDVRP-M-n30-s4,M,30,4,base,DRL-VNS18,2,3,10,926.5673,1151.8487,921.3091,5.2583,0.0,10.0,10.028,3643,10,0,0,0.99,0,0,0,0,0,0
family18,CSDVRP-S-n15-s3,S,15,3,base,Fixed-dominant,4,,5,601.4006,692.2972,597.8561,3.5445,0.0,5.0,5.013,8671,6,0,0,0.998,0,0,0,0,0,0
family18,CSDVRP-S-n6-s1,S,6,1,base,Roulette-18,6,,5,341.7876,362.2464,340.1093,1.6783,0.0,5.0,5.013,25269,3,0,0,0.926,0,0,0,0,0,0
family18,CSDVRP-S-n8-s1,S,8,1,base,Marginal-18,9,5,5,357.4079,376.3954,340.1754,2.2325,15.0,5.0,5.031,21307,3,1,1,1.0,0,0,0,0,0,0
family18,CSDVRP-S-n20-s4,S,20,4,base,VNS-18,4,,6,719.4697,798.0501,715.5041,3.9656,0.0,6.0,6.014,5977,7,0,0,0.986,0,0,0,0,0,0
family18,CSDVRP-S-n10-s3,S,10,3,base,Fixed-dominant,7,,5,398.3226,456.2198,394.9219,3.4007,0.0,5.0,5.013,19474,3,0,0,0.9427,0,0,0,0,0,0
family18,CSDVRP-L-n75-s3,L,75,3,base,Marginal-18,1,2,25,2131.1142,2332.9982,2094.0984,7.0158,30.0,25.016,25.233,1450,24,1,2,1.0,0,0,0,0,0,0
family18,CSDVRP-M-n50-s3,M,50,3,base,Fixed-dominant,3,,15,1400.5505,1746.7745,1393.2711,7.2794,0.0,15.0,15.109,2306,15,0,0,0.994,0,0,0,0,0,0
family18,CSDVRP-L-n100-s2,L,100,2,base,Fixed-dominant,4,,35,2784.7348,3167.7225,2769.9683,14.7666,0.0,35.016,35.122,1016,30,0,0,0.9956,0,0,0,0,0,0
family18,CSDVRP-XL-n150-s4,XL,150,4,base,Fixed-dominant,3,,50,3916.3087,4802.2805,3898.2191,18.0896,0.0,50.016,50.318,1584,45,0,0,1.0,0,0,0,0,0,0
family18,CSDVRP-S-n20-s5,S,20,5,base,DRL-VNS18,0,1,6,763.1659,865.7,758.6853,4.4806,0.0,6.0,6.019,4843,7,0,0,0.9947,0,0,0,0,0,0
family18,CSDVRP-L-n75-s3,L,75,3,base,Roulette-18,1,,25,2129.1208,2332.9982,2094.0984,5.0224,30.0,25.0,25.08,1538,24,1,2,1.0,0,0,0,0,0,0
family18,CSDVRP-L-n100-s2,L,100,2,base,VNS-18,5,,35,2809.3048,3167.7225,2799.2277,10.0771,0.0,35.016,35.424,920,30,0,0,0.9916,0,0,0,0,0,0
family18,CSDVRP-XL-n150-s2,XL,150,2,base,Roulette-18,5,,50,3994.446,4545.4892,3949.3599,15.0861,30.0,50.031,50.307,1179,45,1,2,1.0,0,0,0,0,0,0
family18,CSDVRP-M-n30-s0,M,30,0,base,DRL-VNS18,8,4,10,1092.964,1303.6377,1089.1614,3.8025,0.0,10.0,10.039,4024,11,0,0,0.997,0,0,0,0,0,0
family18,CSDVRP-L-n75-s3,L,75,3,base,Fixed-dominant,5,,25,2086.9549,2332.9982,2077.5533,9.4016,0.0,25.0,25.178,1288,24,0,0,0.9952,0,0,0,0,0,0
family18,CSDVRP-L-n100-s0,L,100,0,base,Roulette-18,4,,35,3039.2448,3458.8862,3026.4366,12.8083,0.0,35.0,35.14,930,31,0,0,0.9992,0,0,0,0,0,0
family18,CSDVRP-L-n100-s5,L,100,5,base,VNS-18,7,,35,2626.9736,3154.3549,2570.6858,11.2879,45.0,35.031,35.36,941,30,2,3,0.9988,0,0,0,0,0,0
family18,CSDVRP-L-n75-s1,L,75,1,base,VNS-18,3,,25,2119.5851,2408.8056,2036.7721,7.813,75.0,25.0,25.11,1314,23,3,5,1.0,0,0,0,0,0,0
family18,CSDVRP-M-n30-s0,M,30,0,base,Random-18,5,,10,1092.964,1303.6377,1089.1614,3.8025,0.0,10.0,10.029,4405,11,0,0,0.997,0,0,0,0,0,0
family18,CSDVRP-S-n15-s5,S,15,5,base,Marginal-18,6,2,5,666.5148,800.4223,662.7682,3.7467,0.0,5.0,5.045,10632,5,0,0,0.9993,0,0,0,0,0,0
family18,CSDVRP-CS-Riyadh,case,30,0,base,VNS-18,5,,30,421.1175,711.0291,415.2538,5.8637,0.0,30.0,30.309,16956,4,0,0,0.982,0,0,0,0,0,0
family18,CSDVRP-M-n30-s3,M,30,3,base,Marginal-18,7,3,10,969.1696,1099.7766,965.9069,3.2627,0.0,10.0,10.045,4905,10,0,0,0.988,0,0,0,0,0,0
family18,CSDVRP-S-n12-s4,S,12,4,base,Roulette-18,9,,5,487.5063,536.3904,484.4937,3.0126,0.0,5.0,5.013,13242,4,0,0,0.9867,0,0,0,0,0,0
family18,CSDVRP-S-n20-s4,S,20,4,base,Random-18,0,,6,719.4697,798.0501,715.5041,3.9656,0.0,6.0,5.999,5894,7,0,0,0.986,0,0,0,0,0,0
family18,CSDVRP-S-n8-s1,S,8,1,base,DRL-VNS18,9,5,5,335.8429,376.3954,333.6723,2.1706,0.0,5.0,5.011,8920,3,0,0,0.9073,0,0,0,0,0,0
family18,CSDVRP-XL-n150-s3,XL,150,3,base,VNS-18,7,,50,3784.0542,4237.9876,3766.4085,17.6457,0.0,50.062,50.356,1281,43,0,0,0.9983,0,0,0,0,0,0
family18,CSDVRP-S-n12-s3,S,12,3,base,DRL-VNS18,0,1,5,522.4878,589.3086,503.6872,3.8005,15.0,5.0,5.03,7213,4,1,1,1.0,0,0,0,0,0,0
family18,CSDVRP-M-n30-s5,M,30,5,base,Marginal-18,3,4,10,1128.7287,1247.2838,1123.3845,5.3443,0.0,10.0,10.061,5385,10,0,0,0.9905,0,0,0,0,0,0
family18,CSDVRP-M-n50-s2,M,50,2,base,Random-18,0,,15,1484.5901,1677.4231,1463.2135,6.3766,15.0,15.0,15.052,2169,16,1,1,0.9985,0,0,0,0,0,0
family18,CSDVRP-S-n8-s1,S,8,1,base,Random-18,6,,5,335.8429,376.3954,333.6723,2.1706,0.0,5.0,5.021,22192,3,0,0,0.9073,0,0,0,0,0,0
family18,CSDVRP-S-n20-s2,S,20,2,base,VNS-18,0,,6,670.121,732.8183,667.0092,3.1118,0.0,6.0,6.029,5877,7,0,0,0.9933,0,0,0,0,0,0
