suite,instance,size_class,n,inst_seed,config,method,run,policy_seed,budget_s,Z_best,Z_init,routing,emission,split,cpu_s,wall_s,iters,routes,split_customers,extra_visits,max_util,demand_viol,cap_viol,n1_viol,n2_viol,dup_visit_viol,zero_qty_stops
main,CSDVRP-M-n50-s4,M,50,4,base,VNS,5,,15,1641.6822,1919.2804,1635.5121,6.1701,0.0,15.0,15.28,2524,16,0,0,0.998,0,0,0,0,0,0
main,CSDVRP-L-n100-s5,L,100,5,base,Fixed-small,2,,35,2616.1337,3154.3549,2590.8089,10.3248,15.0,35.016,36.252,1271,31,1,1,1.0,0,0,0,0,0,0
main,CSDVRP-M-n50-s0,M,50,0,base,Roulette-9,1,,15,1705.0114,1986.2853,1698.6227,6.3887,0.0,15.0,15.409,1926,16,0,0,0.991,0,0,0,0,0,0
main,CSDVRP-S-n20-s1,S,20,1,base,ALNS+,1,,6,832.3378,908.0268,797.2982,5.0396,30.0,6.0,6.408,4569,7,2,2,1.0,0,0,0,0,0,0
main,CSDVRP-L-n75-s4,L,75,4,base,VNS-9,5,,25,2205.1358,2460.454,2197.2577,7.8781,0.0,25.031,27.621,931,24,0,0,0.998,0,0,0,0,0,0
main,CSDVRP-L-n75-s5,L,75,5,base,Random-9,4,,25,2111.2371,2327.4464,2103.3651,7.8721,0.0,25.0,26.398,1053,23,0,0,0.9964,0,0,0,0,0,0
exact,CSDVRP-S-n6-s3,S,6,3,base,Fixed-small,7,,5,230.2731,253.5784,228.5871,1.686,0.0,5.0,5.02,27370,2,0,0,0.9873,0,0,0,0,0,0
main,CSDVRP-M-n50-s1,M,50,1,base,Marginal-9,5,1,15,1516.2781,1718.5004,1479.6557,6.6224,30.0,15.0,15.184,1885,15,2,2,1.0,0,0,0,0,0,0
main,CSDVRP-M-n50-s1,M,50,1,base,Roulette-9,8,,15,1498.9233,1718.5004,1493.2879,5.6354,0.0,15.0,15.333,1944,15,0,0,0.9915,0,0,0,0,0,0
main,CSDVRP-S-n20-s3,S,20,3,base,DRL-VNS,6,2,6,691.2399,797.0264,687.1116,4.1284,0.0,6.0,6.098,3525,7,0,0,0.9707,0,0,0,0,0,0
main,CSDVRP-L-n75-s0,L,75,0,base,VNS,5,,25,2414.5592,2688.4285,2405.151,9.4082,0.0,25.0,25.457,1514,24,0,0,0.9984,0,0,0,0,0,0
main,CSDVRP-M-n50-s2,M,50,2,base,ALNS+,4,,15,1513.7806,1677.4231,1505.8031,7.9775,0.0,15.0,15.263,1652,17,0,0,0.9985,0,0,0,0,0,0
main,CSDVRP-M-n30-s0,M,30,0,base,VNS-9,3,,10,1110.3793,1303.6377,1091.4559,3.9234,15.0,10.0,10.164,3601,11,1,1,1.0,0,0,0,0,0,0
main,CSDVRP-M-n50-s0,M,50,0,base,Random-9,0,,15,1713.3035,1986.2853,1706.2641,7.0394,0.0,15.0,15.265,1677,16,0,0,0.9995,0,0,0,0,0,0
main,CSDVRP-S-n15-s0,S,15,0,base,Roulette-9,9,,5,606.5233,666.3141,602.2712,4.2521,0.0,5.0,5.135,6404,5,0,0,0.9927,0,0,0,0,0,0
main,CSDVRP-S-n20-s4,S,20,4,base,Fixed-small,9,,6,741.252,798.0501,736.5071,4.745,0.0,6.0,6.156,4619,7,0,0,0.986,0,0,0,0,0,0
exact,CSDVRP-S-n12-s5,S,12,5,base,Fixed-small,0,,5,521.1985,535.5205,517.6832,3.5154,0.0,5.0,5.075,10895,4,0,0,0.978,0,0,0,0,0,0
main,CSDVRP-S-n20-s3,S,20,3,base,Marginal-9,2,3,6,691.2399,797.0264,687.1116,4.1284,0.0,6.0,6.092,4770,7,0,0,0.9707,0,0,0,0,0,0
main,CSDVRP-S-n20-s3,S,20,3,base,DRL-ALNS,4,5,6,711.5639,797.0264,677.7674,3.7965,30.0,6.0,6.057,3105,7,2,2,1.0,0,0,0,0,0,0
exact,CSDVRP-S-n6-s1,S,6,1,base,Marginal-9,9,5,5,341.7876,362.2464,340.1093,1.6783,0.0,5.0,5.108,19636,3,0,0,0.926,0,0,0,0,0,0
main,CSDVRP-M-n30-s5,M,30,5,base,Roulette-9,7,,10,1120.1923,1247.2838,1114.9179,5.2744,0.0,10.0,10.124,3363,10,0,0,0.9915,0,0,0,0,0,0
main,CSDVRP-XL-n150-s4,XL,150,4,base,Random-9,1,,50,4043.0895,4802.2805,3822.9777,10.1118,210.0,50.0,50.858,1593,44,9,14,1.0,0,0,0,0,0,0
main,CSDVRP-M-n30-s3,M,30,3,base,DRL-VNS,7,3,10,969.1696,1099.7766,965.9069,3.2627,0.0,10.0,10.144,3128,10,0,0,0.988,0,0,0,0,0,0
main,CSDVRP-S-n15-s2,S,15,2,base,Marginal-9,7,3,5,604.4369,645.109,602.0225,2.4144,0.0,5.0,5.029,6217,6,0,0,0.9953,0,0,0,0,0,0
exact,CSDVRP-S-n10-s4,S,10,4,base,Random-9,1,,5,387.4582,460.8567,384.9244,2.5338,0.0,5.0,5.044,15193,3,0,0,0.98,0,0,0,0,0,0
main,CSDVRP-L-n75-s0,L,75,0,base,Fixed-small,6,,25,2427.8961,2688.4285,2418.535,9.3611,0.0,25.0,25.536,1961,24,0,0,0.9984,0,0,0,0,0,0
main,CSDVRP-L-n75-s5,L,75,5,base,Marginal-9,8,4,25,2093.4704,2327.4464,2087.0905,6.3799,0.0,25.016,25.494,1096,23,0,0,0.9992,0,0,0,0,0,0
main,CSDVRP-S-n15-s1,S,15,1,base,Roulette-9,3,,5,599.4153,675.8866,596.1341,3.2813,0.0,5.0,5.042,5743,6,0,0,0.9,0,0,0,0,0,0
main,CSDVRP-L-n75-s4,L,75,4,base,Marginal-9,9,5,25,2206.7436,2460.454,2197.4547,9.289,0.0,25.0,25.977,843,24,0,0,0.9996,0,0,0,0,0,0
exact,CSDVRP-S-n8-s3,S,8,3,base,Fixed-small,2,,5,339.8466,351.7127,337.5902,2.2564,0.0,5.0,5.19,16754,3,0,0,0.9567,0,0,0,0,0,0
main,CSDVRP-L-n75-s4,L,75,4,base,DRL-VNS,5,1,25,2206.177,2460.454,2198.2978,7.8792,0.0,25.016,25.343,933,24,0,0,0.9996,0,0,0,0,0,0
exact,CSDVRP-S-n10-s2,S,10,2,base,VNS-9,5,,5,391.6922,436.4179,389.0812,2.6111,0.0,5.0,5.085,15021,3,0,0,0.9787,0,0,0,0,0,0
main,CSDVRP-M-n50-s5,M,50,5,base,DRL-ALNS,3,4,15,1695.8141,1904.3598,1642.8915,7.9226,45.0,15.0,15.164,1511,16,3,3,1.0,0,0,0,0,0,0
main,CSDVRP-S-n20-s5,S,20,5,base,Marginal-9,4,5,6,763.1659,865.7,758.6853,4.4806,0.0,6.0,6.06,4870,7,0,0,0.9947,0,0,0,0,0,0
main,CSDVRP-S-n20-s0,S,20,0,base,DRL-ALNS,4,5,6,757.5312,835.2978,752.4896,5.0415,0.0,6.0,6.124,3214,7,0,0,0.9987,0,0,0,0,0,0
main,CSDVRP-S-n15-s0,S,15,0,base,ALNS+,0,,5,624.3069,666.3141,603.7737,5.5332,15.0,5.0,5.028,7197,5,1,1,1.0,0,0,0,0,0,0
main,CSDVRP-XL-n150-s1,XL,150,1,base,Roulette-9,1,,50,4261.3536,4744.1508,4218.1987,13.1549,30.0,50.016,51.025,1574,46,1,2,1.0,0,0,0,0,0,0
main,CSDVRP-S-n20-s1,S,20,1,base,Fixed-small,7,,6,785.3009,908.0268,780.5879,4.713,0.0,6.0,6.127,6716,7,0,0,0.9833,0,0,0,0,0,0
main,CSDVRP-L-n75-s2,L,75,2,base,Random-9,7,,25,2130.7339,2442.0216,2106.6614,9.0725,15.0,25.0,26.748,1077,22,1,1,1.0,0,0,0,0,0,0
case,CSDVRP-CS-Riyadh,case,30,0,base,Fixed-small,9,,30,424.5242,711.0291,418.987,5.5372,0.0,30.0,33.552,17017,4,0,0,0.996,0,0,0,0,0,0
main,CSDVRP-M-n50-s1,M,50,1,base,VNS,5,,15,1498.1016,1718.5004,1477.1339,5.9678,15.0,15.0,16.686,2605,15,1,1,1.0,0,0,0,0,0,0
main,CSDVRP-S-n20-s5,S,20,5,base,Roulette-9,2,,6,763.1659,865.7,758.6853,4.4806,0.0,6.0,6.217,4913,7,0,0,0.9947,0,0,0,0,0,0
exact,CSDVRP-S-n12-s1,S,12,1,base,VNS-9,4,,5,511.8119,602.7068,507.9062,3.9057,0.0,5.0,5.575,8555,4,0,0,0.994,0,0,0,0,0,0
case,CSDVRP-CS-Riyadh,case,30,0,base,VNS-9,5,,30,420.1501,711.0291,414.0897,6.0604,0.0,30.0,32.731,11655,4,0,0,0.982,0,0,0,0,0,0
main,CSDVRP-XL-n150-s1,XL,150,1,base,ALNS+,5,,50,4485.3111,4744.1508,4411.8879,13.4232,60.0,50.0,52.119,599,50,2,4,1.0,0,0,0,0,0,0
exact,CSDVRP-S-n10-s4,S,10,4,base,ALNS+,2,,5,387.4582,460.8567,384.9244,2.5338,0.0,5.0,5.077,13886,3,0,0,0.98,0,0,0,0,0,0
main,CSDVRP-L-n100-s2,L,100,2,base,Random-9,7,,35,2821.0611,3167.7225,2793.2007,12.8604,15.0,35.0,38.017,679,30,1,1,0.9972,0,0,0,0,0,0
exact,CSDVRP-S-n6-s2,S,6,2,base,Roulette-9,8,,5,330.7872,334.9047,328.2873,2.4999,0.0,5.0,5.633,15214,3,0,0,0.8567,0,0,0,0,0,0
main,CSDVRP-S-n15-s3,S,15,3,base,Roulette-9,6,,5,601.4006,692.2972,597.8561,3.5445,0.0,5.0,5.154,7690,6,0,0,0.998,0,0,0,0,0,0
main,CSDVRP-L-n75-s1,L,75,1,base,Random-9,7,,25,2103.6493,2408.8056,2050.9808,7.6685,45.0,25.0,27.862,1069,23,2,3,1.0,0,0,0,0,0,0
main,CSDVRP-XL-n150-s4,XL,150,4,base,Marginal-9,6,2,50,3990.9056,4802.2805,3870.1026,15.803,105.0,50.016,52.154,1140,45,4,7,1.0,0,0,0,0,0,0
exact,CSDVRP-S-n6-s5,S,6,5,base,Roulette-9,1,,5,347.3173,347.7063,345.0582,2.2591,0.0,5.0,5.07,15617,3,0,0,0.9907,0,0,0,0,0,0
main,CSDVRP-M-n30-s1,M,30,1,base,Marginal-9,4,5,10,1057.2555,1231.1888,1037.9499,4.3056,15.0,10.0,10.263,2068,10,1,1,1.0,0,0,0,0,0,0
main,CSDVRP-S-n15-s4,S,15,4,base,DRL-ALNS,2,3,5,602.9731,624.2332,584.1074,3.8657,15.0,5.0,5.117,2970,5,1,1,1.0,0,0,0,0,0,0
main,CSDVRP-L-n100-s1,L,100,1,base,DRL-VNS,0,1,35,2694.2466,3146.4881,2682.1863,12.0603,0.0,35.0,36.558,566,29,0,0,1.0,0,0,0,0,0,0
exact,CSDVRP-S-n10-s4,S,10,4,base,Roulette-9,3,,5,387.4582,460.8567,384.9244,2.5338,0.0,5.0,5.402,10781,3,0,0,0.98,0,0,0,0,0,0
main,CSDVRP-S-n20-s4,S,20,4,base,VNS-9,6,,6,719.4697,798.0501,715.5041,3.9656,0.0,6.0,6.936,2819,7,0,0,0.986,0,0,0,0,0,0
main,CSDVRP-S-n15-s3,S,15,3,base,Fixed-small,7,,5,620.2788,692.2972,600.902,4.3767,15.0,5.0,5.072,5339,6,1,1,1.0,0,0,0,0,0,0
exact,CSDVRP-S-n6-s1,S,6,1,base,Roulette-9,1,,5,341.7876,362.2464,340.1093,1.6783,0.0,5.0,5.061,12921,3,0,0,0.926,0,0,0,0,0,0
main,CSDVRP-L-n100-s0,L,100,0,base,DRL-ALNS,3,4,35,3215.7277,3458.8862,3200.5996,15.1281,0.0,35.0,35.722,325,32,0,0,0.996,0,0,0,0,0,0
main,CSDVRP-M-n50-s1,M,50,1,base,ALNS+,8,,15,1540.5114,1718.5004,1489.1123,6.3991,45.0,15.016,15.228,1267,15,3,3,1.0,0,0,0,0,0,0
main,CSDVRP-L-n100-s3,L,100,3,base,DRL-VNS,6,2,35,2745.7193,3095.0715,2690.1636,10.5557,45.0,35.016,35.951,489,30,2,3,1.0,0,0,0,0,0,0
main,CSDVRP-M-n50-s1,M,50,1,base,Fixed-small,1,,15,1519.2578,1718.5004,1513.1913,6.0665,0.0,15.0,15.053,2352,16,0,0,0.994,0,0,0,0,0,0
main,CSDVRP-L-n75-s3,L,75,3,base,DRL-VNS,5,1,25,2090.514,2332.9982,2069.4288,6.0852,15.0,25.047,25.142,804,24,1,1,1.0,0,0,0,0,0,0
exact,CSDVRP-S-n8-s2,S,8,2,base,Fixed-small,1,,5,344.8888,398.3755,342.4078,2.481,0.0,5.0,4.989,13524,3,0,0,0.8753,0,0,0,0,0,0
main,CSDVRP-L-n100-s0,L,100,0,base,Random-9,7,,35,3144.9261,3458.8862,3130.1579,14.7681,0.0,35.016,37.151,466,31,0,0,0.9992,0,0,0,0,0,0
main,CSDVRP-L-n100-s5,L,100,5,base,ALNS+,0,,35,2861.1735,3154.3549,2817.4411,13.7325,30.0,35.141,37.55,334,36,1,2,1.0,0,0,0,0,0,0
main,CSDVRP-S-n15-s4,S,15,4,base,VNS-9,0,,5,585.7427,624.2332,582.2908,3.4519,0.0,5.0,5.273,5072,6,0,0,0.9347,0,0,0,0,0,0
main,CSDVRP-L-n75-s4,L,75,4,base,Random-9,1,,25,2202.8672,2460.454,2194.4055,8.4617,0.0,25.031,25.638,726,24,0,0,0.998,0,0,0,0,0,0
main,CSDVRP-L-n75-s0,L,75,0,base,DRL-ALNS,4,5,25,2518.3099,2688.4285,2506.4352,11.8748,0.0,25.0,27.215,521,26,0,0,0.9984,0,0,0,0,0,0
main,CSDVRP-L-n75-s5,L,75,5,base,DRL-ALNS,6,2,25,2137.0843,2327.4464,2127.3825,9.7018,0.0,25.031,25.46,695,23,0,0,0.9984,0,0,0,0,0,0
exact,CSDVRP-S-n6-s3,S,6,3,base,Roulette-9,6,,5,230.2731,253.5784,228.5871,1.686,0.0,5.0,5.075,19401,2,0,0,0.9873,0,0,0,0,0,0
exact,CSDVRP-S-n6-s3,S,6,3,base,Fixed-small,1,,5,230.2731,253.5784,228.5871,1.686,0.0,5.0,5.062,20391,2,0,0,0.9873,0,0,0,0,0,0
exact,CSDVRP-S-n6-s5,S,6,5,base,Random-9,9,,5,347.3173,347.7063,345.0582,2.2591,0.0,5.0,5.123,17169,3,0,0,0.9907,0,0,0,0,0,0
main,CSDVRP-L-n75-s2,L,75,2,base,Marginal-9,2,3,25,2123.4369,2442.0216,2097.7954,10.6415,15.0,25.016,25.962,884,23,1,1,1.0,0,0,0,0,0,0
exact,CSDVRP-S-n8-s2,S,8,2,base,Random-9,6,,5,344.8888,398.3755,342.4078,2.481,0.0,5.0,5.064,11620,3,0,0,0.8753,0,0,0,0,0,0
main,CSDVRP-L-n100-s5,L,100,5,base,Roulette-9,6,,35,2598.012,3154.3549,2570.4962,12.5158,15.0,35.016,36.093,552,30,1,1,1.0,0,0,0,0,0,0
exact,CSDVRP-S-n6-s2,S,6,2,base,Random-9,0,,5,330.7872,334.9047,328.2873,2.4999,0.0,5.0,5.042,13162,3,0,0,0.8567,0,0,0,0,0,0
main,CSDVRP-L-n100-s2,L,100,2,base,Marginal-9,9,5,35,2815.9063,3167.7225,2802.3011,13.6051,0.0,35.031,36.145,468,30,0,0,0.9968,0,0,0,0,0,0
case,CSDVRP-CS-Riyadh,case,30,0,base,VNS,9,,30,416.3117,711.0291,411.6246,4.6871,0.0,30.0,31.925,10033,4,0,0,0.986,0,0,0,0,0,0
exact,CSDVRP-S-n6-s4,S,6,4,base,Fixed-small,1,,5,307.3738,316.7228,305.135,2.2389,0.0,5.0,5.261,13763,3,0,0,0.906,0,0,0,0,0,0
main,CSDVRP-L-n100-s0,L,100,0,base,Roulette-9,1,,35,3154.5592,3458.8862,3081.5122,13.0469,60.0,35.0,35.61,520,31,2,4,1.0,0,0,0,0,0,0
main,CSDVRP-L-n100-s0,L,100,0,base,Random-9,4,,35,3186.7917,3458.8862,3081.6016,15.1901,90.0,35.016,35.489,474,31,3,6,1.0,0,0,0,0,0,0
exact,CSDVRP-S-n12-s4,S,12,4,base,DRL-ALNS,3,4,5,487.5063,536.3904,484.4937,3.0126,0.0,5.0,5.176,3506,4,0,0,0.9867,0,0,0,0,0,0
main,CSDVRP-S-n15-s2,S,15,2,base,Roulette-9,1,,5,604.4369,645.109,602.0225,2.4144,0.0,5.0,5.075,3870,6,0,0,0.9953,0,0,0,0,0,0
main,CSDVRP-S-n20-s5,S,20,5,base,VNS,8,,6,763.1659,865.7,758.6853,4.4806,0.0,6.0,6.058,2818,7,0,0,0.9947,0,0,0,0,0,0
case,CSDVRP-CS-Riyadh,case,30,0,base,ALNS+,0,,30,419.5486,711.0291,414.1168,5.4318,0.0,30.0,30.196,9850,4,0,0,0.99,0,0,0,0,0,0
main,CSDVRP-M-n30-s3,M,30,3,base,Random-9,5,,10,969.2873,1099.7766,965.9069,3.3804,0.0,10.0,10.145,2521,10,0,0,0.988,0,0,0,0,0,0
exact,CSDVRP-S-n6-s2,S,6,2,base,Marginal-9,9,5,5,330.7872,334.9047,328.2873,2.4999,0.0,5.0,4.991,11054,3,0,0,0.8567,0,0,0,0,0,0
main,CSDVRP-M-n30-s5,M,30,5,base,Fixed-small,1,,10,1135.5773,1247.2838,1129.9651,5.6122,0.0,10.0,10.123,3124,11,0,0,0.962,0,0,0,0,0,0
exact,CSDVRP-S-n6-s3,S,6,3,base,DRL-ALNS,3,4,5,230.2731,253.5784,228.5871,1.686,0.0,5.0,4.996,4634,2,0,0,0.9873,0,0,0,0,0,0
exact,CSDVRP-S-n10-s2,S,10,2,base,VNS,9,,5,386.2368,436.4179,383.4745,2.7622,0.0,5.0,5.013,8596,3,0,0,0.9893,0,0,0,0,0,0
main,CSDVRP-M-n30-s1,M,30,1,base,VNS-9,5,,10,1084.7565,1231.1888,1050.1133,4.6432,30.0,10.016,10.124,1956,10,2,2,1.0,0,0,0,0,0,0
exact,CSDVRP-S-n8-s4,S,8,4,base,DRL-ALNS,1,2,5,360.1059,397.2233,357.0731,3.0328,0.0,5.0,5.012,3873,3,0,0,0.8793,0,0,0,0,0,0
main,CSDVRP-XL-n150-s0,XL,150,0,base,VNS-9,0,,50,4488.4229,5021.4451,4411.292,17.1309,60.0,50.031,51.058,970,47,3,4,1.0,0,0,0,0,0,0
main,CSDVRP-M-n30-s2,M,30,2,base,Random-9,6,,10,945.9873,1162.4183,941.8287,4.1586,0.0,10.0,10.901,2244,10,0,0,0.9865,0,0,0,0,0,0
exact,CSDVRP-S-n8-s2,S,8,2,base,VNS,5,,5,344.8888,398.3755,342.4078,2.481,0.0,5.0,5.261,9164,3,0,0,0.8753,0,0,0,0,0,0
main,CSDVRP-L-n75-s1,L,75,1,base,Fixed-small,7,,25,2115.1823,2408.8056,2063.8168,6.3656,45.0,25.0,25.894,1223,23,2,3,1.0,0,0,0,0,0,0
main,CSDVRP-S-n20-s4,S,20,4,base,VNS,6,,6,719.4719,798.0501,715.5041,3.9678,0.0,6.0,6.037,2875,7,0,0,0.986,0,0,0,0,0,0
main,CSDVRP-L-n75-s4,L,75,4,base,VNS-9,1,,25,2215.6377,2460.454,2207.869,7.7687,0.0,25.031,26.058,717,24,0,0,0.9996,0,0,0,0,0,0
main,CSDVRP-L-n75-s5,L,75,5,base,DRL-VNS,6,2,25,2121.7126,2327.4464,2099.5128,7.1998,15.0,25.016,25.343,719,23,1,1,1.0,0,0,0,0,0,0
exact,CSDVRP-S-n6-s2,S,6,2,base,ALNS+,7,,5,330.2083,334.9047,328.2873,1.921,0.0,5.0,5.022,10686,3,0,0,0.8567,0,0,0,0,0,0
exact,CSDVRP-S-n10-s2,S,10,2,base,VNS-9,3,,5,386.2368,436.4179,383.4745,2.7622,0.0,5.0,5.014,9304,3,0,0,0.9893,0,0,0,0,0,0
main,CSDVRP-L-n75-s4,L,75,4,base,VNS,5,,25,2201.4509,2460.454,2194.182,7.2689,0.0,25.0,25.138,1122,24,0,0,0.9996,0,0,0,0,0,0
main,CSDVRP-S-n20-s3,S,20,3,base,Roulette-9,4,,6,706.2573,797.0264,687.1154,4.1419,15.0,6.0,6.234,3106,7,1,1,0.9707,0,0,0,0,0,0
main,CSDVRP-S-n20-s4,S,20,4,base,VNS,1,,6,719.4697,798.0501,715.5041,3.9656,0.0,6.0,6.058,2777,7,0,0,0.986,0,0,0,0,0,0
exact,CSDVRP-S-n10-s4,S,10,4,base,Marginal-9,5,1,5,387.4582,460.8567,384.9244,2.5338,0.0,5.0,5.06,9067,3,0,0,0.98,0,0,0,0,0,0
exact,CSDVRP-S-n6-s4,S,6,4,base,Marginal-9,9,5,5,307.3738,316.7228,305.135,2.2389,0.0,5.0,5.009,11134,3,0,0,0.906,0,0,0,0,0,0
main,CSDVRP-S-n20-s5,S,20,5,base,VNS-9,9,,6,763.1659,865.7,758.6853,4.4806,0.0,6.0,6.108,3612,7,0,0,0.9947,0,0,0,0,0,0
exact,CSDVRP-S-n6-s2,S,6,2,base,VNS-9,7,,5,330.7872,334.9047,328.2873,2.4999,0.0,5.0,5.043,11563,3,0,0,0.8567,0,0,0,0,0,0
main,CSDVRP-S-n15-s3,S,15,3,base,ALNS+,9,,5,613.8579,692.2972,595.8443,3.0136,15.0,5.0,5.012,6027,5,1,1,1.0,0,0,0,0,0,0
main,CSDVRP-M-n30-s5,M,30,5,base,Fixed-small,4,,10,1121.0884,1247.2838,1085.5258,5.5626,30.0,10.0,10.31,3546,10,2,2,1.0,0,0,0,0,0,0
main,CSDVRP-M-n30-s2,M,30,2,base,ALNS+,6,,10,962.5091,1162.4183,929.197,3.3121,30.0,10.0,10.189,2674,10,2,2,1.0,0,0,0,0,0,0
main,CSDVRP-L-n100-s2,L,100,2,base,ALNS+,1,,35,2942.5056,3167.7225,2929.9237,12.5819,0.0,35.094,37.154,321,33,0,0,0.9776,0,0,0,0,0,0
exact,CSDVRP-S-n10-s2,S,10,2,base,DRL-VNS,5,1,5,391.6922,436.4179,389.0812,2.6111,0.0,5.0,5.394,4563,3,0,0,0.9787,0,0,0,0,0,0
main,CSDVRP-M-n50-s3,M,50,3,base,Marginal-9,2,3,15,1398.7698,1746.7745,1392.5811,6.1887,0.0,15.0,15.424,1391,15,0,0,0.994,0,0,0,0,0,0
main,CSDVRP-M-n30-s1,M,30,1,base,Fixed-small,7,,10,1049.547,1231.1888,1030.777,3.77,15.0,10.0,10.259,3069,10,1,1,1.0,0,0,0,0,0,0
main,CSDVRP-L-n75-s4,L,75,4,base,VNS,7,,25,2235.0597,2460.454,2196.5745,8.4852,30.0,25.0,25.314,1007,24,1,2,1.0,0,0,0,0,0,0
exact,CSDVRP-S-n8-s4,S,8,4,base,VNS,2,,5,359.1905,397.2233,357.0731,2.1174,0.0,5.0,5.067,8840,3,0,0,0.8793,0,0,0,0,0,0
exact,CSDVRP-S-n10-s3,S,10,3,base,Marginal-9,5,1,5,398.3934,456.2198,394.9219,3.4715,0.0,5.0,5.013,8241,3,0,0,0.9427,0,0,0,0,0,0
exact,CSDVRP-S-n8-s5,S,8,5,base,DRL-VNS,1,2,5,423.2126,427.0275,419.9371,3.2754,0.0,5.0,5.185,4277,3,0,0,0.894,0,0,0,0,0,0
main,CSDVRP-L-n75-s3,L,75,3,base,Fixed-small,4,,25,2114.1543,2332.9982,2092.9822,6.172,15.0,25.0,25.404,1072,24,1,1,1.0,0,0,0,0,0,0
main,CSDVRP-XL-n150-s1,XL,150,1,base,DRL-VNS,7,3,50,4217.5507,4744.1508,4156.9332,15.6175,45.0,50.031,50.788,1147,45,3,3,1.0,0,0,0,0,0,0
exact,CSDVRP-S-n10-s1,S,10,1,base,VNS,1,,5,394.7924,479.2322,392.2685,2.5239,0.0,5.0,5.106,6420,4,0,0,0.9253,0,0,0,0,0,0
exact,CSDVRP-S-n10-s4,S,10,4,base,VNS,1,,5,387.4582,460.8567,384.9244,2.5338,0.0,5.0,5.216,9302,3,0,0,0.98,0,0,0,0,0,0
main,CSDVRP-XL-n150-s0,XL,150,0,base,DRL-ALNS,4,5,50,4478.4954,5021.4451,4457.668,20.8274,0.0,50.078,53.695,607,48,0,0,0.9997,0,0,0,0,0,0
main,CSDVRP-S-n20-s0,S,20,0,base,Fixed-small,2,,6,784.7513,835.2978,781.7371,3.0142,0.0,6.0,6.563,3758,8,0,0,0.9987,0,0,0,0,0,0
main,CSDVRP-M-n30-s3,M,30,3,base,DRL-ALNS,1,2,10,981.4303,1099.7766,963.276,3.1544,15.0,10.0,11.764,2087,10,1,1,1.0,0,0,0,0,0,0
exact,CSDVRP-S-n10-s2,S,10,2,base,VNS-9,4,,5,391.6922,436.4179,389.0812,2.6111,0.0,5.0,5.529,11345,3,0,0,0.9787,0,0,0,0,0,0
main,CSDVRP-M-n30-s2,M,30,2,base,VNS,9,,10,941.0551,1162.4183,938.3163,2.7388,0.0,10.0,10.642,2383,10,0,0,0.9865,0,0,0,0,0,0
main,CSDVRP-M-n50-s3,M,50,3,base,DRL-ALNS,0,1,15,1468.1099,1746.7745,1415.6902,7.4197,45.0,15.0,15.911,1072,15,3,3,1.0,0,0,0,0,0,0
main,CSDVRP-S-n20-s3,S,20,3,base,Marginal-9,7,3,6,691.2399,797.0264,687.1116,4.1284,0.0,6.0,6.35,3463,7,0,0,0.9707,0,0,0,0,0,0
main,CSDVRP-S-n20-s0,S,20,0,base,VNS,1,,6,756.2207,835.2978,752.4896,3.7311,0.0,6.0,6.404,2642,7,0,0,0.9987,0,0,0,0,0,0
main,CSDVRP-XL-n150-s5,XL,150,5,base,VNS-9,3,,50,3969.8383,4291.4727,3956.0081,13.8302,0.0,50.016,50.77,896,46,0,0,0.996,0,0,0,0,0,0
exact,CSDVRP-S-n12-s3,S,12,3,base,ALNS+,7,,5,522.4878,589.3086,503.6872,3.8005,15.0,5.0,5.047,7316,4,1,1,1.0,0,0,0,0,0,0
main,CSDVRP-L-n100-s4,L,100,4,base,VNS,6,,35,2953.8347,3371.4529,2938.8802,14.9544,0.0,35.0,35.647,589,30,0,0,0.9996,0,0,0,0,0,0
main,CSDVRP-M-n50-s1,M,50,1,base,Roulette-9,7,,15,1498.1158,1718.5004,1476.7482,6.3676,15.0,15.0,15.302,1285,15,1,1,1.0,0,0,0,0,0,0
main,CSDVRP-S-n20-s5,S,20,5,base,VNS,2,,6,763.1659,865.7,758.6853,4.4806,0.0,6.0,6.07,2860,7,0,0,0.9947,0,0,0,0,0,0
case,CSDVRP-CS-Riyadh,case,30,0,base,Marginal-9,7,3,30,420.8407,711.0291,415.2538,5.5869,0.0,30.0,30.544,8745,4,0,0,0.982,0,0,0,0,0,0
exact,CSDVRP-S-n6-s3,S,6,3,base,DRL-ALNS,7,3,5,230.2731,253.5784,228.5871,1.686,0.0,5.0,5.105,5373,2,0,0,0.9873,0,0,0,0,0,0
main,CSDVRP-L-n75-s3,L,75,3,base,DRL-ALNS,7,3,25,2163.8576,2332.9982,2155.7013,8.1563,0.0,25.016,27.781,566,25,0,0,0.9952,0,0,0,0,0,0
exact,CSDVRP-S-n8-s4,S,8,4,base,Marginal-9,2,3,5,359.1905,397.2233,357.0731,2.1174,0.0,5.0,5.089,10921,3,0,0,0.8793,0,0,0,0,0,0
main,CSDVRP-L-n75-s3,L,75,3,base,Marginal-9,8,4,25,2094.4036,2332.9982,2072.5078,6.8957,15.0,25.0,29.374,788,23,1,1,1.0,0,0,0,0,0,0
main,CSDVRP-M-n50-s1,M,50,1,base,Marginal-9,8,4,15,1503.5924,1718.5004,1498.0687,5.5237,0.0,15.0,15.646,1279,16,0,0,0.975,0,0,0,0,0,0
main,CSDVRP-L-n75-s1,L,75,1,base,Marginal-9,3,4,25,2136.1596,2408.8056,2068.6882,7.4715,60.0,25.0,25.597,692,23,2,4,1.0,0,0,0,0,0,0
exact,CSDVRP-S-n12-s3,S,12,3,base,ALNS+,6,,5,522.4878,589.3086,503.6872,3.8005,15.0,5.0,5.024,6870,4,1,1,1.0,0,0,0,0,0,0
main,CSDVRP-XL-n150-s4,XL,150,4,base,DRL-ALNS,3,4,50,4203.13,4802.2805,4184.5313,18.5987,0.0,50.0,50.557,573,50,0,0,0.992,0,0,0,0,0,0
main,CSDVRP-S-n20-s5,S,20,5,base,ALNS+,2,,6,763.1659,865.7,758.6853,4.4806,0.0,6.0,6.027,3762,7,0,0,0.9947,0,0,0,0,0,0
exact,CSDVRP-S-n12-s4,S,12,4,base,DRL-ALNS,7,3,5,487.5063,536.3904,484.4937,3.0126,0.0,5.0,5.044,3061,4,0,0,0.9867,0,0,0,0,0,0
main,CSDVRP-S-n20-s5,S,20,5,base,Roulette-9,9,,6,763.1659,865.7,758.6853,4.4806,0.0,6.0,6.043,3513,7,0,0,0.9947,0,0,0,0,0,0
main,CSDVRP-M-n30-s0,M,30,0,base,DRL-ALNS,8,4,10,1093.9285,1303.6377,1088.8964,5.0321,0.0,10.0,10.063,1856,11,0,0,0.997,0,0,0,0,0,0
main,CSDVRP-M-n50-s1,M,50,1,base,DRL-ALNS,2,3,15,1574.8481,1718.5004,1522.2207,7.6274,45.0,15.0,15.107,928,16,2,3,1.0,0,0,0,0,0,0
main,CSDVRP-XL-n150-s4,XL,150,4,base,Fixed-small,7,,50,3942.6158,4802.2805,3839.4675,13.1483,90.0,50.0,50.665,1615,45,4,6,1.0,0,0,0,0,0,0
main,CSDVRP-L-n75-s5,L,75,5,base,VNS,2,,25,2091.3253,2327.4464,2083.4687,7.8566,0.0,25.016,25.192,1107,23,0,0,0.9904,0,0,0,0,0,0
exact,CSDVRP-S-n10-s3,S,10,3,base,DRL-VNS,7,3,5,398.3226,456.2198,394.9219,3.4007,0.0,5.0,5.019,3977,3,0,0,0.9427,0,0,0,0,0,0
exact,CSDVRP-S-n12-s5,S,12,5,base,DRL-ALNS,3,4,5,521.0601,535.5205,517.6832,3.3769,0.0,5.0,5.153,3271,4,0,0,0.978,0,0,0,0,0,0
main,CSDVRP-L-n75-s4,L,75,4,base,DRL-ALNS,2,3,25,2299.699,2460.454,2291.4209,8.278,0.0,25.016,25.431,477,27,0,0,0.998,0,0,0,0,0,0
main,CSDVRP-M-n30-s5,M,30,5,base,Roulette-9,9,,10,1123.5828,1247.2838,1103.0889,5.4939,15.0,10.0,10.177,2105,10,1,1,1.0,0,0,0,0,0,0
main,CSDVRP-S-n20-s4,S,20,4,base,Fixed-small,4,,6,741.252,798.0501,736.5071,4.745,0.0,6.0,6.12,3257,7,0,0,0.986,0,0,0,0,0,0
main,CSDVRP-S-n20-s1,S,20,1,base,Roulette-9,1,,6,785.2664,908.0268,780.5879,4.6785,0.0,6.0,6.183,3220,7,0,0,0.9833,0,0,0,0,0,0
main,CSDVRP-S-n20-s2,S,20,2,base,ALNS+,1,,6,699.047,732.8183,680.7142,3.3328,15.0,6.0,6.091,2891,7,1,1,1.0,0,0,0,0,0,0
exact,CSDVRP-S-n10-s3,S,10,3,base,Random-9,2,,5,398.3934,456.2198,394.9219,3.4715,0.0,5.0,5.108,8999,3,0,0,0.9427,0,0,0,0,0,0
main,CSDVRP-L-n75-s2,L,75,2,base,DRL-ALNS,3,4,25,2251.0703,2442.0216,2238.9552,12.1151,0.0,25.0,25.24,541,22,0,0,0.9972,0,0,0,0,0,0
main,CSDVRP-S-n20-s1,S,20,1,base,Random-9,7,,6,785.2664,908.0268,780.5879,4.6785,0.0,6.0,6.021,3149,7,0,0,0.9833,0,0,0,0,0,0
main,CSDVRP-M-n30-s4,M,30,4,base,Marginal-9,4,5,10,926.1514,1151.8487,921.3091,4.8423,0.0,10.0,10.594,2047,10,0,0,0.99,0,0,0,0,0,0
main,CSDVRP-S-n15-s5,S,15,5,base,DRL-VNS,9,5,5,666.5148,800.4223,662.7682,3.7467,0.0,5.0,5.059,2793,5,0,0,0.9993,0,0,0,0,0,0
main,CSDVRP-M-n50-s0,M,50,0,base,Marginal-9,9,5,15,1713.1241,1986.2853,1705.7308,7.3932,0.0,15.031,15.302,922,16,0,0,0.986,0,0,0,0,0,0
main,CSDVRP-S-n20-s4,S,20,4,base,DRL-VNS,1,2,6,719.4697,798.0501,715.5041,3.9656,0.0,6.0,6.035,1902,7,0,0,0.986,0,0,0,0,0,0
main,CSDVRP-L-n100-s4,L,100,4,base,DRL-VNS,7,3,35,2942.6715,3371.4529,2931.4996,11.1719,0.0,35.031,35.762,520,31,0,0,0.9976,0,0,0,0,0,0
main,CSDVRP-L-n100-s3,L,100,3,base,ALNS+,3,,35,2849.964,3095.0715,2839.2749,10.6891,0.0,35.172,35.557,317,35,0,0,0.982,0,0,0,0,0,0
main,CSDVRP-M-n50-s2,M,50,2,base,Random-9,1,,15,1468.7787,1677.4231,1462.0673,6.7114,0.0,15.0,15.511,1071,16,0,0,0.9985,0,0,0,0,0,0
exact,CSDVRP-S-n12-s1,S,12,1,base,Roulette-9,3,,5,527.1742,602.7068,508.3795,3.7947,15.0,5.0,5.067,6261,4,1,1,0.9567,0,0,0,0,0,0
main,CSDVRP-M-n50-s1,M,50,1,base,Fixed-small,7,,15,1527.3979,1718.5004,1505.9287,6.4691,15.0,15.016,15.343,1776,15,1,1,1.0,0,0,0,0,0,0
exact,CSDVRP-S-n12-s2,S,12,2,base,ALNS+,7,,5,460.175,518.4642,458.0808,2.0942,0.0,5.0,5.153,7732,4,0,0,0.998,0,0,0,0,0,0
main,CSDVRP-XL-n150-s3,XL,150,3,base,Fixed-small,4,,50,3864.0186,4237.9876,3822.1304,11.8881,30.0,50.047,53.112,1392,45,1,2,1.0,0,0,0,0,0,0
main,CSDVRP-S-n15-s1,S,15,1,base,VNS-9,2,,5,599.6997,675.8866,596.1341,3.5656,0.0,5.0,5.207,4038,6,0,0,0.9,0,0,0,0,0,0
main,CSDVRP-M-n50-s5,M,50,5,base,ALNS+,1,,15,1696.8037,1904.3598,1612.6766,9.1272,75.0,15.0,16.58,1160,15,5,5,1.0,0,0,0,0,0,0
main,CSDVRP-XL-n150-s4,XL,150,4,base,Marginal-9,1,2,50,4035.0295,4802.2805,3962.9031,12.1265,60.0,50.016,51.555,1190,46,3,4,1.0,0,0,0,0,0,0
main,CSDVRP-S-n20-s4,S,20,4,base,DRL-VNS,8,4,6,719.4697,798.0501,715.5041,3.9656,0.0,6.0,6.004,2681,7,0,0,0.986,0,0,0,0,0,0
exact,CSDVRP-S-n12-s1,S,12,1,base,VNS,5,,5,527.1742,602.7068,508.3795,3.7947,15.0,5.0,5.024,5860,4,1,1,1.0,0,0,0,0,0,0
exact,CSDVRP-S-n12-s5,S,12,5,base,DRL-VNS,9,5,5,521.0601,535.5205,517.6832,3.3769,0.0,5.0,5.028,3654,4,0,0,0.978,0,0,0,0,0,0
exact,CSDVRP-S-n6-s3,S,6,3,base,Random-9,6,,5,230.2731,253.5784,228.5871,1.686,0.0,5.0,5.043,20712,2,0,0,0.9873,0,0,0,0,0,0
main,CSDVRP-S-n15-s5,S,15,5,base,DRL-ALNS,9,5,5,683.9875,800.4223,664.9844,4.0031,15.0,5.0,5.061,2919,5,1,1,0.998,0,0,0,0,0,0
exact,CSDVRP-S-n12-s2,S,12,2,base,Fixed-small,9,,5,475.9776,518.4642,473.3356,2.642,0.0,5.0,5.106,7903,5,0,0,0.9853,0,0,0,0,0,0
exact,CSDVRP-S-n10-s2,S,10,2,base,VNS-9,2,,5,391.6922,436.4179,389.0812,2.6111,0.0,5.0,5.059,8768,3,0,0,0.9787,0,0,0,0,0,0
main,CSDVRP-M-n30-s2,M,30,2,base,DRL-VNS,7,3,10,941.0551,1162.4183,938.3163,2.7388,0.0,10.0,11.794,1722,10,0,0,0.9865,0,0,0,0,0,0
main,CSDVRP-XL-n150-s0,XL,150,0,base,DRL-ALNS,9,5,50,4571.5223,5021.4451,4555.0137,16.5086,0.0,50.219,52.929,434,50,0,0,0.9967,0,0,0,0,0,0
main,CSDVRP-M-n50-s3,M,50,3,base,Random-9,3,,15,1426.6291,1746.7745,1405.6818,5.9473,15.0,15.0,15.316,1486,15,1,1,1.0,0,0,0,0,0,0
main,CSDVRP-L-n75-s4,L,75,4,base,Random-9,4,,25,2201.777,2460.454,2194.5079,7.2691,0.0,25.0,25.561,918,24,0,0,0.998,0,0,0,0,0,0
main,CSDVRP-M-n30-s5,M,30,5,base,VNS,2,,10,1119.5938,1247.2838,1084.6448,4.9489,30.0,10.0,10.49,3928,10,1,2,1.0,0,0,0,0,0,0
exact,CSDVRP-S-n10-s2,S,10,2,base,DRL-ALNS,0,1,5,390.855,436.4179,387.4263,3.4287,0.0,5.0,5.279,5834,3,0,0,0.9867,0,0,0,0,0,0
main,CSDVRP-M-n30-s0,M,30,0,base,DRL-VNS,0,1,10,1110.3793,1303.6377,1091.4559,3.9234,15.0,10.0,10.527,2918,11,1,1,0.997,0,0,0,0,0,0
main,CSDVRP-S-n20-s2,S,20,2,base,Fixed-small,2,,6,670.1283,732.8183,667.0092,3.1191,0.0,6.0,6.216,6113,7,0,0,0.9933,0,0,0,0,0,0
exact,CSDVRP-S-n6-s3,S,6,3,base,DRL-VNS,4,5,5,230.2731,253.5784,228.5871,1.686,0.0,5.0,5.606,8074,2,0,0,0.9873,0,0,0,0,0,0
exact,CSDVRP-S-n12-s5,S,12,5,base,ALNS+,5,,5,521.0601,535.5205,517.6832,3.3769,0.0,5.0,5.336,10266,4,0,0,0.978,0,0,0,0,0,0
exact,CSDVRP-S-n10-s5,S,10,5,base,Roulette-9,0,,5,454.5993,485.8354,450.6688,3.9305,0.0,5.0,5.717,10978,3,0,0,0.956,0,0,0,0,0,0
main,CSDVRP-S-n15-s1,S,15,1,base,DRL-ALNS,2,3,5,627.6549,675.8866,593.9258,3.7291,30.0,5.0,5.125,3847,5,2,2,1.0,0,0,0,0,0,0
exact,CSDVRP-S-n8-s5,S,8,5,base,DRL-VNS,9,5,5,423.2126,427.0275,419.9371,3.2754,0.0,5.0,5.136,6212,3,0,0,0.894,0,0,0,0,0,0
main,CSDVRP-M-n50-s4,M,50,4,base,DRL-ALNS,1,2,15,1695.2418,1919.2804,1613.3105,6.9313,75.0,15.0,15.051,1389,16,4,5,1.0,0,0,0,0,0,0
exact,CSDVRP-S-n12-s3,S,12,3,base,Marginal-9,1,2,5,522.4878,589.3086,503.6872,3.8005,15.0,5.0,5.163,11036,4,1,1,1.0,0,0,0,0,0,0
main,CSDVRP-M-n30-s3,M,30,3,base,VNS-9,7,,10,969.1696,1099.7766,965.9069,3.2627,0.0,10.0,10.045,3738,10,0,0,0.988,0,0,0,0,0,0
case,CSDVRP-CS-Riyadh,case,30,0,base,Roulette-9,5,,30,420.8407,711.0291,415.2538,5.5869,0.0,30.0,30.67,11172,4,0,0,0.982,0,0,0,0,0,0
main,CSDVRP-M-n30-s0,M,30,0,base,Random-9,3,,10,1093.0763,1303.6377,1088.8964,4.1799,0.0,10.0,10.434,3617,11,0,0,0.997,0,0,0,0,0,0
main,CSDVRP-S-n15-s1,S,15,1,base,ALNS+,3,,5,619.9607,675.8866,600.9045,4.0563,15.0,5.0,5.058,7434,5,1,1,1.0,0,0,0,0,0,0
main,CSDVRP-M-n30-s3,M,30,3,base,ALNS+,5,,10,969.1696,1099.7766,965.9069,3.2627,0.0,10.0,10.077,4203,10,0,0,0.988,0,0,0,0,0,0
main,CSDVRP-M-n30-s3,M,30,3,base,Fixed-small,7,,10,969.5851,1099.7766,965.9069,3.6783,0.0,10.0,10.141,4829,10,0,0,0.988,0,0,0,0,0,0
main,CSDVRP-S-n20-s3,S,20,3,base,ALNS+,2,,6,703.7068,797.0264,684.6426,4.0642,15.0,6.0,6.059,5540,7,1,1,1.0,0,0,0,0,0,0
exact,CSDVRP-S-n10-s2,S,10,2,base,Roulette-9,3,,5,386.2368,436.4179,383.4745,2.7622,0.0,5.0,5.2,14193,3,0,0,0.9893,0,0,0,0,0,0
exact,CSDVRP-S-n8-s2,S,8,2,base,Marginal-9,9,5,5,344.8888,398.3755,342.4078,2.481,0.0,5.0,5.218,15229,3,0,0,0.8753,0,0,0,0,0,0
exact,CSDVRP-S-n8-s3,S,8,3,base,VNS,4,,5,339.8466,351.7127,337.5902,2.2564,0.0,5.0,5.122,12785,3,0,0,0.9567,0,0,0,0,0,0
main,CSDVRP-M-n30-s3,M,30,3,base,Random-9,9,,10,970.8464,1099.7766,968.1897,2.6567,0.0,10.0,10.281,3432,10,0,0,0.9975,0,0,0,0,0,0
main,CSDVRP-XL-n150-s4,XL,150,4,base,Marginal-9,2,3,50,3965.8476,4802.2805,3862.5772,13.2704,90.0,50.031,54.248,1594,45,4,6,1.0,0,0,0,0,0,0
main,CSDVRP-S-n15-s0,S,15,0,base,VNS-9,0,,5,606.5233,666.3141,602.2712,4.2521,0.0,5.0,5.432,6788,5,0,0,0.9927,0,0,0,0,0,0
main,CSDVRP-M-n30-s4,M,30,4,base,ALNS+,3,,10,964.0577,1151.8487,928.4403,5.6174,30.0,10.0,11.405,3767,9,2,2,1.0,0,0,0,0,0,0
main,CSDVRP-L-n100-s4,L,100,4,base,DRL-VNS,1,2,35,2934.6301,3371.4529,2906.3945,13.2356,15.0,35.0,38.77,679,30,1,1,0.9996,0,0,0,0,0,0
main,CSDVRP-M-n50-s3,M,50,3,base,Random-9,7,,15,1462.5982,1746.7745,1411.2741,6.3241,45.0,15.0,16.013,1697,15,2,3,1.0,0,0,0,0,0,0
main,CSDVRP-S-n15-s3,S,15,3,base,DRL-ALNS,7,3,5,613.8579,692.2972,595.8443,3.0136,15.0,5.0,5.065,3654,5,1,1,1.0,0,0,0,0,0,0
main,CSDVRP-L-n75-s2,L,75,2,base,Fixed-small,6,,25,2107.7838,2442.0216,2084.7332,8.0507,15.0,25.0,25.979,1844,22,1,1,1.0,0,0,0,0,0,0
main,CSDVRP-S-n20-s2,S,20,2,base,VNS-9,5,,6,670.121,732.8183,667.0092,3.1118,0.0,6.0,6.156,4594,7,0,0,0.9933,0,0,0,0,0,0
main,CSDVRP-M-n50-s5,M,50,5,base,VNS-9,4,,15,1620.3377,1904.3598,1611.2758,9.0618,0.0,15.0,15.352,1653,15,0,0,0.998,0,0,0,0,0,0
main,CSDVRP-L-n100-s1,L,100,1,base,VNS,0,,35,2681.8438,3146.4881,2612.5473,9.2965,60.0,35.0,35.495,938,29,3,4,1.0,0,0,0,0,0,0
exact,CSDVRP-S-n12-s3,S,12,3,base,ALNS+,5,,5,522.4878,589.3086,503.6872,3.8005,15.0,5.0,5.067,10888,4,1,1,1.0,0,0,0,0,0,0
main,CSDVRP-M-n50-s4,M,50,4,base,DRL-ALNS,6,2,15,1635.0927,1919.2804,1597.7813,7.3114,30.0,15.0,15.405,1442,16,2,2,1.0,0,0,0,0,0,0
main,CSDVRP-M-n50-s1,M,50,1,base,VNS-9,6,,15,1498.9727,1718.5004,1493.2879,5.6848,0.0,15.0,15.593,1778,15,0,0,0.9915,0,0,0,0,0,0
main,CSDVRP-M-n50-s5,M,50,5,base,VNS,1,,15,1620.9247,1904.3598,1598.1074,7.8173,15.0,15.0,15.496,2886,15,1,1,1.0,0,0,0,0,0,0
exact,CSDVRP-S-n8-s1,S,8,1,base,DRL-ALNS,1,2,5,335.8429,376.3954,333.6723,2.1706,0.0,5.0,5.153,5838,3,0,0,0.9073,0,0,0,0,0,0
main,CSDVRP-M-n30-s0,M,30,0,base,ALNS+,9,,10,1179.2329,1303.6377,1113.9365,5.2964,60.0,10.0,10.141,3546,11,3,4,1.0,0,0,0,0,0,0
main,CSDVRP-L-n75-s2,L,75,2,base,Fixed-small,7,,25,2095.7709,2442.0216,2057.4386,8.3323,30.0,25.0,29.331,1744,22,2,2,1.0,0,0,0,0,0,0
exact,CSDVRP-S-n12-s4,S,12,4,base,VNS-9,7,,5,487.5063,536.3904,484.4937,3.0126,0.0,5.0,5.756,8063,4,0,0,0.9867,0,0,0,0,0,0
exact,CSDVRP-S-n6-s5,S,6,5,base,DRL-VNS,4,5,5,347.3173,347.7063,345.0582,2.2591,0.0,5.0,5.369,6084,3,0,0,0.9907,0,0,0,0,0,0
main,CSDVRP-XL-n150-s2,XL,150,2,base,DRL-ALNS,1,2,50,4194.5184,4545.4892,4174.8236,19.6948,0.0,50.031,52.753,606,48,0,0,1.0,0,0,0,0,0,0
exact,CSDVRP-S-n12-s1,S,12,1,base,Random-9,8,,5,511.8119,602.7068,507.9062,3.9057,0.0,5.0,5.069,9546,4,0,0,0.994,0,0,0,0,0,0
main,CSDVRP-S-n15-s4,S,15,4,base,DRL-ALNS,8,4,5,602.9731,624.2332,584.1074,3.8657,15.0,5.0,5.06,4343,5,1,1,1.0,0,0,0,0,0,0
exact,CSDVRP-S-n12-s3,S,12,3,base,VNS,1,,5,522.4878,589.3086,503.6872,3.8005,15.0,5.0,5.03,9463,4,1,1,1.0,0,0,0,0,0,0
exact,CSDVRP-S-n12-s2,S,12,2,base,VNS-9,2,,5,460.175,518.4642,458.0808,2.0942,0.0,5.0,5.185,13317,4,0,0,0.998,0,0,0,0,0,0
exact,CSDVRP-S-n10-s5,S,10,5,base,Random-9,2,,5,454.5993,485.8354,450.6688,3.9305,0.0,5.0,5.468,11797,3,0,0,0.956,0,0,0,0,0,0
main,CSDVRP-M-n30-s4,M,30,4,base,Roulette-9,3,,10,925.7284,1151.8487,921.3091,4.4194,0.0,10.0,11.281,3631,10,0,0,0.99,0,0,0,0,0,0
exact,CSDVRP-S-n6-s1,S,6,1,base,Random-9,8,,5,341.7876,362.2464,340.1093,1.6783,0.0,5.0,5.027,20699,3,0,0,0.926,0,0,0,0,0,0
main,CSDVRP-L-n75-s0,L,75,0,base,Roulette-9,8,,25,2408.6205,2688.4285,2400.1362,8.4843,0.0,25.016,26.822,1140,24,0,0,0.9984,0,0,0,0,0,0
exact,CSDVRP-S-n12-s2,S,12,2,base,DRL-VNS,7,3,5,460.175,518.4642,458.0808,2.0942,0.0,5.0,5.189,5749,4,0,0,0.998,0,0,0,0,0,0
exact,CSDVRP-S-n12-s2,S,12,2,base,ALNS+,4,,5,460.175,518.4642,458.0808,2.0942,0.0,5.0,5.435,11624,4,0,0,0.998,0,0,0,0,0,0
main,CSDVRP-XL-n150-s1,XL,150,1,base,DRL-VNS,4,5,50,4273.136,4744.1508,4255.1449,17.9911,0.0,50.016,52.607,1364,45,0,0,0.9997,0,0,0,0,0,0
main,CSDVRP-L-n75-s5,L,75,5,base,Fixed-small,1,,25,2094.2219,2327.4464,2087.0905,7.1314,0.0,25.0,26.771,1762,23,0,0,0.9992,0,0,0,0,0,0
main,CSDVRP-L-n100-s1,L,100,1,base,Roulette-9,4,,35,2660.5881,3146.4881,2649.2455,11.3427,0.0,35.0,36.945,793,29,0,0,0.9996,0,0,0,0,0,0
main,CSDVRP-M-n50-s4,M,50,4,base,ALNS+,5,,15,1674.2787,1919.2804,1607.8407,6.438,60.0,15.0,15.79,1582,16,4,4,1.0,0,0,0,0,0,0
exact,CSDVRP-S-n10-s3,S,10,3,base,DRL-VNS,4,5,5,398.3934,456.2198,394.9219,3.4715,0.0,5.0,5.432,5797,3,0,0,0.9427,0,0,0,0,0,0
main,CSDVRP-XL-n150-s4,XL,150,4,base,VNS-9,9,,50,4027.3988,4802.2805,3880.4306,11.9683,135.0,50.031,53.108,1496,46,5,9,1.0,0,0,0,0,0,0
main,CSDVRP-L-n100-s2,L,100,2,base,Fixed-small,0,,35,2796.709,3167.7225,2787.3542,9.3549,0.0,35.0,36.729,1223,30,0,0,0.9972,0,0,0,0,0,0
exact,CSDVRP-S-n10-s1,S,10,1,base,ALNS+,8,,5,394.7924,479.2322,392.2685,2.5239,0.0,5.0,5.093,11328,4,0,0,0.9253,0,0,0,0,0,0
exact,CSDVRP-S-n10-s3,S,10,3,base,Marginal-9,9,5,5,398.3934,456.2198,394.9219,3.4715,0.0,5.0,5.123,13731,3,0,0,0.9427,0,0,0,0,0,0
exact,CSDVRP-S-n6-s3,S,6,3,base,Roulette-9,4,,5,230.2731,253.5784,228.5871,1.686,0.0,5.0,5.03,26796,2,0,0,0.9873,0,0,0,0,0,0
main,CSDVRP-XL-n150-s3,XL,150,3,base,DRL-ALNS,9,5,50,3959.8785,4237.9876,3943.7992,16.0794,0.0,50.016,50.554,857,48,0,0,0.9953,0,0,0,0,0,0
exact,CSDVRP-S-n12-s1,S,12,1,base,Roulette-9,7,,5,511.4838,602.7068,507.9062,3.5776,0.0,5.0,5.098,9526,4,0,0,0.994,0,0,0,0,0,0
main,CSDVRP-L-n75-s3,L,75,3,base,Roulette-9,6,,25,2118.9342,2332.9982,2052.7234,6.2108,60.0,25.031,25.237,1218,23,2,4,1.0,0,0,0,0,0,0
exact,CSDVRP-S-n6-s1,S,6,1,base,Random-9,0,,5,341.7876,362.2464,340.1093,1.6783,0.0,5.0,5.07,21926,3,0,0,0.926,0,0,0,0,0,0
exact,CSDVRP-S-n12-s4,S,12,4,base,Fixed-small,1,,5,487.6731,536.3904,484.4937,3.1794,0.0,5.0,5.014,12947,4,0,0,0.9867,0,0,0,0,0,0
main,CSDVRP-XL-n150-s4,XL,150,4,base,Roulette-9,8,,50,3928.6654,4802.2805,3811.6376,12.0278,105.0,50.016,50.68,1817,45,5,7,1.0,0,0,0,0,0,0
exact,CSDVRP-S-n6-s3,S,6,3,base,Fixed-small,8,,5,230.2731,253.5784,228.5871,1.686,0.0,5.0,5.002,29066,2,0,0,0.9873,0,0,0,0,0,0
exact,CSDVRP-S-n8-s3,S,8,3,base,ALNS+,8,,5,339.8466,351.7127,337.5902,2.2564,0.0,5.0,5.013,15570,3,0,0,0.9567,0,0,0,0,0,0
main,CSDVRP-S-n20-s1,S,20,1,base,Roulette-9,9,,6,785.2664,908.0268,780.5879,4.6785,0.0,6.0,6.015,4900,7,0,0,0.9833,0,0,0,0,0,0
main,CSDVRP-S-n20-s3,S,20,3,base,VNS,1,,6,692.5338,797.0264,688.3571,4.1768,0.0,6.0,6.03,4370,7,0,0,0.974,0,0,0,0,0,0
main,CSDVRP-S-n20-s5,S,20,5,base,VNS,5,,6,763.1659,865.7,758.6853,4.4806,0.0,6.0,6.059,4608,7,0,0,0.9947,0,0,0,0,0,0
exact,CSDVRP-S-n8-s1,S,8,1,base,Random-9,8,,5,335.8429,376.3954,333.6723,2.1706,0.0,5.0,5.014,18604,3,0,0,0.9073,0,0,0,0,0,0
exact,CSDVRP-S-n8-s1,S,8,1,base,VNS,1,,5,335.8429,376.3954,333.6723,2.1706,0.0,5.0,5.047,16628,3,0,0,0.9073,0,0,0,0,0,0
main,CSDVRP-M-n30-s3,M,30,3,base,DRL-VNS,2,3,10,969.1696,1099.7766,965.9069,3.2627,0.0,10.0,10.048,3396,10,0,0,0.988,0,0,0,0,0,0
main,CSDVRP-L-n75-s2,L,75,2,base,DRL-ALNS,4,5,25,2179.3309,2442.0216,2168.4602,10.8707,0.0,25.0,25.138,811,22,0,0,0.998,0,0,0,0,0,0
main,CSDVRP-S-n15-s3,S,15,3,base,Random-9,1,,5,601.4006,692.2972,597.8561,3.5445,0.0,5.0,5.025,7048,6,0,0,0.998,0,0,0,0,0,0
exact,CSDVRP-S-n10-s5,S,10,5,base,DRL-VNS,1,2,5,454.5993,485.8354,450.6688,3.9305,0.0,5.0,5.029,6227,3,0,0,0.956,0,0,0,0,0,0
main,CSDVRP-M-n30-s2,M,30,2,base,VNS-9,0,,10,941.0551,1162.4183,938.3163,2.7388,0.0,10.0,10.014,3600,10,0,0,0.9865,0,0,0,0,0,0
main,CSDVRP-S-n20-s3,S,20,3,base,VNS-9,9,,6,691.2399,797.0264,687.1116,4.1284,0.0,6.0,6.015,4967,7,0,0,0.9707,0,0,0,0,0,0
exact,CSDVRP-S-n12-s1,S,12,1,base,VNS,6,,5,511.4838,602.7068,507.9062,3.5776,0.0,5.0,4.995,8423,4,0,0,0.994,0,0,0,0,0,0
exact,CSDVRP-S-n6-s3,S,6,3,base,ALNS+,2,,5,230.2731,253.5784,228.5871,1.686,0.0,5.0,5.0,26074,2,0,0,0.9873,0,0,0,0,0,0
main,CSDVRP-L-n75-s2,L,75,2,base,ALNS+,8,,25,2216.2926,2442.0216,2206.5944,9.6982,0.0,25.016,25.111,961,25,0,0,0.9932,0,0,0,0,0,0
main,CSDVRP-M-n30-s1,M,30,1,base,VNS-9,1,,10,1031.4688,1231.1888,1027.1043,4.3646,0.0,10.0,10.01,3351,10,0,0,0.98,0,0,0,0,0,0
main,CSDVRP-M-n50-s0,M,50,0,base,VNS-9,7,,15,1710.6325,1986.2853,1704.3447,6.2878,0.0,15.0,15.123,1959,16,0,0,0.986,0,0,0,0,0,0
exact,CSDVRP-S-n8-s2,S,8,2,base,Roulette-9,6,,5,344.8888,398.3755,342.4078,2.481,0.0,5.0,5.013,16243,3,0,0,0.8753,0,0,0,0,0,0
exact,CSDVRP-S-n12-s2,S,12,2,base,Fixed-small,6,,5,475.9776,518.4642,473.3356,2.642,0.0,5.0,5.013,11141,5,0,0,0.9853,0,0,0,0,0,0
exact,CSDVRP-S-n10-s5,S,10,5,base,Roulette-9,2,,5,454.5993,485.8354,450.6688,3.9305,0.0,5.0,5.029,12137,3,0,0,0.956,0,0,0,0,0,0
main,CSDVRP-L-n75-s2,L,75,2,base,Random-9,1,,25,2119.9251,2442.0216,2109.6848,10.2403,0.0,25.016,25.262,1245,23,0,0,0.9928,0,0,0,0,0,0
main,CSDVRP-L-n100-s3,L,100,3,base,DRL-ALNS,1,2,35,2807.6956,3095.0715,2796.3565,11.3391,0.0,35.047,35.547,528,33,0,0,0.9852,0,0,0,0,0,0
main,CSDVRP-S-n20-s5,S,20,5,base,Fixed-small,3,,6,763.2502,865.7,758.6853,4.5649,0.0,6.0,6.371,7248,7,0,0,0.9947,0,0,0,0,0,0
main,CSDVRP-L-n100-s5,L,100,5,base,VNS,6,,35,2548.5717,3154.3549,2535.9356,12.6361,0.0,35.0,35.255,924,30,0,0,0.9988,0,0,0,0,0,0
main,CSDVRP-S-n15-s2,S,15,2,base,VNS,2,,5,604.4369,645.109,602.0225,2.4144,0.0,5.0,5.006,4807,6,0,0,0.9953,0,0,0,0,0,0
exact,CSDVRP-S-n12-s2,S,12,2,base,Marginal-9,9,5,5,460.175,518.4642,458.0808,2.0942,0.0,5.0,5.029,12309,4,0,0,0.998,0,0,0,0,0,0
exact,CSDVRP-S-n10-s4,S,10,4,base,VNS,4,,5,387.4582,460.8567,384.9244,2.5338,0.0,5.0,5.013,13494,3,0,0,0.98,0,0,0,0,0,0
main,CSDVRP-M-n30-s2,M,30,2,base,Random-9,5,,10,941.0551,1162.4183,938.3163,2.7388,0.0,10.0,10.092,3581,10,0,0,0.9865,0,0,0,0,0,0
main,CSDVRP-S-n20-s5,S,20,5,base,DRL-VNS,9,5,6,763.1659,865.7,758.6853,4.4806,0.0,6.0,6.122,3731,7,0,0,0.9947,0,0,0,0,0,0
exact,CSDVRP-S-n10-s5,S,10,5,base,DRL-VNS,9,5,5,454.5993,485.8354,450.6688,3.9305,0.0,5.0,5.027,5756,3,0,0,0.956,0,0,0,0,0,0
exact,CSDVRP-S-n8-s2,S,8,2,base,Roulette-9,3,,5,344.8888,398.3755,342.4078,2.481,0.0,5.0,5.077,15827,3,0,0,0.8753,0,0,0,0,0,0
main,CSDVRP-XL-n150-s3,XL,150,3,base,VNS,5,,50,3784.7593,4237.9876,3767.3052,17.4541,0.0,50.0,50.423,1561,43,0,0,0.9997,0,0,0,0,0,0
main,CSDVRP-M-n50-s3,M,50,3,base,Random-9,8,,15,1399.5391,1746.7745,1393.2711,6.268,0.0,15.0,15.121,1899,15,0,0,0.994,0,0,0,0,0,0
main,CSDVRP-M-n50-s4,M,50,4,base,DRL-ALNS,8,4,15,1716.4905,1919.2804,1635.5373,5.9532,75.0,15.0,15.082,1538,16,4,5,1.0,0,0,0,0,0,0
main,CSDVRP-M-n50-s0,M,50,0,base,Marginal-9,3,4,15,1708.0141,1986.2853,1700.9035,7.1106,0.0,15.0,15.035,1949,16,0,0,0.9865,0,0,0,0,0,0
main,CSDVRP-XL-n150-s3,XL,150,3,base,DRL-VNS,2,3,50,3820.9897,4237.9876,3804.8631,16.1265,0.0,50.031,50.39,1623,44,0,0,0.9993,0,0,0,0,0,0
exact,CSDVRP-S-n10-s5,S,10,5,base,DRL-VNS,2,3,5,454.5993,485.8354,450.6688,3.9305,0.0,5.0,5.056,6190,3,0,0,0.956,0,0,0,0,0,0
exact,CSDVRP-S-n10-s1,S,10,1,base,DRL-VNS,2,3,5,394.7924,479.2322,392.2685,2.5239,0.0,5.0,5.028,5082,4,0,0,0.9253,0,0,0,0,0,0
exact,CSDVRP-S-n10-s4,S,10,4,base,DRL-ALNS,1,2,5,387.4582,460.8567,384.9244,2.5338,0.0,5.0,5.03,6085,3,0,0,0.98,0,0,0,0,0,0
main,CSDVRP-M-n50-s0,M,50,0,base,Random-9,7,,15,1728.5268,1986.2853,1705.6624,7.8644,15.0,15.0,15.115,1850,16,1,1,1.0,0,0,0,0,0,0
exact,CSDVRP-S-n12-s2,S,12,2,base,VNS,1,,5,460.175,518.4642,458.0808,2.0942,0.0,5.0,5.005,10742,4,0,0,0.998,0,0,0,0,0,0
main,CSDVRP-S-n20-s1,S,20,1,base,Roulette-9,7,,6,785.2664,908.0268,780.5879,4.6785,0.0,6.0,5.998,4832,7,0,0,0.9833,0,0,0,0,0,0
exact,CSDVRP-S-n8-s1,S,8,1,base,Random-9,7,,5,335.8429,376.3954,333.6723,2.1706,0.0,5.0,4.999,18003,3,0,0,0.9073,0,0,0,0,0,0
main,CSDVRP-M-n50-s1,M,50,1,base,ALNS+,5,,15,1528.726,1718.5004,1477.1606,6.5655,45.0,15.0,15.128,2022,15,3,3,1.0,0,0,0,0,0,0
main,CSDVRP-XL-n150-s2,XL,150,2,base,VNS-9,9,,50,4057.3978,4545.4892,4013.3451,14.0527,30.0,50.016,50.325,1537,46,2,2,1.0,0,0,0,0,0,0
main,CSDVRP-L-n75-s2,L,75,2,base,Fixed-small,1,,25,2088.2533,2442.0216,2064.486,8.7672,15.0,25.0,25.14,2101,22,1,1,1.0,0,0,0,0,0,0
exact,CSDVRP-S-n10-s4,S,10,4,base,DRL-VNS,2,3,5,387.4582,460.8567,384.9244,2.5338,0.0,5.0,5.052,6957,3,0,0,0.98,0,0,0,0,0,0
main,CSDVRP-L-n100-s4,L,100,4,base,DRL-ALNS,7,3,35,3015.5842,3371.4529,3002.3983,13.1859,0.0,35.016,35.143,499,32,0,0,0.9952,0,0,0,0,0,0
main,CSDVRP-S-n20-s3,S,20,3,base,Random-9,0,,6,691.4555,797.0264,687.1116,4.3439,0.0,6.0,6.025,5190,7,0,0,0.9707,0,0,0,0,0,0
exact,CSDVRP-S-n10-s4,S,10,4,base,VNS,8,,5,387.4582,460.8567,384.9244,2.5338,0.0,5.0,4.998,13878,3,0,0,0.98,0,0,0,0,0,0
main,CSDVRP-S-n15-s5,S,15,5,base,DRL-VNS,1,2,5,666.5148,800.4223,662.7682,3.7467,0.0,5.0,5.043,4978,5,0,0,0.9993,0,0,0,0,0,0
main,CSDVRP-M-n50-s5,M,50,5,base,DRL-ALNS,5,1,15,1716.3464,1904.3598,1601.6349,9.7115,105.0,15.0,15.043,1503,15,6,7,1.0,0,0,0,0,0,0
main,CSDVRP-M-n50-s0,M,50,0,base,Fixed-small,7,,15,1722.5752,1986.2853,1700.816,6.7592,15.0,15.0,15.081,2405,16,1,1,1.0,0,0,0,0,0,0
exact,CSDVRP-S-n10-s3,S,10,3,base,DRL-ALNS,2,3,5,398.3226,456.2198,394.9219,3.4007,0.0,5.0,5.042,5855,3,0,0,0.9427,0,0,0,0,0,0
main,CSDVRP-S-n15-s5,S,15,5,base,Fixed-small,7,,5,668.1861,800.4223,664.0584,4.1277,0.0,5.0,4.998,8833,6,0,0,0.998,0,0,0,0,0,0
main,CSDVRP-XL-n150-s5,XL,150,5,base,Fixed-small,4,,50,3922.4534,4291.4727,3893.8501,13.6033,15.0,50.0,50.143,2285,45,1,1,1.0,0,0,0,0,0,0
main,CSDVRP-S-n20-s0,S,20,0,base,VNS,3,,6,756.2207,835.2978,752.4896,3.7311,0.0,6.0,5.992,4127,7,0,0,0.9987,0,0,0,0,0,0
main,CSDVRP-M-n30-s1,M,30,1,base,DRL-VNS,6,2,10,1031.9244,1231.1888,1027.1043,4.8201,0.0,10.0,10.059,2906,10,0,0,0.98,0,0,0,0,0,0
main,CSDVRP-S-n15-s4,S,15,4,base,DRL-ALNS,7,3,5,602.9731,624.2332,584.1074,3.8657,15.0,5.0,5.046,4212,5,1,1,1.0,0,0,0,0,0,0
exact,CSDVRP-S-n12-s4,S,12,4,base,Roulette-9,1,,5,487.5063,536.3904,484.4937,3.0126,0.0,5.0,4.997,10640,4,0,0,0.9867,0,0,0,0,0,0
main,CSDVRP-S-n20-s2,S,20,2,base,DRL-ALNS,4,5,6,670.1283,732.8183,667.0092,3.1191,0.0,6.0,6.014,3256,7,0,0,0.9933,0,0,0,0,0,0
main,CSDVRP-M-n30-s5,M,30,5,base,DRL-ALNS,9,5,10,1137.1905,1247.2838,1129.9651,7.2255,0.0,10.0,10.123,3044,11,0,0,0.962,0,0,0,0,0,0
exact,CSDVRP-S-n6-s5,S,6,5,base,DRL-ALNS,1,2,5,347.3173,347.7063,345.0582,2.2591,0.0,5.0,5.028,6857,3,0,0,0.9907,0,0,0,0,0,0
exact,CSDVRP-S-n6-s5,S,6,5,base,Fixed-small,8,,5,347.3173,347.7063,345.0582,2.2591,0.0,5.0,5.046,23813,3,0,0,0.9907,0,0,0,0,0,0
main,CSDVRP-M-n50-s0,M,50,0,base,Marginal-9,8,4,15,1713.1241,1986.2853,1705.7308,7.3932,0.0,15.0,15.08,1719,16,0,0,0.986,0,0,0,0,0,0
exact,CSDVRP-S-n8-s2,S,8,2,base,DRL-ALNS,0,1,5,344.8888,398.3755,342.4078,2.481,0.0,5.0,5.041,6208,3,0,0,0.8753,0,0,0,0,0,0
main,CSDVRP-XL-n150-s1,XL,150,1,base,Roulette-9,4,,50,4218.8821,4744.1508,4157.167,16.7151,45.0,50.047,50.289,1717,45,2,3,1.0,0,0,0,0,0,0
case,CSDVRP-CS-Riyadh,case,30,0,base,DRL-ALNS,5,1,30,420.8407,711.0291,415.2538,5.5869,0.0,30.0,30.128,9613,4,0,0,0.982,0,0,0,0,0,0
main,CSDVRP-S-n20-s3,S,20,3,base,ALNS+,6,,6,690.3257,797.0264,671.6629,3.6628,15.0,6.0,6.014,5744,7,1,1,1.0,0,0,0,0,0,0
exact,CSDVRP-S-n12-s3,S,12,3,base,Fixed-small,7,,5,522.5127,589.3086,503.6872,3.8254,15.0,5.0,4.997,12799,4,1,1,1.0,0,0,0,0,0,0
main,CSDVRP-M-n30-s0,M,30,0,base,DRL-VNS,9,5,10,1092.9389,1303.6377,1089.1614,3.7775,0.0,10.0,10.075,3117,11,0,0,0.997,0,0,0,0,0,0
exact,CSDVRP-S-n6-s1,S,6,1,base,Marginal-9,1,2,5,341.7876,362.2464,340.1093,1.6783,0.0,5.0,5.075,20639,3,0,0,0.926,0,0,0,0,0,0
main,CSDVRP-M-n30-s1,M,30,1,base,VNS-9,9,,10,1031.5482,1231.1888,1027.1043,4.4439,0.0,10.0,10.081,3219,10,0,0,0.98,0,0,0,0,0,0
main,CSDVRP-M-n50-s5,M,50,5,base,VNS-9,5,,15,1606.1579,1904.3598,1597.9554,8.2025,0.0,15.0,15.027,1935,15,0,0,0.995,0,0,0,0,0,0
main,CSDVRP-L-n100-s0,L,100,0,base,Roulette-9,2,,35,3130.6543,3458.8862,3088.4138,12.2405,30.0,35.0,35.247,736,31,1,2,1.0,0,0,0,0,0,0
main,CSDVRP-S-n15-s5,S,15,5,base,Fixed-small,5,,5,668.1861,800.4223,664.0584,4.1277,0.0,5.0,5.059,9075,6,0,0,0.998,0,0,0,0,0,0
exact,CSDVRP-S-n12-s1,S,12,1,base,Random-9,6,,5,546.6849,602.7068,512.8082,3.8767,30.0,5.0,5.03,9799,4,2,2,1.0,0,0,0,0,0,0
main,CSDVRP-XL-n150-s0,XL,150,0,base,ALNS+,7,,50,4655.3583,5021.4451,4639.3619,15.9964,0.0,50.047,50.493,652,53,0,0,0.996,0,0,0,0,0,0
exact,CSDVRP-S-n12-s5,S,12,5,base,VNS,0,,5,521.0601,535.5205,517.6832,3.3769,0.0,5.0,5.002,8943,4,0,0,0.978,0,0,0,0,0,0
main,CSDVRP-L-n100-s5,L,100,5,base,DRL-ALNS,1,2,35,2730.874,3154.3549,2625.5539,15.3201,90.0,35.094,35.366,573,30,3,6,1.0,0,0,0,0,0,0
exact,CSDVRP-S-n10-s5,S,10,5,base,DRL-VNS,3,4,5,454.5993,485.8354,450.6688,3.9305,0.0,5.0,5.002,6255,3,0,0,0.956,0,0,0,0,0,0
exact,CSDVRP-S-n12-s4,S,12,4,base,VNS-9,2,,5,487.5063,536.3904,484.4937,3.0126,0.0,5.0,5.014,11490,4,0,0,0.9867,0,0,0,0,0,0
main,CSDVRP-M-n50-s1,M,50,1,base,Roulette-9,3,,15,1498.7752,1718.5004,1493.2879,5.4873,0.0,15.0,15.14,2159,15,0,0,0.9915,0,0,0,0,0,0
exact,CSDVRP-S-n8-s5,S,8,5,base,Random-9,9,,5,423.2126,427.0275,419.9371,3.2754,0.0,5.0,5.043,15240,3,0,0,0.894,0,0,0,0,0,0
exact,CSDVRP-S-n10-s2,S,10,2,base,ALNS+,2,,5,386.2368,436.4179,383.4745,2.7622,0.0,5.0,5.014,17262,3,0,0,0.9893,0,0,0,0,0,0
main,CSDVRP-S-n20-s3,S,20,3,base,DRL-VNS,1,2,6,709.2782,797.0264,704.645,4.6332,0.0,6.0,6.044,3914,7,0,0,0.994,0,0,0,0,0,0
main,CSDVRP-S-n20-s2,S,20,2,base,Fixed-small,3,,6,670.1283,732.8183,667.0092,3.1191,0.0,6.0,6.012,6502,7,0,0,0.9933,0,0,0,0,0,0
exact,CSDVRP-S-n8-s4,S,8,4,base,ALNS+,8,,5,359.1905,397.2233,357.0731,2.1174,0.0,5.0,5.03,17125,3,0,0,0.8793,0,0,0,0,0,0
main,CSDVRP-S-n15-s1,S,15,1,base,Roulette-9,8,,5,599.4153,675.8866,596.1341,3.2813,0.0,5.0,5.03,6306,6,0,0,0.9,0,0,0,0,0,0
main,CSDVRP-XL-n150-s0,XL,150,0,base,ALNS+,4,,50,4667.828,5021.4451,4651.6266,16.2014,0.0,50.0,50.187,655,53,0,0,0.99,0,0,0,0,0,0
main,CSDVRP-XL-n150-s2,XL,150,2,base,Roulette-9,0,,50,4007.0464,4545.4892,3992.4521,14.5944,0.0,50.0,50.361,1734,46,0,0,1.0,0,0,0,0,0,0
main,CSDVRP-M-n30-s4,M,30,4,base,Marginal-9,8,4,10,926.1514,1151.8487,921.3091,4.8423,0.0,10.0,10.039,3857,10,0,0,0.99,0,0,0,0,0,0
exact,CSDVRP-S-n12-s4,S,12,4,base,Random-9,4,,5,487.5063,536.3904,484.4937,3.0126,0.0,5.0,5.044,11090,4,0,0,0.9867,0,0,0,0,0,0
exact,CSDVRP-S-n10-s1,S,10,1,base,Random-9,3,,5,394.7924,479.2322,392.2685,2.5239,0.0,5.0,5.03,9219,4,0,0,0.9253,0,0,0,0,0,0
main,CSDVRP-M-n30-s0,M,30,0,base,Random-9,2,,10,1093.0763,1303.6377,1088.8964,4.1799,0.0,10.0,10.077,3985,11,0,0,0.997,0,0,0,0,0,0
main,CSDVRP-S-n15-s3,S,15,3,base,VNS,5,,5,601.4006,692.2972,597.8561,3.5445,0.0,5.0,4.996,5781,6,0,0,0.998,0,0,0,0,0,0
exact,CSDVRP-S-n12-s3,S,12,3,base,Roulette-9,0,,5,522.4878,589.3086,503.6872,3.8005,15.0,5.0,5.078,11641,4,1,1,1.0,0,0,0,0,0,0
exact,CSDVRP-S-n6-s2,S,6,2,base,DRL-ALNS,0,1,5,330.2083,334.9047,328.2873,1.921,0.0,5.0,5.013,6551,3,0,0,0.8567,0,0,0,0,0,0
exact,CSDVRP-S-n8-s3,S,8,3,base,VNS-9,5,,5,339.8466,351.7127,337.5902,2.2564,0.0,5.0,5.061,17351,3,0,0,0.9567,0,0,0,0,0,0
main,CSDVRP-XL-n150-s0,XL,150,0,base,Roulette-9,9,,50,4386.3114,5021.4451,4356.2426,15.0688,15.0,50.016,50.378,2016,46,1,1,1.0,0,0,0,0,0,0
main,CSDVRP-XL-n150-s2,XL,150,2,base,DRL-VNS,9,5,50,4152.6124,4545.4892,4108.2523,14.3601,30.0,50.016,50.278,1309,47,1,2,1.0,0,0,0,0,0,0
main,CSDVRP-M-n30-s1,M,30,1,base,DRL-ALNS,7,3,10,1070.7542,1231.1888,1036.7268,4.0274,30.0,10.0,10.009,2946,10,2,2,1.0,0,0,0,0,0,0
exact,CSDVRP-S-n8-s3,S,8,3,base,ALNS+,1,,5,339.8466,351.7127,337.5902,2.2564,0.0,5.0,5.028,15489,3,0,0,0.9567,0,0,0,0,0,0
main,CSDVRP-S-n20-s2,S,20,2,base,ALNS+,5,,6,670.1283,732.8183,667.0092,3.1191,0.0,6.0,6.013,5258,7,0,0,0.9933,0,0,0,0,0,0
main,CSDVRP-L-n75-s0,L,75,0,base,ALNS+,5,,25,2516.9881,2688.4285,2505.2589,11.7291,0.0,25.0,25.188,838,26,0,0,0.9984,0,0,0,0,0,0
main,CSDVRP-L-n100-s5,L,100,5,base,DRL-VNS,2,3,35,2664.0231,3154.3549,2591.7956,12.2275,60.0,35.0,35.152,815,30,3,4,1.0,0,0,0,0,0,0
exact,CSDVRP-S-n10-s2,S,10,2,base,Random-9,2,,5,391.6922,436.4179,389.0812,2.6111,0.0,5.0,5.027,16972,3,0,0,0.9787,0,0,0,0,0,0
main,CSDVRP-L-n100-s2,L,100,2,base,ALNS+,9,,35,2942.8463,3167.7225,2929.5083,13.338,0.0,35.078,35.252,551,33,0,0,0.996,0,0,0,0,0,0
main,CSDVRP-M-n30-s4,M,30,4,base,Roulette-9,2,,10,926.5915,1151.8487,921.3091,5.2824,0.0,10.0,10.025,4028,10,0,0,0.99,0,0,0,0,0,0
main,CSDVRP-M-n30-s3,M,30,3,base,Roulette-9,1,,10,970.8464,1099.7766,968.1897,2.6567,0.0,10.0,10.03,3703,10,0,0,0.9975,0,0,0,0,0,0
main,CSDVRP-XL-n150-s2,XL,150,2,base,Roulette-9,8,,50,4028.4913,4545.4892,3999.2793,14.212,15.0,50.016,50.212,1880,45,1,1,1.0,0,0,0,0,0,0
exact,CSDVRP-S-n8-s4,S,8,4,base,Random-9,3,,5,359.1905,397.2233,357.0731,2.1174,0.0,5.0,5.047,16588,3,0,0,0.8793,0,0,0,0,0,0
exact,CSDVRP-S-n8-s3,S,8,3,base,VNS,3,,5,339.8466,351.7127,337.5902,2.2564,0.0,5.0,5.044,13868,3,0,0,0.9567,0,0,0,0,0,0
main,CSDVRP-L-n75-s1,L,75,1,base,DRL-ALNS,2,3,25,2282.9951,2408.8056,2211.7919,11.2033,60.0,25.0,25.112,748,25,2,4,1.0,0,0,0,0,0,0
main,CSDVRP-S-n20-s2,S,20,2,base,Marginal-9,2,3,6,670.121,732.8183,667.0092,3.1118,0.0,6.0,6.056,5077,7,0,0,0.9933,0,0,0,0,0,0
main,CSDVRP-XL-n150-s2,XL,150,2,base,VNS,5,,50,3990.0186,4545.4892,3972.1012,17.9174,0.0,50.016,50.23,1501,45,0,0,1.0,0,0,0,0,0,0
main,CSDVRP-XL-n150-s2,XL,150,2,base,VNS-9,2,,50,4014.1042,4545.4892,3996.2049,17.8993,0.0,50.0,50.174,1642,45,0,0,1.0,0,0,0,0,0,0
main,CSDVRP-M-n30-s2,M,30,2,base,Random-9,7,,10,951.5542,1162.4183,918.5487,3.0055,30.0,10.0,10.06,4506,9,2,2,1.0,0,0,0,0,0,0
main,CSDVRP-M-n30-s4,M,30,4,base,DRL-ALNS,0,1,10,947.2423,1151.8487,942.0879,5.1544,0.0,10.0,10.027,2900,10,0,0,0.9925,0,0,0,0,0,0
main,CSDVRP-XL-n150-s3,XL,150,3,base,Random-9,5,,50,3843.3287,4237.9876,3827.3553,15.9733,0.0,50.0,50.279,1558,44,0,0,0.9983,0,0,0,0,0,0
exact,CSDVRP-S-n10-s3,S,10,3,base,Roulette-9,5,,5,398.3934,456.2198,394.9219,3.4715,0.0,5.0,5.013,14090,3,0,0,0.9427,0,0,0,0,0,0
main,CSDVRP-XL-n150-s4,XL,150,4,base,Marginal-9,9,5,50,3996.8011,4802.2805,3877.8799,13.9212,105.0,50.031,50.281,1390,45,4,7,1.0,0,0,0,0,0,0
main,CSDVRP-L-n100-s1,L,100,1,base,Roulette-9,8,,35,2714.0871,3146.4881,2642.0822,12.0049,60.0,35.016,35.182,870,29,3,4,1.0,0,0,0,0,0,0
exact,CSDVRP-S-n12-s4,S,12,4,base,Roulette-9,3,,5,487.5063,536.3904,484.4937,3.0126,0.0,5.0,5.014,10917,4,0,0,0.9867,0,0,0,0,0,0
exact,CSDVRP-S-n8-s5,S,8,5,base,Roulette-9,7,,5,423.2126,427.0275,419.9371,3.2754,0.0,5.0,5.03,14500,3,0,0,0.894,0,0,0,0,0,0
main,CSDVRP-M-n50-s4,M,50,4,base,DRL-ALNS,3,4,15,1657.7104,1919.2804,1636.31,6.4004,15.0,15.0,15.062,1605,16,1,1,1.0,0,0,0,0,0,0
exact,CSDVRP-S-n12-s3,S,12,3,base,Random-9,0,,5,522.4878,589.3086,503.6872,3.8005,15.0,5.0,5.012,12144,4,1,1,1.0,0,0,0,0,0,0
main,CSDVRP-S-n15-s4,S,15,4,base,Fixed-small,4,,5,586.0528,624.2332,582.2908,3.762,0.0,5.0,5.046,9657,6,0,0,0.9347,0,0,0,0,0,0
exact,CSDVRP-S-n10-s5,S,10,5,base,Roulette-9,6,,5,454.5993,485.8354,450.6688,3.9305,0.0,5.0,5.029,12500,3,0,0,0.956,0,0,0,0,0,0
exact,CSDVRP-S-n12-s4,S,12,4,base,Marginal-9,6,2,5,487.5063,536.3904,484.4937,3.0126,0.0,5.0,4.998,11176,4,0,0,0.9867,0,0,0,0,0,0
main,CSDVRP-S-n15-s0,S,15,0,base,Roulette-9,3,,5,606.5233,666.3141,602.2712,4.2521,0.0,5.0,5.06,7261,5,0,0,0.9927,0,0,0,0,0,0
main,CSDVRP-M-n50-s5,M,50,5,base,VNS-9,0,,15,1627.5189,1904.3598,1604.0824,8.4365,15.0,15.0,15.086,1897,15,1,1,0.998,0,0,0,0,0,0
main,CSDVRP-S-n20-s3,S,20,3,base,Fixed-small,9,,6,703.6958,797.0264,684.6426,4.0532,15.0,6.0,6.02,7427,7,1,1,1.0,0,0,0,0,0,0
exact,CSDVRP-S-n10-s4,S,10,4,base,Roulette-9,0,,5,387.4582,460.8567,384.9244,2.5338,0.0,5.0,4.998,15705,3,0,0,0.98,0,0,0,0,0,0
main,CSDVRP-L-n75-s5,L,75,5,base,ALNS+,5,,25,2185.5845,2327.4464,2176.235,9.3495,0.0,25.047,25.188,1004,24,0,0,0.9984,0,0,0,0,0,0
main,CSDVRP-XL-n150-s5,XL,150,5,base,VNS,6,,50,3905.3651,4291.4727,3886.8895,18.4756,0.0,50.016,50.248,1360,45,0,0,0.9993,0,0,0,0,0,0
exact,CSDVRP-S-n6-s2,S,6,2,base,Fixed-small,1,,5,330.7872,334.9047,328.2873,2.4999,0.0,5.0,4.995,19279,3,0,0,0.8567,0,0,0,0,0,0
case,CSDVRP-CS-Riyadh,case,30,0,base,ALNS+,5,,30,420.3688,711.0291,414.0897,6.279,0.0,30.0,30.121,14853,4,0,0,0.982,0,0,0,0,0,0
exact,CSDVRP-S-n12-s4,S,12,4,base,DRL-ALNS,2,3,5,487.5063,536.3904,484.4937,3.0126,0.0,5.0,5.061,5110,4,0,0,0.9867,0,0,0,0,0,0
main,CSDVRP-L-n100-s3,L,100,3,base,DRL-VNS,9,5,35,2700.5806,3095.0715,2690.5387,10.042,0.0,35.0,35.184,781,31,0,0,1.0,0,0,0,0,0,0
main,CSDVRP-S-n15-s1,S,15,1,base,Marginal-9,0,1,5,590.7648,675.8866,586.7939,3.9709,0.0,5.0,5.027,6333,5,0,0,0.9987,0,0,0,0,0,0
main,CSDVRP-XL-n150-s0,XL,150,0,base,Random-9,5,,50,4420.441,5021.4451,4402.8036,17.6374,0.0,50.0,50.37,1624,47,0,0,0.9987,0,0,0,0,0,0
main,CSDVRP-M-n30-s5,M,30,5,base,Random-9,4,,10,1113.7167,1247.2838,1094.2328,4.4838,15.0,10.0,10.113,3601,10,1,1,1.0,0,0,0,0,0,0
exact,CSDVRP-S-n12-s4,S,12,4,base,Random-9,0,,5,487.5063,536.3904,484.4937,3.0126,0.0,5.0,5.024,11320,4,0,0,0.9867,0,0,0,0,0,0
main,CSDVRP-S-n20-s5,S,20,5,base,DRL-VNS,4,5,6,763.1659,865.7,758.6853,4.4806,0.0,6.0,6.027,3946,7,0,0,0.9947,0,0,0,0,0,0
exact,CSDVRP-S-n6-s1,S,6,1,base,VNS,7,,5,341.7876,362.2464,340.1093,1.6783,0.0,5.0,5.03,21470,3,0,0,0.926,0,0,0,0,0,0
main,CSDVRP-M-n30-s2,M,30,2,base,Random-9,1,,10,945.6669,1162.4183,941.8287,3.8382,0.0,10.0,10.062,3686,10,0,0,0.9865,0,0,0,0,0,0
main,CSDVRP-S-n15-s4,S,15,4,base,Marginal-9,2,3,5,602.9731,624.2332,584.1074,3.8657,15.0,5.0,5.012,8403,5,1,1,1.0,0,0,0,0,0,0
main,CSDVRP-S-n15-s3,S,15,3,base,ALNS+,0,,5,614.0024,692.2972,595.8443,3.1581,15.0,5.0,5.047,9885,5,1,1,1.0,0,0,0,0,0,0
main,CSDVRP-S-n20-s2,S,20,2,base,VNS,5,,6,670.121,732.8183,667.0092,3.1118,0.0,6.0,6.014,3891,7,0,0,0.9933,0,0,0,0,0,0
main,CSDVRP-L-n100-s2,L,100,2,base,DRL-VNS,5,1,35,2782.8866,3167.7225,2770.1575,12.7291,0.0,35.0,35.226,813,30,0,0,0.996,0,0,0,0,0,0
exact,CSDVRP-S-n6-s1,S,6,1,base,ALNS+,1,,5,341.7876,362.2464,340.1093,1.6783,0.0,5.0,5.08,21958,3,0,0,0.926,0,0,0,0,0,0
main,CSDVRP-S-n20-s0,S,20,0,base,Random-9,0,,6,756.2207,835.2978,752.4896,3.7311,0.0,6.0,6.044,4966,7,0,0,0.9987,0,0,0,0,0,0
main,CSDVRP-S-n15-s0,S,15,0,base,Random-9,2,,5,606.5233,666.3141,602.2712,4.2521,0.0,5.0,5.029,7500,5,0,0,0.9927,0,0,0,0,0,0
exact,CSDVRP-S-n10-s5,S,10,5,base,Random-9,9,,5,454.5993,485.8354,450.6688,3.9305,0.0,5.0,5.046,12761,3,0,0,0.956,0,0,0,0,0,0
main,CSDVRP-S-n20-s3,S,20,3,base,VNS,3,,6,706.2774,797.0264,687.1154,4.1621,15.0,6.0,6.046,3998,7,1,1,0.9707,0,0,0,0,0,0
main,CSDVRP-M-n30-s3,M,30,3,base,Fixed-small,5,,10,969.4487,1099.7766,965.9069,3.5418,0.0,10.0,10.028,5469,10,0,0,0.988,0,0,0,0,0,0
exact,CSDVRP-S-n6-s4,S,6,4,base,VNS-9,7,,5,307.3738,316.7228,305.135,2.2389,0.0,5.0,5.03,19810,3,0,0,0.906,0,0,0,0,0,0
main,CSDVRP-XL-n150-s4,XL,150,4,base,DRL-ALNS,4,5,50,4231.8816,4802.2805,4216.0466,15.835,0.0,50.125,50.418,902,55,0,0,0.988,0,0,0,0,0,0
main,CSDVRP-L-n100-s5,L,100,5,base,Roulette-9,2,,35,2583.9106,3154.3549,2573.4167,10.4939,0.0,35.016,35.2,836,30,0,0,0.9984,0,0,0,0,0,0
main,CSDVRP-XL-n150-s2,XL,150,2,base,ALNS+,4,,50,4233.9996,4545.4892,4219.8302,14.1694,0.0,50.062,50.25,659,51,0,0,1.0,0,0,0,0,0,0
main,CSDVRP-M-n50-s4,M,50,4,base,DRL-VNS,8,4,15,1644.6516,1919.2804,1637.9891,6.6625,0.0,15.0,15.098,1772,16,0,0,1.0,0,0,0,0,0,0
main,CSDVRP-M-n30-s2,M,30,2,base,Roulette-9,9,,10,941.0551,1162.4183,938.3163,2.7388,0.0,10.0,10.021,3565,10,0,0,0.9865,0,0,0,0,0,0
exact,CSDVRP-S-n8-s1,S,8,1,base,VNS-9,7,,5,335.8429,376.3954,333.6723,2.1706,0.0,5.0,5.029,18991,3,0,0,0.9073,0,0,0,0,0,0
main,CSDVRP-M-n50-s1,M,50,1,base,VNS,9,,15,1520.6363,1718.5004,1515.2306,5.4057,0.0,15.0,15.062,2577,16,0,0,0.9915,0,0,0,0,0,0
main,CSDVRP-M-n30-s4,M,30,4,base,Fixed-small,0,,10,947.668,1151.8487,942.7083,4.9597,0.0,10.0,10.045,5540,10,0,0,0.994,0,0,0,0,0,0
main,CSDVRP-M-n30-s2,M,30,2,base,VNS-9,9,,10,941.6665,1162.4183,938.3163,3.3502,0.0,10.0,10.092,3641,10,0,0,0.9865,0,0,0,0,0,0
main,CSDVRP-S-n15-s2,S,15,2,base,Marginal-9,4,5,5,604.4369,645.109,602.0225,2.4144,0.0,5.0,5.013,6374,6,0,0,0.9953,0,0,0,0,0,0
main,CSDVRP-M-n50-s0,M,50,0,base,VNS-9,5,,15,1704.6414,1986.2853,1698.6227,6.0187,0.0,15.0,15.064,2055,16,0,0,0.991,0,0,0,0,0,0
main,CSDVRP-M-n50-s5,M,50,5,base,Fixed-small,3,,15,1645.0692,1904.3598,1637.0455,8.0237,0.0,15.0,15.103,2868,16,0,0,0.9985,0,0,0,0,0,0
main,CSDVRP-XL-n150-s1,XL,150,1,base,VNS,3,,50,4309.1884,4744.1508,4234.218,14.9704,60.0,50.0,50.346,1480,45,2,4,1.0,0,0,0,0,0,0
main,CSDVRP-S-n15-s2,S,15,2,base,ALNS+,1,,5,604.4369,645.109,602.0225,2.4144,0.0,5.0,5.008,7496,6,0,0,0.9953,0,0,0,0,0,0
main,CSDVRP-XL-n150-s2,XL,150,2,base,DRL-VNS,6,2,50,4066.6036,4545.4892,4006.5763,15.0273,45.0,50.0,50.267,1684,46,2,3,1.0,0,0,0,0,0,0
exact,CSDVRP-S-n12-s4,S,12,4,base,Fixed-small,2,,5,487.6731,536.3904,484.4937,3.1794,0.0,5.0,5.07,13064,4,0,0,0.9867,0,0,0,0,0,0
exact,CSDVRP-S-n10-s3,S,10,3,base,DRL-ALNS,4,5,5,398.3934,456.2198,394.9219,3.4715,0.0,5.0,5.014,5795,3,0,0,0.9427,0,0,0,0,0,0
main,CSDVRP-S-n15-s0,S,15,0,base,DRL-VNS,4,5,5,622.621,666.3141,603.3505,4.2704,15.0,5.0,5.014,4193,5,1,1,1.0,0,0,0,0,0,0
case,CSDVRP-CS-Riyadh,case,30,0,base,Roulette-9,4,,30,420.3178,711.0291,414.0897,6.2281,0.0,30.0,30.171,12960,4,0,0,0.982,0,0,0,0,0,0
main,CSDVRP-M-n30-s5,M,30,5,base,Fixed-small,3,,10,1125.2179,1247.2838,1089.1217,6.0962,30.0,10.0,10.025,5559,10,1,2,1.0,0,0,0,0,0,0
case,CSDVRP-CS-Riyadh,case,30,0,base,DRL-ALNS,0,1,30,416.3117,711.0291,411.6246,4.6871,0.0,30.0,30.247,11499,4,0,0,0.986,0,0,0,0,0,0
main,CSDVRP-XL-n150-s0,XL,150,0,base,ALNS+,0,,50,4601.4858,5021.4451,4550.5852,20.9006,30.0,50.062,50.32,657,48,1,2,1.0,0,0,0,0,0,0
exact,CSDVRP-S-n6-s5,S,6,5,base,ALNS+,9,,5,347.3173,347.7063,345.0582,2.2591,0.0,5.0,5.004,22129,3,0,0,0.9907,0,0,0,0,0,0
main,CSDVRP-M-n50-s5,M,50,5,base,Random-9,1,,15,1611.9906,1904.3598,1603.3995,8.5911,0.0,15.0,15.091,1943,15,0,0,0.9985,0,0,0,0,0,0
exact,CSDVRP-S-n8-s5,S,8,5,base,Fixed-small,7,,5,423.2126,427.0275,419.9371,3.2754,0.0,5.0,5.029,15488,3,0,0,0.894,0,0,0,0,0,0
main,CSDVRP-S-n15-s4,S,15,4,base,VNS,6,,5,585.7427,624.2332,582.2908,3.4519,0.0,5.0,5.015,6091,6,0,0,0.9347,0,0,0,0,0,0
exact,CSDVRP-S-n8-s5,S,8,5,base,Random-9,4,,5,423.2126,427.0275,419.9371,3.2754,0.0,5.0,4.998,15155,3,0,0,0.894,0,0,0,0,0,0
main,CSDVRP-M-n50-s4,M,50,4,base,DRL-VNS,2,3,15,1648.714,1919.2804,1641.1224,7.5916,0.0,15.0,15.178,1793,16,0,0,0.9925,0,0,0,0,0,0
main,CSDVRP-L-n100-s0,L,100,0,base,Random-9,5,,35,3130.2414,3458.8862,3086.7206,13.5208,30.0,35.047,35.268,690,31,1,2,1.0,0,0,0,0,0,0
main,CSDVRP-M-n50-s0,M,50,0,base,Random-9,9,,15,1713.7575,1986.2853,1705.7308,8.0267,0.0,15.0,15.157,1904,16,0,0,0.986,0,0,0,0,0,0
main,CSDVRP-L-n100-s4,L,100,4,base,ALNS+,4,,35,3111.0204,3371.4529,3097.6219,13.3985,0.0,35.0,35.198,525,34,0,0,0.9976,0,0,0,0,0,0
main,CSDVRP-L-n100-s0,L,100,0,base,ALNS+,3,,35,3178.7988,3458.8862,3162.866,15.9328,0.0,35.0,35.125,549,32,0,0,0.9908,0,0,0,0,0,0
main,CSDVRP-M-n50-s4,M,50,4,base,Random-9,3,,15,1639.5356,1919.2804,1632.7827,6.7529,0.0,15.0,15.017,1834,16,0,0,0.9925,0,0,0,0,0,0
main,CSDVRP-M-n50-s1,M,50,1,base,VNS,3,,15,1521.0673,1718.5004,1515.2306,5.8367,0.0,15.0,15.059,2717,16,0,0,0.9915,0,0,0,0,0,0
exact,CSDVRP-S-n10-s1,S,10,1,base,Roulette-9,0,,5,394.7924,479.2322,392.2685,2.5239,0.0,5.0,5.01,8955,4,0,0,0.9253,0,0,0,0,0,0
exact,CSDVRP-S-n8-s4,S,8,4,base,Fixed-small,4,,5,359.1905,397.2233,357.0731,2.1174,0.0,5.0,5.013,16933,3,0,0,0.8793,0,0,0,0,0,0
main,CSDVRP-S-n20-s1,S,20,1,base,DRL-VNS,0,1,6,785.2664,908.0268,780.5879,4.6785,0.0,6.0,6.045,3517,7,0,0,0.9833,0,0,0,0,0,0
main,CSDVRP-S-n20-s5,S,20,5,base,Fixed-small,2,,6,763.2502,865.7,758.6853,4.5649,0.0,6.0,6.029,7629,7,0,0,0.9947,0,0,0,0,0,0
main,CSDVRP-L-n75-s4,L,75,4,base,Random-9,5,,25,2201.9429,2460.454,2194.5079,7.4349,0.0,25.0,25.159,981,24,0,0,0.998,0,0,0,0,0,0
main,CSDVRP-M-n30-s1,M,30,1,base,VNS,4,,10,1049.5075,1231.1888,1030.777,3.7305,15.0,10.0,10.024,3905,10,1,1,1.0,0,0,0,0,0,0
main,CSDVRP-M-n30-s3,M,30,3,base,Marginal-9,2,3,10,969.1696,1099.7766,965.9069,3.2627,0.0,10.0,10.092,4183,10,0,0,0.988,0,0,0,0,0,0
main,CSDVRP-L-n75-s1,L,75,1,base,ALNS+,3,,25,2176.7093,2408.8056,2077.0792,9.6301,90.0,25.0,25.144,938,23,4,6,1.0,0,0,0,0,0,0
main,CSDVRP-L-n75-s3,L,75,3,base,Marginal-9,5,1,25,2122.7148,2332.9982,2057.0599,5.6549,60.0,25.0,25.113,1047,23,3,4,1.0,0,0,0,0,0,0
main,CSDVRP-L-n75-s5,L,75,5,base,Marginal-9,5,1,25,2104.3557,2327.4464,2096.6845,7.6712,0.0,25.016,25.158,1041,23,0,0,0.9876,0,0,0,0,0,0
exact,CSDVRP-S-n10-s2,S,10,2,base,Roulette-9,4,,5,386.2368,436.4179,383.4745,2.7622,0.0,5.0,5.012,15267,3,0,0,0.9893,0,0,0,0,0,0
exact,CSDVRP-S-n8-s5,S,8,5,base,VNS,9,,5,423.2126,427.0275,419.9371,3.2754,0.0,5.0,4.998,14942,3,0,0,0.894,0,0,0,0,0,0
main,CSDVRP-M-n50-s1,M,50,1,base,DRL-ALNS,6,2,15,1532.5049,1718.5004,1495.1635,7.3414,30.0,15.0,15.05,1722,15,2,2,1.0,0,0,0,0,0,0
main,CSDVRP-M-n30-s0,M,30,0,base,Marginal-9,7,3,10,1092.964,1303.6377,1089.1614,3.8025,0.0,10.0,10.026,3989,11,0,0,0.997,0,0,0,0,0,0
main,CSDVRP-S-n20-s3,S,20,3,base,DRL-ALNS,6,2,6,705.3431,797.0264,671.6667,3.6763,30.0,6.0,6.012,3560,7,2,2,1.0,0,0,0,0,0,0
exact,CSDVRP-S-n10-s4,S,10,4,base,Fixed-small,3,,5,387.4582,460.8567,384.9244,2.5338,0.0,5.0,5.014,18319,3,0,0,0.98,0,0,0,0,0,0
main,CSDVRP-S-n15-s1,S,15,1,base,Random-9,9,,5,599.4153,675.8866,596.1341,3.2813,0.0,5.0,5.014,6514,6,0,0,0.9,0,0,0,0,0,0
main,CSDVRP-S-n15-s0,S,15,0,base,VNS,2,,5,622.621,666.3141,603.3505,4.2704,15.0,5.0,5.029,6067,5,1,1,1.0,0,0,0,0,0,0
main,CSDVRP-M-n30-s2,M,30,2,base,DRL-ALNS,2,3,10,957.8515,1162.4183,924.392,3.4595,30.0,10.0,10.107,3428,9,2,2,1.0,0,0,0,0,0,0
exact,CSDVRP-S-n8-s1,S,8,1,base,VNS-9,6,,5,335.8429,376.3954,333.6723,2.1706,0.0,5.0,4.999,18889,3,0,0,0.9073,0,0,0,0,0,0
main,CSDVRP-M-n30-s5,M,30,5,base,Random-9,1,,10,1123.6249,1247.2838,1118.3425,5.2824,0.0,10.0,10.028,3845,10,0,0,0.9895,0,0,0,0,0,0
main,CSDVRP-L-n100-s0,L,100,0,base,Random-9,3,,35,3058.9244,3458.8862,3046.7533,12.1711,0.0,35.0,35.169,712,31,0,0,0.9996,0,0,0,0,0,0
exact,CSDVRP-S-n6-s3,S,6,3,base,Fixed-small,5,,5,230.2731,253.5784,228.5871,1.686,0.0,5.0,5.03,30047,2,0,0,0.9873,0,0,0,0,0,0
main,CSDVRP-M-n50-s4,M,50,4,base,Fixed-small,1,,15,1648.5219,1919.2804,1642.0919,6.4299,0.0,15.0,15.107,3166,17,0,0,0.995,0,0,0,0,0,0
main,CSDVRP-L-n100-s5,L,100,5,base,Roulette-9,3,,35,2612.8163,3154.3549,2600.1063,12.71,0.0,35.0,35.279,728,31,0,0,0.9996,0,0,0,0,0,0
exact,CSDVRP-S-n12-s4,S,12,4,base,Fixed-small,3,,5,487.6731,536.3904,484.4937,3.1794,0.0,5.0,5.059,13581,4,0,0,0.9867,0,0,0,0,0,0
main,CSDVRP-S-n15-s3,S,15,3,base,Random-9,5,,5,601.4006,692.2972,597.8561,3.5445,0.0,5.0,5.029,6996,6,0,0,0.998,0,0,0,0,0,0
exact,CSDVRP-S-n8-s3,S,8,3,base,DRL-ALNS,2,3,5,339.8466,351.7127,337.5902,2.2564,0.0,5.0,5.016,6315,3,0,0,0.9567,0,0,0,0,0,0
exact,CSDVRP-S-n6-s3,S,6,3,base,Random-9,1,,5,230.2731,253.5784,228.5871,1.686,0.0,5.0,5.013,29708,2,0,0,0.9873,0,0,0,0,0,0
main,CSDVRP-M-n30-s0,M,30,0,base,Fixed-small,2,,10,1093.2446,1303.6377,1088.8964,4.3482,0.0,10.0,10.062,4789,11,0,0,0.997,0,0,0,0,0,0
main,CSDVRP-L-n75-s3,L,75,3,base,VNS-9,1,,25,2154.1129,2332.9982,2087.495,6.6179,60.0,25.016,25.095,1051,24,3,4,1.0,0,0,0,0,0,0
main,CSDVRP-L-n75-s3,L,75,3,base,Marginal-9,0,1,25,2095.6905,2332.9982,2073.8026,6.8879,15.0,25.031,25.167,1103,24,1,1,1.0,0,0,0,0,0,0
exact,CSDVRP-S-n6-s1,S,6,1,base,Roulette-9,2,,5,341.7876,362.2464,340.1093,1.6783,0.0,5.0,5.058,21072,3,0,0,0.926,0,0,0,0,0,0
main,CSDVRP-L-n75-s0,L,75,0,base,Roulette-9,6,,25,2409.1044,2688.4285,2400.1362,8.9682,0.0,25.0,25.108,1298,24,0,0,0.9984,0,0,0,0,0,0
main,CSDVRP-M-n30-s3,M,30,3,base,DRL-VNS,8,4,10,969.1696,1099.7766,965.9069,3.2627,0.0,10.0,10.109,3485,10,0,0,0.988,0,0,0,0,0,0
main,CSDVRP-XL-n150-s2,XL,150,2,base,DRL-ALNS,8,4,50,4130.7665,4545.4892,4114.0263,16.7401,0.0,50.047,50.327,901,46,0,0,1.0,0,0,0,0,0,0
main,CSDVRP-S-n15-s2,S,15,2,base,Random-9,0,,5,604.4369,645.109,602.0225,2.4144,0.0,5.0,5.025,6665,6,0,0,0.9953,0,0,0,0,0,0
main,CSDVRP-S-n20-s0,S,20,0,base,ALNS+,2,,6,756.3441,835.2978,752.4896,3.8544,0.0,6.0,6.046,6022,7,0,0,0.9987,0,0,0,0,0,0
main,CSDVRP-L-n75-s3,L,75,3,base,VNS,4,,25,2087.4246,2332.9982,2067.8315,4.5931,15.0,25.0,25.098,1648,24,1,1,1.0,0,0,0,0,0,0
main,CSDVRP-XL-n150-s2,XL,150,2,base,Random-9,8,,50,4080.9331,4545.4892,4021.7419,14.1912,45.0,50.031,50.406,1580,46,2,3,1.0,0,0,0,0,0,0
main,CSDVRP-S-n15-s3,S,15,3,base,DRL-VNS,5,1,5,601.4006,692.2972,597.8561,3.5445,0.0,5.0,5.02,4314,6,0,0,0.998,0,0,0,0,0,0
main,CSDVRP-S-n15-s3,S,15,3,base,VNS,9,,5,601.4006,692.2972,597.8561,3.5445,0.0,5.0,5.046,5915,6,0,0,0.998,0,0,0,0,0,0
exact,CSDVRP-S-n10-s3,S,10,3,base,Fixed-small,4,,5,398.3934,456.2198,394.9219,3.4715,0.0,5.0,4.999,16317,3,0,0,0.9427,0,0,0,0,0,0
main,CSDVRP-L-n75-s5,L,75,5,base,DRL-ALNS,2,3,25,2188.4542,2327.4464,2178.7606,9.6936,0.0,25.0,25.138,857,24,0,0,0.9984,0,0,0,0,0,0
main,CSDVRP-S-n20-s0,S,20,0,base,VNS,7,,6,756.3441,835.2978,752.4896,3.8544,0.0,6.0,6.075,4316,7,0,0,0.9987,0,0,0,0,0,0
exact,CSDVRP-S-n8-s1,S,8,1,base,ALNS+,6,,5,336.0973,376.3954,333.6723,2.425,0.0,5.0,5.044,17853,3,0,0,0.9073,0,0,0,0,0,0
main,CSDVRP-L-n75-s3,L,75,3,base,Fixed-small,0,,25,2096.6309,2332.9982,2091.7051,4.9258,0.0,25.0,25.147,2043,24,0,0,0.9992,0,0,0,0,0,0
exact,CSDVRP-S-n10-s1,S,10,1,base,Roulette-9,1,,5,394.7924,479.2322,392.2685,2.5239,0.0,5.0,5.006,8679,4,0,0,0.9253,0,0,0,0,0,0
main,CSDVRP-S-n20-s2,S,20,2,base,Random-9,6,,6,670.121,732.8183,667.0092,3.1118,0.0,6.0,6.028,4823,7,0,0,0.9933,0,0,0,0,0,0
main,CSDVRP-M-n50-s3,M,50,3,base,Marginal-9,4,5,15,1398.7831,1746.7745,1392.5811,6.202,0.0,15.0,15.064,1648,15,0,0,0.994,0,0,0,0,0,0
main,CSDVRP-S-n15-s3,S,15,3,base,Roulette-9,7,,5,601.4006,692.2972,597.8561,3.5445,0.0,5.0,4.995,8497,6,0,0,0.998,0,0,0,0,0,0
main,CSDVRP-S-n20-s1,S,20,1,base,VNS,5,,6,785.2664,908.0268,780.5879,4.6785,0.0,6.0,6.062,4300,7,0,0,0.9833,0,0,0,0,0,0
exact,CSDVRP-S-n8-s4,S,8,4,base,Marginal-9,4,5,5,359.1905,397.2233,357.0731,2.1174,0.0,5.0,5.028,15389,3,0,0,0.8793,0,0,0,0,0,0
main,CSDVRP-M-n30-s1,M,30,1,base,Marginal-9,8,4,10,1058.8046,1231.1888,1039.332,4.4726,15.0,10.0,10.049,3598,10,1,1,0.988,0,0,0,0,0,0
exact,CSDVRP-S-n6-s3,S,6,3,base,DRL-VNS,0,1,5,230.2731,253.5784,228.5871,1.686,0.0,5.0,5.023,8837,2,0,0,0.9873,0,0,0,0,0,0
exact,CSDVRP-S-n6-s2,S,6,2,base,Marginal-9,0,1,5,330.7872,334.9047,328.2873,2.4999,0.0,5.0,5.045,18181,3,0,0,0.8567,0,0,0,0,0,0
main,CSDVRP-S-n20-s4,S,20,4,base,ALNS+,5,,6,758.3198,798.0501,752.8049,5.5149,0.0,6.0,6.013,6418,7,0,0,0.9487,0,0,0,0,0,0
main,CSDVRP-S-n20-s2,S,20,2,base,VNS-9,4,,6,670.121,732.8183,667.0092,3.1118,0.0,6.0,6.029,4884,7,0,0,0.9933,0,0,0,0,0,0
main,CSDVRP-L-n100-s5,L,100,5,base,VNS,5,,35,2591.3189,3154.3549,2549.5552,11.7638,30.0,35.016,35.212,892,30,1,2,1.0,0,0,0,0,0,0
exact,CSDVRP-S-n12-s1,S,12,1,base,Random-9,9,,5,511.4838,602.7068,507.9062,3.5776,0.0,5.0,5.035,10199,4,0,0,0.994,0,0,0,0,0,0
main,CSDVRP-XL-n150-s0,XL,150,0,base,Roulette-9,0,,50,4381.7401,5021.4451,4336.736,15.0041,30.0,50.0,50.382,1762,46,1,2,0.9997,0,0,0,0,0,0
main,CSDVRP-M-n30-s2,M,30,2,base,Roulette-9,7,,10,950.9367,1162.4183,933.102,2.8347,15.0,10.0,10.067,3606,10,1,1,1.0,0,0,0,0,0,0
exact,CSDVRP-S-n6-s5,S,6,5,base,VNS-9,9,,5,347.3173,347.7063,345.0582,2.2591,0.0,5.0,5.059,24972,3,0,0,0.9907,0,0,0,0,0,0
case,CSDVRP-CS-Riyadh,case,30,0,base,VNS,6,,30,421.0594,711.0291,415.2538,5.8056,0.0,30.0,30.201,13690,4,0,0,0.982,0,0,0,0,0,0
exact,CSDVRP-S-n6-s2,S,6,2,base,Random-9,5,,5,330.7872,334.9047,328.2873,2.4999,0.0,5.0,5.029,18856,3,0,0,0.8567,0,0,0,0,0,0
main,CSDVRP-M-n50-s4,M,50,4,base,Fixed-small,8,,15,1667.2421,1919.2804,1660.114,7.1281,0.0,15.0,15.112,3009,16,0,0,1.0,0,0,0,0,0,0
exact,CSDVRP-S-n6-s5,S,6,5,base,ALNS+,2,,5,347.3173,347.7063,345.0582,2.2591,0.0,5.0,4.992,21774,3,0,0,0.9907,0,0,0,0,0,0
exact,CSDVRP-S-n12-s4,S,12,4,base,DRL-VNS,5,1,5,487.5063,536.3904,484.4937,3.0126,0.0,5.0,5.045,5740,4,0,0,0.9867,0,0,0,0,0,0
main,CSDVRP-XL-n150-s2,XL,150,2,base,VNS,9,,50,4002.9233,4545.4892,3986.3101,16.6132,0.0,50.0,50.382,1531,45,0,0,1.0,0,0,0,0,0,0
exact,CSDVRP-S-n6-s1,S,6,1,base,DRL-VNS,6,2,5,341.7876,362.2464,340.1093,1.6783,0.0,5.0,5.016,7937,3,0,0,0.926,0,0,0,0,0,0
exact,CSDVRP-S-n6-s3,S,6,3,base,ALNS+,8,,5,230.2731,253.5784,228.5871,1.686,0.0,5.0,5.014,26610,2,0,0,0.9873,0,0,0,0,0,0
main,CSDVRP-XL-n150-s5,XL,150,5,base,Random-9,1,,50,3959.4945,4291.4727,3942.2942,17.2002,0.0,50.047,50.311,1457,46,0,0,0.9997,0,0,0,0,0,0
main,CSDVRP-S-n15-s4,S,15,4,base,Random-9,6,,5,585.7427,624.2332,582.2908,3.4519,0.0,5.0,5.028,7284,6,0,0,0.9347,0,0,0,0,0,0
main,CSDVRP-S-n20-s5,S,20,5,base,Random-9,1,,6,763.1659,865.7,758.6853,4.4806,0.0,6.0,5.998,5840,7,0,0,0.9947,0,0,0,0,0,0
main,CSDVRP-S-n15-s4,S,15,4,base,Roulette-9,9,,5,585.7427,624.2332,582.2908,3.4519,0.0,5.0,4.999,7064,6,0,0,0.9347,0,0,0,0,0,0
main,CSDVRP-M-n50-s4,M,50,4,base,VNS-9,3,,15,1650.0649,1919.2804,1643.0895,6.9754,0.0,15.0,15.121,1843,17,0,0,0.997,0,0,0,0,0,0
main,CSDVRP-S-n15-s3,S,15,3,base,VNS-9,3,,5,601.4006,692.2972,597.8561,3.5445,0.0,5.0,5.046,6995,6,0,0,0.998,0,0,0,0,0,0
exact,CSDVRP-S-n6-s5,S,6,5,base,Marginal-9,1,2,5,347.3173,347.7063,345.0582,2.2591,0.0,5.0,5.03,22852,3,0,0,0.9907,0,0,0,0,0,0
main,CSDVRP-XL-n150-s5,XL,150,5,base,Roulette-9,0,,50,3920.6675,4291.4727,3904.9143,15.7532,0.0,50.0,50.18,1579,46,0,0,0.999,0,0,0,0,0,0
exact,CSDVRP-S-n12-s2,S,12,2,base,Marginal-9,7,3,5,460.175,518.4642,458.0808,2.0942,0.0,5.0,5.017,13512,4,0,0,0.998,0,0,0,0,0,0
main,CSDVRP-L-n100-s4,L,100,4,base,Roulette-9,1,,35,2934.8356,3371.4529,2921.5098,13.3258,0.0,35.0,35.149,807,31,0,0,0.992,0,0,0,0,0,0
exact,CSDVRP-S-n10-s2,S,10,2,base,DRL-ALNS,4,5,5,386.2368,436.4179,383.4745,2.7622,0.0,5.0,5.065,6236,3,0,0,0.9893,0,0,0,0,0,0
main,CSDVRP-XL-n150-s3,XL,150,3,base,Random-9,8,,50,3853.9075,4237.9876,3838.148,15.7596,0.0,50.0,50.282,1527,44,0,0,0.9953,0,0,0,0,0,0
main,CSDVRP-S-n15-s5,S,15,5,base,VNS,5,,5,666.5148,800.4223,662.7682,3.7467,0.0,5.0,4.994,7471,5,0,0,0.9993,0,0,0,0,0,0
main,CSDVRP-S-n15-s4,S,15,4,base,DRL-VNS,5,1,5,585.7427,624.2332,582.2908,3.4519,0.0,5.0,5.029,4385,6,0,0,0.9347,0,0,0,0,0,0
main,CSDVRP-S-n20-s5,S,20,5,base,Marginal-9,6,2,6,763.1659,865.7,758.6853,4.4806,0.0,6.0,5.999,6263,7,0,0,0.9947,0,0,0,0,0,0
main,CSDVRP-XL-n150-s5,XL,150,5,base,Roulette-9,5,,50,3932.1839,4291.4727,3914.9738,17.2101,0.0,50.062,50.405,1581,46,0,0,0.999,0,0,0,0,0,0
main,CSDVRP-M-n50-s3,M,50,3,base,Marginal-9,3,4,15,1398.2978,1746.7745,1392.5811,5.7168,0.0,15.016,15.112,2039,15,0,0,0.994,0,0,0,0,0,0
main,CSDVRP-S-n15-s4,S,15,4,base,Random-9,1,,5,585.7427,624.2332,582.2908,3.4519,0.0,5.0,4.99,7312,6,0,0,0.9347,0,0,0,0,0,0
exact,CSDVRP-S-n12-s3,S,12,3,base,Fixed-small,0,,5,522.8902,589.3086,503.6872,4.203,15.0,5.0,5.014,13537,4,1,1,1.0,0,0,0,0,0,0
main,CSDVRP-M-n30-s0,M,30,0,base,DRL-VNS,4,5,10,1112.7874,1303.6377,1093.7948,3.9926,15.0,10.0,10.045,3269,11,1,1,1.0,0,0,0,0,0,0
main,CSDVRP-M-n30-s4,M,30,4,base,DRL-VNS,3,4,10,925.7284,1151.8487,921.3091,4.4194,0.0,10.0,10.025,3485,10,0,0,0.99,0,0,0,0,0,0
exact,CSDVRP-S-n12-s4,S,12,4,base,DRL-VNS,6,2,5,487.5063,536.3904,484.4937,3.0126,0.0,5.0,5.029,5937,4,0,0,0.9867,0,0,0,0,0,0
main,CSDVRP-M-n50-s3,M,50,3,base,DRL-VNS,5,1,15,1398.7831,1746.7745,1392.5811,6.202,0.0,15.016,15.113,1788,15,0,0,0.994,0,0,0,0,0,0
main,CSDVRP-S-n15-s1,S,15,1,base,Marginal-9,1,2,5,599.4153,675.8866,596.1341,3.2813,0.0,5.0,5.038,6518,6,0,0,0.9,0,0,0,0,0,0
exact,CSDVRP-S-n6-s3,S,6,3,base,DRL-VNS,1,2,5,230.2731,253.5784,228.5871,1.686,0.0,5.0,5.058,8784,2,0,0,0.9873,0,0,0,0,0,0
exact,CSDVRP-S-n8-s4,S,8,4,base,VNS,1,,5,359.1905,397.2233,357.0731,2.1174,0.0,5.0,5.014,14614,3,0,0,0.8793,0,0,0,0,0,0
main,CSDVRP-M-n30-s5,M,30,5,base,Roulette-9,3,,10,1113.1219,1247.2838,1093.0843,5.0376,15.0,10.0,10.033,4052,10,1,1,1.0,0,0,0,0,0,0
exact,CSDVRP-S-n6-s5,S,6,5,base,ALNS+,3,,5,347.3173,347.7063,345.0582,2.2591,0.0,5.0,5.042,21870,3,0,0,0.9907,0,0,0,0,0,0
main,CSDVRP-L-n75-s1,L,75,1,base,DRL-ALNS,6,2,25,2210.1471,2408.8056,2125.9128,9.2343,75.0,25.0,25.133,950,22,4,5,1.0,0,0,0,0,0,0
main,CSDVRP-XL-n150-s5,XL,150,5,base,VNS,5,,50,3910.4046,4291.4727,3893.1807,17.2239,0.0,50.0,50.263,1403,44,0,0,1.0,0,0,0,0,0,0
main,CSDVRP-S-n20-s2,S,20,2,base,DRL-VNS,0,1,6,670.121,732.8183,667.0092,3.1118,0.0,6.0,6.032,3482,7,0,0,0.9933,0,0,0,0,0,0
exact,CSDVRP-S-n8-s1,S,8,1,base,DRL-ALNS,5,1,5,336.0973,376.3954,333.6723,2.425,0.0,5.0,5.03,6559,3,0,0,0.9073,0,0,0,0,0,0
exact,CSDVRP-S-n8-s3,S,8,3,base,VNS,7,,5,339.8466,351.7127,337.5902,2.2564,0.0,5.0,5.014,13665,3,0,0,0.9567,0,0,0,0,0,0
main,CSDVRP-S-n15-s1,S,15,1,base,VNS,5,,5,590.7648,675.8866,586.7939,3.9709,0.0,5.0,4.997,5941,5,0,0,0.9987,0,0,0,0,0,0
main,CSDVRP-S-n15-s1,S,15,1,base,Random-9,3,,5,599.4153,675.8866,596.1341,3.2813,0.0,5.0,5.016,6343,6,0,0,0.9,0,0,0,0,0,0
main,CSDVRP-S-n15-s1,S,15,1,base,Roulette-9,5,,5,599.4153,675.8866,596.1341,3.2813,0.0,5.0,5.015,6262,6,0,0,0.9,0,0,0,0,0,0
exact,CSDVRP-S-n12-s5,S,12,5,base,Marginal-9,9,5,5,521.0601,535.5205,517.6832,3.3769,0.0,5.0,4.998,9186,4,0,0,0.978,0,0,0,0,0,0
main,CSDVRP-XL-n150-s5,XL,150,5,base,DRL-VNS,0,1,50,3928.4208,4291.4727,3897.1309,16.2899,15.0,50.0,50.284,1519,44,1,1,1.0,0,0,0,0,0,0
main,CSDVRP-M-n30-s4,M,30,4,base,DRL-VNS,7,3,10,926.1514,1151.8487,921.3091,4.8423,0.0,10.0,10.069,3494,10,0,0,0.99,0,0,0,0,0,0
main,CSDVRP-L-n75-s1,L,75,1,base,VNS,2,,25,2108.2441,2408.8056,2070.2865,7.9576,30.0,25.016,25.184,1656,23,2,2,1.0,0,0,0,0,0,0
main,CSDVRP-S-n20-s0,S,20,0,base,Fixed-small,8,,6,784.7513,835.2978,781.7371,3.0142,0.0,6.0,6.045,5797,8,0,0,0.9987,0,0,0,0,0,0
exact,CSDVRP-S-n10-s4,S,10,4,base,Fixed-small,4,,5,387.4582,460.8567,384.9244,2.5338,0.0,5.0,5.03,18064,3,0,0,0.98,0,0,0,0,0,0
main,CSDVRP-S-n20-s4,S,20,4,base,Random-9,7,,6,719.4697,798.0501,715.5041,3.9656,0.0,6.0,6.029,4890,7,0,0,0.986,0,0,0,0,0,0
main,CSDVRP-XL-n150-s0,XL,150,0,base,DRL-ALNS,7,3,50,4498.1135,5021.4451,4482.7565,15.357,0.0,50.062,50.279,746,48,0,0,0.9963,0,0,0,0,0,0
main,CSDVRP-L-n100-s3,L,100,3,base,Roulette-9,4,,35,2733.7454,3095.0715,2722.461,11.2844,0.0,35.016,35.131,771,31,0,0,1.0,0,0,0,0,0,0
main,CSDVRP-S-n15-s5,S,15,5,base,DRL-VNS,8,4,5,666.5148,800.4223,662.7682,3.7467,0.0,5.0,4.987,5160,5,0,0,0.9993,0,0,0,0,0,0
main,CSDVRP-M-n50-s2,M,50,2,base,VNS,9,,15,1502.9145,1677.4231,1480.7505,7.164,15.0,15.0,15.018,2789,16,1,1,1.0,0,0,0,0,0,0
main,CSDVRP-M-n50-s1,M,50,1,base,DRL-ALNS,4,5,15,1555.5021,1718.5004,1504.0998,6.4024,45.0,15.0,15.072,1541,15,2,3,1.0,0,0,0,0,0,0
main,CSDVRP-L-n100-s0,L,100,0,base,Marginal-9,5,1,35,3105.5044,3458.8862,3092.4606,13.0438,0.0,35.047,35.282,661,31,0,0,0.9988,0,0,0,0,0,0
case,CSDVRP-CS-Riyadh,case,30,0,base,DRL-VNS,8,4,30,416.4868,711.0291,411.6246,4.8621,0.0,30.0,30.1,12735,4,0,0,0.986,0,0,0,0,0,0
main,CSDVRP-M-n30-s5,M,30,5,base,Random-9,0,,10,1128.5178,1247.2838,1123.3845,5.1334,0.0,10.0,10.051,4484,10,0,0,0.9905,0,0,0,0,0,0
exact,CSDVRP-S-n6-s5,S,6,5,base,DRL-VNS,8,4,5,347.3173,347.7063,345.0582,2.2591,0.0,5.0,5.038,8246,3,0,0,0.9907,0,0,0,0,0,0
exact,CSDVRP-S-n8-s1,S,8,1,base,VNS-9,9,,5,335.8429,376.3954,333.6723,2.1706,0.0,5.0,5.029,18751,3,0,0,0.9073,0,0,0,0,0,0
exact,CSDVRP-S-n10-s2,S,10,2,base,VNS-9,6,,5,391.6922,436.4179,389.0812,2.6111,0.0,5.0,5.014,17450,3,0,0,0.9787,0,0,0,0,0,0
main,CSDVRP-M-n30-s0,M,30,0,base,VNS,8,,10,1092.964,1303.6377,1089.1614,3.8025,0.0,10.0,10.06,3804,11,0,0,0.997,0,0,0,0,0,0
main,CSDVRP-M-n50-s0,M,50,0,base,Fixed-small,9,,15,1729.6552,1986.2853,1691.6785,7.9767,30.0,15.0,15.077,2757,16,2,2,1.0,0,0,0,0,0,0
exact,CSDVRP-S-n12-s3,S,12,3,base,VNS,2,,5,522.4878,589.3086,503.6872,3.8005,15.0,5.0,5.06,9902,4,1,1,1.0,0,0,0,0,0,0
exact,CSDVRP-S-n8-s3,S,8,3,base,Random-9,7,,5,339.8466,351.7127,337.5902,2.2564,0.0,5.0,4.998,17239,3,0,0,0.9567,0,0,0,0,0,0
main,CSDVRP-M-n50-s0,M,50,0,base,DRL-ALNS,4,5,15,1745.541,1986.2853,1735.8351,9.7059,0.0,15.0,15.065,1522,16,0,0,0.986,0,0,0,0,0,0
exact,CSDVRP-S-n6-s5,S,6,5,base,Marginal-9,8,4,5,347.3173,347.7063,345.0582,2.2591,0.0,5.0,5.025,22399,3,0,0,0.9907,0,0,0,0,0,0
main,CSDVRP-S-n20-s4,S,20,4,base,Fixed-small,2,,6,741.252,798.0501,736.5071,4.745,0.0,6.0,6.015,5169,7,0,0,0.986,0,0,0,0,0,0
main,CSDVRP-M-n50-s1,M,50,1,base,Random-9,9,,15,1520.6807,1718.5004,1515.2306,5.45,0.0,15.0,15.125,1799,16,0,0,0.9915,0,0,0,0,0,0
main,CSDVRP-L-n100-s3,L,100,3,base,Random-9,8,,35,2708.0249,3095.0715,2697.141,10.8839,0.0,35.047,35.152,768,31,0,0,0.9924,0,0,0,0,0,0
main,CSDVRP-M-n30-s1,M,30,1,base,Roulette-9,1,,10,1044.2371,1231.1888,1025.1409,4.0962,15.0,10.0,10.094,3422,10,1,1,1.0,0,0,0,0,0,0
exact,CSDVRP-S-n6-s2,S,6,2,base,Fixed-small,8,,5,330.7872,334.9047,328.2873,2.4999,0.0,5.0,4.995,18729,3,0,0,0.8567,0,0,0,0,0,0
main,CSDVRP-M-n50-s4,M,50,4,base,DRL-VNS,1,2,15,1641.1915,1919.2804,1619.6874,6.5041,15.0,15.0,15.121,1721,16,1,1,1.0,0,0,0,0,0,0
exact,CSDVRP-S-n12-s4,S,12,4,base,DRL-VNS,4,5,5,487.6731,536.3904,484.4937,3.1794,0.0,5.0,5.043,5725,4,0,0,0.9867,0,0,0,0,0,0
main,CSDVRP-S-n20-s3,S,20,3,base,VNS-9,7,,6,703.7068,797.0264,684.6426,4.0642,15.0,6.0,6.045,5301,7,1,1,1.0,0,0,0,0,0,0
main,CSDVRP-M-n30-s0,M,30,0,base,VNS,0,,10,1126.0545,1303.6377,1092.0748,3.9797,30.0,10.0,10.031,3543,11,2,2,0.997,0,0,0,0,0,0
exact,CSDVRP-S-n8-s5,S,8,5,base,Fixed-small,5,,5,423.2126,427.0275,419.9371,3.2754,0.0,5.0,5.027,15513,3,0,0,0.894,0,0,0,0,0,0
exact,CSDVRP-S-n10-s3,S,10,3,base,Roulette-9,3,,5,398.3934,456.2198,394.9219,3.4715,0.0,5.0,5.0,14060,3,0,0,0.9427,0,0,0,0,0,0
main,CSDVRP-M-n50-s3,M,50,3,base,VNS-9,0,,15,1398.7831,1746.7745,1392.5811,6.202,0.0,15.016,15.076,2041,15,0,0,0.994,0,0,0,0,0,0
exact,CSDVRP-S-n12-s5,S,12,5,base,Marginal-9,8,4,5,521.0601,535.5205,517.6832,3.3769,0.0,5.0,5.029,9883,4,0,0,0.978,0,0,0,0,0,0
exact,CSDVRP-S-n10-s4,S,10,4,base,VNS-9,9,,5,387.4582,460.8567,384.9244,2.5338,0.0,5.0,5.03,16702,3,0,0,0.98,0,0,0,0,0,0
main,CSDVRP-L-n100-s2,L,100,2,base,Marginal-9,7,3,35,2821.4118,3167.7225,2811.0664,10.3454,0.0,35.0,35.115,800,30,0,0,0.9976,0,0,0,0,0,0
main,CSDVRP-S-n20-s3,S,20,3,base,VNS-9,2,,6,714.5796,797.0264,695.6625,3.9171,15.0,6.0,6.006,5209,7,1,1,1.0,0,0,0,0,0,0
main,CSDVRP-XL-n150-s3,XL,150,3,base,VNS-9,0,,50,3863.9314,4237.9876,3849.4484,14.4831,0.0,50.0,50.157,1546,45,0,0,0.9993,0,0,0,0,0,0
main,CSDVRP-S-n20-s5,S,20,5,base,Marginal-9,9,5,6,763.1659,865.7,758.6853,4.4806,0.0,6.0,6.007,5291,7,0,0,0.9947,0,0,0,0,0,0
main,CSDVRP-S-n20-s1,S,20,1,base,VNS,9,,6,785.3009,908.0268,780.5879,4.713,0.0,6.0,6.048,4258,7,0,0,0.9833,0,0,0,0,0,0
exact,CSDVRP-S-n6-s2,S,6,2,base,ALNS+,9,,5,330.2083,334.9047,328.2873,1.921,0.0,5.0,5.043,17813,3,0,0,0.8567,0,0,0,0,0,0
exact,CSDVRP-S-n10-s4,S,10,4,base,VNS-9,2,,5,387.7762,460.8567,384.9244,2.8518,0.0,5.0,5.014,16678,3,0,0,0.98,0,0,0,0,0,0
main,CSDVRP-S-n15-s0,S,15,0,base,ALNS+,8,,5,622.621,666.3141,603.3505,4.2704,15.0,5.0,5.029,7991,5,1,1,1.0,0,0,0,0,0,0
main,CSDVRP-L-n75-s2,L,75,2,base,DRL-ALNS,2,3,25,2258.4475,2442.0216,2249.0074,9.4401,0.0,25.0,25.122,809,26,0,0,0.9932,0,0,0,0,0,0
main,CSDVRP-L-n100-s4,L,100,4,base,VNS,1,,35,2940.0893,3371.4529,2925.5938,14.4956,0.0,35.047,35.246,930,30,0,0,0.9976,0,0,0,0,0,0
main,CSDVRP-S-n15-s1,S,15,1,base,DRL-ALNS,6,2,5,599.4153,675.8866,596.1341,3.2813,0.0,5.0,5.016,4216,6,0,0,0.9,0,0,0,0,0,0
main,CSDVRP-M-n30-s4,M,30,4,base,VNS,6,,10,926.5915,1151.8487,921.3091,5.2824,0.0,10.0,10.014,3773,10,0,0,0.99,0,0,0,0,0,0
exact,CSDVRP-S-n12-s3,S,12,3,base,Roulette-9,4,,5,522.4878,589.3086,503.6872,3.8005,15.0,5.0,5.044,11546,4,1,1,1.0,0,0,0,0,0,0
exact,CSDVRP-S-n6-s1,S,6,1,base,DRL-ALNS,5,1,5,341.7876,362.2464,340.1093,1.6783,0.0,5.0,5.03,6773,3,0,0,0.926,0,0,0,0,0,0
main,CSDVRP-XL-n150-s4,XL,150,4,base,Random-9,8,,50,4046.5454,4802.2805,3823.292,13.2534,210.0,50.0,50.259,1563,44,8,14,1.0,0,0,0,0,0,0
main,CSDVRP-L-n100-s4,L,100,4,base,ALNS+,8,,35,3124.9859,3371.4529,3066.37,13.6158,45.0,35.062,35.175,518,32,2,3,1.0,0,0,0,0,0,0
main,CSDVRP-L-n75-s4,L,75,4,base,Random-9,6,,25,2223.3391,2460.454,2214.8626,8.4764,0.0,25.016,25.184,1059,24,0,0,0.998,0,0,0,0,0,0
exact,CSDVRP-S-n10-s4,S,10,4,base,DRL-VNS,5,1,5,387.4582,460.8567,384.9244,2.5338,0.0,5.0,5.042,6985,3,0,0,0.98,0,0,0,0,0,0
main,CSDVRP-S-n15-s3,S,15,3,base,Fixed-small,8,,5,603.7428,692.2972,584.3633,4.3795,15.0,5.0,4.999,9723,5,1,1,1.0,0,0,0,0,0,0
exact,CSDVRP-S-n12-s1,S,12,1,base,ALNS+,2,,5,511.4838,602.7068,507.9062,3.5776,0.0,5.0,5.045,11399,4,0,0,0.994,0,0,0,0,0,0
main,CSDVRP-L-n100-s1,L,100,1,base,Roulette-9,6,,35,2757.6878,3146.4881,2687.4598,10.2281,60.0,35.031,35.157,778,29,3,4,1.0,0,0,0,0,0,0
main,CSDVRP-S-n20-s2,S,20,2,base,VNS,6,,6,670.121,732.8183,667.0092,3.1118,0.0,6.0,6.041,3919,7,0,0,0.9933,0,0,0,0,0,0
main,CSDVRP-L-n75-s1,L,75,1,base,VNS,3,,25,2109.5356,2408.8056,2086.0595,8.4761,15.0,25.0,25.175,1626,23,1,1,1.0,0,0,0,0,0,0
main,CSDVRP-XL-n150-s3,XL,150,3,base,DRL-VNS,5,1,50,3844.415,4237.9876,3829.577,14.8379,0.0,50.016,50.275,1621,44,0,0,0.9967,0,0,0,0,0,0
main,CSDVRP-M-n50-s5,M,50,5,base,DRL-VNS,8,4,15,1632.3122,1904.3598,1624.8472,7.465,0.0,15.0,15.056,1890,16,0,0,0.998,0,0,0,0,0,0
main,CSDVRP-S-n15-s2,S,15,2,base,Random-9,7,,5,604.4369,645.109,602.0225,2.4144,0.0,5.0,4.996,6365,6,0,0,0.9953,0,0,0,0,0,0
main,CSDVRP-M-n50-s1,M,50,1,base,DRL-VNS,0,1,15,1498.0553,1718.5004,1476.7482,6.3071,15.0,15.016,15.048,1787,15,1,1,1.0,0,0,0,0,0,0
main,CSDVRP-M-n50-s2,M,50,2,base,ALNS+,9,,15,1491.5496,1677.4231,1483.5357,8.0139,0.0,15.0,15.015,1966,16,0,0,0.9985,0,0,0,0,0,0
main,CSDVRP-M-n50-s2,M,50,2,base,Marginal-9,3,4,15,1472.0041,1677.4231,1465.5918,6.4123,0.0,15.0,15.043,1984,16,0,0,0.9985,0,0,0,0,0,0
main,CSDVRP-L-n100-s3,L,100,3,base,VNS-9,4,,35,2740.7268,3095.0715,2716.1904,9.5364,15.0,35.078,35.295,757,31,1,1,1.0,0,0,0,0,0,0
main,CSDVRP-L-n100-s3,L,100,3,base,Marginal-9,9,5,35,2746.5845,3095.0715,2734.3374,12.2472,0.0,35.031,35.241,677,31,0,0,0.9992,0,0,0,0,0,0
main,CSDVRP-M-n50-s0,M,50,0,base,Fixed-small,2,,15,1727.3432,1986.2853,1719.3417,8.0015,0.0,15.0,15.051,2819,16,0,0,0.9895,0,0,0,0,0,0
main,CSDVRP-L-n100-s1,L,100,1,base,VNS-9,7,,35,2672.5582,3146.4881,2647.3647,10.1934,15.0,35.0,35.248,751,29,1,1,1.0,0,0,0,0,0,0
main,CSDVRP-L-n100-s3,L,100,3,base,ALNS+,7,,35,2787.6455,3095.0715,2776.7579,10.8877,0.0,35.047,35.235,562,33,0,0,1.0,0,0,0,0,0,0
main,CSDVRP-XL-n150-s1,XL,150,1,base,ALNS+,7,,50,4488.041,4744.1508,4473.8177,14.2233,0.0,50.016,50.256,682,52,0,0,0.9963,0,0,0,0,0,0
main,CSDVRP-S-n15-s3,S,15,3,base,DRL-ALNS,2,3,5,601.4006,692.2972,597.8561,3.5445,0.0,5.0,5.018,4076,6,0,0,0.998,0,0,0,0,0,0
main,CSDVRP-M-n50-s4,M,50,4,base,DRL-ALNS,7,3,15,1718.822,1919.2804,1651.3148,7.5071,60.0,15.0,15.062,1410,16,3,4,1.0,0,0,0,0,0,0
main,CSDVRP-L-n100-s2,L,100,2,base,DRL-ALNS,0,1,35,2901.8906,3167.7225,2888.9837,12.9069,0.0,35.094,35.215,490,31,0,0,0.996,0,0,0,0,0,0
main,CSDVRP-L-n75-s4,L,75,4,base,ALNS+,2,,25,2299.699,2460.454,2291.4209,8.278,0.0,25.0,25.081,862,27,0,0,0.998,0,0,0,0,0,0
main,CSDVRP-XL-n150-s4,XL,150,4,base,ALNS+,4,,50,4023.7435,4802.2805,4008.7984,14.9451,0.0,50.109,50.397,679,50,0,0,0.9983,0,0,0,0,0,0
main,CSDVRP-S-n20-s1,S,20,1,base,Roulette-9,0,,6,785.2664,908.0268,780.5879,4.6785,0.0,6.0,6.043,5058,7,0,0,0.9833,0,0,0,0,0,0
main,CSDVRP-L-n75-s1,L,75,1,base,ALNS+,0,,25,2204.4932,2408.8056,2193.9593,10.5339,0.0,25.0,25.203,1023,24,0,0,1.0,0,0,0,0,0,0
main,CSDVRP-L-n75-s4,L,75,4,base,Roulette-9,3,,25,2235.7955,2460.454,2198.81,6.9855,30.0,25.031,25.217,1114,24,2,2,1.0,0,0,0,0,0,0
exact,CSDVRP-S-n8-s1,S,8,1,base,Marginal-9,9,5,5,335.8429,376.3954,333.6723,2.1706,0.0,5.0,5.011,17493,3,0,0,0.9073,0,0,0,0,0,0
main,CSDVRP-XL-n150-s2,XL,150,2,base,Marginal-9,8,4,50,4054.3818,4545.4892,4024.381,15.0007,15.0,50.0,50.187,1482,45,1,1,1.0,0,0,0,0,0,0
main,CSDVRP-M-n50-s2,M,50,2,base,Random-9,4,,15,1484.8535,1677.4231,1462.8907,6.9628,15.0,15.0,15.083,1852,16,1,1,1.0,0,0,0,0,0,0
exact,CSDVRP-S-n12-s1,S,12,1,base,VNS,8,,5,511.4838,602.7068,507.9062,3.5776,0.0,5.0,5.021,8366,4,0,0,0.994,0,0,0,0,0,0
main,CSDVRP-L-n75-s2,L,75,2,base,Fixed-small,2,,25,2141.4106,2442.0216,2087.1092,9.3014,45.0,25.016,25.115,2140,22,2,3,1.0,0,0,0,0,0,0
exact,CSDVRP-S-n8-s5,S,8,5,base,DRL-VNS,7,3,5,423.2126,427.0275,419.9371,3.2754,0.0,5.0,5.035,6900,3,0,0,0.894,0,0,0,0,0,0
exact,CSDVRP-S-n8-s2,S,8,2,base,DRL-ALNS,2,3,5,344.8888,398.3755,342.4078,2.481,0.0,5.0,5.046,6427,3,0,0,0.8753,0,0,0,0,0,0
main,CSDVRP-S-n15-s5,S,15,5,base,Random-9,3,,5,666.5148,800.4223,662.7682,3.7467,0.0,5.0,5.013,8800,5,0,0,0.9993,0,0,0,0,0,0
exact,CSDVRP-S-n10-s3,S,10,3,base,ALNS+,0,,5,398.3226,456.2198,394.9219,3.4007,0.0,5.0,5.013,15347,3,0,0,0.9427,0,0,0,0,0,0
main,CSDVRP-L-n100-s4,L,100,4,base,VNS-9,9,,35,2922.6043,3371.4529,2912.1177,10.4866,0.0,35.141,35.317,757,31,0,0,0.992,0,0,0,0,0,0
main,CSDVRP-S-n20-s4,S,20,4,base,Fixed-small,8,,6,741.252,798.0501,736.5071,4.745,0.0,6.0,6.007,5329,7,0,0,0.986,0,0,0,0,0,0
main,CSDVRP-S-n15-s4,S,15,4,base,DRL-ALNS,5,1,5,586.4442,624.2332,582.2908,4.1534,0.0,5.0,5.06,4297,6,0,0,0.9347,0,0,0,0,0,0
exact,CSDVRP-S-n8-s4,S,8,4,base,DRL-VNS,0,1,5,359.1905,397.2233,357.0731,2.1174,0.0,5.0,5.011,6973,3,0,0,0.8793,0,0,0,0,0,0
exact,CSDVRP-S-n12-s2,S,12,2,base,Fixed-small,5,,5,475.9776,518.4642,473.3356,2.642,0.0,5.0,5.031,11518,5,0,0,0.9853,0,0,0,0,0,0
exact,CSDVRP-S-n6-s4,S,6,4,base,Roulette-9,5,,5,307.1905,316.7228,305.135,2.0555,0.0,5.0,5.013,18493,3,0,0,0.906,0,0,0,0,0,0
main,CSDVRP-XL-n150-s0,XL,150,0,base,Random-9,6,,50,4351.2466,5021.4451,4304.6757,16.5709,30.0,50.0,50.201,1565,46,1,2,1.0,0,0,0,0,0,0
main,CSDVRP-S-n20-s1,S,20,1,base,VNS-9,9,,6,785.2664,908.0268,780.5879,4.6785,0.0,6.0,6.03,5110,7,0,0,0.9833,0,0,0,0,0,0
exact,CSDVRP-S-n6-s4,S,6,4,base,Random-9,3,,5,307.3738,316.7228,305.135,2.2389,0.0,5.0,5.029,19663,3,0,0,0.906,0,0,0,0,0,0
main,CSDVRP-S-n20-s0,S,20,0,base,Marginal-9,1,2,6,756.3441,835.2978,752.4896,3.8544,0.0,6.0,6.032,5125,7,0,0,0.9987,0,0,0,0,0,0
main,CSDVRP-S-n20-s0,S,20,0,base,DRL-VNS,4,5,6,756.3441,835.2978,752.4896,3.8544,0.0,6.0,6.043,3423,7,0,0,0.9987,0,0,0,0,0,0
exact,CSDVRP-S-n12-s5,S,12,5,base,Fixed-small,3,,5,521.1985,535.5205,517.6832,3.5154,0.0,5.0,5.014,12340,4,0,0,0.978,0,0,0,0,0,0
main,CSDVRP-XL-n150-s0,XL,150,0,base,VNS,2,,50,4344.0491,5021.4451,4328.301,15.7481,0.0,50.016,50.338,1600,46,0,0,0.9983,0,0,0,0,0,0
exact,CSDVRP-S-n8-s4,S,8,4,base,VNS,3,,5,359.1905,397.2233,357.0731,2.1174,0.0,5.0,5.0,14815,3,0,0,0.8793,0,0,0,0,0,0
main,CSDVRP-M-n30-s2,M,30,2,base,Roulette-9,4,,10,941.0551,1162.4183,938.3163,2.7388,0.0,10.0,10.0,3552,10,0,0,0.9865,0,0,0,0,0,0
main,CSDVRP-M-n50-s2,M,50,2,base,Random-9,6,,15,1471.2989,1677.4231,1465.5918,5.7072,0.0,15.0,15.089,1904,16,0,0,0.9985,0,0,0,0,0,0
main,CSDVRP-S-n15-s5,S,15,5,base,VNS-9,3,,5,666.5148,800.4223,662.7682,3.7467,0.0,5.0,5.014,8899,5,0,0,0.9993,0,0,0,0,0,0
main,CSDVRP-S-n15-s0,S,15,0,base,DRL-ALNS,2,3,5,631.668,666.3141,611.4154,5.2526,15.0,5.0,4.998,4021,5,1,1,1.0,0,0,0,0,0,0
main,CSDVRP-XL-n150-s1,XL,150,1,base,Marginal-9,7,3,50,4259.4532,4744.1508,4229.9878,14.4654,15.0,50.0,50.419,1664,46,1,1,1.0,0,0,0,0,0,0
main,CSDVRP-M-n30-s2,M,30,2,base,Marginal-9,1,2,10,941.0551,1162.4183,938.3163,2.7388,0.0,10.0,10.031,3906,10,0,0,0.9865,0,0,0,0,0,0
exact,CSDVRP-S-n12-s5,S,12,5,base,ALNS+,8,,5,521.0601,535.5205,517.6832,3.3769,0.0,5.0,4.998,10595,4,0,0,0.978,0,0,0,0,0,0
main,CSDVRP-L-n100-s4,L,100,4,base,Random-9,3,,35,2961.3917,3371.4529,2947.2737,14.118,0.0,35.0,35.139,747,31,0,0,0.9976,0,0,0,0,0,0
main,CSDVRP-L-n100-s5,L,100,5,base,DRL-VNS,7,3,35,2642.8296,3154.3549,2556.3959,11.4337,75.0,35.031,35.185,886,30,4,5,1.0,0,0,0,0,0,0
exact,CSDVRP-S-n12-s5,S,12,5,base,DRL-VNS,3,4,5,521.0601,535.5205,517.6832,3.3769,0.0,5.0,5.039,5561,4,0,0,0.978,0,0,0,0,0,0
exact,CSDVRP-S-n10-s5,S,10,5,base,ALNS+,4,,5,454.5993,485.8354,450.6688,3.9305,0.0,5.0,4.998,13804,3,0,0,0.956,0,0,0,0,0,0
exact,CSDVRP-S-n8-s5,S,8,5,base,Marginal-9,4,5,5,423.2126,427.0275,419.9371,3.2754,0.0,5.0,5.045,14908,3,0,0,0.894,0,0,0,0,0,0
main,CSDVRP-M-n30-s4,M,30,4,base,VNS,3,,10,926.5915,1151.8487,921.3091,5.2824,0.0,10.0,10.016,3811,10,0,0,0.99,0,0,0,0,0,0
exact,CSDVRP-S-n10-s2,S,10,2,base,Random-9,4,,5,391.6922,436.4179,389.0812,2.6111,0.0,5.0,4.996,16676,3,0,0,0.9787,0,0,0,0,0,0
main,CSDVRP-S-n15-s2,S,15,2,base,DRL-ALNS,8,4,5,604.4369,645.109,602.0225,2.4144,0.0,5.0,5.014,3988,6,0,0,0.9953,0,0,0,0,0,0
main,CSDVRP-M-n30-s4,M,30,4,base,VNS,4,,10,926.1273,1151.8487,921.3091,4.8182,0.0,10.0,10.052,3793,10,0,0,0.99,0,0,0,0,0,0
exact,CSDVRP-S-n12-s1,S,12,1,base,Random-9,1,,5,546.9826,602.7068,512.8082,4.1744,30.0,5.0,5.039,10192,4,2,2,1.0,0,0,0,0,0,0
main,CSDVRP-L-n75-s3,L,75,3,base,VNS,8,,25,2109.6877,2332.9982,2074.7346,4.9532,30.0,25.0,25.139,1676,24,1,2,1.0,0,0,0,0,0,0
main,CSDVRP-S-n20-s5,S,20,5,base,Marginal-9,7,3,6,763.1659,865.7,758.6853,4.4806,0.0,6.0,6.121,6035,7,0,0,0.9947,0,0,0,0,0,0
main,CSDVRP-M-n30-s2,M,30,2,base,Marginal-9,4,5,10,941.0511,1162.4183,938.3163,2.7347,0.0,10.0,10.054,3399,10,0,0,0.9865,0,0,0,0,0,0
main,CSDVRP-S-n15-s4,S,15,4,base,DRL-ALNS,4,5,5,602.9731,624.2332,584.1074,3.8657,15.0,5.0,5.052,4275,5,1,1,1.0,0,0,0,0,0,0
main,CSDVRP-M-n30-s5,M,30,5,base,Roulette-9,4,,10,1123.6249,1247.2838,1118.3425,5.2824,0.0,10.0,10.067,3990,10,0,0,0.9895,0,0,0,0,0,0
main,CSDVRP-M-n30-s4,M,30,4,base,ALNS+,2,,10,926.1273,1151.8487,921.3091,4.8182,0.0,10.0,10.07,4292,10,0,0,0.99,0,0,0,0,0,0
exact,CSDVRP-S-n8-s4,S,8,4,base,VNS,9,,5,359.1905,397.2233,357.0731,2.1174,0.0,5.0,5.029,14408,3,0,0,0.8793,0,0,0,0,0,0
main,CSDVRP-M-n30-s5,M,30,5,base,VNS,6,,10,1111.0915,1247.2838,1090.992,5.0995,15.0,10.0,10.061,4091,10,1,1,1.0,0,0,0,0,0,0
main,CSDVRP-S-n15-s0,S,15,0,base,Marginal-9,8,4,5,606.5233,666.3141,602.2712,4.2521,0.0,5.0,5.029,7234,5,0,0,0.9927,0,0,0,0,0,0
exact,CSDVRP-S-n10-s4,S,10,4,base,DRL-ALNS,3,4,5,387.7762,460.8567,384.9244,2.8518,0.0,5.0,5.014,6234,3,0,0,0.98,0,0,0,0,0,0
exact,CSDVRP-S-n8-s3,S,8,3,base,ALNS+,6,,5,339.8466,351.7127,337.5902,2.2564,0.0,5.0,5.013,15624,3,0,0,0.9567,0,0,0,0,0,0
exact,CSDVRP-S-n8-s3,S,8,3,base,Random-9,0,,5,339.8466,351.7127,337.5902,2.2564,0.0,5.0,5.031,16907,3,0,0,0.9567,0,0,0,0,0,0
main,CSDVRP-XL-n150-s0,XL,150,0,base,Random-9,8,,50,4414.9428,5021.4451,4399.6916,15.2512,0.0,50.0,50.147,1660,47,0,0,0.9997,0,0,0,0,0,0
exact,CSDVRP-S-n8-s3,S,8,3,base,Fixed-small,4,,5,339.8466,351.7127,337.5902,2.2564,0.0,5.0,5.004,17760,3,0,0,0.9567,0,0,0,0,0,0
main,CSDVRP-M-n50-s3,M,50,3,base,Random-9,9,,15,1398.4036,1746.7745,1392.5811,5.8226,0.0,15.0,15.077,2073,15,0,0,0.994,0,0,0,0,0,0
exact,CSDVRP-S-n12-s3,S,12,3,base,ALNS+,9,,5,522.4878,589.3086,503.6872,3.8005,15.0,5.0,5.06,11911,4,1,1,1.0,0,0,0,0,0,0
exact,CSDVRP-S-n8-s3,S,8,3,base,Roulette-9,0,,5,339.8466,351.7127,337.5902,2.2564,0.0,5.0,4.999,16678,3,0,0,0.9567,0,0,0,0,0,0
main,CSDVRP-M-n50-s2,M,50,2,base,VNS,4,,15,1516.0911,1677.4231,1464.6468,6.4443,45.0,15.0,15.029,2644,16,2,3,1.0,0,0,0,0,0,0
main,CSDVRP-XL-n150-s0,XL,150,0,base,DRL-ALNS,5,1,50,4615.0837,5021.4451,4568.4553,16.6284,30.0,50.0,50.143,731,49,1,2,1.0,0,0,0,0,0,0
main,CSDVRP-S-n15-s5,S,15,5,base,VNS,2,,5,666.5148,800.4223,662.7682,3.7467,0.0,5.0,5.007,7487,5,0,0,0.9993,0,0,0,0,0,0
main,CSDVRP-L-n75-s5,L,75,5,base,Roulette-9,3,,25,2104.5776,2327.4464,2096.6845,7.8931,0.0,25.0,25.087,1199,23,0,0,0.9876,0,0,0,0,0,0
exact,CSDVRP-S-n10-s4,S,10,4,base,VNS-9,5,,5,387.7762,460.8567,384.9244,2.8518,0.0,5.0,4.988,16630,3,0,0,0.98,0,0,0,0,0,0
main,CSDVRP-S-n20-s5,S,20,5,base,VNS-9,2,,6,763.1659,865.7,758.6853,4.4806,0.0,6.0,6.06,5863,7,0,0,0.9947,0,0,0,0,0,0
main,CSDVRP-S-n15-s0,S,15,0,base,DRL-VNS,7,3,5,622.621,666.3141,603.3505,4.2704,15.0,5.0,4.997,4459,5,1,1,1.0,0,0,0,0,0,0
exact,CSDVRP-S-n8-s5,S,8,5,base,DRL-ALNS,8,4,5,423.2126,427.0275,419.9371,3.2754,0.0,5.0,5.044,6252,3,0,0,0.894,0,0,0,0,0,0
main,CSDVRP-L-n100-s3,L,100,3,base,VNS,0,,35,2689.8856,3095.0715,2677.4209,12.4647,0.0,35.0,35.137,1008,30,0,0,1.0,0,0,0,0,0,0
main,CSDVRP-M-n30-s5,M,30,5,base,VNS,7,,10,1119.5938,1247.2838,1084.6448,4.9489,30.0,10.0,10.048,4247,10,1,2,1.0,0,0,0,0,0,0
exact,CSDVRP-S-n8-s2,S,8,2,base,ALNS+,9,,5,344.8888,398.3755,342.4078,2.481,0.0,5.0,5.029,17558,3,0,0,0.8753,0,0,0,0,0,0
exact,CSDVRP-S-n6-s4,S,6,4,base,Fixed-small,7,,5,307.3738,316.7228,305.135,2.2389,0.0,5.0,4.996,19324,3,0,0,0.906,0,0,0,0,0,0
exact,CSDVRP-S-n12-s2,S,12,2,base,Fixed-small,8,,5,475.9776,518.4642,473.3356,2.642,0.0,5.0,5.015,11651,5,0,0,0.9853,0,0,0,0,0,0
main,CSDVRP-L-n75-s2,L,75,2,base,DRL-ALNS,7,3,25,2217.1392,2442.0216,2207.0057,10.1334,0.0,25.016,25.185,846,25,0,0,0.9868,0,0,0,0,0,0
main,CSDVRP-M-n30-s1,M,30,1,base,Fixed-small,4,,10,1046.2409,1231.1888,1041.6439,4.597,0.0,10.0,10.063,5175,10,0,0,0.9725,0,0,0,0,0,0
main,CSDVRP-S-n20-s1,S,20,1,base,DRL-ALNS,3,4,6,802.9523,908.0268,783.572,4.3803,15.0,6.0,6.028,3739,7,1,1,1.0,0,0,0,0,0,0
main,CSDVRP-S-n15-s0,S,15,0,base,DRL-VNS,9,5,5,606.5233,666.3141,602.2712,4.2521,0.0,5.0,5.012,4435,5,0,0,0.9927,0,0,0,0,0,0
main,CSDVRP-L-n75-s5,L,75,5,base,DRL-ALNS,0,1,25,2172.9745,2327.4464,2163.4148,9.5597,0.0,25.016,25.109,883,23,0,0,0.992,0,0,0,0,0,0
main,CSDVRP-M-n30-s3,M,30,3,base,DRL-ALNS,0,1,10,969.1696,1099.7766,965.9069,3.2627,0.0,10.0,10.059,3062,10,0,0,0.988,0,0,0,0,0,0
main,CSDVRP-S-n20-s0,S,20,0,base,Roulette-9,0,,6,756.3441,835.2978,752.4896,3.8544,0.0,6.0,6.028,4884,7,0,0,0.9987,0,0,0,0,0,0
main,CSDVRP-S-n20-s0,S,20,0,base,Roulette-9,7,,6,756.3441,835.2978,752.4896,3.8544,0.0,6.0,6.003,4877,7,0,0,0.9987,0,0,0,0,0,0
exact,CSDVRP-S-n8-s5,S,8,5,base,Fixed-small,9,,5,423.2126,427.0275,419.9371,3.2754,0.0,5.0,5.01,15399,3,0,0,0.894,0,0,0,0,0,0
exact,CSDVRP-S-n6-s4,S,6,4,base,Marginal-9,7,3,5,307.3738,316.7228,305.135,2.2389,0.0,5.0,5.014,18944,3,0,0,0.906,0,0,0,0,0,0
main,CSDVRP-S-n20-s1,S,20,1,base,Fixed-small,5,,6,809.0048,908.0268,789.1391,4.8657,15.0,6.0,6.015,7264,7,1,1,1.0,0,0,0,0,0,0
exact,CSDVRP-S-n10-s2,S,10,2,base,VNS,8,,5,386.2368,436.4179,383.4745,2.7622,0.0,5.0,5.029,14596,3,0,0,0.9893,0,0,0,0,0,0
main,CSDVRP-L-n75-s4,L,75,4,base,Roulette-9,9,,25,2205.4229,2460.454,2198.8304,6.5925,0.0,25.0,25.163,1060,24,0,0,0.998,0,0,0,0,0,0
main,CSDVRP-M-n50-s2,M,50,2,base,DRL-ALNS,0,1,15,1508.6225,1677.4231,1500.687,7.9355,0.0,15.0,15.098,1549,17,0,0,0.9985,0,0,0,0,0,0
main,CSDVRP-M-n30-s3,M,30,3,base,Random-9,0,,10,970.8464,1099.7766,968.1897,2.6567,0.0,10.0,10.015,3530,10,0,0,0.9975,0,0,0,0,0,0
main,CSDVRP-L-n100-s0,L,100,0,base,ALNS+,4,,35,3248.332,3458.8862,3233.1214,15.2106,0.0,35.109,35.249,511,32,0,0,0.9984,0,0,0,0,0,0
exact,CSDVRP-S-n10-s3,S,10,3,base,DRL-VNS,2,3,5,398.3226,456.2198,394.9219,3.4007,0.0,5.0,5.01,6592,3,0,0,0.9427,0,0,0,0,0,0
main,CSDVRP-M-n30-s0,M,30,0,base,Marginal-9,4,5,10,1093.1072,1303.6377,1089.1614,3.9457,0.0,10.0,10.06,3448,11,0,0,0.997,0,0,0,0,0,0
main,CSDVRP-S-n15-s5,S,15,5,base,Roulette-9,5,,5,666.5148,800.4223,662.7682,3.7467,0.0,5.0,5.029,8530,5,0,0,0.9993,0,0,0,0,0,0
exact,CSDVRP-S-n6-s4,S,6,4,base,VNS,6,,5,307.1905,316.7228,305.135,2.0555,0.0,5.0,5.028,18463,3,0,0,0.906,0,0,0,0,0,0
exact,CSDVRP-S-n10-s3,S,10,3,base,VNS,8,,5,398.3226,456.2198,394.9219,3.4007,0.0,5.0,5.03,12778,3,0,0,0.9427,0,0,0,0,0,0
case,CSDVRP-CS-Riyadh,case,30,0,base,VNS-9,7,,30,420.8407,711.0291,415.2538,5.5869,0.0,30.0,30.122,12454,4,0,0,0.982,0,0,0,0,0,0
main,CSDVRP-XL-n150-s4,XL,150,4,base,Fixed-small,0,,50,3919.1206,4802.2805,3832.176,11.9446,75.0,50.0,50.163,2699,45,5,5,1.0,0,0,0,0,0,0
main,CSDVRP-L-n75-s3,L,75,3,base,Roulette-9,3,,25,2095.6247,2332.9982,2074.731,5.8937,15.0,25.016,25.166,1200,23,1,1,0.9992,0,0,0,0,0,0
main,CSDVRP-M-n30-s4,M,30,4,base,Random-9,8,,10,926.1273,1151.8487,921.3091,4.8182,0.0,10.0,10.007,4056,10,0,0,0.99,0,0,0,0,0,0
main,CSDVRP-L-n75-s3,L,75,3,base,DRL-ALNS,2,3,25,2178.1806,2332.9982,2170.6588,7.5218,0.0,25.031,25.146,819,26,0,0,0.9952,0,0,0,0,0,0
exact,CSDVRP-S-n6-s2,S,6,2,base,DRL-ALNS,5,1,5,330.2083,334.9047,328.2873,1.921,0.0,5.0,5.005,6374,3,0,0,0.8567,0,0,0,0,0,0
main,CSDVRP-L-n75-s1,L,75,1,base,DRL-ALNS,9,5,25,2247.7291,2408.8056,2239.6462,8.0828,0.0,25.0,25.138,824,26,0,0,0.9932,0,0,0,0,0,0
main,CSDVRP-L-n75-s0,L,75,0,base,Marginal-9,1,2,25,2442.7862,2688.4285,2416.6409,11.1453,15.0,25.031,25.221,1137,24,1,1,0.9984,0,0,0,0,0,0
main,CSDVRP-L-n75-s0,L,75,0,base,Marginal-9,0,1,25,2409.2845,2688.4285,2400.1362,9.1483,0.0,25.0,25.15,1078,24,0,0,0.9984,0,0,0,0,0,0
main,CSDVRP-M-n30-s0,M,30,0,base,ALNS+,3,,10,1150.0877,1303.6377,1115.5825,4.5052,30.0,10.0,10.079,4268,11,2,2,1.0,0,0,0,0,0,0
exact,CSDVRP-S-n10-s5,S,10,5,base,DRL-ALNS,6,2,5,454.5993,485.8354,450.6688,3.9305,0.0,5.0,5.107,5753,3,0,0,0.956,0,0,0,0,0,0
main,CSDVRP-L-n75-s3,L,75,3,base,DRL-VNS,4,5,25,2109.2678,2332.9982,2087.4728,6.795,15.0,25.016,25.135,1093,24,1,1,1.0,0,0,0,0,0,0
main,CSDVRP-M-n50-s1,M,50,1,base,VNS,1,,15,1511.7808,1718.5004,1490.6459,6.1349,15.0,15.0,15.078,3152,15,1,1,1.0,0,0,0,0,0,0
main,CSDVRP-S-n20-s0,S,20,0,base,VNS,8,,6,756.2207,835.2978,752.4896,3.7311,0.0,6.0,6.046,4326,7,0,0,0.9987,0,0,0,0,0,0
main,CSDVRP-M-n30-s0,M,30,0,base,DRL-VNS,2,3,10,1093.0763,1303.6377,1088.8964,4.1799,0.0,10.0,10.06,3395,11,0,0,0.997,0,0,0,0,0,0
main,CSDVRP-M-n30-s2,M,30,2,base,VNS,6,,10,945.7392,1162.4183,941.8287,3.9105,0.0,10.0,10.058,3573,10,0,0,0.9865,0,0,0,0,0,0
main,CSDVRP-S-n20-s2,S,20,2,base,Marginal-9,5,1,6,670.121,732.8183,667.0092,3.1118,0.0,6.0,6.0,4571,7,0,0,0.9933,0,0,0,0,0,0
main,CSDVRP-XL-n150-s2,XL,150,2,base,VNS-9,6,,50,4028.8062,4545.4892,3998.9089,14.8973,15.0,50.0,50.222,1618,45,1,1,1.0,0,0,0,0,0,0
main,CSDVRP-L-n75-s0,L,75,0,base,Marginal-9,6,2,25,2451.1922,2688.4285,2426.0745,10.1177,15.0,25.016,25.166,1087,24,1,1,1.0,0,0,0,0,0,0
main,CSDVRP-S-n15-s2,S,15,2,base,DRL-ALNS,2,3,5,604.4369,645.109,602.0225,2.4144,0.0,5.0,5.027,3824,6,0,0,0.9953,0,0,0,0,0,0
exact,CSDVRP-S-n8-s2,S,8,2,base,Random-9,1,,5,344.8888,398.3755,342.4078,2.481,0.0,5.0,4.995,17378,3,0,0,0.8753,0,0,0,0,0,0
exact,CSDVRP-S-n6-s3,S,6,3,base,Marginal-9,7,3,5,230.2731,253.5784,228.5871,1.686,0.0,5.0,5.015,28301,2,0,0,0.9873,0,0,0,0,0,0
main,CSDVRP-M-n30-s4,M,30,4,base,DRL-ALNS,1,2,10,926.1273,1151.8487,921.3091,4.8182,0.0,10.0,10.076,3574,10,0,0,0.99,0,0,0,0,0,0
main,CSDVRP-S-n15-s1,S,15,1,base,Roulette-9,6,,5,599.6997,675.8866,596.1341,3.5656,0.0,5.0,5.044,6414,6,0,0,0.9,0,0,0,0,0,0
exact,CSDVRP-S-n6-s5,S,6,5,base,Roulette-9,4,,5,347.3173,347.7063,345.0582,2.2591,0.0,5.0,5.029,22520,3,0,0,0.9907,0,0,0,0,0,0
main,CSDVRP-S-n15-s2,S,15,2,base,DRL-ALNS,3,4,5,604.4369,645.109,602.0225,2.4144,0.0,5.0,5.045,4007,6,0,0,0.9953,0,0,0,0,0,0
exact,CSDVRP-S-n8-s3,S,8,3,base,VNS-9,4,,5,339.8466,351.7127,337.5902,2.2564,0.0,5.0,5.045,17961,3,0,0,0.9567,0,0,0,0,0,0
main,CSDVRP-L-n75-s0,L,75,0,base,Roulette-9,9,,25,2410.6264,2688.4285,2401.1797,9.4467,0.0,25.016,25.187,1226,24,0,0,0.9984,0,0,0,0,0,0
exact,CSDVRP-S-n12-s3,S,12,3,base,Random-9,5,,5,522.4878,589.3086,503.6872,3.8005,15.0,5.0,5.013,12067,4,1,1,1.0,0,0,0,0,0,0
exact,CSDVRP-S-n6-s2,S,6,2,base,VNS,9,,5,330.2083,334.9047,328.2873,1.921,0.0,5.0,5.044,16367,3,0,0,0.8567,0,0,0,0,0,0
main,CSDVRP-L-n100-s0,L,100,0,base,VNS-9,5,,35,3107.3437,3458.8862,3094.5364,12.8072,0.0,35.0,35.177,644,32,0,0,0.9976,0,0,0,0,0,0
exact,CSDVRP-S-n10-s3,S,10,3,base,Random-9,7,,5,398.3934,456.2198,394.9219,3.4715,0.0,5.0,5.021,14511,3,0,0,0.9427,0,0,0,0,0,0
main,CSDVRP-M-n50-s4,M,50,4,base,Roulette-9,0,,15,1641.6822,1919.2804,1635.5121,6.1701,0.0,15.0,15.127,2014,16,0,0,0.998,0,0,0,0,0,0
main,CSDVRP-M-n30-s4,M,30,4,base,ALNS+,4,,10,957.3274,1151.8487,922.8587,4.4687,30.0,10.0,10.058,4229,10,1,2,1.0,0,0,0,0,0,0
main,CSDVRP-XL-n150-s4,XL,150,4,base,DRL-ALNS,1,2,50,4059.3598,4802.2805,4039.3323,20.0275,0.0,50.016,50.298,809,44,0,0,0.9983,0,0,0,0,0,0
main,CSDVRP-XL-n150-s1,XL,150,1,base,ALNS+,0,,50,4488.041,4744.1508,4473.8177,14.2233,0.0,50.047,50.24,669,52,0,0,0.9963,0,0,0,0,0,0
main,CSDVRP-XL-n150-s4,XL,150,4,base,Random-9,6,,50,4066.7235,4802.2805,3827.1819,14.5416,225.0,50.031,50.191,1663,44,11,15,1.0,0,0,0,0,0,0
main,CSDVRP-L-n75-s0,L,75,0,base,Marginal-9,2,3,25,2409.8665,2688.4285,2401.1797,8.6868,0.0,25.0,25.096,1190,24,0,0,0.9984,0,0,0,0,0,0
exact,CSDVRP-S-n12-s5,S,12,5,base,ALNS+,3,,5,521.0601,535.5205,517.6832,3.3769,0.0,5.0,5.005,10914,4,0,0,0.978,0,0,0,0,0,0
main,CSDVRP-S-n15-s5,S,15,5,base,Fixed-small,9,,5,666.5148,800.4223,662.7682,3.7467,0.0,5.0,5.014,9958,5,0,0,0.9993,0,0,0,0,0,0
main,CSDVRP-S-n15-s3,S,15,3,base,DRL-VNS,2,3,5,601.4006,692.2972,597.8561,3.5445,0.0,5.0,5.012,4326,6,0,0,0.998,0,0,0,0,0,0
main,CSDVRP-XL-n150-s1,XL,150,1,base,ALNS+,3,,50,4438.9752,4744.1508,4422.7449,16.2303,0.0,50.062,50.303,690,46,0,0,0.9993,0,0,0,0,0,0
exact,CSDVRP-S-n12-s2,S,12,2,base,VNS,5,,5,460.175,518.4642,458.0808,2.0942,0.0,5.0,5.098,11260,4,0,0,0.998,0,0,0,0,0,0
exact,CSDVRP-S-n10-s5,S,10,5,base,VNS-9,3,,5,454.5993,485.8354,450.6688,3.9305,0.0,5.0,5.014,12857,3,0,0,0.956,0,0,0,0,0,0
main,CSDVRP-S-n20-s1,S,20,1,base,Random-9,6,,6,785.2664,908.0268,780.5879,4.6785,0.0,6.0,6.016,5120,7,0,0,0.9833,0,0,0,0,0,0
exact,CSDVRP-S-n12-s3,S,12,3,base,VNS,7,,5,522.4878,589.3086,503.6872,3.8005,15.0,5.0,5.029,9702,4,1,1,1.0,0,0,0,0,0,0
exact,CSDVRP-S-n6-s2,S,6,2,base,Roulette-9,0,,5,330.7872,334.9047,328.2873,2.4999,0.0,5.0,5.013,17713,3,0,0,0.8567,0,0,0,0,0,0
main,CSDVRP-M-n30-s4,M,30,4,base,DRL-VNS,5,1,10,926.1514,1151.8487,921.3091,4.8423,0.0,10.0,10.064,3267,10,0,0,0.99,0,0,0,0,0,0
main,CSDVRP-M-n30-s5,M,30,5,base,Fixed-small,2,,10,1134.7939,1247.2838,1129.9651,4.8289,0.0,10.0,10.026,5110,11,0,0,0.962,0,0,0,0,0,0
main,CSDVRP-M-n30-s1,M,30,1,base,ALNS+,6,,10,1063.5361,1231.1888,1029.321,4.2151,30.0,10.0,10.06,4129,10,2,2,1.0,0,0,0,0,0,0
main,CSDVRP-S-n20-s0,S,20,0,base,Marginal-9,5,1,6,756.2207,835.2978,752.4896,3.7311,0.0,6.0,6.045,4833,7,0,0,0.9987,0,0,0,0,0,0
main,CSDVRP-S-n20-s1,S,20,1,base,Fixed-small,9,,6,785.3009,908.0268,780.5879,4.713,0.0,6.0,6.045,7565,7,0,0,0.9833,0,0,0,0,0,0
main,CSDVRP-XL-n150-s1,XL,150,1,base,Random-9,2,,50,4218.0576,4744.1508,4171.7168,16.3408,30.0,50.0,50.183,1567,45,1,2,1.0,0,0,0,0,0,0
main,CSDVRP-S-n20-s1,S,20,1,base,ALNS+,3,,6,785.8175,908.0268,780.5879,5.2296,0.0,6.0,6.046,5333,7,0,0,0.9833,0,0,0,0,0,0
exact,CSDVRP-S-n10-s3,S,10,3,base,Marginal-9,4,5,5,398.3934,456.2198,394.9219,3.4715,0.0,5.0,4.998,13002,3,0,0,0.9427,0,0,0,0,0,0
main,CSDVRP-S-n20-s4,S,20,4,base,Roulette-9,9,,6,719.4697,798.0501,715.5041,3.9656,0.0,6.0,6.044,4976,7,0,0,0.986,0,0,0,0,0,0
main,CSDVRP-M-n50-s0,M,50,0,base,Roulette-9,6,,15,1705.5052,1986.2853,1699.1272,6.3781,0.0,15.0,15.142,2289,16,0,0,0.9865,0,0,0,0,0,0
main,CSDVRP-S-n20-s1,S,20,1,base,DRL-VNS,8,4,6,785.2664,908.0268,780.5879,4.6785,0.0,6.0,6.04,3885,7,0,0,0.9833,0,0,0,0,0,0
main,CSDVRP-M-n50-s2,M,50,2,base,Random-9,2,,15,1468.115,1677.4231,1462.0673,6.0477,0.0,15.0,15.09,1758,16,0,0,0.9985,0,0,0,0,0,0
main,CSDVRP-L-n100-s5,L,100,5,base,ALNS+,3,,35,2813.5179,3154.3549,2664.5743,13.9436,135.0,35.047,35.246,532,30,5,9,1.0,0,0,0,0,0,0
exact,CSDVRP-S-n12-s5,S,12,5,base,Fixed-small,8,,5,521.1985,535.5205,517.6832,3.5154,0.0,5.0,5.047,12504,4,0,0,0.978,0,0,0,0,0,0
main,CSDVRP-M-n30-s1,M,30,1,base,Marginal-9,7,3,10,1049.5384,1231.1888,1030.777,3.7614,15.0,10.0,10.032,3940,10,1,1,1.0,0,0,0,0,0,0
main,CSDVRP-L-n100-s0,L,100,0,base,DRL-VNS,7,3,35,3085.4983,3458.8862,3072.3554,13.1429,0.0,35.078,35.255,760,31,0,0,0.9984,0,0,0,0,0,0
main,CSDVRP-M-n50-s5,M,50,5,base,DRL-VNS,9,5,15,1619.4329,1904.3598,1581.6102,7.8227,30.0,15.0,15.069,1733,15,2,2,1.0,0,0,0,0,0,0
exact,CSDVRP-S-n8-s1,S,8,1,base,VNS,7,,5,335.8429,376.3954,333.6723,2.1706,0.0,5.0,5.023,16761,3,0,0,0.9073,0,0,0,0,0,0
main,CSDVRP-S-n15-s0,S,15,0,base,Roulette-9,0,,5,606.5233,666.3141,602.2712,4.2521,0.0,5.0,5.015,7135,5,0,0,0.9927,0,0,0,0,0,0
exact,CSDVRP-S-n10-s5,S,10,5,base,Fixed-small,2,,5,454.5993,485.8354,450.6688,3.9305,0.0,5.0,5.06,14831,3,0,0,0.956,0,0,0,0,0,0
exact,CSDVRP-S-n12-s4,S,12,4,base,ALNS+,4,,5,487.5063,536.3904,484.4937,3.0126,0.0,5.0,4.997,11749,4,0,0,0.9867,0,0,0,0,0,0
exact,CSDVRP-S-n6-s5,S,6,5,base,Roulette-9,3,,5,347.3173,347.7063,345.0582,2.2591,0.0,5.0,5.014,22905,3,0,0,0.9907,0,0,0,0,0,0
main,CSDVRP-S-n15-s2,S,15,2,base,VNS,7,,5,604.4369,645.109,602.0225,2.4144,0.0,5.0,5.014,5169,6,0,0,0.9953,0,0,0,0,0,0
main,CSDVRP-S-n15-s2,S,15,2,base,VNS-9,9,,5,604.4369,645.109,602.0225,2.4144,0.0,5.0,5.016,6584,6,0,0,0.9953,0,0,0,0,0,0
exact,CSDVRP-S-n6-s3,S,6,3,base,Roulette-9,0,,5,230.2731,253.5784,228.5871,1.686,0.0,5.0,4.999,27478,2,0,0,0.9873,0,0,0,0,0,0
exact,CSDVRP-S-n12-s4,S,12,4,base,Marginal-9,0,1,5,487.5063,536.3904,484.4937,3.0126,0.0,5.0,5.013,10692,4,0,0,0.9867,0,0,0,0,0,0
main,CSDVRP-S-n15-s2,S,15,2,base,ALNS+,8,,5,604.4369,645.109,602.0225,2.4144,0.0,5.0,5.046,7589,6,0,0,0.9953,0,0,0,0,0,0
main,CSDVRP-L-n100-s2,L,100,2,base,Random-9,2,,35,2834.6044,3167.7225,2793.4852,11.1192,30.0,35.0,35.112,756,30,1,2,1.0,0,0,0,0,0,0
exact,CSDVRP-S-n12-s5,S,12,5,base,VNS,6,,5,521.0601,535.5205,517.6832,3.3769,0.0,5.0,5.007,8763,4,0,0,0.978,0,0,0,0,0,0
main,CSDVRP-S-n20-s5,S,20,5,base,VNS,1,,6,763.1659,865.7,758.6853,4.4806,0.0,6.0,6.017,4528,7,0,0,0.9947,0,0,0,0,0,0
main,CSDVRP-XL-n150-s4,XL,150,4,base,VNS-9,0,,50,3929.0457,4802.2805,3870.0783,13.9674,45.0,50.047,50.276,1542,47,2,3,1.0,0,0,0,0,0,0
main,CSDVRP-S-n20-s5,S,20,5,base,Random-9,9,,6,763.1659,865.7,758.6853,4.4806,0.0,6.0,6.061,5862,7,0,0,0.9947,0,0,0,0,0,0
exact,CSDVRP-S-n10-s1,S,10,1,base,Roulette-9,9,,5,394.7924,479.2322,392.2685,2.5239,0.0,5.0,5.013,8946,4,0,0,0.9253,0,0,0,0,0,0
main,CSDVRP-M-n50-s0,M,50,0,base,VNS,6,,15,1744.6247,1986.2853,1707.3525,7.2722,30.0,15.0,15.078,2592,16,1,2,1.0,0,0,0,0,0,0
exact,CSDVRP-S-n12-s5,S,12,5,base,VNS,4,,5,521.0601,535.5205,517.6832,3.3769,0.0,5.0,5.012,8675,4,0,0,0.978,0,0,0,0,0,0
main,CSDVRP-L-n75-s0,L,75,0,base,Marginal-9,5,1,25,2450.8861,2688.4285,2440.2487,10.6374,0.0,25.016,25.211,1011,24,0,0,0.996,0,0,0,0,0,0
exact,CSDVRP-S-n8-s4,S,8,4,base,DRL-VNS,2,3,5,359.1905,397.2233,357.0731,2.1174,0.0,5.0,5.003,6964,3,0,0,0.8793,0,0,0,0,0,0
exact,CSDVRP-S-n10-s4,S,10,4,base,VNS,5,,5,387.4582,460.8567,384.9244,2.5338,0.0,5.0,5.013,14213,3,0,0,0.98,0,0,0,0,0,0
main,CSDVRP-S-n15-s5,S,15,5,base,Roulette-9,9,,5,666.5148,800.4223,662.7682,3.7467,0.0,5.0,5.03,8531,5,0,0,0.9993,0,0,0,0,0,0
main,CSDVRP-L-n75-s2,L,75,2,base,DRL-VNS,0,1,25,2091.379,2442.0216,2066.0062,10.3728,15.0,25.0,25.167,1141,22,1,1,1.0,0,0,0,0,0,0
main,CSDVRP-L-n100-s2,L,100,2,base,VNS-9,5,,35,2841.0242,3167.7225,2828.5213,12.5029,0.0,35.031,35.214,786,30,0,0,0.9976,0,0,0,0,0,0
main,CSDVRP-L-n100-s5,L,100,5,base,VNS-9,4,,35,2633.6691,3154.3549,2576.9432,11.7259,45.0,35.016,35.115,819,30,2,3,0.9992,0,0,0,0,0,0
main,CSDVRP-M-n30-s4,M,30,4,base,DRL-VNS,4,5,10,926.1514,1151.8487,921.3091,4.8423,0.0,10.0,9.993,3169,10,0,0,0.99,0,0,0,0,0,0
main,CSDVRP-L-n100-s3,L,100,3,base,Marginal-9,4,5,35,2720.3255,3095.0715,2708.3095,12.016,0.0,35.062,35.206,646,31,0,0,1.0,0,0,0,0,0,0
main,CSDVRP-M-n30-s3,M,30,3,base,Marginal-9,8,4,10,969.1696,1099.7766,965.9069,3.2627,0.0,10.0,10.087,4016,10,0,0,0.988,0,0,0,0,0,0
main,CSDVRP-M-n30-s4,M,30,4,base,Marginal-9,7,3,10,926.1273,1151.8487,921.3091,4.8182,0.0,10.0,10.058,3998,10,0,0,0.99,0,0,0,0,0,0
exact,CSDVRP-S-n12-s5,S,12,5,base,Roulette-9,7,,5,521.0601,535.5205,517.6832,3.3769,0.0,5.0,5.013,9600,4,0,0,0.978,0,0,0,0,0,0
main,CSDVRP-S-n15-s3,S,15,3,base,VNS-9,0,,5,601.4006,692.2972,597.8561,3.5445,0.0,5.0,4.998,6948,6,0,0,0.998,0,0,0,0,0,0
exact,CSDVRP-S-n6-s4,S,6,4,base,Fixed-small,5,,5,307.3738,316.7228,305.135,2.2389,0.0,5.0,5.061,19538,3,0,0,0.906,0,0,0,0,0,0
exact,CSDVRP-S-n8-s5,S,8,5,base,DRL-ALNS,1,2,5,423.2126,427.0275,419.9371,3.2754,0.0,5.0,4.998,6220,3,0,0,0.894,0,0,0,0,0,0
main,CSDVRP-L-n75-s1,L,75,1,base,VNS,6,,25,2103.0131,2408.8056,2050.9687,7.0444,45.0,25.016,25.204,1757,23,3,3,1.0,0,0,0,0,0,0
main,CSDVRP-XL-n150-s3,XL,150,3,base,VNS-9,7,,50,3848.8448,4237.9876,3833.5198,15.325,0.0,50.016,50.273,1610,44,0,0,0.9973,0,0,0,0,0,0
main,CSDVRP-S-n20-s4,S,20,4,base,Marginal-9,8,4,6,719.4697,798.0501,715.5041,3.9656,0.0,6.0,6.002,4730,7,0,0,0.986,0,0,0,0,0,0
main,CSDVRP-M-n50-s2,M,50,2,base,Roulette-9,5,,15,1468.4173,1677.4231,1462.0673,6.35,0.0,15.0,15.136,1842,16,0,0,0.9985,0,0,0,0,0,0
main,CSDVRP-XL-n150-s3,XL,150,3,base,DRL-ALNS,2,3,50,3988.0042,4237.9876,3971.6847,16.3195,0.0,50.047,50.37,663,48,0,0,0.9953,0,0,0,0,0,0
main,CSDVRP-XL-n150-s1,XL,150,1,base,VNS-9,8,,50,4301.3851,4744.1508,4182.0381,14.3471,105.0,50.031,50.218,1614,45,5,7,1.0,0,0,0,0,0,0
main,CSDVRP-M-n50-s1,M,50,1,base,VNS-9,9,,15,1498.2497,1718.5004,1477.1339,6.1158,15.0,15.0,15.05,2078,15,1,1,1.0,0,0,0,0,0,0
exact,CSDVRP-S-n6-s2,S,6,2,base,ALNS+,6,,5,330.2083,334.9047,328.2873,1.921,0.0,5.0,5.027,17634,3,0,0,0.8567,0,0,0,0,0,0
exact,CSDVRP-S-n12-s5,S,12,5,base,Roulette-9,0,,5,521.0601,535.5205,517.6832,3.3769,0.0,5.0,5.014,9592,4,0,0,0.978,0,0,0,0,0,0
main,CSDVRP-L-n75-s0,L,75,0,base,Random-9,8,,25,2410.8358,2688.4285,2401.1797,9.6561,0.0,25.0,25.105,1204,24,0,0,0.9984,0,0,0,0,0,0
main,CSDVRP-S-n15-s2,S,15,2,base,ALNS+,7,,5,604.4369,645.109,602.0225,2.4144,0.0,5.0,5.047,7536,6,0,0,0.9953,0,0,0,0,0,0
exact,CSDVRP-S-n12-s4,S,12,4,base,Marginal-9,8,4,5,487.5063,536.3904,484.4937,3.0126,0.0,5.0,5.014,10955,4,0,0,0.9867,0,0,0,0,0,0
main,CSDVRP-L-n75-s3,L,75,3,base,Roulette-9,8,,25,2095.5313,2332.9982,2073.6564,6.8749,15.0,25.0,25.16,1218,24,1,1,1.0,0,0,0,0,0,0
main,CSDVRP-S-n15-s2,S,15,2,base,DRL-VNS,9,5,5,604.4369,645.109,602.0225,2.4144,0.0,5.0,5.022,4098,6,0,0,0.9953,0,0,0,0,0,0
main,CSDVRP-L-n100-s0,L,100,0,base,Roulette-9,6,,35,3091.5838,3458.8862,3078.504,13.0798,0.0,35.031,35.168,773,31,0,0,1.0,0,0,0,0,0,0
exact,CSDVRP-S-n10-s5,S,10,5,base,Fixed-small,8,,5,454.5993,485.8354,450.6688,3.9305,0.0,5.0,5.046,14739,3,0,0,0.956,0,0,0,0,0,0
main,CSDVRP-M-n50-s4,M,50,4,base,ALNS+,2,,15,1634.9626,1919.2804,1598.6358,6.3268,30.0,15.0,15.107,1742,16,2,2,1.0,0,0,0,0,0,0
main,CSDVRP-L-n100-s3,L,100,3,base,ALNS+,8,,35,2834.4835,3095.0715,2823.2281,11.2554,0.0,35.0,35.149,528,35,0,0,0.988,0,0,0,0,0,0
exact,CSDVRP-S-n6-s1,S,6,1,base,DRL-VNS,9,5,5,341.7876,362.2464,340.1093,1.6783,0.0,5.0,5.048,7892,3,0,0,0.926,0,0,0,0,0,0
main,CSDVRP-XL-n150-s5,XL,150,5,base,Fixed-small,1,,50,3932.7323,4291.4727,3915.6977,17.0346,0.0,50.0,50.187,2232,46,0,0,0.9973,0,0,0,0,0,0
main,CSDVRP-S-n15-s3,S,15,3,base,Marginal-9,9,5,5,601.4006,692.2972,597.8561,3.5445,0.0,5.0,4.996,6518,6,0,0,0.998,0,0,0,0,0,0
main,CSDVRP-XL-n150-s0,XL,150,0,base,Marginal-9,4,5,50,4431.4517,5021.4451,4413.7226,17.7291,0.0,50.0,50.172,1424,47,0,0,0.9987,0,0,0,0,0,0
exact,CSDVRP-S-n12-s5,S,12,5,base,Roulette-9,4,,5,521.0601,535.5205,517.6832,3.3769,0.0,5.0,5.058,9565,4,0,0,0.978,0,0,0,0,0,0
main,CSDVRP-L-n100-s3,L,100,3,base,ALNS+,6,,35,2849.5395,3095.0715,2838.535,11.0045,0.0,35.0,35.162,514,35,0,0,0.9852,0,0,0,0,0,0
exact,CSDVRP-S-n12-s5,S,12,5,base,VNS,7,,5,521.0601,535.5205,517.6832,3.3769,0.0,5.0,5.02,8933,4,0,0,0.978,0,0,0,0,0,0
main,CSDVRP-XL-n150-s0,XL,150,0,base,Marginal-9,0,1,50,4390.7436,5021.4451,4372.0956,18.648,0.0,50.031,50.271,1579,46,0,0,0.9983,0,0,0,0,0,0
main,CSDVRP-L-n75-s0,L,75,0,base,VNS,4,,25,2435.7345,2688.4285,2425.818,9.9166,0.0,25.0,25.102,1748,24,0,0,0.9984,0,0,0,0,0,0
main,CSDVRP-L-n100-s1,L,100,1,base,DRL-ALNS,4,5,35,2783.9433,3146.4881,2769.7108,14.2325,0.0,35.0,35.174,547,31,0,0,0.9996,0,0,0,0,0,0
exact,CSDVRP-S-n6-s4,S,6,4,base,Roulette-9,1,,5,307.3738,316.7228,305.135,2.2389,0.0,5.0,4.99,18448,3,0,0,0.906,0,0,0,0,0,0
main,CSDVRP-L-n100-s5,L,100,5,base,VNS-9,8,,35,2647.5677,3154.3549,2574.1222,13.4455,60.0,35.047,35.156,693,30,2,4,1.0,0,0,0,0,0,0
main,CSDVRP-S-n15-s3,S,15,3,base,ALNS+,3,,5,605.368,692.2972,602.0686,3.2994,0.0,5.0,5.043,7942,6,0,0,0.9787,0,0,0,0,0,0
main,CSDVRP-L-n75-s5,L,75,5,base,Random-9,7,,25,2101.3153,2327.4464,2092.8278,8.4875,0.0,25.0,25.202,1146,23,0,0,0.9924,0,0,0,0,0,0
main,CSDVRP-M-n50-s1,M,50,1,base,Random-9,6,,15,1507.8221,1718.5004,1502.1886,5.6335,0.0,15.0,15.096,2014,15,0,0,0.995,0,0,0,0,0,0
main,CSDVRP-L-n75-s2,L,75,2,base,Roulette-9,8,,25,2110.6263,2442.0216,2056.5559,9.0704,45.0,25.0,25.134,1361,22,2,3,1.0,0,0,0,0,0,0
exact,CSDVRP-S-n8-s1,S,8,1,base,VNS,3,,5,335.8429,376.3954,333.6723,2.1706,0.0,5.0,5.059,16739,3,0,0,0.9073,0,0,0,0,0,0
main,CSDVRP-S-n20-s4,S,20,4,base,Marginal-9,2,3,6,719.4697,798.0501,715.5041,3.9656,0.0,6.0,6.015,5018,7,0,0,0.986,0,0,0,0,0,0
main,CSDVRP-S-n15-s4,S,15,4,base,DRL-VNS,0,1,5,585.7427,624.2332,582.2908,3.4519,0.0,5.0,5.058,4452,6,0,0,0.9347,0,0,0,0,0,0
main,CSDVRP-L-n100-s2,L,100,2,base,VNS,5,,35,2830.8932,3167.7225,2819.9095,10.9837,0.0,35.031,35.15,965,30,0,0,0.9976,0,0,0,0,0,0
main,CSDVRP-S-n20-s1,S,20,1,base,ALNS+,2,,6,801.9747,908.0268,796.208,5.7667,0.0,6.0,6.048,5419,7,0,0,0.9833,0,0,0,0,0,0
main,CSDVRP-L-n100-s1,L,100,1,base,VNS-9,2,,35,2657.0174,3146.4881,2646.0188,10.9986,0.0,35.016,35.156,766,29,0,0,0.9996,0,0,0,0,0,0
main,CSDVRP-L-n75-s1,L,75,1,base,DRL-VNS,3,4,25,2078.9183,2408.8056,2055.6018,8.3165,15.0,25.016,25.173,1095,23,1,1,1.0,0,0,0,0,0,0
exact,CSDVRP-S-n8-s3,S,8,3,base,VNS-9,3,,5,339.8466,351.7127,337.5902,2.2564,0.0,5.0,5.069,17972,3,0,0,0.9567,0,0,0,0,0,0
main,CSDVRP-S-n20-s1,S,20,1,base,Roulette-9,6,,6,785.2664,908.0268,780.5879,4.6785,0.0,6.0,6.044,5069,7,0,0,0.9833,0,0,0,0,0,0
main,CSDVRP-L-n100-s2,L,100,2,base,DRL-ALNS,8,4,35,2916.9162,3167.7225,2901.1658,15.7504,0.0,35.016,35.174,558,31,0,0,0.9972,0,0,0,0,0,0
main,CSDVRP-L-n75-s5,L,75,5,base,ALNS+,9,,25,2188.4542,2327.4464,2178.7606,9.6936,0.0,25.0,25.167,1100,24,0,0,0.9984,0,0,0,0,0,0
exact,CSDVRP-S-n10-s4,S,10,4,base,VNS,9,,5,387.4582,460.8567,384.9244,2.5338,0.0,5.0,5.011,14069,3,0,0,0.98,0,0,0,0,0,0
main,CSDVRP-L-n75-s1,L,75,1,base,DRL-ALNS,1,2,25,2224.8077,2408.8056,2156.3859,8.4218,60.0,25.031,25.176,963,24,2,4,1.0,0,0,0,0,0,0
main,CSDVRP-S-n20-s4,S,20,4,base,DRL-VNS,6,2,6,719.4697,798.0501,715.5041,3.9656,0.0,6.0,6.008,3509,7,0,0,0.986,0,0,0,0,0,0
main,CSDVRP-M-n50-s1,M,50,1,base,DRL-ALNS,1,2,15,1557.454,1718.5004,1519.7261,7.7279,30.0,15.0,15.059,1715,16,2,2,1.0,0,0,0,0,0,0
exact,CSDVRP-S-n12-s1,S,12,1,base,VNS,7,,5,511.4838,602.7068,507.9062,3.5776,0.0,5.0,5.014,8365,4,0,0,0.994,0,0,0,0,0,0
main,CSDVRP-L-n75-s5,L,75,5,base,DRL-VNS,3,4,25,2083.5749,2327.4464,2076.1609,7.4139,0.0,25.0,25.182,1222,22,0,0,0.992,0,0,0,0,0,0
main,CSDVRP-S-n15-s5,S,15,5,base,DRL-ALNS,1,2,5,675.3233,800.4223,670.5069,4.8163,0.0,5.0,5.033,4257,6,0,0,0.998,0,0,0,0,0,0
exact,CSDVRP-S-n8-s5,S,8,5,base,ALNS+,6,,5,423.2126,427.0275,419.9371,3.2754,0.0,5.0,5.012,16103,3,0,0,0.894,0,0,0,0,0,0
main,CSDVRP-L-n100-s0,L,100,0,base,VNS,4,,35,3085.3438,3458.8862,3041.2624,14.0813,30.0,35.0,35.232,909,31,1,2,1.0,0,0,0,0,0,0
main,CSDVRP-S-n20-s5,S,20,5,base,ALNS+,5,,6,763.1659,865.7,758.6853,4.4806,0.0,6.0,6.014,6264,7,0,0,0.9947,0,0,0,0,0,0
main,CSDVRP-L-n100-s5,L,100,5,base,Marginal-9,1,2,35,2560.2458,3154.3549,2546.8633,13.3825,0.0,35.0,35.188,899,30,0,0,0.9992,0,0,0,0,0,0
exact,CSDVRP-S-n10-s1,S,10,1,base,ALNS+,4,,5,394.7924,479.2322,392.2685,2.5239,0.0,5.0,5.027,11638,4,0,0,0.9253,0,0,0,0,0,0
main,CSDVRP-S-n15-s2,S,15,2,base,Marginal-9,6,2,5,604.4369,645.109,602.0225,2.4144,0.0,5.0,4.999,6723,6,0,0,0.9953,0,0,0,0,0,0
exact,CSDVRP-S-n10-s1,S,10,1,base,Roulette-9,4,,5,394.7924,479.2322,392.2685,2.5239,0.0,5.0,5.012,8721,4,0,0,0.9253,0,0,0,0,0,0
exact,CSDVRP-S-n12-s2,S,12,2,base,DRL-VNS,0,1,5,460.175,518.4642,458.0808,2.0942,0.0,5.0,5.044,6308,4,0,0,0.998,0,0,0,0,0,0
exact,CSDVRP-S-n6-s4,S,6,4,base,DRL-ALNS,4,5,5,307.1905,316.7228,305.135,2.0555,0.0,5.0,5.013,6388,3,0,0,0.906,0,0,0,0,0,0
main,CSDVRP-S-n20-s0,S,20,0,base,VNS-9,6,,6,756.3441,835.2978,752.4896,3.8544,0.0,6.0,6.046,4936,7,0,0,0.9987,0,0,0,0,0,0
main,CSDVRP-S-n20-s1,S,20,1,base,VNS,3,,6,785.2664,908.0268,780.5879,4.6785,0.0,6.0,6.046,4323,7,0,0,0.9833,0,0,0,0,0,0
exact,CSDVRP-S-n8-s2,S,8,2,base,VNS,7,,5,344.8888,398.3755,342.4078,2.481,0.0,5.0,5.012,14430,3,0,0,0.8753,0,0,0,0,0,0
main,CSDVRP-M-n50-s3,M,50,3,base,Roulette-9,4,,15,1399.5391,1746.7745,1393.2711,6.268,0.0,15.0,15.047,2067,15,0,0,0.994,0,0,0,0,0,0
main,CSDVRP-L-n100-s0,L,100,0,base,DRL-VNS,8,4,35,3099.6499,3458.8862,3087.1937,12.4562,0.0,35.0,35.071,604,31,0,0,0.9972,0,0,0,0,0,0
main,CSDVRP-L-n100-s2,L,100,2,base,Roulette-9,6,,35,2770.7912,3167.7225,2758.9756,11.8156,0.0,35.031,35.274,838,29,0,0,0.9976,0,0,0,0,0,0
exact,CSDVRP-S-n10-s3,S,10,3,base,Random-9,3,,5,398.3934,456.2198,394.9219,3.4715,0.0,5.0,5.035,14550,3,0,0,0.9427,0,0,0,0,0,0
exact,CSDVRP-S-n12-s4,S,12,4,base,ALNS+,6,,5,487.5063,536.3904,484.4937,3.0126,0.0,5.0,5.015,11653,4,0,0,0.9867,0,0,0,0,0,0
main,CSDVRP-M-n30-s4,M,30,4,base,VNS,9,,10,926.1514,1151.8487,921.3091,4.8423,0.0,10.0,10.092,3837,10,0,0,0.99,0,0,0,0,0,0
main,CSDVRP-S-n20-s1,S,20,1,base,Marginal-9,1,2,6,785.2664,908.0268,780.5879,4.6785,0.0,6.0,6.045,5324,7,0,0,0.9833,0,0,0,0,0,0
exact,CSDVRP-S-n8-s5,S,8,5,base,ALNS+,9,,5,423.2126,427.0275,419.9371,3.2754,0.0,5.0,5.028,16383,3,0,0,0.894,0,0,0,0,0,0
main,CSDVRP-L-n75-s1,L,75,1,base,DRL-ALNS,3,4,25,2178.6903,2408.8056,2169.4194,9.2709,0.0,25.031,25.145,961,25,0,0,0.9932,0,0,0,0,0,0
exact,CSDVRP-S-n8-s4,S,8,4,base,Roulette-9,4,,5,359.1905,397.2233,357.0731,2.1174,0.0,5.0,5.022,15260,3,0,0,0.8793,0,0,0,0,0,0
main,CSDVRP-M-n50-s1,M,50,1,base,Roulette-9,1,,15,1518.8406,1718.5004,1513.1913,5.6493,0.0,15.0,15.064,1845,16,0,0,0.994,0,0,0,0,0,0
main,CSDVRP-L-n75-s0,L,75,0,base,VNS-9,7,,25,2409.4584,2688.4285,2400.1362,9.3222,0.0,25.0,25.113,1151,24,0,0,0.9984,0,0,0,0,0,0
main,CSDVRP-M-n30-s0,M,30,0,base,Marginal-9,1,2,10,1093.2446,1303.6377,1088.8964,4.3482,0.0,10.0,9.99,4072,11,0,0,0.997,0,0,0,0,0,0
exact,CSDVRP-S-n8-s5,S,8,5,base,DRL-VNS,0,1,5,423.2126,427.0275,419.9371,3.2754,0.0,5.0,5.028,6842,3,0,0,0.894,0,0,0,0,0,0
main,CSDVRP-L-n100-s3,L,100,3,base,Fixed-small,6,,35,2706.2258,3095.0715,2696.0324,10.1934,0.0,35.0,35.177,1339,31,0,0,0.9996,0,0,0,0,0,0
main,CSDVRP-S-n20-s4,S,20,4,base,VNS,2,,6,719.4697,798.0501,715.5041,3.9656,0.0,6.0,6.069,4614,7,0,0,0.986,0,0,0,0,0,0
main,CSDVRP-M-n30-s0,M,30,0,base,DRL-ALNS,1,2,10,1109.3921,1303.6377,1103.9946,5.3975,0.0,10.0,10.047,3375,11,0,0,0.997,0,0,0,0,0,0
exact,CSDVRP-S-n6-s3,S,6,3,base,Random-9,8,,5,230.2731,253.5784,228.5871,1.686,0.0,5.0,4.994,29774,2,0,0,0.9873,0,0,0,0,0,0
exact,CSDVRP-S-n10-s1,S,10,1,base,VNS,4,,5,394.7924,479.2322,392.2685,2.5239,0.0,5.0,5.077,9059,4,0,0,0.9253,0,0,0,0,0,0
main,CSDVRP-M-n30-s1,M,30,1,base,VNS-9,4,,10,1050.3053,1231.1888,1031.6902,3.6151,15.0,10.0,10.154,3424,10,1,1,1.0,0,0,0,0,0,0
exact,CSDVRP-S-n12-s1,S,12,1,base,VNS,4,,5,511.4838,602.7068,507.9062,3.5776,0.0,5.0,5.014,8522,4,0,0,0.994,0,0,0,0,0,0
exact,CSDVRP-S-n8-s4,S,8,4,base,VNS,7,,5,359.1905,397.2233,357.0731,2.1174,0.0,5.0,5.014,14958,3,0,0,0.8793,0,0,0,0,0,0
main,CSDVRP-L-n100-s3,L,100,3,base,VNS,5,,35,2710.5307,3095.0715,2671.2464,9.2843,30.0,35.031,35.233,1013,30,1,2,1.0,0,0,0,0,0,0
main,CSDVRP-L-n75-s1,L,75,1,base,DRL-VNS,0,1,25,2089.0188,2408.8056,2065.6503,8.3685,15.0,25.0,25.089,1077,23,1,1,1.0,0,0,0,0,0,0
main,CSDVRP-M-n50-s0,M,50,0,base,Fixed-small,4,,15,1708.135,1986.2853,1700.9035,7.2315,0.0,15.0,15.062,2955,16,0,0,0.9865,0,0,0,0,0,0
main,CSDVRP-XL-n150-s1,XL,150,1,base,DRL-ALNS,5,1,50,4409.8712,4744.1508,4395.4403,14.4309,0.0,50.0,50.296,728,48,0,0,0.9993,0,0,0,0,0,0
exact,CSDVRP-S-n10-s5,S,10,5,base,Fixed-small,4,,5,454.5993,485.8354,450.6688,3.9305,0.0,5.0,5.056,14721,3,0,0,0.956,0,0,0,0,0,0
main,CSDVRP-M-n30-s0,M,30,0,base,Random-9,8,,10,1113.1257,1303.6377,1093.7948,4.3309,15.0,10.0,10.032,3865,11,1,1,1.0,0,0,0,0,0,0
main,CSDVRP-L-n100-s0,L,100,0,base,Marginal-9,1,2,35,3103.6959,3458.8862,3045.7757,12.9203,45.0,35.016,35.187,682,31,2,3,1.0,0,0,0,0,0,0
main,CSDVRP-S-n15-s4,S,15,4,base,Marginal-9,5,1,5,585.7427,624.2332,582.2908,3.4519,0.0,5.0,4.995,6950,6,0,0,0.9347,0,0,0,0,0,0
main,CSDVRP-XL-n150-s3,XL,150,3,base,Marginal-9,6,2,50,3806.8057,4237.9876,3790.0725,16.7332,0.0,50.0,50.191,1605,44,0,0,0.9983,0,0,0,0,0,0
main,CSDVRP-M-n50-s4,M,50,4,base,ALNS+,9,,15,1634.0461,1919.2804,1597.7813,6.2648,30.0,15.0,15.071,1798,16,2,2,1.0,0,0,0,0,0,0
exact,CSDVRP-S-n12-s4,S,12,4,base,ALNS+,8,,5,487.5063,536.3904,484.4937,3.0126,0.0,5.0,5.012,11796,4,0,0,0.9867,0,0,0,0,0,0
main,CSDVRP-S-n20-s3,S,20,3,base,VNS,7,,6,691.4555,797.0264,687.1116,4.3439,0.0,6.0,5.998,4326,7,0,0,0.9707,0,0,0,0,0,0
main,CSDVRP-M-n50-s3,M,50,3,base,Random-9,0,,15,1399.2602,1746.7745,1392.5811,6.6791,0.0,15.0,15.105,1952,15,0,0,0.994,0,0,0,0,0,0
main,CSDVRP-S-n20-s0,S,20,0,base,Roulette-9,1,,6,756.2207,835.2978,752.4896,3.7311,0.0,6.0,6.002,4807,7,0,0,0.9987,0,0,0,0,0,0
main,CSDVRP-L-n75-s1,L,75,1,base,Marginal-9,1,2,25,2110.8079,2408.8056,2057.3729,8.4349,45.0,25.0,25.085,1115,23,3,3,1.0,0,0,0,0,0,0
exact,CSDVRP-S-n10-s4,S,10,4,base,DRL-ALNS,4,5,5,387.4582,460.8567,384.9244,2.5338,0.0,5.0,5.034,6192,3,0,0,0.98,0,0,0,0,0,0
exact,CSDVRP-S-n6-s4,S,6,4,base,VNS,9,,5,307.1905,316.7228,305.135,2.0555,0.0,5.0,4.998,18293,3,0,0,0.906,0,0,0,0,0,0
main,CSDVRP-S-n15-s1,S,15,1,base,ALNS+,7,,5,614.9486,675.8866,610.5403,4.4083,0.0,5.0,5.028,8148,5,0,0,0.9893,0,0,0,0,0,0
main,CSDVRP-M-n30-s1,M,30,1,base,VNS,7,,10,1049.5075,1231.1888,1030.777,3.7305,15.0,10.0,10.077,3917,10,1,1,1.0,0,0,0,0,0,0
main,CSDVRP-S-n20-s2,S,20,2,base,Roulette-9,7,,6,670.121,732.8183,667.0092,3.1118,0.0,6.0,6.013,4750,7,0,0,0.9933,0,0,0,0,0,0
exact,CSDVRP-S-n6-s3,S,6,3,base,VNS-9,4,,5,230.2731,253.5784,228.5871,1.686,0.0,5.0,5.029,30409,2,0,0,0.9873,0,0,0,0,0,0
main,CSDVRP-XL-n150-s4,XL,150,4,base,Roulette-9,5,,50,3991.1508,4802.2805,3782.5475,13.6033,195.0,50.0,50.227,1930,44,9,13,1.0,0,0,0,0,0,0
exact,CSDVRP-S-n8-s2,S,8,2,base,Roulette-9,8,,5,344.8888,398.3755,342.4078,2.481,0.0,5.0,5.019,16159,3,0,0,0.8753,0,0,0,0,0,0
exact,CSDVRP-S-n6-s3,S,6,3,base,Marginal-9,1,2,5,230.2731,253.5784,228.5871,1.686,0.0,5.0,5.03,27628,2,0,0,0.9873,0,0,0,0,0,0
main,CSDVRP-M-n50-s0,M,50,0,base,VNS-9,3,,15,1708.2931,1986.2853,1700.9035,7.3896,0.0,15.0,15.05,2074,16,0,0,0.9865,0,0,0,0,0,0
exact,CSDVRP-S-n8-s1,S,8,1,base,DRL-ALNS,0,1,5,335.8429,376.3954,333.6723,2.1706,0.0,5.0,5.008,6516,3,0,0,0.9073,0,0,0,0,0,0
main,CSDVRP-M-n50-s5,M,50,5,base,ALNS+,5,,15,1697.5711,1904.3598,1584.1235,8.4475,105.0,15.0,15.138,1921,15,6,7,1.0,0,0,0,0,0,0
exact,CSDVRP-S-n6-s1,S,6,1,base,DRL-ALNS,0,1,5,341.7876,362.2464,340.1093,1.6783,0.0,5.0,5.03,6853,3,0,0,0.926,0,0,0,0,0,0
exact,CSDVRP-S-n10-s3,S,10,3,base,DRL-VNS,0,1,5,398.3934,456.2198,394.9219,3.4715,0.0,5.0,5.057,6571,3,0,0,0.9427,0,0,0,0,0,0
exact,CSDVRP-S-n8-s3,S,8,3,base,VNS,8,,5,339.8466,351.7127,337.5902,2.2564,0.0,5.0,5.062,13886,3,0,0,0.9567,0,0,0,0,0,0
main,CSDVRP-XL-n150-s3,XL,150,3,base,DRL-VNS,0,1,50,3852.9409,4237.9876,3837.9866,14.9543,0.0,50.016,50.236,1564,45,0,0,0.9953,0,0,0,0,0,0
exact,CSDVRP-S-n10-s3,S,10,3,base,Marginal-9,3,4,5,398.3226,456.2198,394.9219,3.4007,0.0,5.0,5.039,14169,3,0,0,0.9427,0,0,0,0,0,0
case,CSDVRP-CS-Riyadh,case,30,0,base,Roulette-9,8,,30,420.1501,711.0291,414.0897,6.0604,0.0,30.0,30.138,12736,4,0,0,0.982,0,0,0,0,0,0
