suite,instance,size_class,n,inst_seed,config,method,run,policy_seed,budget_s,Z_best,Z_init,routing,emission,split,cpu_s,wall_s,iters,routes,split_customers,extra_visits,max_util,demand_viol,cap_viol,n1_viol,n2_viol,dup_visit_viol,zero_qty_stops
exact,CSDVRP-S-n8-s3,S,8,3,base,VNS,6,,5,339.8466,351.7127,337.5902,2.2564,0.0,5.0,5.615,12420,3,0,0,0.9567,0,0,0,0,0,0
main,CSDVRP-XL-n150-s3,XL,150,3,base,Fixed-small,6,,50,3855.6299,4237.9876,3841.9282,13.7017,0.0,50.0,57.025,2021,45,0,0,0.9997,0,0,0,0,0,0
main,CSDVRP-S-n20-s2,S,20,2,base,Marginal-9,8,4,6,670.121,732.8183,667.0092,3.1118,0.0,6.0,6.624,4492,7,0,0,0.9933,0,0,0,0,0,0
main,CSDVRP-S-n15-s3,S,15,3,base,VNS-9,2,,5,601.4006,692.2972,597.8561,3.5445,0.0,5.0,6.445,5538,6,0,0,0.998,0,0,0,0,0,0
exact,CSDVRP-S-n12-s4,S,12,4,base,ALNS+,3,,5,487.5063,536.3904,484.4937,3.0126,0.0,5.0,5.607,9373,4,0,0,0.9867,0,0,0,0,0,0
exact,CSDVRP-S-n8-s5,S,8,5,base,Marginal-9,2,3,5,423.2126,427.0275,419.9371,3.2754,0.0,5.0,5.559,12061,3,0,0,0.894,0,0,0,0,0,0
main,CSDVRP-S-n15-s2,S,15,2,base,DRL-ALNS,1,2,5,604.4369,645.109,602.0225,2.4144,0.0,5.0,5.939,3128,6,0,0,0.9953,0,0,0,0,0,0
exact,CSDVRP-S-n8-s4,S,8,4,base,Random-9,4,,5,359.1905,397.2233,357.0731,2.1174,0.0,5.0,5.95,14393,3,0,0,0.8793,0,0,0,0,0,0
main,CSDVRP-XL-n150-s0,XL,150,0,base,Random-9,3,,50,4486.8675,5021.4451,4368.8404,13.0271,105.0,50.0,57.547,1473,47,4,7,1.0,0,0,0,0,0,0
exact,CSDVRP-S-n10-s3,S,10,3,base,DRL-VNS,6,2,5,398.3934,456.2198,394.9219,3.4715,0.0,5.0,5.27,6076,3,0,0,0.9427,0,0,0,0,0,0
main,CSDVRP-L-n75-s0,L,75,0,base,Fixed-small,1,,25,2461.906,2688.4285,2453.5155,8.3905,0.0,25.016,28.158,1673,25,0,0,0.9984,0,0,0,0,0,0
exact,CSDVRP-S-n10-s2,S,10,2,base,ALNS+,7,,5,390.206,436.4179,387.4263,2.7797,0.0,5.0,6.054,15971,3,0,0,0.9867,0,0,0,0,0,0
exact,CSDVRP-S-n10-s1,S,10,1,base,Marginal-9,9,5,5,394.7924,479.2322,392.2685,2.5239,0.0,5.0,5.623,8472,4,0,0,0.9253,0,0,0,0,0,0
exact,CSDVRP-S-n6-s5,S,6,5,base,DRL-ALNS,2,3,5,347.3173,347.7063,345.0582,2.2591,0.0,5.0,5.149,6146,3,0,0,0.9907,0,0,0,0,0,0
main,CSDVRP-S-n20-s4,S,20,4,base,DRL-ALNS,5,1,6,719.4697,798.0501,715.5041,3.9656,0.0,6.0,6.447,3047,7,0,0,0.986,0,0,0,0,0,0
main,CSDVRP-L-n100-s5,L,100,5,base,DRL-VNS,1,2,35,2600.2638,3154.3549,2558.1279,12.1359,30.0,35.031,39.248,711,30,2,2,1.0,0,0,0,0,0,0
exact,CSDVRP-S-n12-s3,S,12,3,base,Roulette-9,8,,5,522.4878,589.3086,503.6872,3.8005,15.0,5.0,5.98,11054,4,1,1,1.0,0,0,0,0,0,0
main,CSDVRP-M-n50-s2,M,50,2,base,VNS,3,,15,1468.767,1677.4231,1461.7612,7.0057,0.0,15.0,15.858,2446,16,0,0,0.9985,0,0,0,0,0,0
exact,CSDVRP-S-n6-s1,S,6,1,base,Fixed-small,0,,5,341.7876,362.2464,340.1093,1.6783,0.0,5.0,5.62,19978,3,0,0,0.926,0,0,0,0,0,0
main,CSDVRP-M-n30-s5,M,30,5,base,Random-9,3,,10,1123.8872,1247.2838,1118.3403,5.5469,0.0,10.0,12.043,3688,10,0,0,0.9895,0,0,0,0,0,0
main,CSDVRP-S-n15-s1,S,15,1,base,ALNS+,2,,5,590.7648,675.8866,586.7939,3.9709,0.0,5.0,6.027,7272,5,0,0,0.9987,0,0,0,0,0,0
main,CSDVRP-S-n15-s5,S,15,5,base,DRL-ALNS,0,1,5,666.5148,800.4223,662.7682,3.7467,0.0,5.0,5.904,3878,5,0,0,0.9993,0,0,0,0,0,0
main,CSDVRP-M-n30-s0,M,30,0,base,DRL-VNS,6,2,10,1110.5475,1303.6377,1091.4559,4.0916,15.0,10.0,11.309,2879,11,1,1,0.997,0,0,0,0,0,0
main,CSDVRP-XL-n150-s1,XL,150,1,base,VNS,4,,50,4242.3595,4744.1508,4224.8611,17.4984,0.0,50.141,54.172,1351,45,0,0,0.9963,0,0,0,0,0,0
exact,CSDVRP-S-n6-s4,S,6,4,base,Random-9,5,,5,307.3738,316.7228,305.135,2.2389,0.0,5.0,5.898,17895,3,0,0,0.906,0,0,0,0,0,0
main,CSDVRP-S-n15-s4,S,15,4,base,Random-9,5,,5,585.7427,624.2332,582.2908,3.4519,0.0,5.0,5.544,6642,6,0,0,0.9347,0,0,0,0,0,0
main,CSDVRP-S-n15-s1,S,15,1,base,ALNS+,9,,5,599.8311,675.8866,596.1341,3.6971,0.0,5.0,5.341,7351,6,0,0,0.9,0,0,0,0,0,0
exact,CSDVRP-S-n12-s2,S,12,2,base,ALNS+,0,,5,460.175,518.4642,458.0808,2.0942,0.0,5.0,5.311,11572,4,0,0,0.998,0,0,0,0,0,0
main,CSDVRP-M-n50-s1,M,50,1,base,VNS-9,0,,15,1518.5446,1718.5004,1513.1913,5.3534,0.0,15.0,15.781,1637,16,0,0,0.994,0,0,0,0,0,0
main,CSDVRP-L-n75-s5,L,75,5,base,VNS,1,,25,2101.219,2327.4464,2093.29,7.929,0.0,25.0,29.314,1728,23,0,0,0.9944,0,0,0,0,0,0
main,CSDVRP-L-n100-s1,L,100,1,base,DRL-VNS,2,3,35,2658.9001,3146.4881,2647.4787,11.4214,0.0,35.094,37.146,720,29,0,0,0.9996,0,0,0,0,0,0
exact,CSDVRP-S-n12-s1,S,12,1,base,ALNS+,6,,5,511.4838,602.7068,507.9062,3.5776,0.0,5.0,5.13,9960,4,0,0,0.994,0,0,0,0,0,0
main,CSDVRP-S-n20-s2,S,20,2,base,Random-9,4,,6,670.121,732.8183,667.0092,3.1118,0.0,6.0,6.139,4366,7,0,0,0.9933,0,0,0,0,0,0
main,CSDVRP-S-n20-s4,S,20,4,base,DRL-ALNS,9,5,6,719.4697,798.0501,715.5041,3.9656,0.0,6.0,6.589,3161,7,0,0,0.986,0,0,0,0,0,0
exact,CSDVRP-S-n12-s2,S,12,2,base,DRL-ALNS,4,5,5,460.175,518.4642,458.0808,2.0942,0.0,5.0,5.123,5037,4,0,0,0.998,0,0,0,0,0,0
exact,CSDVRP-S-n12-s3,S,12,3,base,Fixed-small,1,,5,522.5127,589.3086,503.6872,3.8254,15.0,5.0,5.153,11948,4,1,1,1.0,0,0,0,0,0,0
main,CSDVRP-M-n30-s5,M,30,5,base,VNS,9,,10,1128.8684,1247.2838,1123.3823,5.4862,0.0,10.0,10.201,3952,10,0,0,0.9905,0,0,0,0,0,0
exact,CSDVRP-S-n10-s3,S,10,3,base,Roulette-9,4,,5,398.3934,456.2198,394.9219,3.4715,0.0,5.0,5.153,12698,3,0,0,0.9427,0,0,0,0,0,0
main,CSDVRP-S-n20-s5,S,20,5,base,Roulette-9,6,,6,763.1659,865.7,758.6853,4.4806,0.0,6.0,6.126,5233,7,0,0,0.9947,0,0,0,0,0,0
exact,CSDVRP-S-n10-s4,S,10,4,base,ALNS+,7,,5,387.4582,460.8567,384.9244,2.5338,0.0,5.0,5.199,14689,3,0,0,0.98,0,0,0,0,0,0
main,CSDVRP-L-n75-s1,L,75,1,base,Random-9,4,,25,2102.7596,2408.8056,2064.5267,8.2329,30.0,25.016,26.945,1028,23,2,2,1.0,0,0,0,0,0,0
exact,CSDVRP-S-n12-s1,S,12,1,base,VNS-9,7,,5,511.4838,602.7068,507.9062,3.5776,0.0,5.0,5.519,8878,4,0,0,0.994,0,0,0,0,0,0
main,CSDVRP-M-n30-s2,M,30,2,base,ALNS+,9,,10,956.466,1162.4183,892.7685,3.6975,60.0,10.0,12.607,4532,9,4,4,1.0,0,0,0,0,0,0
main,CSDVRP-L-n75-s3,L,75,3,base,Roulette-9,5,,25,2083.8043,2332.9982,2076.5871,7.2172,0.0,25.0,33.003,1151,24,0,0,0.9956,0,0,0,0,0,0
exact,CSDVRP-S-n12-s1,S,12,1,base,Marginal-9,1,2,5,511.4838,602.7068,507.9062,3.5776,0.0,5.0,6.021,7707,4,0,0,0.994,0,0,0,0,0,0
exact,CSDVRP-S-n8-s3,S,8,3,base,DRL-VNS,1,2,5,339.8466,351.7127,337.5902,2.2564,0.0,5.0,7.415,5254,3,0,0,0.9567,0,0,0,0,0,0
main,CSDVRP-M-n50-s1,M,50,1,base,Random-9,3,,15,1498.8586,1718.5004,1493.2879,5.5707,0.0,15.0,17.14,1645,15,0,0,0.9915,0,0,0,0,0,0
main,CSDVRP-L-n75-s2,L,75,2,base,VNS,6,,25,2121.8856,2442.0216,2111.6479,10.2377,0.0,25.0,31.808,1644,22,0,0,0.9988,0,0,0,0,0,0
exact,CSDVRP-S-n10-s2,S,10,2,base,Random-9,8,,5,391.6922,436.4179,389.0812,2.6111,0.0,5.0,6.168,16206,3,0,0,0.9787,0,0,0,0,0,0
main,CSDVRP-M-n30-s0,M,30,0,base,VNS-9,9,,10,1112.7874,1303.6377,1093.7948,3.9926,15.0,10.0,11.453,3463,11,1,1,1.0,0,0,0,0,0,0
main,CSDVRP-S-n20-s2,S,20,2,base,Random-9,2,,6,670.1283,732.8183,667.0092,3.1191,0.0,6.0,6.37,4162,7,0,0,0.9933,0,0,0,0,0,0
main,CSDVRP-XL-n150-s3,XL,150,3,base,VNS,4,,50,3795.2692,4237.9876,3779.1667,16.1025,0.0,50.062,55.219,1327,44,0,0,0.9983,0,0,0,0,0,0
exact,CSDVRP-S-n6-s1,S,6,1,base,Random-9,6,,5,341.7876,362.2464,340.1093,1.6783,0.0,5.0,5.805,19849,3,0,0,0.926,0,0,0,0,0,0
main,CSDVRP-XL-n150-s2,XL,150,2,base,Random-9,4,,50,4073.3801,4545.4892,4057.5495,15.8306,0.0,50.0,58.495,1370,46,0,0,1.0,0,0,0,0,0,0
main,CSDVRP-XL-n150-s3,XL,150,3,base,DRL-ALNS,3,4,50,3927.6272,4237.9876,3910.9044,16.7228,0.0,50.047,56.15,649,46,0,0,0.9987,0,0,0,0,0,0
exact,CSDVRP-S-n10-s2,S,10,2,base,DRL-VNS,9,5,5,391.6922,436.4179,389.0812,2.6111,0.0,5.0,5.271,4665,3,0,0,0.9787,0,0,0,0,0,0
main,CSDVRP-S-n15-s0,S,15,0,base,VNS,8,,5,622.621,666.3141,603.3505,4.2704,15.0,5.0,5.119,4282,5,1,1,1.0,0,0,0,0,0,0
main,CSDVRP-L-n75-s5,L,75,5,base,Fixed-small,9,,25,2103.5005,2327.4464,2095.7866,7.7139,0.0,25.031,25.91,1177,23,0,0,0.9904,0,0,0,0,0,0
main,CSDVRP-L-n100-s3,L,100,3,base,Roulette-9,1,,35,2764.2641,3095.0715,2695.1246,9.1395,60.0,35.016,36.384,469,31,2,4,1.0,0,0,0,0,0,0
main,CSDVRP-S-n20-s1,S,20,1,base,Roulette-9,8,,6,785.2664,908.0268,780.5879,4.6785,0.0,6.0,6.276,3340,7,0,0,0.9833,0,0,0,0,0,0
main,CSDVRP-L-n75-s3,L,75,3,base,Marginal-9,3,4,25,2118.0261,2332.9982,2080.9888,7.0373,30.0,25.0,25.703,782,23,1,2,1.0,0,0,0,0,0,0
main,CSDVRP-M-n50-s5,M,50,5,base,Random-9,6,,15,1611.3411,1904.3598,1603.3995,7.9416,0.0,15.0,15.358,1284,15,0,0,0.9985,0,0,0,0,0,0
main,CSDVRP-M-n50-s2,M,50,2,base,DRL-VNS,2,3,15,1468.5911,1677.4231,1462.0673,6.5238,0.0,15.0,15.493,1249,16,0,0,0.9985,0,0,0,0,0,0
exact,CSDVRP-S-n8-s1,S,8,1,base,VNS,2,,5,335.8429,376.3954,333.6723,2.1706,0.0,5.0,5.759,10746,3,0,0,0.9073,0,0,0,0,0,0
main,CSDVRP-S-n15-s3,S,15,3,base,ALNS+,6,,5,605.541,692.2972,602.0686,3.4724,0.0,5.0,5.667,2686,6,0,0,0.9787,0,0,0,0,0,0
main,CSDVRP-L-n75-s1,L,75,1,base,Fixed-small,8,,25,2098.4878,2408.8056,2061.0149,7.4729,30.0,25.0,26.112,1392,23,2,2,1.0,0,0,0,0,0,0
main,CSDVRP-XL-n150-s4,XL,150,4,base,VNS,9,,50,3907.2304,4802.2805,3803.7802,13.4501,90.0,50.016,51.555,1057,45,4,6,1.0,0,0,0,0,0,0
main,CSDVRP-L-n75-s1,L,75,1,base,Marginal-9,8,4,25,2139.6627,2408.8056,2101.9296,7.7331,30.0,25.109,31.222,567,24,2,2,1.0,0,0,0,0,0,0
main,CSDVRP-S-n20-s4,S,20,4,base,ALNS+,9,,6,729.6037,798.0501,724.7596,4.8442,0.0,6.0,6.389,3242,7,0,0,0.986,0,0,0,0,0,0
main,CSDVRP-XL-n150-s5,XL,150,5,base,Roulette-9,6,,50,3937.4103,4291.4727,3874.4208,17.9895,45.0,50.016,51.558,1102,45,2,3,1.0,0,0,0,0,0,0
main,CSDVRP-XL-n150-s3,XL,150,3,base,Marginal-9,9,5,50,3878.5169,4237.9876,3860.9725,17.5445,0.0,50.047,54.284,894,44,0,0,0.9983,0,0,0,0,0,0
exact,CSDVRP-S-n10-s2,S,10,2,base,VNS-9,9,,5,391.6922,436.4179,389.0812,2.6111,0.0,5.0,5.241,11781,3,0,0,0.9787,0,0,0,0,0,0
main,CSDVRP-S-n20-s3,S,20,3,base,Marginal-9,5,1,6,691.2399,797.0264,687.1116,4.1284,0.0,6.0,6.653,3347,7,0,0,0.9707,0,0,0,0,0,0
main,CSDVRP-S-n15-s5,S,15,5,base,VNS,4,,5,666.5148,800.4223,662.7682,3.7467,0.0,5.0,5.419,5163,5,0,0,0.9993,0,0,0,0,0,0
main,CSDVRP-L-n100-s4,L,100,4,base,DRL-ALNS,5,1,35,3051.4174,3371.4529,3035.6466,15.7708,0.0,35.078,39.091,340,31,0,0,0.9996,0,0,0,0,0,0
exact,CSDVRP-S-n10-s5,S,10,5,base,VNS,7,,5,454.5993,485.8354,450.6688,3.9305,0.0,5.0,5.168,7320,3,0,0,0.956,0,0,0,0,0,0
main,CSDVRP-S-n20-s1,S,20,1,base,DRL-ALNS,2,3,6,785.8175,908.0268,780.5879,5.2296,0.0,6.0,6.436,2253,7,0,0,0.9833,0,0,0,0,0,0
main,CSDVRP-L-n100-s2,L,100,2,base,DRL-ALNS,2,3,35,2905.4463,3167.7225,2892.507,12.9393,0.0,35.0,36.869,348,31,0,0,0.996,0,0,0,0,0,0
main,CSDVRP-M-n50-s0,M,50,0,base,VNS,3,,15,1716.941,1986.2853,1708.8212,8.1198,0.0,15.0,15.723,1922,16,0,0,0.997,0,0,0,0,0,0
main,CSDVRP-L-n100-s1,L,100,1,base,DRL-VNS,1,2,35,2671.1793,3146.4881,2659.8286,11.3507,0.0,35.031,35.572,538,29,0,0,0.9996,0,0,0,0,0,0
exact,CSDVRP-S-n6-s3,S,6,3,base,DRL-VNS,3,4,5,230.2731,253.5784,228.5871,1.686,0.0,5.0,5.027,6360,2,0,0,0.9873,0,0,0,0,0,0
exact,CSDVRP-S-n8-s1,S,8,1,base,Marginal-9,1,2,5,335.8429,376.3954,333.6723,2.1706,0.0,5.0,5.044,12953,3,0,0,0.9073,0,0,0,0,0,0
main,CSDVRP-M-n30-s4,M,30,4,base,DRL-ALNS,7,3,10,926.6379,1151.8487,921.3091,5.3288,0.0,10.0,10.045,2142,10,0,0,0.99,0,0,0,0,0,0
case,CSDVRP-CS-Riyadh,case,30,0,base,Random-9,2,,30,423.9465,711.0291,419.1337,4.8128,0.0,30.0,30.889,10582,4,0,0,0.982,0,0,0,0,0,0
main,CSDVRP-M-n30-s1,M,30,1,base,DRL-VNS,4,5,10,1031.4688,1231.1888,1027.1043,4.3646,0.0,10.0,10.725,1840,10,0,0,0.98,0,0,0,0,0,0
main,CSDVRP-M-n50-s4,M,50,4,base,Fixed-small,3,,15,1674.3606,1919.2804,1667.3771,6.9835,0.0,15.0,17.112,1975,17,0,0,0.984,0,0,0,0,0,0
main,CSDVRP-XL-n150-s1,XL,150,1,base,ALNS+,2,,50,4381.9643,4744.1508,4364.3268,17.6375,0.0,50.078,52.544,471,47,0,0,0.9963,0,0,0,0,0,0
exact,CSDVRP-S-n12-s2,S,12,2,base,VNS-9,7,,5,460.175,518.4642,458.0808,2.0942,0.0,5.0,5.047,8798,4,0,0,0.998,0,0,0,0,0,0
exact,CSDVRP-S-n10-s3,S,10,3,base,Fixed-small,0,,5,398.3934,456.2198,394.9219,3.4715,0.0,5.0,5.124,10695,3,0,0,0.9427,0,0,0,0,0,0
main,CSDVRP-L-n100-s4,L,100,4,base,DRL-VNS,8,4,35,2953.4655,3371.4529,2939.0405,14.425,0.0,35.016,36.006,505,31,0,0,0.9996,0,0,0,0,0,0
main,CSDVRP-L-n75-s2,L,75,2,base,VNS-9,2,,25,2141.4806,2442.0216,2130.1073,11.3733,0.0,25.0,25.418,782,23,0,0,1.0,0,0,0,0,0,0
exact,CSDVRP-S-n6-s5,S,6,5,base,Random-9,5,,5,347.3173,347.7063,345.0582,2.2591,0.0,5.0,5.028,15319,3,0,0,0.9907,0,0,0,0,0,0
main,CSDVRP-XL-n150-s2,XL,150,2,base,VNS-9,5,,50,4030.184,4545.4892,4013.5978,16.5861,0.0,50.047,52.464,960,46,0,0,1.0,0,0,0,0,0,0
main,CSDVRP-M-n30-s1,M,30,1,base,DRL-ALNS,1,2,10,1074.0647,1231.1888,1039.3397,4.725,30.0,10.0,10.908,1892,10,2,2,1.0,0,0,0,0,0,0
main,CSDVRP-S-n15-s5,S,15,5,base,Marginal-9,4,5,5,666.5148,800.4223,662.7682,3.7467,0.0,5.0,5.759,5130,5,0,0,0.9993,0,0,0,0,0,0
main,CSDVRP-M-n30-s4,M,30,4,base,VNS,2,,10,926.5673,1151.8487,921.3091,5.2583,0.0,10.0,11.278,2457,10,0,0,0.99,0,0,0,0,0,0
main,CSDVRP-S-n15-s3,S,15,3,base,ALNS+,1,,5,613.8579,692.2972,595.8443,3.0136,15.0,5.0,5.058,5712,5,1,1,1.0,0,0,0,0,0,0
main,CSDVRP-M-n30-s2,M,30,2,base,VNS,4,,10,941.0551,1162.4183,938.3163,2.7388,0.0,10.0,10.404,2360,10,0,0,0.9865,0,0,0,0,0,0
main,CSDVRP-S-n15-s3,S,15,3,base,VNS,6,,5,601.4006,692.2972,597.8561,3.5445,0.0,5.0,5.125,3772,6,0,0,0.998,0,0,0,0,0,0
main,CSDVRP-XL-n150-s1,XL,150,1,base,Marginal-9,6,2,50,4232.0659,4744.1508,4156.6116,15.4544,60.0,50.016,51.126,1105,45,3,4,1.0,0,0,0,0,0,0
main,CSDVRP-L-n75-s2,L,75,2,base,Fixed-small,8,,25,2113.0577,2442.0216,2075.24,7.8178,30.0,25.0,25.611,1544,22,2,2,1.0,0,0,0,0,0,0
main,CSDVRP-L-n75-s2,L,75,2,base,DRL-VNS,9,5,25,2093.9236,2442.0216,2085.2636,8.66,0.0,25.0,25.689,709,23,0,0,0.9932,0,0,0,0,0,0
main,CSDVRP-L-n75-s3,L,75,3,base,Marginal-9,7,3,25,2099.215,2332.9982,2092.7798,6.4352,0.0,25.031,26.658,782,24,0,0,0.9964,0,0,0,0,0,0
main,CSDVRP-M-n30-s2,M,30,2,base,Marginal-9,3,4,10,955.3895,1162.4183,937.8256,2.5639,15.0,10.0,10.413,2240,10,1,1,1.0,0,0,0,0,0,0
exact,CSDVRP-S-n6-s2,S,6,2,base,VNS-9,3,,5,330.7872,334.9047,328.2873,2.4999,0.0,5.0,5.104,11992,3,0,0,0.8567,0,0,0,0,0,0
main,CSDVRP-M-n50-s2,M,50,2,base,ALNS+,3,,15,1497.0549,1677.4231,1490.1587,6.8962,0.0,15.0,15.237,1172,17,0,0,0.9985,0,0,0,0,0,0
main,CSDVRP-L-n100-s5,L,100,5,base,DRL-VNS,0,1,35,2580.1319,3154.3549,2566.2767,13.8552,0.0,35.0,35.462,466,30,0,0,1.0,0,0,0,0,0,0
main,CSDVRP-M-n50-s3,M,50,3,base,DRL-ALNS,8,4,15,1485.6403,1746.7745,1462.837,7.8032,15.0,15.0,15.203,1060,17,1,1,1.0,0,0,0,0,0,0
main,CSDVRP-XL-n150-s4,XL,150,4,base,DRL-VNS,3,4,50,3934.9572,4802.2805,3890.7771,14.1801,30.0,50.094,52.539,887,45,1,2,1.0,0,0,0,0,0,0
exact,CSDVRP-S-n6-s1,S,6,1,base,Random-9,7,,5,341.7876,362.2464,340.1093,1.6783,0.0,5.0,5.222,14754,3,0,0,0.926,0,0,0,0,0,0
exact,CSDVRP-S-n6-s2,S,6,2,base,VNS,5,,5,330.2083,334.9047,328.2873,1.921,0.0,5.0,5.402,10866,3,0,0,0.8567,0,0,0,0,0,0
main,CSDVRP-L-n100-s0,L,100,0,base,DRL-ALNS,6,2,35,3242.8858,3458.8862,3228.2232,14.6626,0.0,35.031,39.091,371,33,0,0,0.9988,0,0,0,0,0,0
main,CSDVRP-L-n75-s0,L,75,0,base,Random-9,1,,25,2449.0855,2688.4285,2409.6903,9.3952,30.0,25.031,27.17,720,24,1,2,1.0,0,0,0,0,0,0
main,CSDVRP-S-n20-s4,S,20,4,base,Fixed-small,3,,6,741.252,798.0501,736.5071,4.745,0.0,6.0,7.149,3746,7,0,0,0.986,0,0,0,0,0,0
main,CSDVRP-XL-n150-s5,XL,150,5,base,Random-9,3,,50,3947.0518,4291.4727,3931.3114,15.7404,0.0,50.062,54.569,962,46,0,0,0.999,0,0,0,0,0,0
main,CSDVRP-XL-n150-s1,XL,150,1,base,Fixed-small,2,,50,4207.6087,4744.1508,4179.425,13.1837,15.0,50.016,51.519,1565,45,1,1,1.0,0,0,0,0,0,0
exact,CSDVRP-S-n12-s3,S,12,3,base,Random-9,8,,5,522.4878,589.3086,503.6872,3.8005,15.0,5.0,5.071,7536,4,1,1,1.0,0,0,0,0,0,0
main,CSDVRP-XL-n150-s4,XL,150,4,base,Fixed-small,6,,50,3930.3118,4802.2805,3842.7057,12.6061,75.0,50.0,52.306,1590,46,3,5,1.0,0,0,0,0,0,0
main,CSDVRP-XL-n150-s1,XL,150,1,base,Roulette-9,8,,50,4315.0211,4744.1508,4210.1647,14.8564,90.0,50.016,55.981,984,46,3,6,1.0,0,0,0,0,0,0
exact,CSDVRP-S-n12-s3,S,12,3,base,Marginal-9,9,5,5,522.4878,589.3086,503.6872,3.8005,15.0,5.0,5.418,7884,4,1,1,1.0,0,0,0,0,0,0
main,CSDVRP-S-n15-s5,S,15,5,base,VNS,0,,5,666.5148,800.4223,662.7682,3.7467,0.0,5.0,5.388,5081,5,0,0,0.9993,0,0,0,0,0,0
main,CSDVRP-M-n50-s0,M,50,0,base,ALNS+,1,,15,1751.5745,1986.2853,1682.1765,9.398,60.0,15.0,17.79,1140,16,4,4,1.0,0,0,0,0,0,0
main,CSDVRP-S-n15-s4,S,15,4,base,Fixed-small,6,,5,586.0528,624.2332,582.2908,3.762,0.0,5.0,5.19,6318,6,0,0,0.9347,0,0,0,0,0,0
main,CSDVRP-S-n20-s0,S,20,0,base,Random-9,1,,6,756.3441,835.2978,752.4896,3.8544,0.0,6.0,6.81,3416,7,0,0,0.9987,0,0,0,0,0,0
main,CSDVRP-L-n100-s3,L,100,3,base,Roulette-9,9,,35,2700.6299,3095.0715,2689.7684,10.8615,0.0,35.047,39.261,521,31,0,0,1.0,0,0,0,0,0,0
main,CSDVRP-S-n15-s0,S,15,0,base,DRL-ALNS,7,3,5,631.1789,666.3141,626.1763,5.0026,0.0,5.0,5.025,2397,5,0,0,0.9967,0,0,0,0,0,0
main,CSDVRP-M-n30-s0,M,30,0,base,ALNS+,0,,10,1160.8367,1303.6377,1124.6896,6.1471,30.0,10.0,10.12,2223,11,1,2,1.0,0,0,0,0,0,0
main,CSDVRP-S-n15-s1,S,15,1,base,Marginal-9,5,1,5,599.4153,675.8866,596.1341,3.2813,0.0,5.0,5.185,3648,6,0,0,0.9,0,0,0,0,0,0
main,CSDVRP-S-n15-s0,S,15,0,base,Fixed-small,2,,5,606.9046,666.3141,602.2712,4.6334,0.0,5.0,5.103,6052,5,0,0,0.9927,0,0,0,0,0,0
main,CSDVRP-M-n30-s1,M,30,1,base,ALNS+,7,,10,1055.055,1231.1888,1019.9751,5.0799,30.0,10.0,10.096,2361,10,2,2,1.0,0,0,0,0,0,0
main,CSDVRP-L-n75-s5,L,75,5,base,VNS-9,4,,25,2094.6384,2327.4464,2087.1741,7.4642,0.0,25.016,26.258,840,23,0,0,0.9964,0,0,0,0,0,0
exact,CSDVRP-S-n8-s5,S,8,5,base,VNS-9,0,,5,423.2126,427.0275,419.9371,3.2754,0.0,5.0,5.215,9689,3,0,0,0.894,0,0,0,0,0,0
main,CSDVRP-L-n100-s0,L,100,0,base,VNS,7,,35,3080.9265,3458.8862,3068.276,12.6505,0.0,35.0,35.857,572,31,0,0,1.0,0,0,0,0,0,0
exact,CSDVRP-S-n12-s5,S,12,5,base,VNS-9,9,,5,521.0601,535.5205,517.6832,3.3769,0.0,5.0,5.151,6442,4,0,0,0.978,0,0,0,0,0,0
main,CSDVRP-XL-n150-s5,XL,150,5,base,VNS,3,,50,3954.5064,4291.4727,3907.8365,16.6699,30.0,50.219,51.314,788,46,1,2,1.0,0,0,0,0,0,0
exact,CSDVRP-S-n12-s5,S,12,5,base,Fixed-small,9,,5,521.1985,535.5205,517.6832,3.5154,0.0,5.0,5.131,7971,4,0,0,0.978,0,0,0,0,0,0
exact,CSDVRP-S-n6-s1,S,6,1,base,DRL-ALNS,3,4,5,341.7876,362.2464,340.1093,1.6783,0.0,5.0,5.2,4395,3,0,0,0.926,0,0,0,0,0,0
main,CSDVRP-L-n75-s3,L,75,3,base,ALNS+,4,,25,2197.9052,2332.9982,2191.0177,6.8874,0.0,25.0,25.433,540,27,0,0,0.9952,0,0,0,0,0,0
main,CSDVRP-M-n30-s1,M,30,1,base,Roulette-9,9,,10,1049.5384,1231.1888,1030.777,3.7614,15.0,10.0,10.107,2429,10,1,1,1.0,0,0,0,0,0,0
main,CSDVRP-S-n20-s3,S,20,3,base,Roulette-9,6,,6,691.2399,797.0264,687.1116,4.1284,0.0,6.0,6.089,3239,7,0,0,0.9707,0,0,0,0,0,0
main,CSDVRP-L-n100-s1,L,100,1,base,DRL-ALNS,6,2,35,2715.0625,3146.4881,2701.3034,13.7591,0.0,35.047,35.572,338,29,0,0,0.9996,0,0,0,0,0,0
main,CSDVRP-S-n20-s4,S,20,4,base,Roulette-9,1,,6,719.4697,798.0501,715.5041,3.9656,0.0,6.0,6.029,3123,7,0,0,0.986,0,0,0,0,0,0
main,CSDVRP-XL-n150-s4,XL,150,4,base,VNS-9,3,,50,3931.5357,4802.2805,3870.9174,15.6182,45.0,50.078,50.734,1016,46,2,3,1.0,0,0,0,0,0,0
main,CSDVRP-S-n20-s0,S,20,0,base,ALNS+,8,,6,756.3441,835.2978,752.4896,3.8544,0.0,6.0,6.354,2948,7,0,0,0.9987,0,0,0,0,0,0
main,CSDVRP-M-n30-s3,M,30,3,base,Marginal-9,9,5,10,969.2873,1099.7766,965.9069,3.3804,0.0,10.0,10.11,2082,10,0,0,0.988,0,0,0,0,0,0
main,CSDVRP-L-n100-s2,L,100,2,base,DRL-ALNS,6,2,35,2901.797,3167.7225,2888.781,13.0161,0.0,35.016,36.144,330,31,0,0,0.9832,0,0,0,0,0,0
main,CSDVRP-S-n20-s3,S,20,3,base,Roulette-9,2,,6,691.2399,797.0264,687.1116,4.1284,0.0,6.0,6.11,3247,7,0,0,0.9707,0,0,0,0,0,0
main,CSDVRP-L-n75-s3,L,75,3,base,DRL-ALNS,1,2,25,2162.7473,2332.9982,2153.8547,8.8926,0.0,25.031,25.858,541,26,0,0,0.9952,0,0,0,0,0,0
exact,CSDVRP-S-n12-s1,S,12,1,base,Fixed-small,8,,5,527.441,602.7068,508.6521,3.7889,15.0,5.0,5.322,5654,4,1,1,1.0,0,0,0,0,0,0
main,CSDVRP-S-n20-s5,S,20,5,base,DRL-ALNS,9,5,6,763.1659,865.7,758.6853,4.4806,0.0,6.0,6.196,2141,7,0,0,0.9947,0,0,0,0,0,0
main,CSDVRP-L-n100-s1,L,100,1,base,Fixed-small,9,,35,2682.2562,3146.4881,2656.3826,10.8736,15.0,35.047,37.165,657,29,1,1,1.0,0,0,0,0,0,0
exact,CSDVRP-S-n8-s1,S,8,1,base,DRL-VNS,6,2,5,335.8429,376.3954,333.6723,2.1706,0.0,5.0,5.434,4283,3,0,0,0.9073,0,0,0,0,0,0
main,CSDVRP-L-n75-s0,L,75,0,base,DRL-VNS,6,2,25,2409.2,2688.4285,2400.2364,8.9636,0.0,25.016,25.544,656,24,0,0,0.9984,0,0,0,0,0,0
exact,CSDVRP-S-n10-s2,S,10,2,base,ALNS+,4,,5,386.2368,436.4179,383.4745,2.7622,0.0,5.0,5.058,9578,3,0,0,0.9893,0,0,0,0,0,0
main,CSDVRP-M-n30-s0,M,30,0,base,Random-9,1,,10,1137.8273,1303.6377,1103.1071,4.7202,30.0,10.0,10.485,2185,11,1,2,1.0,0,0,0,0,0,0
main,CSDVRP-M-n50-s4,M,50,4,base,Random-9,4,,15,1662.5342,1919.2804,1655.8828,6.6514,0.0,15.0,15.735,1109,16,0,0,1.0,0,0,0,0,0,0
main,CSDVRP-S-n15-s1,S,15,1,base,Fixed-small,7,,5,600.6762,675.8866,597.4673,3.209,0.0,5.0,5.116,3950,6,0,0,0.9,0,0,0,0,0,0
main,CSDVRP-M-n50-s3,M,50,3,base,ALNS+,4,,15,1479.0764,1746.7745,1426.3861,7.6903,45.0,15.016,16.972,1031,15,3,3,1.0,0,0,0,0,0,0
exact,CSDVRP-S-n10-s2,S,10,2,base,DRL-ALNS,8,4,5,386.3159,436.4179,383.4745,2.8413,0.0,5.0,5.175,3606,3,0,0,0.9893,0,0,0,0,0,0
main,CSDVRP-M-n30-s2,M,30,2,base,DRL-VNS,9,5,10,945.6669,1162.4183,941.8287,3.8382,0.0,10.0,11.012,1788,10,0,0,0.9865,0,0,0,0,0,0
main,CSDVRP-XL-n150-s3,XL,150,3,base,Roulette-9,8,,50,3847.154,4237.9876,3831.5295,15.6245,0.0,50.016,51.403,1290,44,0,0,0.9953,0,0,0,0,0,0
main,CSDVRP-S-n15-s4,S,15,4,base,DRL-ALNS,3,4,5,586.8693,624.2332,582.2908,4.5785,0.0,5.0,5.198,3104,6,0,0,0.9347,0,0,0,0,0,0
exact,CSDVRP-S-n8-s4,S,8,4,base,Roulette-9,7,,5,359.1905,397.2233,357.0731,2.1174,0.0,5.0,5.059,11076,3,0,0,0.8793,0,0,0,0,0,0
exact,CSDVRP-S-n12-s2,S,12,2,base,Random-9,4,,5,460.175,518.4642,458.0808,2.0942,0.0,5.0,5.403,9198,4,0,0,0.998,0,0,0,0,0,0
exact,CSDVRP-S-n10-s2,S,10,2,base,Fixed-small,5,,5,401.0886,436.4179,398.071,3.0176,0.0,5.0,5.575,9237,3,0,0,0.9867,0,0,0,0,0,0
exact,CSDVRP-S-n8-s3,S,8,3,base,Roulette-9,2,,5,339.8466,351.7127,337.5902,2.2564,0.0,5.0,5.574,7806,3,0,0,0.9567,0,0,0,0,0,0
main,CSDVRP-S-n15-s4,S,15,4,base,Marginal-9,4,5,5,585.7427,624.2332,582.2908,3.4519,0.0,5.0,7.309,3680,6,0,0,0.9347,0,0,0,0,0,0
main,CSDVRP-M-n30-s3,M,30,3,base,DRL-VNS,5,1,10,969.2873,1099.7766,965.9069,3.3804,0.0,10.0,11.416,1287,10,0,0,0.988,0,0,0,0,0,0
exact,CSDVRP-S-n6-s1,S,6,1,base,Roulette-9,5,,5,341.7876,362.2464,340.1093,1.6783,0.0,5.0,5.788,8546,3,0,0,0.926,0,0,0,0,0,0
exact,CSDVRP-S-n8-s3,S,8,3,base,ALNS+,0,,5,339.8466,351.7127,337.5902,2.2564,0.0,5.0,5.419,6388,3,0,0,0.9567,0,0,0,0,0,0
main,CSDVRP-M-n50-s2,M,50,2,base,DRL-VNS,5,1,15,1468.5242,1677.4231,1462.0673,6.4569,0.0,15.0,16.832,827,16,0,0,0.9985,0,0,0,0,0,0
exact,CSDVRP-S-n12-s4,S,12,4,base,Roulette-9,8,,5,487.6731,536.3904,484.4937,3.1794,0.0,5.0,5.106,7533,4,0,0,0.9867,0,0,0,0,0,0
main,CSDVRP-XL-n150-s3,XL,150,3,base,Marginal-9,2,3,50,3837.4768,4237.9876,3822.4144,15.0624,0.0,50.0,53.235,1402,44,0,0,0.9973,0,0,0,0,0,0
main,CSDVRP-S-n20-s3,S,20,3,base,Random-9,8,,6,691.2399,797.0264,687.1116,4.1284,0.0,6.0,7.524,5027,7,0,0,0.9707,0,0,0,0,0,0
exact,CSDVRP-S-n8-s5,S,8,5,base,DRL-ALNS,7,3,5,423.2126,427.0275,419.9371,3.2754,0.0,5.0,5.776,5729,3,0,0,0.894,0,0,0,0,0,0
exact,CSDVRP-S-n8-s1,S,8,1,base,VNS-9,3,,5,335.8429,376.3954,333.6723,2.1706,0.0,5.0,5.576,16714,3,0,0,0.9073,0,0,0,0,0,0
main,CSDVRP-S-n15-s5,S,15,5,base,DRL-ALNS,3,4,5,666.5148,800.4223,662.7682,3.7467,0.0,5.0,6.579,4176,5,0,0,0.9993,0,0,0,0,0,0
main,CSDVRP-M-n30-s2,M,30,2,base,Random-9,8,,10,941.0551,1162.4183,938.3163,2.7388,0.0,10.0,11.403,3391,10,0,0,0.9865,0,0,0,0,0,0
exact,CSDVRP-S-n8-s1,S,8,1,base,DRL-ALNS,2,3,5,335.8429,376.3954,333.6723,2.1706,0.0,5.0,5.769,5965,3,0,0,0.9073,0,0,0,0,0,0
main,CSDVRP-M-n30-s1,M,30,1,base,Marginal-9,9,5,10,1031.4688,1231.1888,1027.1043,4.3646,0.0,10.0,11.473,2874,10,0,0,0.98,0,0,0,0,0,0
main,CSDVRP-S-n15-s1,S,15,1,base,VNS,9,,5,590.7648,675.8866,586.7939,3.9709,0.0,5.0,5.077,5578,5,0,0,0.9987,0,0,0,0,0,0
exact,CSDVRP-S-n10-s5,S,10,5,base,VNS,4,,5,454.5993,485.8354,450.6688,3.9305,0.0,5.0,5.106,9897,3,0,0,0.956,0,0,0,0,0,0
main,CSDVRP-L-n100-s1,L,100,1,base,DRL-ALNS,1,2,35,2811.4843,3146.4881,2795.9208,15.5635,0.0,35.047,39.273,534,29,0,0,0.9976,0,0,0,0,0,0
main,CSDVRP-M-n50-s2,M,50,2,base,VNS,1,,15,1468.5911,1677.4231,1462.0673,6.5238,0.0,15.0,15.974,2314,16,0,0,0.9985,0,0,0,0,0,0
main,CSDVRP-L-n100-s1,L,100,1,base,ALNS+,6,,35,2854.685,3146.4881,2812.5231,12.1619,30.0,35.047,37.3,515,32,1,2,1.0,0,0,0,0,0,0
case,CSDVRP-CS-Riyadh,case,30,0,base,DRL-VNS,5,1,30,416.4868,711.0291,411.6246,4.8621,0.0,30.0,34.315,10135,4,0,0,0.986,0,0,0,0,0,0
exact,CSDVRP-S-n8-s2,S,8,2,base,VNS,8,,5,344.8888,398.3755,342.4078,2.481,0.0,5.0,6.683,13223,3,0,0,0.8753,0,0,0,0,0,0
main,CSDVRP-L-n75-s4,L,75,4,base,VNS,1,,25,2201.0613,2460.454,2194.5079,6.5534,0.0,25.016,28.454,1341,24,0,0,0.998,0,0,0,0,0,0
exact,CSDVRP-S-n6-s3,S,6,3,base,DRL-VNS,9,5,5,230.2731,253.5784,228.5871,1.686,0.0,5.0,6.663,7675,2,0,0,0.9873,0,0,0,0,0,0
exact,CSDVRP-S-n12-s2,S,12,2,base,VNS-9,0,,5,460.175,518.4642,458.0808,2.0942,0.0,5.0,6.248,12585,4,0,0,0.998,0,0,0,0,0,0
main,CSDVRP-M-n30-s5,M,30,5,base,VNS,4,,10,1128.6575,1247.2838,1123.3823,5.2752,0.0,10.0,11.521,3993,10,0,0,0.9905,0,0,0,0,0,0
exact,CSDVRP-S-n8-s2,S,8,2,base,Roulette-9,7,,5,344.8888,398.3755,342.4078,2.481,0.0,5.0,5.756,14738,3,0,0,0.8753,0,0,0,0,0,0
main,CSDVRP-L-n75-s0,L,75,0,base,ALNS+,2,,25,2489.9213,2688.4285,2478.5861,11.3352,0.0,25.016,30.155,732,26,0,0,0.9984,0,0,0,0,0,0
main,CSDVRP-L-n75-s1,L,75,1,base,VNS,5,,25,2127.795,2408.8056,2060.303,7.4921,60.0,25.0,28.359,1462,23,3,4,1.0,0,0,0,0,0,0
main,CSDVRP-M-n30-s0,M,30,0,base,DRL-VNS,8,4,10,1093.2446,1303.6377,1088.8964,4.3482,0.0,10.0,10.712,3109,11,0,0,0.997,0,0,0,0,0,0
main,CSDVRP-S-n15-s5,S,15,5,base,VNS,3,,5,666.5148,800.4223,662.7682,3.7467,0.0,5.0,6.402,6752,5,0,0,0.9993,0,0,0,0,0,0
main,CSDVRP-M-n50-s2,M,50,2,base,DRL-VNS,3,4,15,1467.7784,1677.4231,1462.0673,5.7111,0.0,15.0,15.939,1443,16,0,0,0.9985,0,0,0,0,0,0
main,CSDVRP-M-n30-s5,M,30,5,base,Marginal-9,1,2,10,1128.8684,1247.2838,1123.3823,5.4862,0.0,10.0,11.113,3891,10,0,0,0.9905,0,0,0,0,0,0
main,CSDVRP-L-n100-s2,L,100,2,base,VNS,8,,35,2806.8687,3167.7225,2792.9585,13.9102,0.0,35.016,37.182,860,30,0,0,0.9964,0,0,0,0,0,0
main,CSDVRP-L-n75-s4,L,75,4,base,DRL-ALNS,7,3,25,2235.0546,2460.454,2225.6855,9.3691,0.0,25.016,28.356,715,24,0,0,0.9996,0,0,0,0,0,0
main,CSDVRP-M-n30-s3,M,30,3,base,ALNS+,6,,10,969.1696,1099.7766,965.9069,3.2627,0.0,10.0,12.063,3814,10,0,0,0.988,0,0,0,0,0,0
main,CSDVRP-M-n50-s3,M,50,3,base,DRL-ALNS,3,4,15,1421.45,1746.7745,1413.645,7.8051,0.0,15.0,16.56,1545,16,0,0,0.994,0,0,0,0,0,0
main,CSDVRP-L-n100-s5,L,100,5,base,Random-9,3,,35,2616.0301,3154.3549,2602.632,13.3981,0.0,35.047,45.076,669,30,0,0,0.9996,0,0,0,0,0,0
main,CSDVRP-XL-n150-s4,XL,150,4,base,DRL-VNS,2,3,50,3956.3091,4802.2805,3929.2902,12.0189,15.0,50.031,58.239,1337,47,1,1,1.0,0,0,0,0,0,0
main,CSDVRP-M-n50-s3,M,50,3,base,Fixed-small,9,,15,1398.2978,1746.7745,1392.5811,5.7168,0.0,15.0,15.469,3661,15,0,0,0.994,0,0,0,0,0,0
exact,CSDVRP-S-n10-s1,S,10,1,base,DRL-VNS,9,5,5,394.7924,479.2322,392.2685,2.5239,0.0,5.0,5.653,4873,4,0,0,0.9253,0,0,0,0,0,0
exact,CSDVRP-S-n8-s4,S,8,4,base,Random-9,6,,5,359.1905,397.2233,357.0731,2.1174,0.0,5.0,5.935,14893,3,0,0,0.8793,0,0,0,0,0,0
main,CSDVRP-L-n75-s0,L,75,0,base,Marginal-9,8,4,25,2408.7789,2688.4285,2400.1362,8.6427,0.0,25.0,28.68,1078,24,0,0,0.9984,0,0,0,0,0,0
exact,CSDVRP-S-n8-s2,S,8,2,base,Fixed-small,9,,5,344.8888,398.3755,342.4078,2.481,0.0,5.0,6.653,19503,3,0,0,0.8753,0,0,0,0,0,0
main,CSDVRP-M-n50-s0,M,50,0,base,DRL-VNS,0,1,15,1713.8028,1986.2853,1705.7308,8.072,0.0,15.0,17.132,1527,16,0,0,0.986,0,0,0,0,0,0
exact,CSDVRP-S-n10-s3,S,10,3,base,Random-9,0,,5,398.3934,456.2198,394.9219,3.4715,0.0,5.0,6.206,13700,3,0,0,0.9427,0,0,0,0,0,0
main,CSDVRP-S-n15-s4,S,15,4,base,ALNS+,3,,5,585.7427,624.2332,582.2908,3.4519,0.0,5.0,6.732,7267,6,0,0,0.9347,0,0,0,0,0,0
main,CSDVRP-L-n75-s2,L,75,2,base,Random-9,0,,25,2115.2183,2442.0216,2090.8673,9.3511,15.0,25.0,27.897,1112,22,1,1,1.0,0,0,0,0,0,0
main,CSDVRP-XL-n150-s2,XL,150,2,base,Roulette-9,5,,50,4034.8598,4545.4892,4020.2302,14.6297,0.0,50.0,57.419,1645,46,0,0,0.9997,0,0,0,0,0,0
main,CSDVRP-M-n30-s3,M,30,3,base,DRL-VNS,9,5,10,969.1696,1099.7766,965.9069,3.2627,0.0,10.0,10.781,2808,10,0,0,0.988,0,0,0,0,0,0
main,CSDVRP-S-n15-s3,S,15,3,base,VNS,1,,5,601.4006,692.2972,597.8561,3.5445,0.0,5.0,5.105,5337,6,0,0,0.998,0,0,0,0,0,0
main,CSDVRP-M-n50-s3,M,50,3,base,ALNS+,2,,15,1470.321,1746.7745,1418.6486,6.6724,45.0,15.0,16.487,1667,15,2,3,1.0,0,0,0,0,0,0
case,CSDVRP-CS-Riyadh,case,30,0,base,VNS,0,,30,425.0714,711.0291,419.4874,5.584,0.0,30.0,36.649,12661,4,0,0,0.964,0,0,0,0,0,0
main,CSDVRP-M-n30-s1,M,30,1,base,Random-9,7,,10,1049.9778,1231.1888,1031.6902,3.2876,15.0,10.0,11.363,3323,10,1,1,1.0,0,0,0,0,0,0
exact,CSDVRP-S-n12-s3,S,12,3,base,Roulette-9,1,,5,522.4878,589.3086,503.6872,3.8005,15.0,5.0,6.13,10433,4,1,1,1.0,0,0,0,0,0,0
exact,CSDVRP-S-n10-s1,S,10,1,base,VNS-9,5,,5,394.7924,479.2322,392.2685,2.5239,0.0,5.0,6.029,8074,4,0,0,0.9253,0,0,0,0,0,0
main,CSDVRP-M-n30-s0,M,30,0,base,Fixed-small,0,,10,1138.1011,1303.6377,1103.1071,4.994,30.0,10.0,11.234,4327,11,1,2,1.0,0,0,0,0,0,0
main,CSDVRP-XL-n150-s0,XL,150,0,base,VNS,5,,50,4370.4516,5021.4451,4339.166,16.2856,15.0,50.016,52.416,1488,46,1,1,1.0,0,0,0,0,0,0
main,CSDVRP-S-n15-s5,S,15,5,base,DRL-ALNS,5,1,5,675.3233,800.4223,670.5069,4.8163,0.0,5.0,5.219,4053,6,0,0,0.998,0,0,0,0,0,0
main,CSDVRP-XL-n150-s4,XL,150,4,base,Marginal-9,5,1,50,3897.5395,4802.2805,3868.0085,14.531,15.0,50.031,51.734,1551,46,1,1,1.0,0,0,0,0,0,0
main,CSDVRP-XL-n150-s1,XL,150,1,base,Random-9,1,,50,4237.5427,4744.1508,4191.8163,15.7264,30.0,50.0,50.788,1565,45,1,2,1.0,0,0,0,0,0,0
main,CSDVRP-XL-n150-s2,XL,150,2,base,Fixed-small,5,,50,4056.5127,4545.4892,4012.226,14.2867,30.0,50.016,52.579,2650,45,2,2,1.0,0,0,0,0,0,0
main,CSDVRP-S-n15-s5,S,15,5,base,VNS-9,5,,5,666.5148,800.4223,662.7682,3.7467,0.0,5.0,5.044,8855,5,0,0,0.9993,0,0,0,0,0,0
exact,CSDVRP-S-n8-s5,S,8,5,base,DRL-VNS,2,3,5,423.2126,427.0275,419.9371,3.2754,0.0,5.0,5.028,6748,3,0,0,0.894,0,0,0,0,0,0
main,CSDVRP-L-n75-s2,L,75,2,base,DRL-ALNS,9,5,25,2258.4475,2442.0216,2249.0074,9.4401,0.0,25.0,25.644,860,26,0,0,0.9932,0,0,0,0,0,0
main,CSDVRP-S-n20-s3,S,20,3,base,DRL-VNS,7,3,6,703.6958,797.0264,684.6426,4.0532,15.0,6.0,6.085,3825,7,1,1,1.0,0,0,0,0,0,0
main,CSDVRP-XL-n150-s3,XL,150,3,base,VNS,3,,50,3797.7033,4237.9876,3780.4239,17.2795,0.0,50.016,50.657,1556,43,0,0,0.9983,0,0,0,0,0,0
exact,CSDVRP-S-n12-s2,S,12,2,base,DRL-VNS,4,5,5,460.175,518.4642,458.0808,2.0942,0.0,5.0,5.056,6202,4,0,0,0.998,0,0,0,0,0,0
main,CSDVRP-XL-n150-s4,XL,150,4,base,DRL-ALNS,5,1,50,4215.7748,4802.2805,4195.1782,20.5966,0.0,50.016,50.903,705,46,0,0,0.9997,0,0,0,0,0,0
main,CSDVRP-L-n100-s1,L,100,1,base,Marginal-9,3,4,35,2666.097,3146.4881,2654.3124,11.7846,0.0,35.0,35.86,735,29,0,0,0.9996,0,0,0,0,0,0
main,CSDVRP-S-n20-s0,S,20,0,base,Marginal-9,6,2,6,756.2207,835.2978,752.4896,3.7311,0.0,6.0,6.213,5112,7,0,0,0.9987,0,0,0,0,0,0
exact,CSDVRP-S-n12-s4,S,12,4,base,VNS,3,,5,487.5063,536.3904,484.4937,3.0126,0.0,5.0,5.028,8526,4,0,0,0.9867,0,0,0,0,0,0
main,CSDVRP-S-n20-s0,S,20,0,base,Fixed-small,6,,6,784.7513,835.2978,781.7371,3.0142,0.0,6.0,6.077,5600,8,0,0,0.9987,0,0,0,0,0,0
main,CSDVRP-XL-n150-s5,XL,150,5,base,Random-9,8,,50,3922.063,4291.4727,3861.5738,15.4892,45.0,50.047,51.203,1497,45,2,3,1.0,0,0,0,0,0,0
main,CSDVRP-XL-n150-s0,XL,150,0,base,Fixed-small,3,,50,4392.056,5021.4451,4364.6369,12.4191,15.0,50.0,51.061,2529,47,1,1,0.9997,0,0,0,0,0,0
main,CSDVRP-S-n20-s3,S,20,3,base,Marginal-9,9,5,6,691.2399,797.0264,687.1116,4.1284,0.0,6.0,6.085,4730,7,0,0,0.9707,0,0,0,0,0,0
main,CSDVRP-L-n75-s3,L,75,3,base,Random-9,8,,25,2126.2273,2332.9982,2087.3463,8.881,30.0,25.0,25.354,1136,23,1,2,1.0,0,0,0,0,0,0
exact,CSDVRP-S-n10-s1,S,10,1,base,Fixed-small,5,,5,395.139,479.2322,392.2685,2.8705,0.0,5.0,5.189,11259,4,0,0,0.9253,0,0,0,0,0,0
main,CSDVRP-S-n15-s0,S,15,0,base,Fixed-small,0,,5,623.1532,666.3141,603.7658,4.3874,15.0,5.0,5.123,7998,5,1,1,0.9927,0,0,0,0,0,0
main,CSDVRP-M-n30-s0,M,30,0,base,VNS-9,8,,10,1092.9389,1303.6377,1089.1614,3.7775,0.0,10.0,10.155,3853,11,0,0,0.997,0,0,0,0,0,0
exact,CSDVRP-S-n10-s5,S,10,5,base,Random-9,1,,5,454.5993,485.8354,450.6688,3.9305,0.0,5.0,5.028,12654,3,0,0,0.956,0,0,0,0,0,0
exact,CSDVRP-S-n10-s4,S,10,4,base,DRL-ALNS,9,5,5,387.4582,460.8567,384.9244,2.5338,0.0,5.0,5.092,6128,3,0,0,0.98,0,0,0,0,0,0
main,CSDVRP-M-n30-s4,M,30,4,base,Random-9,3,,10,943.8664,1151.8487,938.5173,5.349,0.0,10.0,10.138,3724,10,0,0,0.99,0,0,0,0,0,0
main,CSDVRP-L-n75-s2,L,75,2,base,VNS,1,,25,2117.782,2442.0216,2107.3144,10.4676,0.0,25.0,25.305,1630,22,0,0,0.9988,0,0,0,0,0,0
main,CSDVRP-L-n100-s2,L,100,2,base,Roulette-9,2,,35,2800.671,3167.7225,2791.1283,9.5427,0.0,35.062,35.734,786,30,0,0,0.996,0,0,0,0,0,0
main,CSDVRP-M-n50-s4,M,50,4,base,VNS,4,,15,1666.0486,1919.2804,1660.114,5.9346,0.0,15.0,15.205,2689,16,0,0,1.0,0,0,0,0,0,0
main,CSDVRP-XL-n150-s2,XL,150,2,base,Random-9,5,,50,4064.9673,4545.4892,4033.741,16.2264,15.0,50.016,51.404,1529,46,1,1,1.0,0,0,0,0,0,0
main,CSDVRP-XL-n150-s3,XL,150,3,base,DRL-VNS,4,5,50,3866.4839,4237.9876,3851.2965,15.1874,0.0,50.016,50.654,1390,44,0,0,0.9987,0,0,0,0,0,0
exact,CSDVRP-S-n8-s4,S,8,4,base,Random-9,1,,5,360.1059,397.2233,357.0731,3.0328,0.0,5.0,5.04,15895,3,0,0,0.8793,0,0,0,0,0,0
main,CSDVRP-M-n30-s4,M,30,4,base,Fixed-small,9,,10,947.1397,1151.8487,942.0879,5.0518,0.0,10.0,10.077,5418,10,0,0,0.9925,0,0,0,0,0,0
exact,CSDVRP-S-n8-s2,S,8,2,base,ALNS+,3,,5,344.8888,398.3755,342.4078,2.481,0.0,5.0,5.279,17929,3,0,0,0.8753,0,0,0,0,0,0
exact,CSDVRP-S-n6-s1,S,6,1,base,DRL-ALNS,1,2,5,341.7876,362.2464,340.1093,1.6783,0.0,5.0,5.107,6761,3,0,0,0.926,0,0,0,0,0,0
exact,CSDVRP-S-n10-s5,S,10,5,base,VNS,0,,5,454.5993,485.8354,450.6688,3.9305,0.0,5.0,5.109,10331,3,0,0,0.956,0,0,0,0,0,0
main,CSDVRP-M-n50-s0,M,50,0,base,VNS,4,,15,1705.7156,1986.2853,1699.1272,6.5884,0.0,15.0,15.139,2707,16,0,0,0.9865,0,0,0,0,0,0
main,CSDVRP-L-n100-s3,L,100,3,base,Marginal-9,3,4,35,2733.5838,3095.0715,2723.6463,9.9375,0.0,35.016,35.509,721,31,0,0,1.0,0,0,0,0,0,0
main,CSDVRP-M-n30-s0,M,30,0,base,VNS-9,4,,10,1093.2446,1303.6377,1088.8964,4.3482,0.0,10.0,10.08,3899,11,0,0,0.997,0,0,0,0,0,0
main,CSDVRP-S-n20-s2,S,20,2,base,ALNS+,2,,6,696.2978,732.8183,677.3119,3.9859,15.0,6.0,6.341,5379,7,1,1,0.9933,0,0,0,0,0,0
main,CSDVRP-XL-n150-s5,XL,150,5,base,Roulette-9,3,,50,3940.4524,4291.4727,3925.5513,14.9011,0.0,50.0,50.534,1573,46,0,0,0.999,0,0,0,0,0,0
exact,CSDVRP-S-n10-s5,S,10,5,base,VNS,2,,5,454.5993,485.8354,450.6688,3.9305,0.0,5.0,5.008,10347,3,0,0,0.956,0,0,0,0,0,0
main,CSDVRP-S-n20-s2,S,20,2,base,VNS-9,1,,6,670.121,732.8183,667.0092,3.1118,0.0,6.0,6.075,4709,7,0,0,0.9933,0,0,0,0,0,0
main,CSDVRP-L-n100-s1,L,100,1,base,DRL-ALNS,9,5,35,2854.1355,3146.4881,2842.243,11.8925,0.0,35.031,35.552,541,33,0,0,1.0,0,0,0,0,0,0
main,CSDVRP-L-n75-s2,L,75,2,base,VNS-9,6,,25,2121.3786,2442.0216,2097.4641,8.9145,15.0,25.016,25.357,1236,22,1,1,1.0,0,0,0,0,0,0
exact,CSDVRP-S-n6-s3,S,6,3,base,VNS-9,6,,5,230.2731,253.5784,228.5871,1.686,0.0,5.0,5.1,28976,2,0,0,0.9873,0,0,0,0,0,0
main,CSDVRP-S-n20-s1,S,20,1,base,ALNS+,9,,6,827.2986,908.0268,821.4444,5.8541,0.0,6.0,6.061,5153,7,0,0,0.9833,0,0,0,0,0,0
main,CSDVRP-L-n75-s0,L,75,0,base,DRL-ALNS,0,1,25,2492.8206,2688.4285,2481.2027,11.618,0.0,25.031,25.468,731,26,0,0,0.9984,0,0,0,0,0,0
main,CSDVRP-M-n50-s4,M,50,4,base,VNS-9,6,,15,1648.8478,1919.2804,1641.408,7.4398,0.0,15.016,15.186,1591,16,0,0,0.9925,0,0,0,0,0,0
main,CSDVRP-M-n50-s5,M,50,5,base,DRL-VNS,4,5,15,1632.1352,1904.3598,1624.8472,7.288,0.0,15.016,15.246,1658,16,0,0,0.998,0,0,0,0,0,0
main,CSDVRP-L-n100-s5,L,100,5,base,DRL-ALNS,8,4,35,2726.0478,3154.3549,2709.011,17.0368,0.0,35.0,35.739,531,31,0,0,0.9976,0,0,0,0,0,0
main,CSDVRP-M-n30-s0,M,30,0,base,Random-9,4,,10,1108.4541,1303.6377,1089.7803,3.6738,15.0,10.0,10.303,3825,11,1,1,0.997,0,0,0,0,0,0
main,CSDVRP-L-n100-s4,L,100,4,base,Fixed-small,8,,35,2965.0033,3371.4529,2909.5761,10.4272,45.0,35.031,35.512,1198,31,2,3,1.0,0,0,0,0,0,0
main,CSDVRP-L-n100-s3,L,100,3,base,Fixed-small,9,,35,2722.2525,3095.0715,2698.6228,8.6298,15.0,35.0,35.595,1336,31,1,1,1.0,0,0,0,0,0,0
main,CSDVRP-XL-n150-s1,XL,150,1,base,Marginal-9,4,5,50,4293.0044,4744.1508,4199.5442,18.4602,75.0,50.0,51.041,1403,45,3,5,1.0,0,0,0,0,0,0
main,CSDVRP-L-n100-s5,L,100,5,base,Fixed-small,9,,35,2685.4856,3154.3549,2600.4013,10.0843,75.0,35.016,35.778,1122,31,3,5,1.0,0,0,0,0,0,0
exact,CSDVRP-S-n10-s4,S,10,4,base,ALNS+,5,,5,387.4582,460.8567,384.9244,2.5338,0.0,5.0,5.093,15860,3,0,0,0.98,0,0,0,0,0,0
main,CSDVRP-L-n75-s5,L,75,5,base,DRL-VNS,5,1,25,2084.0441,2327.4464,2075.6316,8.4125,0.0,25.0,25.548,1191,22,0,0,0.9828,0,0,0,0,0,0
main,CSDVRP-XL-n150-s5,XL,150,5,base,Roulette-9,7,,50,3907.5114,4291.4727,3846.4859,16.0255,45.0,50.0,50.725,1714,45,2,3,1.0,0,0,0,0,0,0
main,CSDVRP-M-n50-s0,M,50,0,base,VNS-9,0,,15,1707.776,1986.2853,1700.9035,6.8725,0.0,15.0,15.302,1907,16,0,0,0.9865,0,0,0,0,0,0
exact,CSDVRP-S-n6-s5,S,6,5,base,DRL-VNS,0,1,5,347.3173,347.7063,345.0582,2.2591,0.0,5.0,5.116,8181,3,0,0,0.9907,0,0,0,0,0,0
main,CSDVRP-M-n30-s1,M,30,1,base,DRL-VNS,5,1,10,1031.4688,1231.1888,1027.1043,4.3646,0.0,10.0,10.136,2787,10,0,0,0.98,0,0,0,0,0,0
main,CSDVRP-L-n75-s4,L,75,4,base,VNS,3,,25,2200.908,2460.454,2193.3187,7.5893,0.0,25.0,25.508,1677,24,0,0,0.998,0,0,0,0,0,0
exact,CSDVRP-S-n10-s1,S,10,1,base,ALNS+,5,,5,394.7924,479.2322,392.2685,2.5239,0.0,5.0,5.05,11269,4,0,0,0.9253,0,0,0,0,0,0
exact,CSDVRP-S-n10-s4,S,10,4,base,Roulette-9,1,,5,387.4582,460.8567,384.9244,2.5338,0.0,5.0,5.061,15646,3,0,0,0.98,0,0,0,0,0,0
main,CSDVRP-S-n20-s3,S,20,3,base,VNS-9,5,,6,703.796,797.0264,684.6426,4.1534,15.0,6.0,6.262,5400,7,1,1,1.0,0,0,0,0,0,0
main,CSDVRP-S-n20-s3,S,20,3,base,Fixed-small,4,,6,730.1927,797.0264,696.4671,3.7256,30.0,6.0,6.126,6863,7,2,2,1.0,0,0,0,0,0,0
main,CSDVRP-M-n30-s0,M,30,0,base,Random-9,5,,10,1110.5475,1303.6377,1091.4559,4.0916,15.0,10.0,10.234,3800,11,1,1,0.997,0,0,0,0,0,0
main,CSDVRP-L-n100-s2,L,100,2,base,VNS,7,,35,2820.2634,3167.7225,2808.3261,11.9373,0.0,35.0,35.545,899,30,0,0,0.9976,0,0,0,0,0,0
main,CSDVRP-S-n20-s1,S,20,1,base,Marginal-9,0,1,6,785.2664,908.0268,780.5879,4.6785,0.0,6.0,6.074,4861,7,0,0,0.9833,0,0,0,0,0,0
main,CSDVRP-L-n100-s0,L,100,0,base,DRL-ALNS,7,3,35,3170.3937,3458.8862,3154.6743,15.7194,0.0,35.125,36.611,464,31,0,0,1.0,0,0,0,0,0,0
exact,CSDVRP-S-n12-s2,S,12,2,base,Roulette-9,7,,5,460.175,518.4642,458.0808,2.0942,0.0,5.0,5.09,13155,4,0,0,0.998,0,0,0,0,0,0
main,CSDVRP-S-n15-s4,S,15,4,base,Random-9,8,,5,585.7427,624.2332,582.2908,3.4519,0.0,5.0,5.043,7181,6,0,0,0.9347,0,0,0,0,0,0
main,CSDVRP-S-n20-s2,S,20,2,base,Fixed-small,1,,6,670.1377,732.8183,667.0092,3.1285,0.0,6.0,6.062,6428,7,0,0,0.9933,0,0,0,0,0,0
exact,CSDVRP-S-n6-s4,S,6,4,base,ALNS+,2,,5,307.1905,316.7228,305.135,2.0555,0.0,5.0,5.091,19091,3,0,0,0.906,0,0,0,0,0,0
exact,CSDVRP-S-n12-s2,S,12,2,base,VNS-9,3,,5,460.175,518.4642,458.0808,2.0942,0.0,5.0,5.108,13853,4,0,0,0.998,0,0,0,0,0,0
exact,CSDVRP-S-n6-s1,S,6,1,base,Random-9,3,,5,341.7876,362.2464,340.1093,1.6783,0.0,5.0,5.075,22042,3,0,0,0.926,0,0,0,0,0,0
main,CSDVRP-S-n20-s0,S,20,0,base,Fixed-small,3,,6,784.7513,835.2978,781.7371,3.0142,0.0,6.0,6.11,5735,8,0,0,0.9987,0,0,0,0,0,0
exact,CSDVRP-S-n6-s2,S,6,2,base,VNS,1,,5,330.2083,334.9047,328.2873,1.921,0.0,5.0,5.075,16050,3,0,0,0.8567,0,0,0,0,0,0
exact,CSDVRP-S-n6-s4,S,6,4,base,VNS-9,2,,5,307.3738,316.7228,305.135,2.2389,0.0,5.0,5.076,19524,3,0,0,0.906,0,0,0,0,0,0
main,CSDVRP-L-n75-s2,L,75,2,base,Marginal-9,9,5,25,2136.8239,2442.0216,2097.5641,9.2599,30.0,25.0,25.474,1116,23,1,2,0.9928,0,0,0,0,0,0
exact,CSDVRP-S-n6-s4,S,6,4,base,Marginal-9,3,4,5,307.3738,316.7228,305.135,2.2389,0.0,5.0,5.086,18570,3,0,0,0.906,0,0,0,0,0,0
main,CSDVRP-L-n75-s4,L,75,4,base,Roulette-9,7,,25,2201.1166,2460.454,2194.5079,6.6087,0.0,25.0,25.364,1123,24,0,0,0.998,0,0,0,0,0,0
exact,CSDVRP-S-n6-s1,S,6,1,base,DRL-VNS,5,1,5,341.7876,362.2464,340.1093,1.6783,0.0,5.0,5.004,7857,3,0,0,0.926,0,0,0,0,0,0
main,CSDVRP-L-n75-s0,L,75,0,base,Fixed-small,9,,25,2409.3782,2688.4285,2401.1797,8.1985,0.0,25.0,25.379,2132,24,0,0,0.9984,0,0,0,0,0,0
main,CSDVRP-M-n30-s1,M,30,1,base,Marginal-9,0,1,10,1031.4688,1231.1888,1027.1043,4.3646,0.0,10.0,10.28,3130,10,0,0,0.98,0,0,0,0,0,0
exact,CSDVRP-S-n8-s3,S,8,3,base,Roulette-9,7,,5,339.8466,351.7127,337.5902,2.2564,0.0,5.0,5.053,16760,3,0,0,0.9567,0,0,0,0,0,0
exact,CSDVRP-S-n12-s1,S,12,1,base,Roulette-9,1,,5,546.6653,602.7068,512.8082,3.8571,30.0,5.0,5.077,10236,4,2,2,0.994,0,0,0,0,0,0
main,CSDVRP-M-n50-s0,M,50,0,base,Roulette-9,3,,15,1707.3662,1986.2853,1700.9035,6.4626,0.0,15.0,15.252,2104,16,0,0,0.9865,0,0,0,0,0,0
main,CSDVRP-S-n15-s1,S,15,1,base,DRL-VNS,3,4,5,590.7648,675.8866,586.7939,3.9709,0.0,5.0,5.039,4303,5,0,0,0.9987,0,0,0,0,0,0
main,CSDVRP-L-n75-s1,L,75,1,base,Marginal-9,6,2,25,2116.4733,2408.8056,2034.4388,7.0345,75.0,25.016,25.329,1210,22,4,5,1.0,0,0,0,0,0,0
exact,CSDVRP-S-n12-s3,S,12,3,base,DRL-ALNS,4,5,5,522.4878,589.3086,503.6872,3.8005,15.0,5.0,5.041,5215,4,1,1,1.0,0,0,0,0,0,0
exact,CSDVRP-S-n8-s3,S,8,3,base,Random-9,2,,5,339.8466,351.7127,337.5902,2.2564,0.0,5.0,5.061,17419,3,0,0,0.9567,0,0,0,0,0,0
exact,CSDVRP-S-n6-s4,S,6,4,base,Random-9,6,,5,307.3738,316.7228,305.135,2.2389,0.0,5.0,5.296,20046,3,0,0,0.906,0,0,0,0,0,0
exact,CSDVRP-S-n6-s4,S,6,4,base,DRL-VNS,9,5,5,307.1905,316.7228,305.135,2.0555,0.0,5.0,5.186,7640,3,0,0,0.906,0,0,0,0,0,0
main,CSDVRP-L-n100-s3,L,100,3,base,VNS-9,6,,35,2720.3672,3095.0715,2709.1001,11.267,0.0,35.016,35.468,761,31,0,0,0.9992,0,0,0,0,0,0
main,CSDVRP-S-n20-s3,S,20,3,base,DRL-ALNS,0,1,6,708.0477,797.0264,674.3849,3.6628,30.0,6.0,6.152,3441,7,2,2,1.0,0,0,0,0,0,0
exact,CSDVRP-S-n10-s3,S,10,3,base,VNS,6,,5,398.3226,456.2198,394.9219,3.4007,0.0,5.0,5.06,12920,3,0,0,0.9427,0,0,0,0,0,0
main,CSDVRP-XL-n150-s4,XL,150,4,base,DRL-ALNS,9,5,50,4116.7492,4802.2805,4098.5478,18.2014,0.0,50.047,50.848,900,46,0,0,0.9973,0,0,0,0,0,0
case,CSDVRP-CS-Riyadh,case,30,0,base,DRL-ALNS,1,2,30,420.3688,711.0291,414.0897,6.279,0.0,30.0,30.459,10481,4,0,0,0.982,0,0,0,0,0,0
exact,CSDVRP-S-n12-s4,S,12,4,base,Fixed-small,8,,5,487.6731,536.3904,484.4937,3.1794,0.0,5.0,5.091,13306,4,0,0,0.9867,0,0,0,0,0,0
main,CSDVRP-S-n15-s1,S,15,1,base,Marginal-9,7,3,5,599.4153,675.8866,596.1341,3.2813,0.0,5.0,5.092,6432,6,0,0,0.9,0,0,0,0,0,0
case,CSDVRP-CS-Riyadh,case,30,0,base,Marginal-9,4,5,30,424.5677,711.0291,419.1337,5.4341,0.0,30.0,30.653,13803,4,0,0,0.982,0,0,0,0,0,0
exact,CSDVRP-S-n12-s2,S,12,2,base,Fixed-small,1,,5,475.9776,518.4642,473.3356,2.642,0.0,5.0,5.091,11662,5,0,0,0.9853,0,0,0,0,0,0
main,CSDVRP-M-n50-s3,M,50,3,base,ALNS+,7,,15,1443.0207,1746.7745,1406.8607,6.1601,30.0,15.0,15.14,1918,15,2,2,1.0,0,0,0,0,0,0
main,CSDVRP-L-n100-s0,L,100,0,base,Fixed-small,1,,35,3090.1761,3458.8862,3045.7876,14.3885,30.0,35.031,35.546,1204,31,1,2,1.0,0,0,0,0,0,0
exact,CSDVRP-S-n10-s2,S,10,2,base,DRL-VNS,0,1,5,391.6922,436.4179,389.0812,2.6111,0.0,5.0,5.4,7431,3,0,0,0.9787,0,0,0,0,0,0
exact,CSDVRP-S-n8-s2,S,8,2,base,Fixed-small,2,,5,344.8888,398.3755,342.4078,2.481,0.0,5.0,5.061,19082,3,0,0,0.8753,0,0,0,0,0,0
main,CSDVRP-M-n50-s2,M,50,2,base,ALNS+,7,,15,1496.8414,1677.4231,1488.7489,8.0925,0.0,15.0,15.24,2129,16,0,0,0.9985,0,0,0,0,0,0
main,CSDVRP-S-n20-s1,S,20,1,base,Marginal-9,3,4,6,785.2664,908.0268,780.5879,4.6785,0.0,6.0,6.084,5168,7,0,0,0.9833,0,0,0,0,0,0
exact,CSDVRP-S-n12-s5,S,12,5,base,DRL-VNS,6,2,5,521.0601,535.5205,517.6832,3.3769,0.0,5.0,5.06,5580,4,0,0,0.978,0,0,0,0,0,0
main,CSDVRP-M-n50-s4,M,50,4,base,Fixed-small,7,,15,1662.6534,1919.2804,1656.8734,5.78,0.0,15.0,15.296,2626,16,0,0,0.9915,0,0,0,0,0,0
main,CSDVRP-L-n100-s3,L,100,3,base,Random-9,6,,35,2690.6426,3095.0715,2680.2526,10.39,0.0,35.016,35.579,782,31,0,0,1.0,0,0,0,0,0,0
main,CSDVRP-M-n30-s0,M,30,0,base,Roulette-9,7,,10,1092.964,1303.6377,1089.1614,3.8025,0.0,10.0,10.101,4036,11,0,0,0.997,0,0,0,0,0,0
exact,CSDVRP-S-n10-s1,S,10,1,base,ALNS+,2,,5,394.7924,479.2322,392.2685,2.5239,0.0,5.0,5.029,11434,4,0,0,0.9253,0,0,0,0,0,0
main,CSDVRP-M-n30-s5,M,30,5,base,DRL-VNS,4,5,10,1126.8454,1247.2838,1091.3589,5.4864,30.0,10.0,10.264,2855,10,2,2,1.0,0,0,0,0,0,0
main,CSDVRP-S-n15-s1,S,15,1,base,VNS-9,5,,5,599.4153,675.8866,596.1341,3.2813,0.0,5.0,5.106,6425,6,0,0,0.9,0,0,0,0,0,0
exact,CSDVRP-S-n8-s3,S,8,3,base,DRL-VNS,4,5,5,339.8466,351.7127,337.5902,2.2564,0.0,5.0,5.045,7070,3,0,0,0.9567,0,0,0,0,0,0
exact,CSDVRP-S-n10-s4,S,10,4,base,Marginal-9,8,4,5,387.4582,460.8567,384.9244,2.5338,0.0,5.0,5.09,16120,3,0,0,0.98,0,0,0,0,0,0
main,CSDVRP-L-n100-s2,L,100,2,base,VNS-9,4,,35,2823.7711,3167.7225,2812.3988,11.3724,0.0,35.0,35.56,754,30,0,0,0.998,0,0,0,0,0,0
case,CSDVRP-CS-Riyadh,case,30,0,base,ALNS+,2,,30,419.5486,711.0291,414.1168,5.4318,0.0,30.0,30.467,18137,4,0,0,0.99,0,0,0,0,0,0
main,CSDVRP-XL-n150-s2,XL,150,2,base,VNS-9,1,,50,4053.2483,4545.4892,4036.9416,16.3067,0.0,50.016,50.909,1571,46,0,0,1.0,0,0,0,0,0,0
main,CSDVRP-S-n20-s5,S,20,5,base,Fixed-small,9,,6,763.2502,865.7,758.6853,4.5649,0.0,6.0,6.118,7779,7,0,0,0.9947,0,0,0,0,0,0
exact,CSDVRP-S-n12-s1,S,12,1,base,Random-9,5,,5,511.4838,602.7068,507.9062,3.5776,0.0,5.0,5.154,10002,4,0,0,0.994,0,0,0,0,0,0
main,CSDVRP-XL-n150-s1,XL,150,1,base,VNS-9,0,,50,4264.1661,4744.1508,4218.2816,15.8845,30.0,50.0,50.701,1620,45,1,2,1.0,0,0,0,0,0,0
exact,CSDVRP-S-n6-s4,S,6,4,base,VNS,5,,5,307.1905,316.7228,305.135,2.0555,0.0,5.0,5.075,18592,3,0,0,0.906,0,0,0,0,0,0
main,CSDVRP-M-n30-s2,M,30,2,base,DRL-ALNS,1,2,10,956.8256,1162.4183,892.7685,4.0571,60.0,10.0,10.422,3700,9,4,4,1.0,0,0,0,0,0,0
exact,CSDVRP-S-n6-s5,S,6,5,base,Random-9,8,,5,347.3173,347.7063,345.0582,2.2591,0.0,5.0,5.044,24363,3,0,0,0.9907,0,0,0,0,0,0
main,CSDVRP-S-n20-s4,S,20,4,base,Random-9,2,,6,719.4697,798.0501,715.5041,3.9656,0.0,6.0,6.155,5080,7,0,0,0.986,0,0,0,0,0,0
exact,CSDVRP-S-n6-s3,S,6,3,base,VNS,3,,5,230.2731,253.5784,228.5871,1.686,0.0,5.0,5.121,28886,2,0,0,0.9873,0,0,0,0,0,0
exact,CSDVRP-S-n8-s4,S,8,4,base,Random-9,7,,5,359.1905,397.2233,357.0731,2.1174,0.0,5.0,5.107,16552,3,0,0,0.8793,0,0,0,0,0,0
main,CSDVRP-XL-n150-s2,XL,150,2,base,Marginal-9,2,3,50,4030.0539,4545.4892,3985.2232,14.8307,30.0,50.0,50.948,1688,45,1,2,1.0,0,0,0,0,0,0
main,CSDVRP-XL-n150-s0,XL,150,0,base,VNS-9,1,,50,4443.9076,5021.4451,4337.4139,16.4937,90.0,50.0,50.791,1677,46,4,6,1.0,0,0,0,0,0,0
main,CSDVRP-L-n75-s3,L,75,3,base,VNS,3,,25,2102.2392,2332.9982,2065.8472,6.392,30.0,25.0,25.566,1952,23,1,2,1.0,0,0,0,0,0,0
exact,CSDVRP-S-n12-s5,S,12,5,base,Random-9,6,,5,521.0601,535.5205,517.6832,3.3769,0.0,5.0,5.091,9961,4,0,0,0.978,0,0,0,0,0,0
main,CSDVRP-M-n50-s0,M,50,0,base,Fixed-small,0,,15,1713.3279,1986.2853,1705.7308,7.5971,0.0,15.0,15.236,2761,16,0,0,0.986,0,0,0,0,0,0
main,CSDVRP-S-n15-s0,S,15,0,base,VNS-9,4,,5,606.5233,666.3141,602.2712,4.2521,0.0,5.0,5.12,7368,5,0,0,0.9927,0,0,0,0,0,0
main,CSDVRP-L-n75-s3,L,75,3,base,ALNS+,8,,25,2206.5935,2332.9982,2200.2465,6.347,0.0,25.0,25.443,981,27,0,0,0.9952,0,0,0,0,0,0
exact,CSDVRP-S-n10-s4,S,10,4,base,Roulette-9,4,,5,387.4582,460.8567,384.9244,2.5338,0.0,5.0,5.037,15642,3,0,0,0.98,0,0,0,0,0,0
main,CSDVRP-L-n100-s1,L,100,1,base,VNS-9,0,,35,2691.7289,3146.4881,2680.1912,11.5377,0.0,35.094,35.705,782,29,0,0,0.9996,0,0,0,0,0,0
main,CSDVRP-M-n50-s5,M,50,5,base,DRL-ALNS,9,5,15,1699.37,1904.3598,1631.3356,8.0344,60.0,15.0,15.205,1432,15,4,4,1.0,0,0,0,0,0,0
main,CSDVRP-S-n15-s1,S,15,1,base,Random-9,4,,5,599.4153,675.8866,596.1341,3.2813,0.0,5.0,5.13,6535,6,0,0,0.9,0,0,0,0,0,0
exact,CSDVRP-S-n10-s2,S,10,2,base,Marginal-9,1,2,5,391.6922,436.4179,389.0812,2.6111,0.0,5.0,5.092,17074,3,0,0,0.9787,0,0,0,0,0,0
main,CSDVRP-M-n50-s3,M,50,3,base,Marginal-9,8,4,15,1399.3631,1746.7745,1392.5811,6.782,0.0,15.0,15.159,1955,15,0,0,0.994,0,0,0,0,0,0
main,CSDVRP-S-n20-s4,S,20,4,base,DRL-ALNS,3,4,6,719.4697,798.0501,715.5041,3.9656,0.0,6.0,6.102,3757,7,0,0,0.986,0,0,0,0,0,0
exact,CSDVRP-S-n10-s2,S,10,2,base,Fixed-small,1,,5,401.0886,436.4179,398.071,3.0176,0.0,5.0,5.047,17607,3,0,0,0.9867,0,0,0,0,0,0
main,CSDVRP-S-n20-s1,S,20,1,base,ALNS+,8,,6,818.0528,908.0268,783.941,4.1117,30.0,6.0,6.075,5357,7,2,2,1.0,0,0,0,0,0,0
exact,CSDVRP-S-n12-s1,S,12,1,base,Fixed-small,7,,5,548.0363,602.7068,514.4838,3.5525,30.0,5.0,5.249,12378,4,2,2,1.0,0,0,0,0,0,0
exact,CSDVRP-S-n10-s1,S,10,1,base,Fixed-small,6,,5,394.7924,479.2322,392.2685,2.5239,0.0,5.0,5.075,9561,4,0,0,0.9253,0,0,0,0,0,0
main,CSDVRP-M-n50-s1,M,50,1,base,Roulette-9,5,,15,1535.5132,1718.5004,1484.1978,6.3154,45.0,15.0,15.233,2297,15,2,3,1.0,0,0,0,0,0,0
main,CSDVRP-S-n15-s2,S,15,2,base,DRL-VNS,0,1,5,604.4369,645.109,602.0225,2.4144,0.0,5.0,5.138,4301,6,0,0,0.9953,0,0,0,0,0,0
main,CSDVRP-S-n15-s3,S,15,3,base,Marginal-9,4,5,5,601.4006,692.2972,597.8561,3.5445,0.0,5.0,5.044,6718,6,0,0,0.998,0,0,0,0,0,0
main,CSDVRP-S-n20-s4,S,20,4,base,VNS-9,7,,6,719.4697,798.0501,715.5041,3.9656,0.0,6.0,6.076,4882,7,0,0,0.986,0,0,0,0,0,0
exact,CSDVRP-S-n8-s1,S,8,1,base,ALNS+,3,,5,335.8429,376.3954,333.6723,2.1706,0.0,5.0,5.045,18497,3,0,0,0.9073,0,0,0,0,0,0
exact,CSDVRP-S-n10-s2,S,10,2,base,VNS-9,0,,5,391.6922,436.4179,389.0812,2.6111,0.0,5.0,5.108,17450,3,0,0,0.9787,0,0,0,0,0,0
exact,CSDVRP-S-n6-s2,S,6,2,base,Roulette-9,9,,5,330.7872,334.9047,328.2873,2.4999,0.0,5.0,5.139,17770,3,0,0,0.8567,0,0,0,0,0,0
main,CSDVRP-S-n15-s4,S,15,4,base,VNS,8,,5,585.7427,624.2332,582.2908,3.4519,0.0,5.0,4.998,6071,6,0,0,0.9347,0,0,0,0,0,0
main,CSDVRP-M-n30-s2,M,30,2,base,Marginal-9,0,1,10,941.0551,1162.4183,938.3163,2.7388,0.0,10.0,10.17,3568,10,0,0,0.9865,0,0,0,0,0,0
exact,CSDVRP-S-n10-s1,S,10,1,base,Fixed-small,7,,5,394.7924,479.2322,392.2685,2.5239,0.0,5.0,5.03,9555,4,0,0,0.9253,0,0,0,0,0,0
exact,CSDVRP-S-n12-s1,S,12,1,base,VNS-9,8,,5,511.4838,602.7068,507.9062,3.5776,0.0,5.0,5.233,10600,4,0,0,0.994,0,0,0,0,0,0
main,CSDVRP-M-n30-s4,M,30,4,base,VNS,7,,10,926.1685,1151.8487,921.3091,4.8594,0.0,10.0,10.141,3773,10,0,0,0.99,0,0,0,0,0,0
main,CSDVRP-M-n50-s4,M,50,4,base,DRL-ALNS,0,1,15,1715.5108,1919.2804,1634.0442,6.4666,75.0,15.0,15.292,1364,16,5,5,1.0,0,0,0,0,0,0
main,CSDVRP-L-n75-s4,L,75,4,base,ALNS+,5,,25,2275.5953,2460.454,2267.0531,8.5423,0.0,25.016,25.459,953,27,0,0,0.998,0,0,0,0,0,0
exact,CSDVRP-S-n12-s3,S,12,3,base,Random-9,3,,5,522.4878,589.3086,503.6872,3.8005,15.0,5.0,5.052,12051,4,1,1,1.0,0,0,0,0,0,0
exact,CSDVRP-S-n6-s2,S,6,2,base,ALNS+,8,,5,330.2083,334.9047,328.2873,1.921,0.0,5.0,5.138,17875,3,0,0,0.8567,0,0,0,0,0,0
main,CSDVRP-XL-n150-s2,XL,150,2,base,VNS,8,,50,3997.2294,4545.4892,3966.5665,15.663,15.0,50.0,50.865,1453,45,1,1,1.0,0,0,0,0,0,0
exact,CSDVRP-S-n8-s4,S,8,4,base,ALNS+,2,,5,360.1059,397.2233,357.0731,3.0328,0.0,5.0,5.084,16969,3,0,0,0.8793,0,0,0,0,0,0
main,CSDVRP-S-n20-s3,S,20,3,base,DRL-ALNS,3,4,6,705.4228,797.0264,671.6667,3.7561,30.0,6.0,6.094,3701,7,2,2,1.0,0,0,0,0,0,0
main,CSDVRP-M-n30-s4,M,30,4,base,ALNS+,9,,10,926.1273,1151.8487,921.3091,4.8182,0.0,10.0,10.2,4220,10,0,0,0.99,0,0,0,0,0,0
exact,CSDVRP-S-n12-s2,S,12,2,base,Marginal-9,5,1,5,460.175,518.4642,458.0808,2.0942,0.0,5.0,5.076,12862,4,0,0,0.998,0,0,0,0,0,0
main,CSDVRP-S-n15-s2,S,15,2,base,DRL-VNS,2,3,5,604.4369,645.109,602.0225,2.4144,0.0,5.0,5.075,4323,6,0,0,0.9953,0,0,0,0,0,0
main,CSDVRP-L-n75-s4,L,75,4,base,ALNS+,3,,25,2285.1933,2460.454,2276.3685,8.8248,0.0,25.016,25.617,929,25,0,0,0.998,0,0,0,0,0,0
main,CSDVRP-M-n30-s5,M,30,5,base,ALNS+,1,,10,1119.4541,1247.2838,1084.647,4.807,30.0,10.0,10.862,4558,10,1,2,1.0,0,0,0,0,0,0
main,CSDVRP-S-n15-s3,S,15,3,base,DRL-VNS,1,2,5,601.7995,692.2972,597.8561,3.9435,0.0,5.0,5.09,4489,6,0,0,0.998,0,0,0,0,0,0
exact,CSDVRP-S-n12-s5,S,12,5,base,DRL-VNS,2,3,5,521.0601,535.5205,517.6832,3.3769,0.0,5.0,5.091,5600,4,0,0,0.978,0,0,0,0,0,0
main,CSDVRP-S-n20-s3,S,20,3,base,Roulette-9,9,,6,691.2399,797.0264,687.1116,4.1284,0.0,6.0,6.107,5267,7,0,0,0.9707,0,0,0,0,0,0
main,CSDVRP-M-n50-s3,M,50,3,base,Random-9,1,,15,1437.671,1746.7745,1399.9283,7.7427,30.0,15.0,15.205,1890,15,1,2,1.0,0,0,0,0,0,0
main,CSDVRP-XL-n150-s3,XL,150,3,base,ALNS+,9,,50,3877.7506,4237.9876,3860.7525,16.998,0.0,50.203,51.116,651,44,0,0,0.998,0,0,0,0,0,0
main,CSDVRP-L-n75-s3,L,75,3,base,Roulette-9,0,,25,2097.9359,2332.9982,2060.9958,6.9401,30.0,25.016,25.376,1257,24,1,2,1.0,0,0,0,0,0,0
main,CSDVRP-M-n50-s4,M,50,4,base,Roulette-9,2,,15,1639.3603,1919.2804,1632.5676,6.7927,0.0,15.0,15.302,2028,16,0,0,0.998,0,0,0,0,0,0
main,CSDVRP-L-n100-s0,L,100,0,base,Marginal-9,8,4,35,3107.4681,3458.8862,3094.1664,13.3017,0.0,35.062,35.703,641,32,0,0,0.9964,0,0,0,0,0,0
main,CSDVRP-M-n50-s3,M,50,3,base,VNS,9,,15,1398.406,1746.7745,1392.5811,5.8249,0.0,15.0,15.353,3071,15,0,0,0.994,0,0,0,0,0,0
exact,CSDVRP-S-n8-s4,S,8,4,base,Fixed-small,3,,5,359.1905,397.2233,357.0731,2.1174,0.0,5.0,5.052,16894,3,0,0,0.8793,0,0,0,0,0,0
exact,CSDVRP-S-n10-s2,S,10,2,base,Fixed-small,2,,5,391.6922,436.4179,389.0812,2.6111,0.0,5.0,5.077,18997,3,0,0,0.9787,0,0,0,0,0,0
exact,CSDVRP-S-n10-s1,S,10,1,base,VNS,8,,5,394.7924,479.2322,392.2685,2.5239,0.0,5.0,5.122,9142,4,0,0,0.9253,0,0,0,0,0,0
exact,CSDVRP-S-n10-s3,S,10,3,base,VNS,4,,5,398.3226,456.2198,394.9219,3.4007,0.0,5.0,5.03,12684,3,0,0,0.9427,0,0,0,0,0,0
case,CSDVRP-CS-Riyadh,case,30,0,base,DRL-ALNS,4,5,30,416.3117,711.0291,411.6246,4.6871,0.0,30.0,30.512,11201,4,0,0,0.986,0,0,0,0,0,0
exact,CSDVRP-S-n12-s4,S,12,4,base,VNS,1,,5,487.5063,536.3904,484.4937,3.0126,0.0,5.0,5.091,8762,4,0,0,0.9867,0,0,0,0,0,0
main,CSDVRP-M-n30-s0,M,30,0,base,Roulette-9,8,,10,1093.0763,1303.6377,1088.8964,4.1799,0.0,10.0,10.08,3939,11,0,0,0.997,0,0,0,0,0,0
exact,CSDVRP-S-n10-s3,S,10,3,base,ALNS+,3,,5,398.3226,456.2198,394.9219,3.4007,0.0,5.0,5.025,15051,3,0,0,0.9427,0,0,0,0,0,0
main,CSDVRP-M-n50-s4,M,50,4,base,DRL-VNS,4,5,15,1663.3549,1919.2804,1656.8734,6.4815,0.0,15.0,15.221,1448,16,0,0,0.9915,0,0,0,0,0,0
main,CSDVRP-S-n20-s3,S,20,3,base,ALNS+,5,,6,705.7652,797.0264,671.6667,4.0985,30.0,6.0,6.054,6123,7,2,2,1.0,0,0,0,0,0,0
exact,CSDVRP-S-n8-s1,S,8,1,base,DRL-ALNS,9,5,5,357.4079,376.3954,340.1754,2.2325,15.0,5.0,5.092,6562,3,1,1,1.0,0,0,0,0,0,0
case,CSDVRP-CS-Riyadh,case,30,0,base,DRL-VNS,0,1,30,416.3117,711.0291,411.6246,4.6871,0.0,30.0,30.81,11209,4,0,0,0.986,0,0,0,0,0,0
main,CSDVRP-S-n15-s2,S,15,2,base,DRL-ALNS,6,2,5,604.4369,645.109,602.0225,2.4144,0.0,5.0,5.121,3967,6,0,0,0.9953,0,0,0,0,0,0
main,CSDVRP-M-n50-s2,M,50,2,base,VNS-9,3,,15,1471.369,1677.4231,1465.5918,5.7772,0.0,15.0,15.094,1937,16,0,0,0.9985,0,0,0,0,0,0
main,CSDVRP-L-n75-s1,L,75,1,base,Random-9,3,,25,2084.5157,2408.8056,2062.7473,6.7683,15.0,25.0,25.381,1181,23,1,1,1.0,0,0,0,0,0,0
main,CSDVRP-S-n15-s2,S,15,2,base,VNS-9,0,,5,604.4369,645.109,602.0225,2.4144,0.0,5.0,5.051,6340,6,0,0,0.9953,0,0,0,0,0,0
main,CSDVRP-S-n15-s2,S,15,2,base,ALNS+,9,,5,604.4369,645.109,602.0225,2.4144,0.0,5.0,5.062,7445,6,0,0,0.9953,0,0,0,0,0,0
main,CSDVRP-S-n20-s4,S,20,4,base,Random-9,9,,6,719.4697,798.0501,715.5041,3.9656,0.0,6.0,6.248,5153,7,0,0,0.986,0,0,0,0,0,0
main,CSDVRP-M-n50-s3,M,50,3,base,Roulette-9,6,,15,1399.5258,1746.7745,1393.2711,6.2548,0.0,15.0,15.249,1921,15,0,0,0.994,0,0,0,0,0,0
main,CSDVRP-L-n75-s5,L,75,5,base,DRL-VNS,1,2,25,2109.0852,2327.4464,2086.5739,7.5113,15.0,25.0,25.365,1318,23,1,1,1.0,0,0,0,0,0,0
exact,CSDVRP-S-n8-s4,S,8,4,base,DRL-ALNS,8,4,5,359.1905,397.2233,357.0731,2.1174,0.0,5.0,5.08,6252,3,0,0,0.8793,0,0,0,0,0,0
exact,CSDVRP-S-n8-s2,S,8,2,base,Marginal-9,7,3,5,344.8888,398.3755,342.4078,2.481,0.0,5.0,5.092,16709,3,0,0,0.8753,0,0,0,0,0,0
exact,CSDVRP-S-n8-s4,S,8,4,base,VNS-9,4,,5,359.1905,397.2233,357.0731,2.1174,0.0,5.0,5.092,16674,3,0,0,0.8793,0,0,0,0,0,0
exact,CSDVRP-S-n12-s5,S,12,5,base,Roulette-9,1,,5,521.0601,535.5205,517.6832,3.3769,0.0,5.0,5.075,9695,4,0,0,0.978,0,0,0,0,0,0
main,CSDVRP-XL-n150-s0,XL,150,0,base,ALNS+,1,,50,4625.8295,5021.4451,4520.2815,15.548,90.0,50.016,51.018,645,50,3,6,1.0,0,0,0,0,0,0
main,CSDVRP-XL-n150-s2,XL,150,2,base,DRL-ALNS,0,1,50,4238.4953,4545.4892,4223.6758,14.8195,0.0,50.156,50.936,751,51,0,0,1.0,0,0,0,0,0,0
main,CSDVRP-L-n100-s2,L,100,2,base,Marginal-9,3,4,35,2810.3547,3167.7225,2799.0101,11.3446,0.0,35.016,35.602,797,30,0,0,0.9972,0,0,0,0,0,0
main,CSDVRP-L-n75-s0,L,75,0,base,VNS-9,5,,25,2410.459,2688.4285,2401.1797,9.2793,0.0,25.0,25.357,1201,24,0,0,0.9984,0,0,0,0,0,0
exact,CSDVRP-S-n12-s2,S,12,2,base,Random-9,9,,5,460.175,518.4642,458.0808,2.0942,0.0,5.0,5.093,13797,4,0,0,0.998,0,0,0,0,0,0
exact,CSDVRP-S-n6-s5,S,6,5,base,VNS,8,,5,347.3173,347.7063,345.0582,2.2591,0.0,5.0,5.247,20236,3,0,0,0.9907,0,0,0,0,0,0
main,CSDVRP-XL-n150-s3,XL,150,3,base,Fixed-small,7,,50,3837.6301,4237.9876,3824.8135,12.8166,0.0,50.016,50.749,2237,45,0,0,0.9953,0,0,0,0,0,0
main,CSDVRP-M-n30-s0,M,30,0,base,ALNS+,5,,10,1117.4411,1303.6377,1112.0444,5.3968,0.0,10.0,10.091,3856,11,0,0,0.997,0,0,0,0,0,0
main,CSDVRP-M-n50-s5,M,50,5,base,DRL-ALNS,4,5,15,1729.9329,1904.3598,1691.5452,8.3878,30.0,15.0,15.17,1507,17,1,2,1.0,0,0,0,0,0,0
exact,CSDVRP-S-n8-s1,S,8,1,base,VNS-9,0,,5,335.8429,376.3954,333.6723,2.1706,0.0,5.0,5.293,19805,3,0,0,0.9073,0,0,0,0,0,0
exact,CSDVRP-S-n12-s5,S,12,5,base,DRL-VNS,0,1,5,521.0601,535.5205,517.6832,3.3769,0.0,5.0,5.091,5378,4,0,0,0.978,0,0,0,0,0,0
main,CSDVRP-S-n20-s3,S,20,3,base,DRL-ALNS,9,5,6,690.3257,797.0264,671.6629,3.6628,15.0,6.0,6.076,3444,7,1,1,1.0,0,0,0,0,0,0
exact,CSDVRP-S-n10-s4,S,10,4,base,Random-9,7,,5,387.7762,460.8567,384.9244,2.8518,0.0,5.0,5.06,16440,3,0,0,0.98,0,0,0,0,0,0
main,CSDVRP-M-n30-s2,M,30,2,base,VNS,8,,10,941.0551,1162.4183,938.3163,2.7388,0.0,10.0,10.155,3830,10,0,0,0.9865,0,0,0,0,0,0
main,CSDVRP-L-n100-s2,L,100,2,base,VNS,0,,35,2806.8843,3167.7225,2797.3886,9.4957,0.0,35.0,35.471,961,30,0,0,0.9972,0,0,0,0,0,0
main,CSDVRP-M-n50-s5,M,50,5,base,DRL-ALNS,7,3,15,1691.2922,1904.3598,1682.1178,9.1745,0.0,15.0,15.341,1460,16,0,0,0.998,0,0,0,0,0,0
main,CSDVRP-XL-n150-s1,XL,150,1,base,Random-9,7,,50,4295.4639,4744.1508,4220.5639,14.9,60.0,50.0,50.97,1579,46,3,4,1.0,0,0,0,0,0,0
exact,CSDVRP-S-n12-s5,S,12,5,base,VNS-9,3,,5,521.0601,535.5205,517.6832,3.3769,0.0,5.0,5.082,10153,4,0,0,0.978,0,0,0,0,0,0
main,CSDVRP-S-n20-s4,S,20,4,base,Fixed-small,7,,6,741.252,798.0501,736.5071,4.745,0.0,6.0,6.047,5160,7,0,0,0.986,0,0,0,0,0,0
main,CSDVRP-L-n100-s3,L,100,3,base,VNS,6,,35,2716.441,3095.0715,2675.193,11.2479,30.0,35.016,35.551,963,30,1,2,1.0,0,0,0,0,0,0
main,CSDVRP-S-n15-s0,S,15,0,base,ALNS+,6,,5,632.1793,666.3141,627.0923,5.0869,0.0,5.0,5.082,7979,5,0,0,0.9967,0,0,0,0,0,0
main,CSDVRP-S-n15-s4,S,15,4,base,DRL-ALNS,9,5,5,602.1687,624.2332,598.2298,3.9389,0.0,5.0,5.093,4247,6,0,0,0.9347,0,0,0,0,0,0
main,CSDVRP-S-n20-s3,S,20,3,base,DRL-VNS,5,1,6,691.2399,797.0264,687.1116,4.1284,0.0,6.0,6.121,3695,7,0,0,0.9707,0,0,0,0,0,0
main,CSDVRP-M-n50-s2,M,50,2,base,DRL-ALNS,8,4,15,1484.3909,1677.4231,1476.3623,8.0286,0.0,15.0,15.367,1831,16,0,0,0.9985,0,0,0,0,0,0
main,CSDVRP-S-n20-s1,S,20,1,base,VNS,8,,6,785.2664,908.0268,780.5879,4.6785,0.0,6.0,6.208,4369,7,0,0,0.9833,0,0,0,0,0,0
main,CSDVRP-M-n50-s0,M,50,0,base,VNS,2,,15,1710.2787,1986.2853,1703.4604,6.8183,0.0,15.0,15.209,2862,16,0,0,0.9865,0,0,0,0,0,0
main,CSDVRP-XL-n150-s2,XL,150,2,base,Marginal-9,7,3,50,4078.0408,4545.4892,4016.4323,16.6085,45.0,50.062,50.836,1674,46,2,3,1.0,0,0,0,0,0,0
exact,CSDVRP-S-n8-s1,S,8,1,base,VNS,6,,5,335.8429,376.3954,333.6723,2.1706,0.0,5.0,5.041,16784,3,0,0,0.9073,0,0,0,0,0,0
main,CSDVRP-L-n100-s1,L,100,1,base,Roulette-9,7,,35,2629.9074,3146.4881,2603.52,11.3874,15.0,35.016,35.44,850,29,1,1,0.9996,0,0,0,0,0,0
main,CSDVRP-L-n75-s4,L,75,4,base,Marginal-9,8,4,25,2204.4476,2460.454,2197.0485,7.3992,0.0,25.047,25.409,1002,24,0,0,0.9996,0,0,0,0,0,0
main,CSDVRP-M-n50-s5,M,50,5,base,DRL-ALNS,6,2,15,1738.9894,1904.3598,1639.7921,9.1973,90.0,15.0,15.295,1657,16,6,6,1.0,0,0,0,0,0,0
exact,CSDVRP-S-n8-s1,S,8,1,base,Random-9,2,,5,335.8429,376.3954,333.6723,2.1706,0.0,5.0,5.034,18386,3,0,0,0.9073,0,0,0,0,0,0
main,CSDVRP-L-n100-s5,L,100,5,base,VNS-9,9,,35,2585.0869,3154.3549,2557.0323,13.0546,15.0,35.078,35.516,772,30,1,1,1.0,0,0,0,0,0,0
main,CSDVRP-L-n100-s5,L,100,5,base,Fixed-small,0,,35,2609.2207,3154.3549,2553.5701,10.6506,45.0,35.016,35.574,1397,30,2,3,1.0,0,0,0,0,0,0
main,CSDVRP-L-n100-s5,L,100,5,base,Roulette-9,4,,35,2619.0957,3154.3549,2561.5723,12.5234,45.0,35.016,36.239,814,30,3,3,1.0,0,0,0,0,0,0
exact,CSDVRP-S-n8-s1,S,8,1,base,Marginal-9,2,3,5,335.8429,376.3954,333.6723,2.1706,0.0,5.0,5.072,17738,3,0,0,0.9073,0,0,0,0,0,0
exact,CSDVRP-S-n8-s4,S,8,4,base,DRL-VNS,7,3,5,359.1905,397.2233,357.0731,2.1174,0.0,5.0,5.027,6972,3,0,0,0.8793,0,0,0,0,0,0
exact,CSDVRP-S-n10-s5,S,10,5,base,VNS-9,2,,5,454.5993,485.8354,450.6688,3.9305,0.0,5.0,5.062,12996,3,0,0,0.956,0,0,0,0,0,0
main,CSDVRP-XL-n150-s2,XL,150,2,base,VNS-9,8,,50,4057.2621,4545.4892,4027.2472,15.0149,15.0,50.016,50.877,1630,45,1,1,1.0,0,0,0,0,0,0
main,CSDVRP-XL-n150-s1,XL,150,1,base,Fixed-small,0,,50,4172.625,4744.1508,4157.2958,15.3292,0.0,50.0,50.726,2889,45,0,0,1.0,0,0,0,0,0,0
main,CSDVRP-M-n30-s2,M,30,2,base,DRL-VNS,5,1,10,941.7613,1162.4183,938.3163,3.445,0.0,10.0,10.091,3132,10,0,0,0.9865,0,0,0,0,0,0
main,CSDVRP-XL-n150-s3,XL,150,3,base,VNS-9,6,,50,3854.5913,4237.9876,3823.2435,16.3478,15.0,50.016,50.766,1568,44,1,1,1.0,0,0,0,0,0,0
main,CSDVRP-XL-n150-s2,XL,150,2,base,Random-9,0,,50,4066.3577,4545.4892,4006.3523,15.0054,45.0,50.031,50.848,1523,45,2,3,1.0,0,0,0,0,0,0
main,CSDVRP-S-n20-s0,S,20,0,base,ALNS+,4,,6,756.3441,835.2978,752.4896,3.8544,0.0,6.0,6.08,5927,7,0,0,0.9987,0,0,0,0,0,0
exact,CSDVRP-S-n12-s1,S,12,1,base,VNS,0,,5,511.4838,602.7068,507.9062,3.5776,0.0,5.0,5.062,8583,4,0,0,0.994,0,0,0,0,0,0
main,CSDVRP-S-n15-s2,S,15,2,base,ALNS+,6,,5,604.4369,645.109,602.0225,2.4144,0.0,5.0,5.154,7617,6,0,0,0.9953,0,0,0,0,0,0
main,CSDVRP-M-n50-s4,M,50,4,base,ALNS+,8,,15,1722.5015,1919.2804,1713.5752,8.9263,0.0,15.0,15.125,1623,17,0,0,1.0,0,0,0,0,0,0
main,CSDVRP-M-n50-s4,M,50,4,base,VNS,7,,15,1666.5777,1919.2804,1660.114,6.4637,0.0,15.0,15.299,2715,16,0,0,1.0,0,0,0,0,0,0
exact,CSDVRP-S-n8-s5,S,8,5,base,ALNS+,5,,5,423.2126,427.0275,419.9371,3.2754,0.0,5.0,5.104,16479,3,0,0,0.894,0,0,0,0,0,0
main,CSDVRP-L-n75-s3,L,75,3,base,ALNS+,3,,25,2214.5723,2332.9982,2207.5518,7.0206,0.0,25.031,25.545,945,27,0,0,0.9952,0,0,0,0,0,0
exact,CSDVRP-S-n8-s5,S,8,5,base,DRL-ALNS,6,2,5,423.2126,427.0275,419.9371,3.2754,0.0,5.0,5.122,6252,3,0,0,0.894,0,0,0,0,0,0
main,CSDVRP-M-n50-s2,M,50,2,base,VNS-9,5,,15,1468.5369,1677.4231,1462.0673,6.4696,0.0,15.0,15.722,1752,16,0,0,0.9985,0,0,0,0,0,0
main,CSDVRP-L-n100-s4,L,100,4,base,VNS-9,5,,35,2928.9976,3371.4529,2915.4544,13.5432,0.0,35.0,35.527,799,31,0,0,1.0,0,0,0,0,0,0
main,CSDVRP-M-n30-s4,M,30,4,base,DRL-ALNS,9,5,10,926.5673,1151.8487,921.3091,5.2583,0.0,10.0,10.138,3037,10,0,0,0.99,0,0,0,0,0,0
main,CSDVRP-XL-n150-s0,XL,150,0,base,VNS,4,,50,4346.9751,5021.4451,4330.1909,16.7842,0.0,50.0,50.856,1557,46,0,0,0.9997,0,0,0,0,0,0
exact,CSDVRP-S-n8-s5,S,8,5,base,Marginal-9,9,5,5,423.2126,427.0275,419.9371,3.2754,0.0,5.0,5.12,15050,3,0,0,0.894,0,0,0,0,0,0
exact,CSDVRP-S-n6-s4,S,6,4,base,Roulette-9,0,,5,307.3738,316.7228,305.135,2.2389,0.0,5.0,5.077,18415,3,0,0,0.906,0,0,0,0,0,0
main,CSDVRP-M-n30-s5,M,30,5,base,DRL-ALNS,1,2,10,1119.5938,1247.2838,1084.6448,4.9489,30.0,10.0,10.123,3262,10,1,2,1.0,0,0,0,0,0,0
main,CSDVRP-M-n50-s5,M,50,5,base,VNS,6,,15,1603.0263,1904.3598,1580.0928,7.9335,15.0,15.0,15.376,3198,15,1,1,1.0,0,0,0,0,0,0
main,CSDVRP-L-n100-s3,L,100,3,base,DRL-VNS,2,3,35,2701.0636,3095.0715,2690.9279,10.1357,0.0,35.0,35.557,839,31,0,0,0.9992,0,0,0,0,0,0
exact,CSDVRP-S-n12-s2,S,12,2,base,VNS-9,4,,5,460.175,518.4642,458.0808,2.0942,0.0,5.0,5.012,13792,4,0,0,0.998,0,0,0,0,0,0
main,CSDVRP-M-n50-s1,M,50,1,base,DRL-VNS,3,4,15,1498.0475,1718.5004,1477.1339,5.9137,15.0,15.0,15.111,1847,15,1,1,1.0,0,0,0,0,0,0
main,CSDVRP-S-n20-s5,S,20,5,base,DRL-VNS,3,4,6,763.1659,865.7,758.6853,4.4806,0.0,6.0,6.007,4190,7,0,0,0.9947,0,0,0,0,0,0
main,CSDVRP-XL-n150-s5,XL,150,5,base,Random-9,4,,50,3942.5097,4291.4727,3926.9359,15.5738,0.0,50.016,50.866,1475,46,0,0,0.999,0,0,0,0,0,0
main,CSDVRP-M-n30-s2,M,30,2,base,Roulette-9,0,,10,941.6625,1162.4183,938.3163,3.3461,0.0,10.0,10.161,3527,10,0,0,0.9865,0,0,0,0,0,0
exact,CSDVRP-S-n10-s4,S,10,4,base,Random-9,2,,5,387.4582,460.8567,384.9244,2.5338,0.0,5.0,5.043,16257,3,0,0,0.98,0,0,0,0,0,0
exact,CSDVRP-S-n10-s2,S,10,2,base,Roulette-9,6,,5,391.6922,436.4179,389.0812,2.6111,0.0,5.0,5.077,16389,3,0,0,0.9787,0,0,0,0,0,0
main,CSDVRP-L-n75-s0,L,75,0,base,VNS-9,4,,25,2409.1205,2688.4285,2400.1362,8.9843,0.0,25.0,25.778,1179,24,0,0,0.9984,0,0,0,0,0,0
main,CSDVRP-S-n20-s3,S,20,3,base,Random-9,3,,6,703.796,797.0264,684.6426,4.1534,15.0,6.0,6.109,5042,7,1,1,1.0,0,0,0,0,0,0
main,CSDVRP-M-n50-s1,M,50,1,base,Random-9,7,,15,1507.6776,1718.5004,1502.1886,5.489,0.0,15.0,15.283,1916,15,0,0,0.995,0,0,0,0,0,0
main,CSDVRP-M-n30-s0,M,30,0,base,VNS-9,2,,10,1093.0763,1303.6377,1088.8964,4.1799,0.0,10.0,10.149,3983,11,0,0,0.997,0,0,0,0,0,0
exact,CSDVRP-S-n12-s1,S,12,1,base,DRL-ALNS,9,5,5,511.4838,602.7068,507.9062,3.5776,0.0,5.0,5.092,4975,4,0,0,0.994,0,0,0,0,0,0
main,CSDVRP-L-n100-s0,L,100,0,base,VNS,1,,35,3066.0119,3458.8862,3053.4006,12.6112,0.0,35.0,35.535,908,31,0,0,1.0,0,0,0,0,0,0
main,CSDVRP-L-n100-s3,L,100,3,base,VNS,8,,35,2693.1877,3095.0715,2682.5729,10.6149,0.0,35.0,35.673,1062,30,0,0,0.998,0,0,0,0,0,0
main,CSDVRP-M-n30-s1,M,30,1,base,ALNS+,1,,10,1058.9839,1231.1888,1037.9499,6.034,15.0,10.0,10.128,3955,10,1,1,1.0,0,0,0,0,0,0
main,CSDVRP-M-n50-s4,M,50,4,base,Marginal-9,5,1,15,1649.923,1919.2804,1643.9568,5.9662,0.0,15.0,15.228,1719,16,0,0,0.984,0,0,0,0,0,0
exact,CSDVRP-S-n6-s3,S,6,3,base,ALNS+,3,,5,230.2731,253.5784,228.5871,1.686,0.0,5.0,5.095,27079,2,0,0,0.9873,0,0,0,0,0,0
exact,CSDVRP-S-n12-s3,S,12,3,base,Fixed-small,9,,5,522.8902,589.3086,503.6872,4.203,15.0,5.0,5.108,13756,4,1,1,1.0,0,0,0,0,0,0
main,CSDVRP-M-n30-s2,M,30,2,base,Random-9,3,,10,941.0511,1162.4183,938.3163,2.7347,0.0,10.0,10.313,3656,10,0,0,0.9865,0,0,0,0,0,0
exact,CSDVRP-S-n8-s1,S,8,1,base,VNS,5,,5,335.8429,376.3954,333.6723,2.1706,0.0,5.0,5.059,16862,3,0,0,0.9073,0,0,0,0,0,0
main,CSDVRP-M-n30-s0,M,30,0,base,Random-9,0,,10,1121.3859,1303.6377,1102.0498,4.3361,15.0,10.0,10.251,3992,11,1,1,0.997,0,0,0,0,0,0
main,CSDVRP-M-n30-s2,M,30,2,base,VNS-9,3,,10,945.6669,1162.4183,941.8287,3.8382,0.0,10.0,10.14,3639,10,0,0,0.9865,0,0,0,0,0,0
exact,CSDVRP-S-n8-s3,S,8,3,base,Random-9,1,,5,339.8466,351.7127,337.5902,2.2564,0.0,5.0,5.04,17686,3,0,0,0.9567,0,0,0,0,0,0
exact,CSDVRP-S-n10-s5,S,10,5,base,ALNS+,2,,5,454.5993,485.8354,450.6688,3.9305,0.0,5.0,5.045,13749,3,0,0,0.956,0,0,0,0,0,0
main,CSDVRP-L-n100-s1,L,100,1,base,DRL-VNS,5,1,35,2657.9346,3146.4881,2645.831,12.1037,0.0,35.0,35.526,754,29,0,0,0.9996,0,0,0,0,0,0
main,CSDVRP-S-n15-s2,S,15,2,base,DRL-ALNS,5,1,5,604.4369,645.109,602.0225,2.4144,0.0,5.0,5.345,4039,6,0,0,0.9953,0,0,0,0,0,0
exact,CSDVRP-S-n10-s2,S,10,2,base,ALNS+,3,,5,386.2368,436.4179,383.4745,2.7622,0.0,5.0,5.059,16349,3,0,0,0.9893,0,0,0,0,0,0
main,CSDVRP-L-n100-s4,L,100,4,base,Random-9,5,,35,2943.7058,3371.4529,2928.818,14.8878,0.0,35.031,35.62,729,30,0,0,0.9996,0,0,0,0,0,0
case,CSDVRP-CS-Riyadh,case,30,0,base,Marginal-9,0,1,30,416.3117,711.0291,411.6246,4.6871,0.0,30.0,30.313,13349,4,0,0,0.986,0,0,0,0,0,0
case,CSDVRP-CS-Riyadh,case,30,0,base,Random-9,5,,30,416.4868,711.0291,411.6246,4.8621,0.0,30.0,30.552,14604,4,0,0,0.986,0,0,0,0,0,0
exact,CSDVRP-S-n6-s5,S,6,5,base,VNS-9,5,,5,347.3173,347.7063,345.0582,2.2591,0.0,5.0,5.101,24734,3,0,0,0.9907,0,0,0,0,0,0
main,CSDVRP-S-n15-s0,S,15,0,base,VNS-9,9,,5,606.5233,666.3141,602.2712,4.2521,0.0,5.0,5.14,7563,5,0,0,0.9927,0,0,0,0,0,0
exact,CSDVRP-S-n10-s1,S,10,1,base,VNS,2,,5,394.7924,479.2322,392.2685,2.5239,0.0,5.0,5.043,9014,4,0,0,0.9253,0,0,0,0,0,0
main,CSDVRP-XL-n150-s5,XL,150,5,base,DRL-ALNS,7,3,50,4042.1441,4291.4727,4024.2648,17.8793,0.0,50.094,50.661,736,49,0,0,0.999,0,0,0,0,0,0
main,CSDVRP-M-n50-s2,M,50,2,base,ALNS+,0,,15,1494.1175,1677.4231,1485.6569,8.4606,0.0,15.0,15.2,1917,16,0,0,0.9985,0,0,0,0,0,0
main,CSDVRP-S-n15-s5,S,15,5,base,VNS,6,,5,666.5148,800.4223,662.7682,3.7467,0.0,5.0,5.039,7579,5,0,0,0.9993,0,0,0,0,0,0
main,CSDVRP-S-n20-s2,S,20,2,base,Random-9,0,,6,670.121,732.8183,667.0092,3.1118,0.0,6.0,6.029,4907,7,0,0,0.9933,0,0,0,0,0,0
exact,CSDVRP-S-n10-s1,S,10,1,base,DRL-VNS,4,5,5,394.7924,479.2322,392.2685,2.5239,0.0,5.0,5.091,5250,4,0,0,0.9253,0,0,0,0,0,0
main,CSDVRP-L-n100-s1,L,100,1,base,DRL-ALNS,2,3,35,2882.1814,3146.4881,2868.5468,13.6346,0.0,35.031,35.746,522,34,0,0,0.9968,0,0,0,0,0,0
exact,CSDVRP-S-n6-s5,S,6,5,base,Marginal-9,2,3,5,347.3173,347.7063,345.0582,2.2591,0.0,5.0,5.077,23269,3,0,0,0.9907,0,0,0,0,0,0
main,CSDVRP-M-n30-s4,M,30,4,base,Roulette-9,7,,10,926.1273,1151.8487,921.3091,4.8182,0.0,10.0,10.279,3960,10,0,0,0.99,0,0,0,0,0,0
main,CSDVRP-L-n100-s3,L,100,3,base,DRL-ALNS,3,4,35,2789.4203,3095.0715,2778.9507,10.4696,0.0,35.0,35.453,513,33,0,0,1.0,0,0,0,0,0,0
main,CSDVRP-L-n100-s5,L,100,5,base,Random-9,5,,35,2589.5055,3154.3549,2562.953,11.5525,15.0,35.031,35.644,806,30,1,1,1.0,0,0,0,0,0,0
main,CSDVRP-M-n50-s2,M,50,2,base,Roulette-9,2,,15,1467.8117,1677.4231,1462.0673,5.7444,0.0,15.0,15.24,1801,16,0,0,0.9985,0,0,0,0,0,0
main,CSDVRP-M-n50-s3,M,50,3,base,VNS,5,,15,1398.7831,1746.7745,1392.5811,6.202,0.0,15.0,15.257,3079,15,0,0,0.994,0,0,0,0,0,0
exact,CSDVRP-S-n10-s1,S,10,1,base,DRL-VNS,7,3,5,394.7924,479.2322,392.2685,2.5239,0.0,5.0,5.095,5305,4,0,0,0.9253,0,0,0,0,0,0
main,CSDVRP-L-n100-s3,L,100,3,base,DRL-ALNS,0,1,35,2795.0465,3095.0715,2781.7041,13.3424,0.0,35.016,35.871,486,31,0,0,0.9992,0,0,0,0,0,0
main,CSDVRP-L-n100-s5,L,100,5,base,DRL-VNS,5,1,35,2574.9519,3154.3549,2560.7365,14.2153,0.0,35.031,35.541,806,30,0,0,0.9976,0,0,0,0,0,0
main,CSDVRP-M-n30-s4,M,30,4,base,Random-9,6,,10,925.7043,1151.8487,921.3091,4.3952,0.0,10.0,10.143,3996,10,0,0,0.99,0,0,0,0,0,0
exact,CSDVRP-S-n12-s4,S,12,4,base,Random-9,3,,5,487.5063,536.3904,484.4937,3.0126,0.0,5.0,5.06,11073,4,0,0,0.9867,0,0,0,0,0,0
exact,CSDVRP-S-n6-s2,S,6,2,base,Fixed-small,2,,5,330.7872,334.9047,328.2873,2.4999,0.0,5.0,5.123,19498,3,0,0,0.8567,0,0,0,0,0,0
main,CSDVRP-L-n100-s5,L,100,5,base,Marginal-9,5,1,35,2637.6958,3154.3549,2577.858,14.8378,45.0,35.016,35.552,673,30,2,3,1.0,0,0,0,0,0,0
main,CSDVRP-L-n75-s5,L,75,5,base,VNS,4,,25,2103.7169,2327.4464,2097.558,6.1589,0.0,25.0,25.441,1769,23,0,0,1.0,0,0,0,0,0,0
exact,CSDVRP-S-n12-s1,S,12,1,base,DRL-ALNS,2,3,5,511.4838,602.7068,507.9062,3.5776,0.0,5.0,5.078,4889,4,0,0,0.994,0,0,0,0,0,0
exact,CSDVRP-S-n6-s4,S,6,4,base,Marginal-9,8,4,5,307.3738,316.7228,305.135,2.2389,0.0,5.0,5.092,19147,3,0,0,0.906,0,0,0,0,0,0
exact,CSDVRP-S-n10-s1,S,10,1,base,Random-9,0,,5,394.7924,479.2322,392.2685,2.5239,0.0,5.0,5.028,8650,4,0,0,0.9253,0,0,0,0,0,0
main,CSDVRP-L-n75-s5,L,75,5,base,DRL-VNS,0,1,25,2107.7168,2327.4464,2099.2504,8.4664,0.0,25.031,25.522,1102,23,0,0,0.9992,0,0,0,0,0,0
exact,CSDVRP-S-n8-s5,S,8,5,base,VNS-9,1,,5,423.2126,427.0275,419.9371,3.2754,0.0,5.0,5.098,15243,3,0,0,0.894,0,0,0,0,0,0
main,CSDVRP-L-n100-s0,L,100,0,base,Marginal-9,3,4,35,3155.7222,3458.8862,3112.0459,13.6763,30.0,35.0,35.493,683,31,1,2,1.0,0,0,0,0,0,0
main,CSDVRP-M-n30-s5,M,30,5,base,DRL-VNS,1,2,10,1127.6167,1247.2838,1092.2244,5.3922,30.0,10.0,10.095,3895,10,1,2,1.0,0,0,0,0,0,0
exact,CSDVRP-S-n8-s1,S,8,1,base,DRL-VNS,5,1,5,335.8429,376.3954,333.6723,2.1706,0.0,5.0,5.089,7388,3,0,0,0.9073,0,0,0,0,0,0
main,CSDVRP-M-n50-s3,M,50,3,base,Roulette-9,3,,15,1400.0826,1746.7745,1393.2711,6.8115,0.0,15.0,15.251,2060,15,0,0,0.994,0,0,0,0,0,0
main,CSDVRP-L-n100-s1,L,100,1,base,DRL-ALNS,5,1,35,2762.6207,3146.4881,2748.8155,13.8052,0.0,35.016,35.437,504,30,0,0,0.9996,0,0,0,0,0,0
main,CSDVRP-S-n20-s0,S,20,0,base,ALNS+,9,,6,756.2207,835.2978,752.4896,3.7311,0.0,6.0,6.104,5876,7,0,0,0.9987,0,0,0,0,0,0
exact,CSDVRP-S-n6-s4,S,6,4,base,DRL-VNS,8,4,5,307.3738,316.7228,305.135,2.2389,0.0,5.0,5.074,7548,3,0,0,0.906,0,0,0,0,0,0
main,CSDVRP-S-n15-s5,S,15,5,base,DRL-VNS,7,3,5,666.5148,800.4223,662.7682,3.7467,0.0,5.0,5.09,5206,5,0,0,0.9993,0,0,0,0,0,0
main,CSDVRP-XL-n150-s0,XL,150,0,base,VNS,3,,50,4427.3803,5021.4451,4336.1779,16.2024,75.0,50.047,50.81,1558,45,3,5,1.0,0,0,0,0,0,0
exact,CSDVRP-S-n6-s3,S,6,3,base,Fixed-small,4,,5,230.2731,253.5784,228.5871,1.686,0.0,5.0,5.092,29629,2,0,0,0.9873,0,0,0,0,0,0
main,CSDVRP-L-n75-s3,L,75,3,base,Random-9,9,,25,2130.9961,2332.9982,2094.112,6.8841,30.0,25.016,25.371,1136,24,1,2,1.0,0,0,0,0,0,0
exact,CSDVRP-S-n8-s1,S,8,1,base,Marginal-9,5,1,5,335.8429,376.3954,333.6723,2.1706,0.0,5.0,5.14,18181,3,0,0,0.9073,0,0,0,0,0,0
main,CSDVRP-XL-n150-s0,XL,150,0,base,VNS,6,,50,4376.1753,5021.4451,4314.3128,16.8624,45.0,50.016,50.792,1606,45,2,3,1.0,0,0,0,0,0,0
main,CSDVRP-S-n15-s4,S,15,4,base,DRL-VNS,6,2,5,585.7427,624.2332,582.2908,3.4519,0.0,5.0,5.141,4658,6,0,0,0.9347,0,0,0,0,0,0
main,CSDVRP-S-n15-s2,S,15,2,base,Marginal-9,0,1,5,604.4369,645.109,602.0225,2.4144,0.0,5.0,5.092,6521,6,0,0,0.9953,0,0,0,0,0,0
main,CSDVRP-L-n100-s5,L,100,5,base,Random-9,6,,35,2629.484,3154.3549,2573.0538,11.4301,45.0,35.0,35.63,796,30,2,3,1.0,0,0,0,0,0,0
main,CSDVRP-XL-n150-s3,XL,150,3,base,Fixed-small,0,,50,3861.0098,4237.9876,3849.038,11.9718,0.0,50.0,50.837,2302,45,0,0,0.9953,0,0,0,0,0,0
main,CSDVRP-M-n50-s0,M,50,0,base,Fixed-small,6,,15,1708.783,1986.2853,1700.9035,7.8795,0.0,15.0,15.151,2979,16,0,0,0.9865,0,0,0,0,0,0
main,CSDVRP-XL-n150-s1,XL,150,1,base,VNS,6,,50,4227.4704,4744.1508,4209.824,17.6464,0.0,50.0,50.973,1609,44,0,0,0.9993,0,0,0,0,0,0
main,CSDVRP-L-n75-s3,L,75,3,base,Roulette-9,9,,25,2077.8503,2332.9982,2072.5383,5.312,0.0,25.0,25.647,1209,24,0,0,0.9956,0,0,0,0,0,0
exact,CSDVRP-S-n12-s5,S,12,5,base,DRL-ALNS,9,5,5,521.0601,535.5205,517.6832,3.3769,0.0,5.0,5.043,4841,4,0,0,0.978,0,0,0,0,0,0
main,CSDVRP-XL-n150-s5,XL,150,5,base,Marginal-9,2,3,50,3917.9532,4291.4727,3886.525,16.4282,15.0,50.016,50.869,1642,44,1,1,1.0,0,0,0,0,0,0
main,CSDVRP-S-n15-s0,S,15,0,base,Marginal-9,3,4,5,606.5233,666.3141,602.2712,4.2521,0.0,5.0,5.064,7316,5,0,0,0.9927,0,0,0,0,0,0
exact,CSDVRP-S-n6-s5,S,6,5,base,VNS,9,,5,347.3173,347.7063,345.0582,2.2591,0.0,5.0,5.03,20070,3,0,0,0.9907,0,0,0,0,0,0
exact,CSDVRP-S-n12-s1,S,12,1,base,ALNS+,5,,5,511.4838,602.7068,507.9062,3.5776,0.0,5.0,5.044,11544,4,0,0,0.994,0,0,0,0,0,0
main,CSDVRP-S-n15-s3,S,15,3,base,Fixed-small,1,,5,616.967,692.2972,583.3079,3.659,30.0,5.0,5.092,10537,5,2,2,1.0,0,0,0,0,0,0
main,CSDVRP-S-n15-s5,S,15,5,base,Random-9,6,,5,666.5148,800.4223,662.7682,3.7467,0.0,5.0,5.061,8966,5,0,0,0.9993,0,0,0,0,0,0
exact,CSDVRP-S-n8-s2,S,8,2,base,DRL-VNS,8,4,5,344.8888,398.3755,342.4078,2.481,0.0,5.0,5.137,7291,3,0,0,0.8753,0,0,0,0,0,0
exact,CSDVRP-S-n12-s5,S,12,5,base,Marginal-9,5,1,5,521.0601,535.5205,517.6832,3.3769,0.0,5.0,5.295,10074,4,0,0,0.978,0,0,0,0,0,0
main,CSDVRP-S-n20-s0,S,20,0,base,DRL-ALNS,3,4,6,756.2207,835.2978,752.4896,3.7311,0.0,6.0,6.139,3743,7,0,0,0.9987,0,0,0,0,0,0
main,CSDVRP-M-n30-s4,M,30,4,base,Fixed-small,5,,10,957.4739,1151.8487,938.215,4.259,15.0,10.0,10.155,5042,10,1,1,1.0,0,0,0,0,0,0
exact,CSDVRP-S-n10-s1,S,10,1,base,VNS-9,0,,5,394.7924,479.2322,392.2685,2.5239,0.0,5.0,5.091,9162,4,0,0,0.9253,0,0,0,0,0,0
exact,CSDVRP-S-n12-s5,S,12,5,base,Random-9,3,,5,521.0601,535.5205,517.6832,3.3769,0.0,5.0,5.483,9852,4,0,0,0.978,0,0,0,0,0,0
main,CSDVRP-S-n20-s0,S,20,0,base,DRL-ALNS,2,3,6,756.2207,835.2978,752.4896,3.7311,0.0,6.0,6.124,3403,7,0,0,0.9987,0,0,0,0,0,0
exact,CSDVRP-S-n12-s3,S,12,3,base,VNS-9,1,,5,522.4878,589.3086,503.6872,3.8005,15.0,5.0,5.059,12175,4,1,1,1.0,0,0,0,0,0,0
exact,CSDVRP-S-n8-s3,S,8,3,base,Marginal-9,4,5,5,339.8466,351.7127,337.5902,2.2564,0.0,5.0,5.14,16747,3,0,0,0.9567,0,0,0,0,0,0
main,CSDVRP-L-n100-s5,L,100,5,base,VNS,7,,35,2597.3974,3154.3549,2583.8982,13.4993,0.0,35.0,36.282,991,30,0,0,0.9976,0,0,0,0,0,0
main,CSDVRP-L-n100-s2,L,100,2,base,VNS,4,,35,2823.0019,3167.7225,2780.7989,12.2029,30.0,35.016,35.618,920,30,1,2,1.0,0,0,0,0,0,0
exact,CSDVRP-S-n8-s5,S,8,5,base,ALNS+,0,,5,423.2126,427.0275,419.9371,3.2754,0.0,5.0,5.14,16739,3,0,0,0.894,0,0,0,0,0,0
main,CSDVRP-M-n50-s3,M,50,3,base,ALNS+,6,,15,1421.9811,1746.7745,1414.3605,7.6206,0.0,15.0,15.515,1917,16,0,0,0.994,0,0,0,0,0,0
main,CSDVRP-L-n100-s5,L,100,5,base,Marginal-9,6,2,35,2588.5517,3154.3549,2576.1241,12.4276,0.0,35.0,35.726,748,30,0,0,0.998,0,0,0,0,0,0
exact,CSDVRP-S-n12-s3,S,12,3,base,ALNS+,1,,5,522.4878,589.3086,503.6872,3.8005,15.0,5.0,5.079,11652,4,1,1,1.0,0,0,0,0,0,0
main,CSDVRP-S-n20-s5,S,20,5,base,Marginal-9,1,2,6,763.1659,865.7,758.6853,4.4806,0.0,6.0,6.108,6054,7,0,0,0.9947,0,0,0,0,0,0
main,CSDVRP-S-n15-s0,S,15,0,base,DRL-ALNS,6,2,5,622.6694,666.3141,603.3505,4.3188,15.0,5.0,5.077,4145,5,1,1,1.0,0,0,0,0,0,0
main,CSDVRP-L-n75-s1,L,75,1,base,Marginal-9,0,1,25,2092.303,2408.8056,2069.6348,7.6682,15.0,25.0,25.272,1014,23,1,1,1.0,0,0,0,0,0,0
main,CSDVRP-M-n50-s5,M,50,5,base,VNS-9,6,,15,1663.3769,1904.3598,1625.2926,8.0843,30.0,15.0,15.312,1927,16,1,2,1.0,0,0,0,0,0,0
exact,CSDVRP-S-n6-s3,S,6,3,base,Roulette-9,2,,5,230.2731,253.5784,228.5871,1.686,0.0,5.0,5.253,28572,2,0,0,0.9873,0,0,0,0,0,0
main,CSDVRP-XL-n150-s3,XL,150,3,base,Marginal-9,0,1,50,3875.4618,4237.9876,3845.184,15.2778,15.0,50.0,50.801,1564,44,1,1,1.0,0,0,0,0,0,0
main,CSDVRP-M-n50-s2,M,50,2,base,VNS-9,8,,15,1498.4446,1677.4231,1462.7511,5.6935,30.0,15.0,15.116,1935,16,1,2,1.0,0,0,0,0,0,0
exact,CSDVRP-S-n10-s3,S,10,3,base,VNS,0,,5,398.3226,456.2198,394.9219,3.4007,0.0,5.0,5.122,13048,3,0,0,0.9427,0,0,0,0,0,0
main,CSDVRP-M-n50-s2,M,50,2,base,Fixed-small,0,,15,1487.7894,1677.4231,1466.2936,6.4957,15.0,15.0,15.358,2415,16,1,1,1.0,0,0,0,0,0,0
main,CSDVRP-L-n75-s5,L,75,5,base,Marginal-9,0,1,25,2074.5583,2327.4464,2066.2991,8.2591,0.0,25.016,25.365,1181,22,0,0,0.9864,0,0,0,0,0,0
exact,CSDVRP-S-n6-s2,S,6,2,base,Random-9,1,,5,330.7872,334.9047,328.2873,2.4999,0.0,5.0,5.022,19340,3,0,0,0.8567,0,0,0,0,0,0
exact,CSDVRP-S-n12-s2,S,12,2,base,Roulette-9,0,,5,460.175,518.4642,458.0808,2.0942,0.0,5.0,5.045,13207,4,0,0,0.998,0,0,0,0,0,0
main,CSDVRP-S-n20-s0,S,20,0,base,Fixed-small,5,,6,784.7513,835.2978,781.7371,3.0142,0.0,6.0,6.093,5812,8,0,0,0.9987,0,0,0,0,0,0
main,CSDVRP-L-n75-s1,L,75,1,base,Roulette-9,3,,25,2110.6849,2408.8056,2058.5217,7.1631,45.0,25.0,25.193,1145,23,3,3,1.0,0,0,0,0,0,0
main,CSDVRP-XL-n150-s5,XL,150,5,base,Fixed-small,7,,50,3858.837,4291.4727,3830.2225,13.6145,15.0,50.0,50.866,2487,45,1,1,1.0,0,0,0,0,0,0
main,CSDVRP-L-n75-s0,L,75,0,base,VNS,8,,25,2409.3611,2688.4285,2400.1362,9.2249,0.0,25.0,25.356,1638,24,0,0,0.9984,0,0,0,0,0,0
main,CSDVRP-L-n75-s3,L,75,3,base,VNS-9,9,,25,2133.0764,2332.9982,2081.7397,6.3367,45.0,25.0,25.447,1152,24,2,3,1.0,0,0,0,0,0,0
main,CSDVRP-XL-n150-s2,XL,150,2,base,Random-9,6,,50,4025.0241,4545.4892,3994.9681,15.056,15.0,50.0,51.053,1580,45,1,1,1.0,0,0,0,0,0,0
main,CSDVRP-XL-n150-s2,XL,150,2,base,Fixed-small,0,,50,3971.6803,4545.4892,3957.242,14.4383,0.0,50.0,50.766,2748,45,0,0,1.0,0,0,0,0,0,0
exact,CSDVRP-S-n6-s1,S,6,1,base,Marginal-9,7,3,5,341.7876,362.2464,340.1093,1.6783,0.0,5.0,5.069,21486,3,0,0,0.926,0,0,0,0,0,0
main,CSDVRP-M-n50-s5,M,50,5,base,DRL-ALNS,1,2,15,1652.9209,1904.3598,1584.616,8.3048,60.0,15.0,15.234,1715,15,4,4,1.0,0,0,0,0,0,0
main,CSDVRP-XL-n150-s5,XL,150,5,base,DRL-VNS,5,1,50,3891.4173,4291.4727,3846.3414,15.0758,30.0,50.031,50.932,1532,45,1,2,1.0,0,0,0,0,0,0
main,CSDVRP-M-n50-s2,M,50,2,base,ALNS+,8,,15,1483.0877,1677.4231,1475.1377,7.95,0.0,15.0,15.208,1853,16,0,0,0.9985,0,0,0,0,0,0
exact,CSDVRP-S-n10-s2,S,10,2,base,Marginal-9,0,1,5,391.6922,436.4179,389.0812,2.6111,0.0,5.0,5.085,15993,3,0,0,0.9787,0,0,0,0,0,0
main,CSDVRP-M-n30-s3,M,30,3,base,Roulette-9,4,,10,969.1696,1099.7766,965.9069,3.2627,0.0,10.0,10.279,4120,10,0,0,0.988,0,0,0,0,0,0
main,CSDVRP-S-n20-s4,S,20,4,base,DRL-ALNS,2,3,6,719.4697,798.0501,715.5041,3.9656,0.0,6.0,6.043,3529,7,0,0,0.986,0,0,0,0,0,0
main,CSDVRP-L-n100-s1,L,100,1,base,DRL-VNS,8,4,35,2655.7684,3146.4881,2643.4326,12.3358,0.0,35.0,35.851,704,29,0,0,0.9984,0,0,0,0,0,0
main,CSDVRP-L-n100-s1,L,100,1,base,VNS,1,,35,2659.2848,3146.4881,2646.6902,12.5946,0.0,35.0,35.489,1033,29,0,0,1.0,0,0,0,0,0,0
main,CSDVRP-S-n20-s4,S,20,4,base,VNS-9,4,,6,719.4697,798.0501,715.5041,3.9656,0.0,6.0,6.062,4853,7,0,0,0.986,0,0,0,0,0,0
main,CSDVRP-M-n50-s2,M,50,2,base,Marginal-9,8,4,15,1471.8113,1677.4231,1465.5918,6.2195,0.0,15.0,15.426,2076,16,0,0,0.9985,0,0,0,0,0,0
main,CSDVRP-L-n100-s1,L,100,1,base,Roulette-9,5,,35,2721.6957,3146.4881,2665.4693,11.2264,45.0,35.016,35.619,791,29,2,3,1.0,0,0,0,0,0,0
exact,CSDVRP-S-n6-s5,S,6,5,base,DRL-VNS,5,1,5,347.3173,347.7063,345.0582,2.2591,0.0,5.0,5.069,8177,3,0,0,0.9907,0,0,0,0,0,0
main,CSDVRP-S-n15-s5,S,15,5,base,Fixed-small,8,,5,668.1861,800.4223,664.0584,4.1277,0.0,5.0,5.046,9252,6,0,0,0.998,0,0,0,0,0,0
exact,CSDVRP-S-n6-s3,S,6,3,base,DRL-ALNS,5,1,5,230.2731,253.5784,228.5871,1.686,0.0,5.0,5.121,7635,2,0,0,0.9873,0,0,0,0,0,0
main,CSDVRP-S-n20-s3,S,20,3,base,DRL-VNS,0,1,6,691.2399,797.0264,687.1116,4.1284,0.0,6.0,6.122,3704,7,0,0,0.9707,0,0,0,0,0,0
exact,CSDVRP-S-n10-s4,S,10,4,base,DRL-VNS,6,2,5,387.4582,460.8567,384.9244,2.5338,0.0,5.0,5.043,7081,3,0,0,0.98,0,0,0,0,0,0
main,CSDVRP-XL-n150-s1,XL,150,1,base,Random-9,4,,50,4303.2526,4744.1508,4212.4505,15.8021,75.0,50.016,50.961,1640,45,3,5,1.0,0,0,0,0,0,0
main,CSDVRP-L-n75-s4,L,75,4,base,DRL-ALNS,3,4,25,2250.7499,2460.454,2241.5872,9.1627,0.0,25.0,25.368,884,25,0,0,1.0,0,0,0,0,0,0
main,CSDVRP-S-n20-s0,S,20,0,base,DRL-VNS,5,1,6,756.2207,835.2978,752.4896,3.7311,0.0,6.0,6.288,3737,7,0,0,0.9987,0,0,0,0,0,0
main,CSDVRP-S-n20-s5,S,20,5,base,DRL-ALNS,3,4,6,763.2502,865.7,758.6853,4.5649,0.0,6.0,6.059,3969,7,0,0,0.9947,0,0,0,0,0,0
main,CSDVRP-L-n75-s2,L,75,2,base,Random-9,6,,25,2188.463,2442.0216,2089.7417,8.7213,90.0,25.0,25.305,1176,22,4,6,1.0,0,0,0,0,0,0
main,CSDVRP-S-n15-s0,S,15,0,base,VNS,6,,5,606.5233,666.3141,602.2712,4.2521,0.0,5.0,5.052,6167,5,0,0,0.9927,0,0,0,0,0,0
main,CSDVRP-L-n75-s4,L,75,4,base,DRL-VNS,7,3,25,2201.9046,2460.454,2194.5079,7.3967,0.0,25.0,25.233,1072,24,0,0,0.998,0,0,0,0,0,0
main,CSDVRP-XL-n150-s1,XL,150,1,base,VNS-9,9,,50,4226.8552,4744.1508,4213.476,13.3792,0.0,50.047,51.263,1654,46,0,0,0.9963,0,0,0,0,0,0
main,CSDVRP-S-n20-s2,S,20,2,base,VNS-9,8,,6,670.121,732.8183,667.0092,3.1118,0.0,6.0,6.058,4936,7,0,0,0.9933,0,0,0,0,0,0
main,CSDVRP-L-n75-s0,L,75,0,base,DRL-VNS,8,4,25,2410.2239,2688.4285,2401.1797,9.0442,0.0,25.0,25.347,1069,24,0,0,0.9984,0,0,0,0,0,0
main,CSDVRP-M-n30-s5,M,30,5,base,DRL-VNS,3,4,10,1128.5178,1247.2838,1123.3845,5.1334,0.0,10.0,10.492,3882,10,0,0,0.9905,0,0,0,0,0,0
exact,CSDVRP-S-n6-s3,S,6,3,base,Marginal-9,9,5,5,230.2731,253.5784,228.5871,1.686,0.0,5.0,5.025,28001,2,0,0,0.9873,0,0,0,0,0,0
main,CSDVRP-XL-n150-s5,XL,150,5,base,VNS,9,,50,3901.202,4291.4727,3882.5684,18.6336,0.0,50.0,50.725,1334,45,0,0,0.9987,0,0,0,0,0,0
main,CSDVRP-M-n50-s2,M,50,2,base,Fixed-small,9,,15,1468.2732,1677.4231,1461.7612,6.5119,0.0,15.0,15.194,2744,16,0,0,0.9985,0,0,0,0,0,0
exact,CSDVRP-S-n10-s3,S,10,3,base,VNS-9,8,,5,398.3934,456.2198,394.9219,3.4715,0.0,5.0,5.074,14756,3,0,0,0.9427,0,0,0,0,0,0
main,CSDVRP-S-n20-s4,S,20,4,base,Roulette-9,4,,6,719.4697,798.0501,715.5041,3.9656,0.0,6.0,6.235,4923,7,0,0,0.986,0,0,0,0,0,0
main,CSDVRP-XL-n150-s3,XL,150,3,base,Random-9,1,,50,3837.9401,4237.9876,3822.3758,15.5642,0.0,50.0,50.887,1562,44,0,0,0.9973,0,0,0,0,0,0
main,CSDVRP-M-n50-s4,M,50,4,base,VNS,3,,15,1677.94,1919.2804,1670.3953,7.5447,0.0,15.0,15.184,3051,16,0,0,0.984,0,0,0,0,0,0
main,CSDVRP-L-n100-s3,L,100,3,base,Fixed-small,1,,35,2742.6103,3095.0715,2718.8331,8.7772,15.0,35.016,35.597,1268,32,1,1,1.0,0,0,0,0,0,0
main,CSDVRP-M-n50-s0,M,50,0,base,DRL-ALNS,6,2,15,1736.1452,1986.2853,1726.3722,9.773,0.0,15.0,15.226,1523,16,0,0,0.9865,0,0,0,0,0,0
main,CSDVRP-XL-n150-s0,XL,150,0,base,VNS,9,,50,4379.795,5021.4451,4304.8263,14.9688,60.0,50.031,50.996,1679,45,3,4,1.0,0,0,0,0,0,0
main,CSDVRP-XL-n150-s3,XL,150,3,base,Marginal-9,7,3,50,3842.8756,4237.9876,3827.9896,14.8861,0.0,50.0,50.76,1678,44,0,0,0.9957,0,0,0,0,0,0
main,CSDVRP-L-n100-s3,L,100,3,base,Fixed-small,0,,35,2705.1298,3095.0715,2693.6822,11.4476,0.0,35.0,35.81,1316,31,0,0,1.0,0,0,0,0,0,0
main,CSDVRP-M-n50-s5,M,50,5,base,Random-9,8,,15,1637.6963,1904.3598,1630.4499,7.2464,0.0,15.0,15.315,1888,16,0,0,0.998,0,0,0,0,0,0
exact,CSDVRP-S-n10-s4,S,10,4,base,Roulette-9,7,,5,387.7762,460.8567,384.9244,2.8518,0.0,5.0,5.091,15716,3,0,0,0.98,0,0,0,0,0,0
main,CSDVRP-S-n20-s2,S,20,2,base,Random-9,7,,6,670.121,732.8183,667.0092,3.1118,0.0,6.0,6.093,4893,7,0,0,0.9933,0,0,0,0,0,0
main,CSDVRP-M-n50-s4,M,50,4,base,Marginal-9,9,5,15,1645.253,1919.2804,1624.3887,5.8643,15.0,15.0,15.207,1567,16,1,1,1.0,0,0,0,0,0,0
exact,CSDVRP-S-n10-s2,S,10,2,base,Random-9,3,,5,386.2368,436.4179,383.4745,2.7622,0.0,5.0,5.038,15270,3,0,0,0.9893,0,0,0,0,0,0
exact,CSDVRP-S-n8-s1,S,8,1,base,Marginal-9,4,5,5,335.8429,376.3954,333.6723,2.1706,0.0,5.0,5.263,18586,3,0,0,0.9073,0,0,0,0,0,0
main,CSDVRP-L-n100-s3,L,100,3,base,Random-9,3,,35,2737.7498,3095.0715,2726.3843,11.3655,0.0,35.016,35.694,681,31,0,0,1.0,0,0,0,0,0,0
exact,CSDVRP-S-n12-s3,S,12,3,base,DRL-VNS,2,3,5,522.4878,589.3086,503.6872,3.8005,15.0,5.0,5.065,5994,4,1,1,1.0,0,0,0,0,0,0
main,CSDVRP-S-n15-s4,S,15,4,base,Marginal-9,6,2,5,586.0528,624.2332,582.2908,3.762,0.0,5.0,5.139,7595,6,0,0,0.9347,0,0,0,0,0,0
main,CSDVRP-M-n50-s0,M,50,0,base,Marginal-9,1,2,15,1717.1795,1986.2853,1708.8212,8.3583,0.0,15.0,15.173,1814,16,0,0,0.997,0,0,0,0,0,0
exact,CSDVRP-S-n8-s2,S,8,2,base,DRL-ALNS,6,2,5,344.8888,398.3755,342.4078,2.481,0.0,5.0,5.026,6290,3,0,0,0.8753,0,0,0,0,0,0
main,CSDVRP-XL-n150-s5,XL,150,5,base,Random-9,5,,50,3922.5352,4291.4727,3860.8278,16.7073,45.0,50.0,50.947,1580,45,2,3,1.0,0,0,0,0,0,0
main,CSDVRP-S-n15-s3,S,15,3,base,Marginal-9,6,2,5,613.8579,692.2972,595.8443,3.0136,15.0,5.0,5.079,9353,5,1,1,1.0,0,0,0,0,0,0
main,CSDVRP-L-n75-s1,L,75,1,base,DRL-VNS,1,2,25,2126.5232,2408.8056,2028.691,7.8322,90.0,25.0,25.391,1423,22,5,6,1.0,0,0,0,0,0,0
exact,CSDVRP-S-n6-s3,S,6,3,base,Fixed-small,3,,5,230.2731,253.5784,228.5871,1.686,0.0,5.0,5.196,30448,2,0,0,0.9873,0,0,0,0,0,0
main,CSDVRP-S-n20-s0,S,20,0,base,Random-9,8,,6,756.2207,835.2978,752.4896,3.7311,0.0,6.0,6.344,5148,7,0,0,0.9987,0,0,0,0,0,0
exact,CSDVRP-S-n10-s4,S,10,4,base,Roulette-9,6,,5,387.4582,460.8567,384.9244,2.5338,0.0,5.0,5.045,15759,3,0,0,0.98,0,0,0,0,0,0
main,CSDVRP-S-n15-s0,S,15,0,base,Fixed-small,8,,5,606.5233,666.3141,602.2712,4.2521,0.0,5.0,5.123,8905,5,0,0,0.9927,0,0,0,0,0,0
main,CSDVRP-XL-n150-s2,XL,150,2,base,DRL-ALNS,5,1,50,4137.8208,4545.4892,4119.3307,18.4901,0.0,50.156,51.234,702,45,0,0,1.0,0,0,0,0,0,0
main,CSDVRP-L-n75-s2,L,75,2,base,Roulette-9,9,,25,2113.645,2442.0216,2104.7926,8.8524,0.0,25.016,25.595,1251,22,0,0,0.9992,0,0,0,0,0,0
main,CSDVRP-XL-n150-s2,XL,150,2,base,Fixed-small,4,,50,4023.3235,4545.4892,3978.7518,14.5717,30.0,50.0,50.624,2548,46,2,2,1.0,0,0,0,0,0,0
main,CSDVRP-L-n75-s4,L,75,4,base,Roulette-9,6,,25,2205.7473,2460.454,2198.6426,7.1047,0.0,25.016,25.577,1145,24,0,0,0.9996,0,0,0,0,0,0
main,CSDVRP-M-n50-s2,M,50,2,base,Roulette-9,9,,15,1467.8485,1677.4231,1462.0673,5.7812,0.0,15.0,15.24,1868,16,0,0,0.9985,0,0,0,0,0,0
exact,CSDVRP-S-n6-s3,S,6,3,base,Marginal-9,2,3,5,230.2731,253.5784,228.5871,1.686,0.0,5.0,5.168,28429,2,0,0,0.9873,0,0,0,0,0,0
main,CSDVRP-M-n30-s2,M,30,2,base,VNS,1,,10,950.8409,1162.4183,933.102,2.7389,15.0,10.0,10.124,3695,10,1,1,1.0,0,0,0,0,0,0
main,CSDVRP-M-n30-s4,M,30,4,base,VNS-9,0,,10,925.7043,1151.8487,921.3091,4.3952,0.0,10.0,10.03,4000,10,0,0,0.99,0,0,0,0,0,0
main,CSDVRP-L-n100-s3,L,100,3,base,DRL-VNS,3,4,35,2734.2005,3095.0715,2724.4023,9.7982,0.0,35.0,35.737,749,32,0,0,0.9972,0,0,0,0,0,0
main,CSDVRP-XL-n150-s4,XL,150,4,base,Roulette-9,2,,50,4006.3652,4802.2805,3889.0694,12.2958,105.0,50.0,50.745,1641,47,4,7,1.0,0,0,0,0,0,0
main,CSDVRP-M-n30-s0,M,30,0,base,Fixed-small,5,,10,1093.2446,1303.6377,1088.8964,4.3482,0.0,10.0,10.162,4847,11,0,0,0.997,0,0,0,0,0,0
main,CSDVRP-M-n30-s3,M,30,3,base,Roulette-9,8,,10,969.1696,1099.7766,965.9069,3.2627,0.0,10.0,10.358,4122,10,0,0,0.988,0,0,0,0,0,0
exact,CSDVRP-S-n8-s5,S,8,5,base,Roulette-9,3,,5,423.2126,427.0275,419.9371,3.2754,0.0,5.0,5.013,14335,3,0,0,0.894,0,0,0,0,0,0
main,CSDVRP-L-n100-s2,L,100,2,base,VNS-9,7,,35,2820.0678,3167.7225,2809.4232,10.6446,0.0,35.031,36.132,781,30,0,0,0.9968,0,0,0,0,0,0
exact,CSDVRP-S-n10-s2,S,10,2,base,Marginal-9,7,3,5,391.6922,436.4179,389.0812,2.6111,0.0,5.0,5.1,16704,3,0,0,0.9787,0,0,0,0,0,0
main,CSDVRP-L-n100-s3,L,100,3,base,ALNS+,5,,35,2847.5084,3095.0715,2835.8834,11.625,0.0,35.016,35.629,545,35,0,0,0.9992,0,0,0,0,0,0
exact,CSDVRP-S-n10-s2,S,10,2,base,Random-9,6,,5,391.6922,436.4179,389.0812,2.6111,0.0,5.0,5.053,17069,3,0,0,0.9787,0,0,0,0,0,0
main,CSDVRP-M-n30-s5,M,30,5,base,DRL-VNS,7,3,10,1119.7487,1247.2838,1084.647,5.1016,30.0,10.0,10.188,3567,10,1,2,1.0,0,0,0,0,0,0
exact,CSDVRP-S-n6-s2,S,6,2,base,DRL-ALNS,8,4,5,330.2083,334.9047,328.2873,1.921,0.0,5.0,5.089,6589,3,0,0,0.8567,0,0,0,0,0,0
main,CSDVRP-S-n15-s2,S,15,2,base,VNS-9,2,,5,604.4369,645.109,602.0225,2.4144,0.0,5.0,5.044,6734,6,0,0,0.9953,0,0,0,0,0,0
main,CSDVRP-S-n15-s1,S,15,1,base,Fixed-small,8,,5,600.6762,675.8866,597.4673,3.209,0.0,5.0,5.107,7177,6,0,0,0.9,0,0,0,0,0,0
main,CSDVRP-L-n100-s4,L,100,4,base,Fixed-small,9,,35,2950.4975,3371.4529,2908.5886,11.909,30.0,35.0,35.462,1108,31,2,2,1.0,0,0,0,0,0,0
exact,CSDVRP-S-n8-s1,S,8,1,base,VNS-9,1,,5,335.8429,376.3954,333.6723,2.1706,0.0,5.0,5.316,19879,3,0,0,0.9073,0,0,0,0,0,0
exact,CSDVRP-S-n12-s4,S,12,4,base,VNS,2,,5,487.5063,536.3904,484.4937,3.0126,0.0,5.0,5.059,8600,4,0,0,0.9867,0,0,0,0,0,0
main,CSDVRP-XL-n150-s5,XL,150,5,base,DRL-VNS,4,5,50,3959.6974,4291.4727,3942.7367,16.9607,0.0,50.0,50.792,1351,46,0,0,0.9967,0,0,0,0,0,0
main,CSDVRP-L-n100-s4,L,100,4,base,Marginal-9,9,5,35,2957.0972,3371.4529,2914.575,12.5222,30.0,35.062,35.688,715,31,1,2,1.0,0,0,0,0,0,0
main,CSDVRP-M-n30-s0,M,30,0,base,DRL-VNS,5,1,10,1093.0763,1303.6377,1088.8964,4.1799,0.0,10.0,10.217,3320,11,0,0,0.997,0,0,0,0,0,0
case,CSDVRP-CS-Riyadh,case,30,0,base,DRL-ALNS,3,4,30,416.3117,711.0291,411.6246,4.6871,0.0,30.0,30.477,12374,4,0,0,0.986,0,0,0,0,0,0
exact,CSDVRP-S-n6-s1,S,6,1,base,DRL-VNS,4,5,5,341.7876,362.2464,340.1093,1.6783,0.0,5.0,5.152,8078,3,0,0,0.926,0,0,0,0,0,0
main,CSDVRP-L-n75-s1,L,75,1,base,Marginal-9,2,3,25,2102.8753,2408.8056,2063.8312,9.0441,30.0,25.0,25.508,1121,23,2,2,1.0,0,0,0,0,0,0
main,CSDVRP-S-n20-s1,S,20,1,base,DRL-VNS,3,4,6,785.2664,908.0268,780.5879,4.6785,0.0,6.0,6.048,3824,7,0,0,0.9833,0,0,0,0,0,0
exact,CSDVRP-S-n12-s4,S,12,4,base,Random-9,7,,5,487.5063,536.3904,484.4937,3.0126,0.0,5.0,5.092,11313,4,0,0,0.9867,0,0,0,0,0,0
main,CSDVRP-M-n50-s4,M,50,4,base,Marginal-9,1,2,15,1643.1032,1919.2804,1622.0005,6.1027,15.0,15.0,15.212,1777,16,1,1,1.0,0,0,0,0,0,0
main,CSDVRP-M-n30-s1,M,30,1,base,Roulette-9,7,,10,1031.4688,1231.1888,1027.1043,4.3646,0.0,10.0,10.211,3457,10,0,0,0.98,0,0,0,0,0,0
main,CSDVRP-M-n30-s3,M,30,3,base,Random-9,3,,10,969.1696,1099.7766,965.9069,3.2627,0.0,10.0,10.183,4049,10,0,0,0.988,0,0,0,0,0,0
main,CSDVRP-L-n100-s4,L,100,4,base,Roulette-9,7,,35,2957.1883,3371.4529,2944.2735,12.9148,0.0,35.016,35.571,818,31,0,0,0.9952,0,0,0,0,0,0
main,CSDVRP-XL-n150-s2,XL,150,2,base,DRL-ALNS,4,5,50,4128.7057,4545.4892,4112.7553,15.9504,0.0,50.016,50.706,865,47,0,0,1.0,0,0,0,0,0,0
exact,CSDVRP-S-n6-s5,S,6,5,base,Roulette-9,7,,5,347.3173,347.7063,345.0582,2.2591,0.0,5.0,5.058,22810,3,0,0,0.9907,0,0,0,0,0,0
main,CSDVRP-L-n100-s3,L,100,3,base,Roulette-9,0,,35,2704.1694,3095.0715,2692.7236,11.4459,0.0,35.031,35.611,777,31,0,0,1.0,0,0,0,0,0,0
main,CSDVRP-L-n100-s5,L,100,5,base,VNS-9,2,,35,2590.1038,3154.3549,2563.5607,11.5431,15.0,35.016,35.488,787,30,1,1,1.0,0,0,0,0,0,0
main,CSDVRP-L-n100-s4,L,100,4,base,ALNS+,9,,35,3136.1696,3371.4529,3122.8847,13.2849,0.0,35.094,35.801,533,36,0,0,0.9976,0,0,0,0,0,0
exact,CSDVRP-S-n10-s3,S,10,3,base,VNS,9,,5,398.3226,456.2198,394.9219,3.4007,0.0,5.0,5.106,12957,3,0,0,0.9427,0,0,0,0,0,0
exact,CSDVRP-S-n12-s1,S,12,1,base,Fixed-small,2,,5,527.441,602.7068,508.6521,3.7889,15.0,5.0,5.061,10235,4,1,1,1.0,0,0,0,0,0,0
exact,CSDVRP-S-n10-s2,S,10,2,base,VNS-9,1,,5,391.6922,436.4179,389.0812,2.6111,0.0,5.0,5.028,17078,3,0,0,0.9787,0,0,0,0,0,0
main,CSDVRP-S-n15-s4,S,15,4,base,ALNS+,9,,5,608.8196,624.2332,604.4146,4.4051,0.0,5.0,5.156,7741,6,0,0,0.9727,0,0,0,0,0,0
main,CSDVRP-L-n100-s2,L,100,2,base,Fixed-small,9,,35,2833.9998,3167.7225,2793.1548,10.845,30.0,35.0,35.418,1318,30,1,2,1.0,0,0,0,0,0,0
main,CSDVRP-XL-n150-s1,XL,150,1,base,Fixed-small,3,,50,4211.4853,4744.1508,4169.978,11.5073,30.0,50.0,50.741,2636,45,1,2,1.0,0,0,0,0,0,0
exact,CSDVRP-S-n12-s2,S,12,2,base,DRL-VNS,9,5,5,460.175,518.4642,458.0808,2.0942,0.0,5.0,5.018,6215,4,0,0,0.998,0,0,0,0,0,0
main,CSDVRP-S-n15-s4,S,15,4,base,VNS-9,6,,5,585.7427,624.2332,582.2908,3.4519,0.0,5.0,5.138,7462,6,0,0,0.9347,0,0,0,0,0,0
main,CSDVRP-S-n15-s3,S,15,3,base,Fixed-small,5,,5,603.7428,692.2972,584.3633,4.3795,15.0,5.0,5.045,9881,5,1,1,1.0,0,0,0,0,0,0
main,CSDVRP-L-n75-s3,L,75,3,base,Fixed-small,2,,25,2145.0628,2332.9982,2050.2328,4.83,90.0,25.0,25.708,2356,23,4,6,1.0,0,0,0,0,0,0
main,CSDVRP-XL-n150-s3,XL,150,3,base,VNS,0,,50,3792.0282,4237.9876,3775.7375,16.2907,0.0,50.047,50.742,1651,43,0,0,0.9983,0,0,0,0,0,0
main,CSDVRP-S-n15-s3,S,15,3,base,ALNS+,2,,5,601.7253,692.2972,597.8561,3.8692,0.0,5.0,5.091,8996,6,0,0,0.998,0,0,0,0,0,0
main,CSDVRP-M-n50-s1,M,50,1,base,VNS,4,,15,1520.6363,1718.5004,1515.2306,5.4057,0.0,15.0,15.466,2653,16,0,0,0.9915,0,0,0,0,0,0
exact,CSDVRP-S-n6-s4,S,6,4,base,Roulette-9,7,,5,307.3738,316.7228,305.135,2.2389,0.0,5.0,5.09,18410,3,0,0,0.906,0,0,0,0,0,0
main,CSDVRP-M-n50-s2,M,50,2,base,DRL-ALNS,6,2,15,1553.4993,1677.4231,1545.5155,7.9838,0.0,15.0,15.252,1613,18,0,0,0.9985,0,0,0,0,0,0
main,CSDVRP-L-n100-s2,L,100,2,base,DRL-ALNS,5,1,35,2875.005,3167.7225,2860.5638,14.4412,0.0,35.062,35.509,519,30,0,0,1.0,0,0,0,0,0,0
main,CSDVRP-L-n100-s5,L,100,5,base,Marginal-9,9,5,35,2639.5254,3154.3549,2579.7539,14.7715,45.0,35.047,35.688,637,30,2,3,1.0,0,0,0,0,0,0
main,CSDVRP-XL-n150-s5,XL,150,5,base,VNS,8,,50,3912.0706,4291.4727,3835.534,16.5365,60.0,50.0,50.892,1327,45,3,4,1.0,0,0,0,0,0,0
exact,CSDVRP-S-n8-s1,S,8,1,base,Roulette-9,6,,5,335.8429,376.3954,333.6723,2.1706,0.0,5.0,5.069,17759,3,0,0,0.9073,0,0,0,0,0,0
exact,CSDVRP-S-n8-s2,S,8,2,base,Roulette-9,9,,5,344.8888,398.3755,342.4078,2.481,0.0,5.0,5.265,17262,3,0,0,0.8753,0,0,0,0,0,0
exact,CSDVRP-S-n8-s4,S,8,4,base,VNS-9,0,,5,359.1905,397.2233,357.0731,2.1174,0.0,5.0,5.108,16710,3,0,0,0.8793,0,0,0,0,0,0
main,CSDVRP-S-n15-s5,S,15,5,base,VNS,1,,5,666.5148,800.4223,662.7682,3.7467,0.0,5.0,5.013,7507,5,0,0,0.9993,0,0,0,0,0,0
main,CSDVRP-M-n30-s1,M,30,1,base,DRL-ALNS,8,4,10,1070.7542,1231.1888,1036.7268,4.0274,30.0,10.0,10.11,3426,10,2,2,1.0,0,0,0,0,0,0
main,CSDVRP-XL-n150-s5,XL,150,5,base,DRL-ALNS,8,4,50,4051.2033,4291.4727,4032.6209,18.5824,0.0,50.0,50.546,888,49,0,0,0.999,0,0,0,0,0,0
exact,CSDVRP-S-n8-s4,S,8,4,base,ALNS+,3,,5,359.1905,397.2233,357.0731,2.1174,0.0,5.0,5.199,17292,3,0,0,0.8793,0,0,0,0,0,0
main,CSDVRP-L-n100-s5,L,100,5,base,Random-9,2,,35,2613.0397,3154.3549,2569.5672,13.4724,30.0,35.0,35.464,813,30,1,2,1.0,0,0,0,0,0,0
main,CSDVRP-S-n20-s1,S,20,1,base,Marginal-9,5,1,6,785.2664,908.0268,780.5879,4.6785,0.0,6.0,6.095,4808,7,0,0,0.9833,0,0,0,0,0,0
exact,CSDVRP-S-n8-s2,S,8,2,base,DRL-VNS,4,5,5,344.8888,398.3755,342.4078,2.481,0.0,5.0,5.089,7107,3,0,0,0.8753,0,0,0,0,0,0
main,CSDVRP-M-n30-s2,M,30,2,base,ALNS+,3,,10,959.2641,1162.4183,910.0988,4.1654,45.0,10.0,10.093,4800,9,3,3,1.0,0,0,0,0,0,0
main,CSDVRP-L-n75-s5,L,75,5,base,VNS-9,5,,25,2096.4674,2327.4464,2089.5232,6.9442,0.0,25.0,25.505,1188,23,0,0,0.9992,0,0,0,0,0,0
exact,CSDVRP-S-n6-s5,S,6,5,base,VNS-9,1,,5,347.3173,347.7063,345.0582,2.2591,0.0,5.0,5.05,24619,3,0,0,0.9907,0,0,0,0,0,0
exact,CSDVRP-S-n12-s2,S,12,2,base,Marginal-9,0,1,5,460.175,518.4642,458.0808,2.0942,0.0,5.0,5.061,12872,4,0,0,0.998,0,0,0,0,0,0
exact,CSDVRP-S-n10-s3,S,10,3,base,VNS,7,,5,398.3226,456.2198,394.9219,3.4007,0.0,5.0,5.061,12865,3,0,0,0.9427,0,0,0,0,0,0
main,CSDVRP-XL-n150-s3,XL,150,3,base,DRL-ALNS,5,1,50,3965.6594,4237.9876,3949.1557,16.5037,0.0,50.0,50.947,714,45,0,0,0.9987,0,0,0,0,0,0
main,CSDVRP-M-n30-s4,M,30,4,base,Random-9,4,,10,926.1273,1151.8487,921.3091,4.8182,0.0,10.0,10.222,3988,10,0,0,0.99,0,0,0,0,0,0
exact,CSDVRP-S-n8-s5,S,8,5,base,Fixed-small,0,,5,423.2126,427.0275,419.9371,3.2754,0.0,5.0,5.058,15540,3,0,0,0.894,0,0,0,0,0,0
exact,CSDVRP-S-n12-s1,S,12,1,base,VNS-9,9,,5,527.1742,602.7068,508.3795,3.7947,15.0,5.0,5.045,10523,4,1,1,1.0,0,0,0,0,0,0
exact,CSDVRP-S-n10-s5,S,10,5,base,Marginal-9,2,3,5,454.5993,485.8354,450.6688,3.9305,0.0,5.0,5.107,12818,3,0,0,0.956,0,0,0,0,0,0
main,CSDVRP-M-n30-s5,M,30,5,base,DRL-ALNS,3,4,10,1110.5322,1247.2838,1090.992,4.5402,15.0,10.0,10.142,3341,10,1,1,1.0,0,0,0,0,0,0
exact,CSDVRP-S-n8-s5,S,8,5,base,Roulette-9,6,,5,423.2126,427.0275,419.9371,3.2754,0.0,5.0,5.027,14494,3,0,0,0.894,0,0,0,0,0,0
exact,CSDVRP-S-n10-s3,S,10,3,base,VNS-9,1,,5,398.3226,456.2198,394.9219,3.4007,0.0,5.0,5.107,14986,3,0,0,0.9427,0,0,0,0,0,0
main,CSDVRP-S-n15-s2,S,15,2,base,Fixed-small,9,,5,618.9784,645.109,601.4965,2.4819,15.0,5.0,5.014,8567,6,1,1,1.0,0,0,0,0,0,0
exact,CSDVRP-S-n10-s2,S,10,2,base,ALNS+,9,,5,386.2368,436.4179,383.4745,2.7622,0.0,5.0,5.092,16647,3,0,0,0.9893,0,0,0,0,0,0
main,CSDVRP-L-n75-s5,L,75,5,base,VNS,7,,25,2091.2062,2327.4464,2083.4687,7.7375,0.0,25.0,25.441,1763,23,0,0,0.9904,0,0,0,0,0,0
main,CSDVRP-L-n100-s4,L,100,4,base,DRL-VNS,4,5,35,2926.6811,3371.4529,2911.7018,14.9793,0.0,35.016,35.75,717,31,0,0,0.9904,0,0,0,0,0,0
main,CSDVRP-L-n75-s2,L,75,2,base,VNS,5,,25,2083.1772,2442.0216,2059.5524,8.6248,15.0,25.0,25.34,1833,22,1,1,1.0,0,0,0,0,0,0
main,CSDVRP-M-n30-s1,M,30,1,base,Fixed-small,5,,10,1044.2441,1231.1888,1025.1409,4.1032,15.0,10.0,10.07,4368,10,1,1,1.0,0,0,0,0,0,0
main,CSDVRP-M-n30-s4,M,30,4,base,VNS,8,,10,926.1273,1151.8487,921.3091,4.8182,0.0,10.0,10.234,3873,10,0,0,0.99,0,0,0,0,0,0
main,CSDVRP-L-n75-s5,L,75,5,base,Roulette-9,8,,25,2094.4268,2327.4464,2087.1741,7.2526,0.0,25.0,25.363,1315,23,0,0,0.9964,0,0,0,0,0,0
main,CSDVRP-S-n20-s1,S,20,1,base,VNS,2,,6,785.2664,908.0268,780.5879,4.6785,0.0,6.0,6.114,4257,7,0,0,0.9833,0,0,0,0,0,0
exact,CSDVRP-S-n12-s2,S,12,2,base,DRL-ALNS,6,2,5,460.175,518.4642,458.0808,2.0942,0.0,5.0,5.059,5604,4,0,0,0.998,0,0,0,0,0,0
exact,CSDVRP-S-n8-s5,S,8,5,base,DRL-ALNS,0,1,5,423.2126,427.0275,419.9371,3.2754,0.0,5.0,5.124,6066,3,0,0,0.894,0,0,0,0,0,0
main,CSDVRP-M-n30-s3,M,30,3,base,ALNS+,1,,10,970.718,1099.7766,965.9069,4.8111,0.0,10.0,10.17,4753,10,0,0,0.988,0,0,0,0,0,0
main,CSDVRP-S-n20-s1,S,20,1,base,VNS-9,1,,6,785.2664,908.0268,780.5879,4.6785,0.0,6.0,6.093,5137,7,0,0,0.9833,0,0,0,0,0,0
main,CSDVRP-M-n30-s4,M,30,4,base,Roulette-9,5,,10,925.7284,1151.8487,921.3091,4.4194,0.0,10.0,10.138,3756,10,0,0,0.99,0,0,0,0,0,0
main,CSDVRP-S-n15-s5,S,15,5,base,DRL-ALNS,8,4,5,669.0758,800.4223,664.0584,5.0174,0.0,5.0,5.09,4400,6,0,0,0.998,0,0,0,0,0,0
main,CSDVRP-S-n20-s5,S,20,5,base,Fixed-small,1,,6,763.2502,865.7,758.6853,4.5649,0.0,6.0,6.327,8020,7,0,0,0.9947,0,0,0,0,0,0
main,CSDVRP-M-n30-s0,M,30,0,base,Fixed-small,1,,10,1093.2446,1303.6377,1088.8964,4.3482,0.0,10.0,10.17,4734,11,0,0,0.997,0,0,0,0,0,0
main,CSDVRP-M-n50-s2,M,50,2,base,Fixed-small,8,,15,1485.2662,1677.4231,1463.4104,6.8559,15.0,15.0,15.091,2480,16,1,1,1.0,0,0,0,0,0,0
main,CSDVRP-M-n50-s5,M,50,5,base,DRL-ALNS,0,1,15,1684.0911,1904.3598,1600.0991,8.9921,75.0,15.0,15.251,1525,15,4,5,1.0,0,0,0,0,0,0
main,CSDVRP-L-n75-s4,L,75,4,base,Fixed-small,1,,25,2201.1487,2460.454,2194.7333,6.4154,0.0,25.0,25.333,1756,24,0,0,0.998,0,0,0,0,0,0
case,CSDVRP-CS-Riyadh,case,30,0,base,VNS,1,,30,416.4868,711.0291,411.6246,4.8621,0.0,30.0,30.847,14803,4,0,0,0.986,0,0,0,0,0,0
main,CSDVRP-S-n20-s0,S,20,0,base,Random-9,5,,6,756.2207,835.2978,752.4896,3.7311,0.0,6.0,6.076,4941,7,0,0,0.9987,0,0,0,0,0,0
exact,CSDVRP-S-n8-s1,S,8,1,base,DRL-VNS,7,3,5,335.8429,376.3954,333.6723,2.1706,0.0,5.0,5.058,7428,3,0,0,0.9073,0,0,0,0,0,0
exact,CSDVRP-S-n8-s1,S,8,1,base,Fixed-small,6,,5,335.8429,376.3954,333.6723,2.1706,0.0,5.0,5.157,19294,3,0,0,0.9073,0,0,0,0,0,0
main,CSDVRP-S-n20-s2,S,20,2,base,Random-9,3,,6,670.121,732.8183,667.0092,3.1118,0.0,6.0,6.077,4924,7,0,0,0.9933,0,0,0,0,0,0
main,CSDVRP-S-n20-s1,S,20,1,base,Marginal-9,4,5,6,785.2664,908.0268,780.5879,4.6785,0.0,6.0,6.045,4604,7,0,0,0.9833,0,0,0,0,0,0
main,CSDVRP-M-n50-s2,M,50,2,base,VNS,6,,15,1503.1741,1677.4231,1467.4056,5.7686,30.0,15.0,15.138,2668,16,1,2,1.0,0,0,0,0,0,0
main,CSDVRP-S-n15-s1,S,15,1,base,Random-9,0,,5,599.4153,675.8866,596.1341,3.2813,0.0,5.0,5.06,6480,6,0,0,0.9,0,0,0,0,0,0
main,CSDVRP-S-n15-s2,S,15,2,base,Random-9,5,,5,604.4369,645.109,602.0225,2.4144,0.0,5.0,5.14,6768,6,0,0,0.9953,0,0,0,0,0,0
main,CSDVRP-L-n75-s2,L,75,2,base,VNS-9,5,,25,2133.2263,2442.0216,2078.535,9.6913,45.0,25.0,25.433,1291,22,3,3,1.0,0,0,0,0,0,0
exact,CSDVRP-S-n6-s1,S,6,1,base,DRL-VNS,1,2,5,341.7876,362.2464,340.1093,1.6783,0.0,5.0,5.139,8117,3,0,0,0.926,0,0,0,0,0,0
main,CSDVRP-S-n20-s5,S,20,5,base,DRL-ALNS,5,1,6,763.1659,865.7,758.6853,4.4806,0.0,6.0,6.076,3717,7,0,0,0.9947,0,0,0,0,0,0
main,CSDVRP-M-n30-s1,M,30,1,base,VNS-9,2,,10,1031.4688,1231.1888,1027.1043,4.3646,0.0,10.0,10.156,3286,10,0,0,0.98,0,0,0,0,0,0
main,CSDVRP-S-n20-s3,S,20,3,base,Roulette-9,8,,6,691.1397,797.0264,687.1116,4.0281,0.0,6.0,6.106,5091,7,0,0,0.9707,0,0,0,0,0,0
exact,CSDVRP-S-n8-s1,S,8,1,base,DRL-VNS,4,5,5,336.0973,376.3954,333.6723,2.425,0.0,5.0,5.074,7309,3,0,0,0.9073,0,0,0,0,0,0
exact,CSDVRP-S-n10-s2,S,10,2,base,DRL-VNS,6,2,5,391.6922,436.4179,389.0812,2.6111,0.0,5.0,5.138,7316,3,0,0,0.9787,0,0,0,0,0,0
main,CSDVRP-M-n30-s3,M,30,3,base,DRL-ALNS,4,5,10,969.2873,1099.7766,965.9069,3.3804,0.0,10.0,10.124,2958,10,0,0,0.988,0,0,0,0,0,0
main,CSDVRP-S-n15-s3,S,15,3,base,Random-9,4,,5,601.4006,692.2972,597.8561,3.5445,0.0,5.0,4.997,6711,6,0,0,0.998,0,0,0,0,0,0
exact,CSDVRP-S-n10-s5,S,10,5,base,VNS,1,,5,454.5993,485.8354,450.6688,3.9305,0.0,5.0,5.17,10979,3,0,0,0.956,0,0,0,0,0,0
main,CSDVRP-M-n30-s2,M,30,2,base,Roulette-9,5,,10,944.3651,1162.4183,926.5969,2.7682,15.0,10.0,10.125,3567,10,1,1,1.0,0,0,0,0,0,0
exact,CSDVRP-S-n8-s4,S,8,4,base,Fixed-small,5,,5,359.1905,397.2233,357.0731,2.1174,0.0,5.0,5.043,17149,3,0,0,0.8793,0,0,0,0,0,0
main,CSDVRP-L-n100-s1,L,100,1,base,Fixed-small,3,,35,2664.1383,3146.4881,2623.955,10.1833,30.0,35.0,35.796,1166,29,2,2,1.0,0,0,0,0,0,0
exact,CSDVRP-S-n12-s5,S,12,5,base,DRL-ALNS,2,3,5,521.0601,535.5205,517.6832,3.3769,0.0,5.0,5.043,4883,4,0,0,0.978,0,0,0,0,0,0
main,CSDVRP-S-n15-s1,S,15,1,base,DRL-VNS,0,1,5,590.7648,675.8866,586.7939,3.9709,0.0,5.0,5.122,4220,5,0,0,0.9987,0,0,0,0,0,0
main,CSDVRP-XL-n150-s5,XL,150,5,base,Fixed-small,2,,50,3942.4741,4291.4727,3928.3864,14.0877,0.0,50.0,50.718,2321,46,0,0,0.999,0,0,0,0,0,0
main,CSDVRP-XL-n150-s5,XL,150,5,base,DRL-ALNS,1,2,50,4042.1441,4291.4727,4024.2648,17.8793,0.0,50.156,51.398,812,49,0,0,0.999,0,0,0,0,0,0
exact,CSDVRP-S-n8-s1,S,8,1,base,Roulette-9,5,,5,335.8429,376.3954,333.6723,2.1706,0.0,5.0,5.05,17641,3,0,0,0.9073,0,0,0,0,0,0
main,CSDVRP-L-n75-s2,L,75,2,base,Marginal-9,8,4,25,2106.3473,2442.0216,2095.5306,10.8168,0.0,25.0,25.391,1112,23,0,0,0.9936,0,0,0,0,0,0
main,CSDVRP-L-n75-s2,L,75,2,base,DRL-VNS,5,1,25,2100.4551,2442.0216,2090.46,9.9951,0.0,25.016,25.382,1136,23,0,0,0.9928,0,0,0,0,0,0
main,CSDVRP-M-n50-s2,M,50,2,base,DRL-VNS,8,4,15,1467.8485,1677.4231,1462.0673,5.7812,0.0,15.0,15.376,1709,16,0,0,0.9985,0,0,0,0,0,0
main,CSDVRP-M-n30-s3,M,30,3,base,VNS,3,,10,969.1696,1099.7766,965.9069,3.2627,0.0,10.0,10.169,4171,10,0,0,0.988,0,0,0,0,0,0
main,CSDVRP-M-n30-s2,M,30,2,base,DRL-ALNS,9,5,10,963.3145,1162.4183,929.6108,3.7037,30.0,10.0,10.188,3079,10,2,2,1.0,0,0,0,0,0,0
main,CSDVRP-XL-n150-s3,XL,150,3,base,Random-9,7,,50,3847.6783,4237.9876,3831.9583,15.72,0.0,50.016,50.676,1507,45,0,0,0.9967,0,0,0,0,0,0
exact,CSDVRP-S-n8-s5,S,8,5,base,Marginal-9,0,1,5,423.2126,427.0275,419.9371,3.2754,0.0,5.0,5.192,15228,3,0,0,0.894,0,0,0,0,0,0
exact,CSDVRP-S-n6-s2,S,6,2,base,DRL-ALNS,3,4,5,330.2083,334.9047,328.2873,1.921,0.0,5.0,5.092,6571,3,0,0,0.8567,0,0,0,0,0,0
main,CSDVRP-S-n15-s5,S,15,5,base,Marginal-9,1,2,5,666.5148,800.4223,662.7682,3.7467,0.0,5.0,5.044,8651,5,0,0,0.9993,0,0,0,0,0,0
exact,CSDVRP-S-n6-s3,S,6,3,base,VNS,7,,5,230.2731,253.5784,228.5871,1.686,0.0,5.0,5.061,28527,2,0,0,0.9873,0,0,0,0,0,0
exact,CSDVRP-S-n12-s5,S,12,5,base,VNS,8,,5,521.0601,535.5205,517.6832,3.3769,0.0,5.0,5.029,8819,4,0,0,0.978,0,0,0,0,0,0
main,CSDVRP-M-n30-s3,M,30,3,base,DRL-ALNS,9,5,10,973.1991,1099.7766,968.1617,5.0374,0.0,10.0,10.194,2947,10,0,0,0.9975,0,0,0,0,0,0
main,CSDVRP-XL-n150-s3,XL,150,3,base,DRL-VNS,7,3,50,3836.2834,4237.9876,3822.1737,14.1097,0.0,50.0,50.838,1686,44,0,0,0.9993,0,0,0,0,0,0
exact,CSDVRP-S-n6-s4,S,6,4,base,Fixed-small,9,,5,307.3738,316.7228,305.135,2.2389,0.0,5.0,5.084,19674,3,0,0,0.906,0,0,0,0,0,0
main,CSDVRP-XL-n150-s4,XL,150,4,base,DRL-VNS,1,2,50,3955.2494,4802.2805,3885.9489,9.3005,60.0,50.0,50.806,1738,46,4,4,1.0,0,0,0,0,0,0
main,CSDVRP-S-n15-s0,S,15,0,base,VNS,4,,5,622.621,666.3141,603.3505,4.2704,15.0,5.0,5.078,6159,5,1,1,1.0,0,0,0,0,0,0
exact,CSDVRP-S-n8-s2,S,8,2,base,DRL-ALNS,4,5,5,344.8888,398.3755,342.4078,2.481,0.0,5.0,5.029,6336,3,0,0,0.8753,0,0,0,0,0,0
exact,CSDVRP-S-n8-s4,S,8,4,base,Roulette-9,5,,5,359.1905,397.2233,357.0731,2.1174,0.0,5.0,5.045,15872,3,0,0,0.8793,0,0,0,0,0,0
exact,CSDVRP-S-n12-s2,S,12,2,base,VNS-9,5,,5,460.175,518.4642,458.0808,2.0942,0.0,5.0,5.248,14243,4,0,0,0.998,0,0,0,0,0,0
exact,CSDVRP-S-n6-s1,S,6,1,base,Fixed-small,2,,5,341.7876,362.2464,340.1093,1.6783,0.0,5.0,5.046,22177,3,0,0,0.926,0,0,0,0,0,0
main,CSDVRP-M-n50-s3,M,50,3,base,VNS-9,4,,15,1400.3075,1746.7745,1393.2711,7.0364,0.0,15.0,15.301,1987,15,0,0,0.994,0,0,0,0,0,0
main,CSDVRP-S-n15-s3,S,15,3,base,VNS,7,,5,601.4006,692.2972,597.8561,3.5445,0.0,5.0,5.037,5934,6,0,0,0.998,0,0,0,0,0,0
main,CSDVRP-M-n50-s3,M,50,3,base,Marginal-9,1,2,15,1399.5963,1746.7745,1393.2711,6.3252,0.0,15.0,15.205,1909,15,0,0,0.994,0,0,0,0,0,0
main,CSDVRP-L-n75-s0,L,75,0,base,ALNS+,0,,25,2458.9399,2688.4285,2445.8103,13.1295,0.0,25.0,25.94,912,24,0,0,0.9992,0,0,0,0,0,0
main,CSDVRP-S-n20-s5,S,20,5,base,ALNS+,9,,6,763.1659,865.7,758.6853,4.4806,0.0,6.0,6.054,6404,7,0,0,0.9947,0,0,0,0,0,0
main,CSDVRP-XL-n150-s4,XL,150,4,base,Random-9,7,,50,4032.8048,4802.2805,3856.421,11.3838,165.0,50.0,50.764,1644,45,7,11,1.0,0,0,0,0,0,0
exact,CSDVRP-S-n10-s4,S,10,4,base,VNS,0,,5,387.4582,460.8567,384.9244,2.5338,0.0,5.0,5.058,14201,3,0,0,0.98,0,0,0,0,0,0
main,CSDVRP-S-n20-s2,S,20,2,base,Roulette-9,5,,6,670.121,732.8183,667.0092,3.1118,0.0,6.0,6.092,4827,7,0,0,0.9933,0,0,0,0,0,0
main,CSDVRP-XL-n150-s0,XL,150,0,base,Random-9,4,,50,4476.564,5021.4451,4414.1241,17.44,45.0,50.0,50.843,1709,47,2,3,1.0,0,0,0,0,0,0
main,CSDVRP-M-n50-s4,M,50,4,base,VNS-9,7,,15,1666.9072,1919.2804,1660.7948,6.1124,0.0,15.0,15.172,1551,16,0,0,0.9915,0,0,0,0,0,0
main,CSDVRP-M-n30-s0,M,30,0,base,Marginal-9,0,1,10,1109.2126,1303.6377,1089.7803,4.4323,15.0,10.0,10.182,3778,11,1,1,0.997,0,0,0,0,0,0
exact,CSDVRP-S-n12-s5,S,12,5,base,Fixed-small,4,,5,521.1985,535.5205,517.6832,3.5154,0.0,5.0,5.06,12264,4,0,0,0.978,0,0,0,0,0,0
main,CSDVRP-M-n50-s4,M,50,4,base,DRL-VNS,9,5,15,1641.8992,1919.2804,1635.5121,6.387,0.0,15.0,15.467,1727,16,0,0,0.998,0,0,0,0,0,0
main,CSDVRP-L-n100-s1,L,100,1,base,Fixed-small,6,,35,2699.7672,3146.4881,2615.9173,8.8499,75.0,35.047,35.68,1365,29,4,5,1.0,0,0,0,0,0,0
main,CSDVRP-L-n75-s1,L,75,1,base,VNS,9,,25,2096.9883,2408.8056,2044.4236,7.5647,45.0,25.0,25.462,1758,23,2,3,1.0,0,0,0,0,0,0
main,CSDVRP-L-n100-s4,L,100,4,base,DRL-ALNS,2,3,35,3029.6168,3371.4529,2954.2215,15.3953,60.0,35.109,35.677,472,31,3,4,1.0,0,0,0,0,0,0
exact,CSDVRP-S-n6-s5,S,6,5,base,DRL-ALNS,8,4,5,347.3173,347.7063,345.0582,2.2591,0.0,5.0,5.125,6960,3,0,0,0.9907,0,0,0,0,0,0
main,CSDVRP-S-n20-s4,S,20,4,base,Marginal-9,7,3,6,719.4697,798.0501,715.5041,3.9656,0.0,6.0,6.107,4967,7,0,0,0.986,0,0,0,0,0,0
main,CSDVRP-M-n50-s5,M,50,5,base,Roulette-9,5,,15,1612.3937,1904.3598,1603.3995,8.9942,0.0,15.0,15.142,2155,15,0,0,0.9985,0,0,0,0,0,0
main,CSDVRP-L-n100-s3,L,100,3,base,Roulette-9,5,,35,2768.1002,3095.0715,2726.0315,12.0687,30.0,35.031,35.623,779,31,1,2,1.0,0,0,0,0,0,0
main,CSDVRP-L-n75-s3,L,75,3,base,DRL-ALNS,5,1,25,2205.1264,2332.9982,2198.9516,6.1749,0.0,25.016,25.505,836,27,0,0,0.9952,0,0,0,0,0,0
main,CSDVRP-XL-n150-s0,XL,150,0,base,VNS,8,,50,4388.432,5021.4451,4339.8095,18.6225,30.0,50.062,50.738,1485,46,1,2,1.0,0,0,0,0,0,0
main,CSDVRP-XL-n150-s0,XL,150,0,base,VNS,7,,50,4369.7301,5021.4451,4351.7753,17.9548,0.0,50.0,50.681,1531,46,0,0,0.9997,0,0,0,0,0,0
main,CSDVRP-L-n75-s0,L,75,0,base,Marginal-9,7,3,25,2427.6187,2688.4285,2417.2296,10.389,0.0,25.016,25.662,1171,24,0,0,0.996,0,0,0,0,0,0
main,CSDVRP-XL-n150-s0,XL,150,0,base,DRL-ALNS,6,2,50,4481.5106,5021.4451,4460.4856,21.025,0.0,50.016,50.864,733,47,0,0,0.9987,0,0,0,0,0,0
main,CSDVRP-S-n20-s2,S,20,2,base,Fixed-small,0,,6,670.1283,732.8183,667.0092,3.1191,0.0,6.0,6.079,6510,7,0,0,0.9933,0,0,0,0,0,0
main,CSDVRP-M-n50-s4,M,50,4,base,VNS-9,2,,15,1647.4728,1919.2804,1641.0889,6.3839,0.0,15.0,15.298,1655,16,0,0,0.9925,0,0,0,0,0,0
exact,CSDVRP-S-n10-s4,S,10,4,base,VNS-9,6,,5,387.4582,460.8567,384.9244,2.5338,0.0,5.0,5.26,17957,3,0,0,0.98,0,0,0,0,0,0
main,CSDVRP-M-n30-s4,M,30,4,base,ALNS+,7,,10,926.1514,1151.8487,921.3091,4.8423,0.0,10.0,10.236,4716,10,0,0,0.99,0,0,0,0,0,0
main,CSDVRP-M-n30-s2,M,30,2,base,Random-9,0,,10,941.6665,1162.4183,938.3163,3.3502,0.0,10.0,10.138,3924,10,0,0,0.9865,0,0,0,0,0,0
main,CSDVRP-L-n75-s4,L,75,4,base,Roulette-9,4,,25,2206.4864,2460.454,2198.7593,7.7271,0.0,25.0,25.376,1201,24,0,0,0.9996,0,0,0,0,0,0
main,CSDVRP-S-n15-s1,S,15,1,base,DRL-ALNS,5,1,5,590.7648,675.8866,586.7939,3.9709,0.0,5.0,5.024,4085,5,0,0,0.9987,0,0,0,0,0,0
exact,CSDVRP-S-n6-s1,S,6,1,base,VNS-9,8,,5,341.7876,362.2464,340.1093,1.6783,0.0,5.0,5.045,23271,3,0,0,0.926,0,0,0,0,0,0
main,CSDVRP-S-n20-s5,S,20,5,base,Random-9,6,,6,763.1659,865.7,758.6853,4.4806,0.0,6.0,6.03,6127,7,0,0,0.9947,0,0,0,0,0,0
exact,CSDVRP-S-n6-s3,S,6,3,base,Random-9,4,,5,230.2731,253.5784,228.5871,1.686,0.0,5.0,5.06,31121,2,0,0,0.9873,0,0,0,0,0,0
main,CSDVRP-M-n50-s3,M,50,3,base,ALNS+,3,,15,1440.1706,1746.7745,1404.3409,5.8298,30.0,15.0,15.404,2185,15,2,2,1.0,0,0,0,0,0,0
main,CSDVRP-L-n100-s3,L,100,3,base,Marginal-9,8,4,35,2695.1966,3095.0715,2683.858,11.3386,0.0,35.031,35.522,738,31,0,0,1.0,0,0,0,0,0,0
main,CSDVRP-S-n20-s2,S,20,2,base,DRL-ALNS,1,2,6,670.121,732.8183,667.0092,3.1118,0.0,6.0,6.13,3656,7,0,0,0.9933,0,0,0,0,0,0
main,CSDVRP-M-n30-s5,M,30,5,base,DRL-ALNS,7,3,10,1115.4117,1247.2838,1095.4307,4.981,15.0,10.0,10.109,3201,10,1,1,1.0,0,0,0,0,0,0
main,CSDVRP-M-n50-s5,M,50,5,base,DRL-VNS,5,1,15,1632.9093,1904.3598,1625.1545,7.7547,0.0,15.0,15.204,1843,16,0,0,0.998,0,0,0,0,0,0
exact,CSDVRP-S-n6-s4,S,6,4,base,DRL-VNS,4,5,5,307.3738,316.7228,305.135,2.2389,0.0,5.0,5.132,8100,3,0,0,0.906,0,0,0,0,0,0
case,CSDVRP-CS-Riyadh,case,30,0,base,DRL-VNS,7,3,30,420.8407,711.0291,415.2538,5.5869,0.0,30.0,30.572,11637,4,0,0,0.982,0,0,0,0,0,0
main,CSDVRP-M-n50-s5,M,50,5,base,DRL-VNS,0,1,15,1606.5785,1904.3598,1597.9554,8.6231,0.0,15.0,15.08,1862,15,0,0,0.995,0,0,0,0,0,0
exact,CSDVRP-S-n8-s2,S,8,2,base,Fixed-small,8,,5,344.8888,398.3755,342.4078,2.481,0.0,5.0,5.07,20171,3,0,0,0.8753,0,0,0,0,0,0
main,CSDVRP-L-n75-s5,L,75,5,base,Random-9,6,,25,2096.5728,2327.4464,2089.3953,7.1775,0.0,25.016,25.661,1261,23,0,0,0.9992,0,0,0,0,0,0
exact,CSDVRP-S-n12-s4,S,12,4,base,Roulette-9,4,,5,487.5063,536.3904,484.4937,3.0126,0.0,5.0,5.274,11742,4,0,0,0.9867,0,0,0,0,0,0
main,CSDVRP-L-n100-s2,L,100,2,base,Random-9,6,,35,2821.8034,3167.7225,2809.1501,12.6533,0.0,35.0,35.604,731,30,0,0,0.9976,0,0,0,0,0,0
exact,CSDVRP-S-n10-s5,S,10,5,base,Roulette-9,3,,5,454.5993,485.8354,450.6688,3.9305,0.0,5.0,5.031,13249,3,0,0,0.956,0,0,0,0,0,0
exact,CSDVRP-S-n8-s2,S,8,2,base,VNS,6,,5,344.8888,398.3755,342.4078,2.481,0.0,5.0,5.03,15718,3,0,0,0.8753,0,0,0,0,0,0
main,CSDVRP-M-n30-s1,M,30,1,base,Random-9,8,,10,1031.4688,1231.1888,1027.1043,4.3646,0.0,10.0,10.17,3776,10,0,0,0.98,0,0,0,0,0,0
main,CSDVRP-M-n30-s0,M,30,0,base,DRL-ALNS,3,4,10,1129.509,1303.6377,1124.9339,4.5751,0.0,10.0,10.232,3501,12,0,0,0.9845,0,0,0,0,0,0
exact,CSDVRP-S-n12-s4,S,12,4,base,Random-9,5,,5,487.5063,536.3904,484.4937,3.0126,0.0,5.0,5.091,12589,4,0,0,0.9867,0,0,0,0,0,0
exact,CSDVRP-S-n8-s2,S,8,2,base,DRL-VNS,2,3,5,344.8888,398.3755,342.4078,2.481,0.0,5.0,5.341,8396,3,0,0,0.8753,0,0,0,0,0,0
main,CSDVRP-S-n20-s1,S,20,1,base,Fixed-small,3,,6,809.0048,908.0268,789.1391,4.8657,15.0,6.0,6.109,8095,7,1,1,1.0,0,0,0,0,0,0
exact,CSDVRP-S-n12-s3,S,12,3,base,ALNS+,0,,5,522.4878,589.3086,503.6872,3.8005,15.0,5.0,5.046,13016,4,1,1,1.0,0,0,0,0,0,0
main,CSDVRP-S-n15-s4,S,15,4,base,Marginal-9,9,5,5,585.7427,624.2332,582.2908,3.4519,0.0,5.0,5.06,7676,6,0,0,0.9347,0,0,0,0,0,0
main,CSDVRP-M-n50-s2,M,50,2,base,Fixed-small,6,,15,1467.8485,1677.4231,1462.0673,5.7812,0.0,15.0,15.185,2953,16,0,0,0.9985,0,0,0,0,0,0
main,CSDVRP-XL-n150-s4,XL,150,4,base,DRL-VNS,4,5,50,4006.0399,4802.2805,3856.4192,14.6207,135.0,50.047,50.783,1589,45,5,9,1.0,0,0,0,0,0,0
main,CSDVRP-L-n75-s2,L,75,2,base,Marginal-9,4,5,25,2093.8632,2442.0216,2068.5051,10.3581,15.0,25.016,25.304,1183,22,1,1,1.0,0,0,0,0,0,0
main,CSDVRP-XL-n150-s2,XL,150,2,base,Roulette-9,4,,50,4025.8373,4545.4892,4010.9362,14.9011,0.0,50.0,50.854,1807,46,0,0,1.0,0,0,0,0,0,0
main,CSDVRP-L-n75-s3,L,75,3,base,Random-9,6,,25,2087.5574,2332.9982,2066.9683,5.5892,15.0,25.0,25.368,1230,24,1,1,1.0,0,0,0,0,0,0
main,CSDVRP-L-n75-s5,L,75,5,base,Random-9,9,,25,2074.3056,2327.4464,2066.2991,8.0065,0.0,25.0,25.425,1374,22,0,0,0.9864,0,0,0,0,0,0
main,CSDVRP-S-n15-s1,S,15,1,base,Marginal-9,4,5,5,590.7648,675.8866,586.7939,3.9709,0.0,5.0,5.033,7191,5,0,0,0.9987,0,0,0,0,0,0
exact,CSDVRP-S-n6-s3,S,6,3,base,ALNS+,5,,5,230.2731,253.5784,228.5871,1.686,0.0,5.0,5.028,29472,2,0,0,0.9873,0,0,0,0,0,0
main,CSDVRP-M-n30-s0,M,30,0,base,Fixed-small,6,,10,1110.5726,1303.6377,1091.4559,4.1166,15.0,10.0,10.173,5006,11,1,1,0.997,0,0,0,0,0,0
exact,CSDVRP-S-n10-s4,S,10,4,base,VNS,7,,5,387.4582,460.8567,384.9244,2.5338,0.0,5.0,5.26,16157,3,0,0,0.98,0,0,0,0,0,0
main,CSDVRP-L-n75-s1,L,75,1,base,Random-9,8,,25,2104.8468,2408.8056,2051.8214,8.0254,45.0,25.016,25.411,1117,23,2,3,1.0,0,0,0,0,0,0
exact,CSDVRP-S-n12-s5,S,12,5,base,DRL-ALNS,0,1,5,521.0601,535.5205,517.6832,3.3769,0.0,5.0,5.055,5420,4,0,0,0.978,0,0,0,0,0,0
exact,CSDVRP-S-n6-s4,S,6,4,base,VNS,3,,5,307.1905,316.7228,305.135,2.0555,0.0,5.0,5.075,20580,3,0,0,0.906,0,0,0,0,0,0
exact,CSDVRP-S-n6-s1,S,6,1,base,ALNS+,7,,5,341.7876,362.2464,340.1093,1.6783,0.0,5.0,5.046,23544,3,0,0,0.926,0,0,0,0,0,0
main,CSDVRP-S-n20-s2,S,20,2,base,VNS,1,,6,670.121,732.8183,667.0092,3.1118,0.0,6.0,6.063,4146,7,0,0,0.9933,0,0,0,0,0,0
exact,CSDVRP-S-n8-s2,S,8,2,base,Roulette-9,2,,5,344.8888,398.3755,342.4078,2.481,0.0,5.0,5.059,18253,3,0,0,0.8753,0,0,0,0,0,0
exact,CSDVRP-S-n8-s4,S,8,4,base,DRL-VNS,8,4,5,359.1905,397.2233,357.0731,2.1174,0.0,5.0,4.998,7742,3,0,0,0.8793,0,0,0,0,0,0
exact,CSDVRP-S-n6-s3,S,6,3,base,Marginal-9,6,2,5,230.2731,253.5784,228.5871,1.686,0.0,5.0,5.059,31089,2,0,0,0.9873,0,0,0,0,0,0
exact,CSDVRP-S-n6-s3,S,6,3,base,DRL-ALNS,1,2,5,230.2731,253.5784,228.5871,1.686,0.0,5.0,5.094,8456,2,0,0,0.9873,0,0,0,0,0,0
main,CSDVRP-S-n15-s0,S,15,0,base,VNS-9,7,,5,622.621,666.3141,603.3505,4.2704,15.0,5.0,5.029,7674,5,1,1,1.0,0,0,0,0,0,0
main,CSDVRP-L-n100-s3,L,100,3,base,ALNS+,9,,35,2842.9006,3095.0715,2831.8492,11.0514,0.0,35.016,36.523,592,35,0,0,0.988,0,0,0,0,0,0
main,CSDVRP-M-n30-s2,M,30,2,base,Fixed-small,7,,10,951.8099,1162.4183,918.4178,3.3921,30.0,10.0,10.316,5218,10,2,2,1.0,0,0,0,0,0,0
exact,CSDVRP-S-n10-s4,S,10,4,base,Random-9,6,,5,387.4582,460.8567,384.9244,2.5338,0.0,5.0,5.248,17253,3,0,0,0.98,0,0,0,0,0,0
exact,CSDVRP-S-n8-s2,S,8,2,base,DRL-VNS,1,2,5,344.8888,398.3755,342.4078,2.481,0.0,5.0,5.56,7647,3,0,0,0.8753,0,0,0,0,0,0
main,CSDVRP-S-n15-s1,S,15,1,base,DRL-VNS,1,2,5,599.4153,675.8866,596.1341,3.2813,0.0,5.0,5.356,4319,6,0,0,0.9,0,0,0,0,0,0
main,CSDVRP-S-n15-s1,S,15,1,base,Fixed-small,9,,5,599.6997,675.8866,596.1341,3.5656,0.0,5.0,5.281,7981,6,0,0,0.9,0,0,0,0,0,0
main,CSDVRP-L-n100-s5,L,100,5,base,ALNS+,8,,35,2856.6089,3154.3549,2661.9599,14.649,180.0,35.047,36.632,597,31,6,12,1.0,0,0,0,0,0,0
main,CSDVRP-S-n20-s5,S,20,5,base,Roulette-9,8,,6,763.1659,865.7,758.6853,4.4806,0.0,6.0,6.27,5801,7,0,0,0.9947,0,0,0,0,0,0
main,CSDVRP-M-n50-s3,M,50,3,base,VNS,2,,15,1410.6104,1746.7745,1390.1385,5.4719,15.0,15.0,15.834,3093,15,1,1,1.0,0,0,0,0,0,0
main,CSDVRP-S-n15-s0,S,15,0,base,Marginal-9,2,3,5,606.5233,666.3141,602.2712,4.2521,0.0,5.0,5.254,7976,5,0,0,0.9927,0,0,0,0,0,0
exact,CSDVRP-S-n8-s2,S,8,2,base,VNS-9,4,,5,344.8888,398.3755,342.4078,2.481,0.0,5.0,5.248,18509,3,0,0,0.8753,0,0,0,0,0,0
exact,CSDVRP-S-n12-s3,S,12,3,base,VNS-9,8,,5,522.4878,589.3086,503.6872,3.8005,15.0,5.0,5.202,12894,4,1,1,1.0,0,0,0,0,0,0
main,CSDVRP-S-n15-s2,S,15,2,base,VNS-9,4,,5,604.4369,645.109,602.0225,2.4144,0.0,5.0,5.122,7879,6,0,0,0.9953,0,0,0,0,0,0
main,CSDVRP-S-n20-s1,S,20,1,base,VNS-9,5,,6,808.7667,908.0268,789.1391,4.6276,15.0,6.0,6.128,5610,7,1,1,1.0,0,0,0,0,0,0
main,CSDVRP-S-n15-s1,S,15,1,base,Random-9,2,,5,590.7648,675.8866,586.7939,3.9709,0.0,5.0,5.073,7908,5,0,0,0.9987,0,0,0,0,0,0
main,CSDVRP-S-n20-s0,S,20,0,base,DRL-ALNS,8,4,6,756.2207,835.2978,752.4896,3.7311,0.0,6.0,6.234,4602,7,0,0,0.9987,0,0,0,0,0,0
main,CSDVRP-S-n15-s3,S,15,3,base,Random-9,9,,5,601.7995,692.2972,597.8561,3.9435,0.0,5.0,5.029,10577,6,0,0,0.998,0,0,0,0,0,0
main,CSDVRP-S-n15-s1,S,15,1,base,VNS,2,,5,590.7648,675.8866,586.7939,3.9709,0.0,5.0,5.013,7530,5,0,0,0.9987,0,0,0,0,0,0
main,CSDVRP-L-n100-s5,L,100,5,base,DRL-VNS,6,2,35,2561.3296,3154.3549,2549.0222,12.3074,0.0,35.047,35.256,998,30,0,0,0.9992,0,0,0,0,0,0
exact,CSDVRP-S-n12-s5,S,12,5,base,VNS-9,2,,5,521.0601,535.5205,517.6832,3.3769,0.0,5.0,5.005,12979,4,0,0,0.978,0,0,0,0,0,0
exact,CSDVRP-S-n10-s1,S,10,1,base,Marginal-9,7,3,5,394.7924,479.2322,392.2685,2.5239,0.0,5.0,5.03,12045,4,0,0,0.9253,0,0,0,0,0,0
exact,CSDVRP-S-n10-s5,S,10,5,base,DRL-VNS,8,4,5,454.5993,485.8354,450.6688,3.9305,0.0,5.0,5.015,8270,3,0,0,0.956,0,0,0,0,0,0
main,CSDVRP-S-n15-s1,S,15,1,base,Fixed-small,3,,5,599.6997,675.8866,596.1341,3.5656,0.0,5.0,5.013,9609,6,0,0,0.9,0,0,0,0,0,0
exact,CSDVRP-S-n6-s3,S,6,3,base,Random-9,7,,5,230.2731,253.5784,228.5871,1.686,0.0,5.0,5.077,39280,2,0,0,0.9873,0,0,0,0,0,0
exact,CSDVRP-S-n6-s3,S,6,3,base,DRL-ALNS,4,5,5,230.2731,253.5784,228.5871,1.686,0.0,5.0,5.078,9885,2,0,0,0.9873,0,0,0,0,0,0
main,CSDVRP-XL-n150-s2,XL,150,2,base,ALNS+,6,,50,4062.4075,4545.4892,4046.1171,16.2903,0.0,50.0,50.387,856,46,0,0,1.0,0,0,0,0,0,0
main,CSDVRP-M-n30-s0,M,30,0,base,DRL-ALNS,5,1,10,1094.1753,1303.6377,1088.8964,5.279,0.0,10.0,10.078,3738,11,0,0,0.997,0,0,0,0,0,0
main,CSDVRP-S-n20-s1,S,20,1,base,DRL-ALNS,4,5,6,818.5719,908.0268,783.941,4.6309,30.0,6.0,6.031,4375,7,2,2,1.0,0,0,0,0,0,0
exact,CSDVRP-S-n8-s1,S,8,1,base,Fixed-small,3,,5,357.4079,376.3954,340.1754,2.2325,15.0,5.0,5.045,24887,3,1,1,1.0,0,0,0,0,0,0
exact,CSDVRP-S-n10-s3,S,10,3,base,DRL-VNS,1,2,5,398.3934,456.2198,394.9219,3.4715,0.0,5.0,5.107,8925,3,0,0,0.9427,0,0,0,0,0,0
main,CSDVRP-M-n30-s4,M,30,4,base,VNS,0,,10,926.1273,1151.8487,921.3091,4.8182,0.0,10.0,10.14,4930,10,0,0,0.99,0,0,0,0,0,0
main,CSDVRP-S-n15-s1,S,15,1,base,Fixed-small,6,,5,600.6762,675.8866,597.4673,3.209,0.0,5.0,5.09,9423,6,0,0,0.9,0,0,0,0,0,0
main,CSDVRP-M-n50-s3,M,50,3,base,Marginal-9,7,3,15,1411.8825,1746.7745,1390.8285,6.054,15.0,15.0,15.079,2670,15,1,1,1.0,0,0,0,0,0,0
main,CSDVRP-M-n30-s4,M,30,4,base,Fixed-small,8,,10,946.5182,1151.8487,942.7083,3.8099,0.0,10.0,10.137,6667,10,0,0,0.994,0,0,0,0,0,0
main,CSDVRP-L-n75-s4,L,75,4,base,DRL-VNS,4,5,25,2201.5487,2460.454,2194.5079,7.0408,0.0,25.0,25.195,1247,24,0,0,0.998,0,0,0,0,0,0
main,CSDVRP-XL-n150-s5,XL,150,5,base,ALNS+,1,,50,4035.2858,4291.4727,4015.2536,20.0322,0.0,50.047,50.541,885,45,0,0,0.9997,0,0,0,0,0,0
exact,CSDVRP-S-n10-s5,S,10,5,base,Marginal-9,1,2,5,454.5993,485.8354,450.6688,3.9305,0.0,5.0,5.008,16807,3,0,0,0.956,0,0,0,0,0,0
main,CSDVRP-L-n100-s1,L,100,1,base,Marginal-9,9,5,35,2676.8734,3146.4881,2663.5163,13.3572,0.0,35.016,35.377,984,29,0,0,0.9996,0,0,0,0,0,0
exact,CSDVRP-S-n12-s2,S,12,2,base,Random-9,5,,5,460.175,518.4642,458.0808,2.0942,0.0,5.0,5.025,18116,4,0,0,0.998,0,0,0,0,0,0
main,CSDVRP-S-n15-s5,S,15,5,base,Random-9,2,,5,666.5148,800.4223,662.7682,3.7467,0.0,5.0,5.03,11816,5,0,0,0.9993,0,0,0,0,0,0
main,CSDVRP-L-n75-s3,L,75,3,base,VNS-9,2,,25,2115.0771,2332.9982,2064.4952,5.5819,45.0,25.0,25.188,1552,23,2,3,1.0,0,0,0,0,0,0
case,CSDVRP-CS-Riyadh,case,30,0,base,Roulette-9,2,,30,416.3117,711.0291,411.6246,4.6871,0.0,30.0,30.417,18637,4,0,0,0.986,0,0,0,0,0,0
exact,CSDVRP-S-n6-s2,S,6,2,base,DRL-VNS,1,2,5,330.7872,334.9047,328.2873,2.4999,0.0,5.0,5.105,9209,3,0,0,0.8567,0,0,0,0,0,0
exact,CSDVRP-S-n10-s1,S,10,1,base,Roulette-9,6,,5,394.7924,479.2322,392.2685,2.5239,0.0,5.0,5.531,11767,4,0,0,0.9253,0,0,0,0,0,0
main,CSDVRP-M-n50-s3,M,50,3,base,Roulette-9,1,,15,1411.3258,1746.7745,1390.8285,5.4973,15.0,15.0,16.625,2586,15,1,1,1.0,0,0,0,0,0,0
main,CSDVRP-L-n75-s1,L,75,1,base,Roulette-9,5,,25,2107.4066,2408.8056,2055.6554,6.7512,45.0,25.0,26.173,1574,23,2,3,1.0,0,0,0,0,0,0
main,CSDVRP-M-n30-s5,M,30,5,base,VNS-9,9,,10,1123.6249,1247.2838,1118.3425,5.2824,0.0,10.0,10.54,4642,10,0,0,0.9895,0,0,0,0,0,0
main,CSDVRP-M-n50-s3,M,50,3,base,VNS,8,,15,1398.8912,1746.7745,1392.5811,6.3101,0.0,15.0,15.231,3499,15,0,0,0.994,0,0,0,0,0,0
exact,CSDVRP-S-n6-s3,S,6,3,base,DRL-VNS,8,4,5,230.2731,253.5784,228.5871,1.686,0.0,5.0,5.014,9682,2,0,0,0.9873,0,0,0,0,0,0
main,CSDVRP-L-n100-s2,L,100,2,base,Random-9,3,,35,2801.3634,3167.7225,2788.6352,12.7282,0.0,35.031,36.91,873,30,0,0,0.9968,0,0,0,0,0,0
exact,CSDVRP-S-n12-s2,S,12,2,base,DRL-VNS,2,3,5,460.175,518.4642,458.0808,2.0942,0.0,5.0,5.427,7250,4,0,0,0.998,0,0,0,0,0,0
main,CSDVRP-L-n75-s3,L,75,3,base,Fixed-small,6,,25,2071.5346,2332.9982,2051.8031,4.7315,15.0,25.0,25.496,2288,23,1,1,1.0,0,0,0,0,0,0
main,CSDVRP-L-n75-s1,L,75,1,base,Fixed-small,4,,25,2094.9243,2408.8056,2043.5069,6.4174,45.0,25.0,26.019,2218,23,2,3,1.0,0,0,0,0,0,0
main,CSDVRP-M-n50-s3,M,50,3,base,Random-9,4,,15,1398.7831,1746.7745,1392.5811,6.202,0.0,15.0,15.814,2204,15,0,0,0.994,0,0,0,0,0,0
main,CSDVRP-L-n100-s1,L,100,1,base,Random-9,6,,35,2743.2395,3146.4881,2642.7201,10.5194,90.0,35.0,36.206,900,29,6,6,1.0,0,0,0,0,0,0
