suite,instance,size_class,n,inst_seed,config,method,run,policy_seed,budget_s,Z_best,Z_init,routing,emission,split,cpu_s,wall_s,iters,routes,split_customers,extra_visits,max_util,demand_viol,cap_viol,n1_viol,n2_viol,dup_visit_viol,zero_qty_stops
family18,CSDVRP-M-n30-s2,M,30,2,base,VNS-18,9,,10,945.6669,1162.4183,941.8287,3.8382,0.0,10.0,10.228,3056,10,0,0,0.9865,0,0,0,0,0,0
family18,CSDVRP-L-n75-s2,L,75,2,base,Marginal-18,4,5,25,2102.884,2442.0216,2093.5115,9.3725,0.0,25.0,26.027,1089,22,0,0,0.9988,0,0,0,0,0,0
family18,CSDVRP-L-n75-s4,L,75,4,base,Fixed-dominant,4,,25,2206.4994,2460.454,2197.5356,8.9637,0.0,25.0,25.438,1015,24,0,0,0.9996,0,0,0,0,0,0
family18,CSDVRP-S-n10-s4,S,10,4,base,VNS-18,8,,5,387.4582,460.8567,384.9244,2.5338,0.0,5.0,5.138,14602,3,0,0,0.98,0,0,0,0,0,0
family18,CSDVRP-M-n50-s3,M,50,3,base,VNS-18,0,,15,1398.7831,1746.7745,1392.5811,6.202,0.0,15.0,15.89,1766,15,0,0,0.994,0,0,0,0,0,0
family18,CSDVRP-M-n30-s3,M,30,3,base,Marginal-18,6,2,10,969.1696,1099.7766,965.9069,3.2627,0.0,10.0,10.578,3956,10,0,0,0.988,0,0,0,0,0,0
family18,CSDVRP-S-n15-s0,S,15,0,base,Marginal-18,0,1,5,606.5233,666.3141,602.2712,4.2521,0.0,5.0,5.354,6736,5,0,0,0.9927,0,0,0,0,0,0
family18,CSDVRP-M-n30-s3,M,30,3,base,Fixed-dominant,3,,10,972.433,1099.7766,968.1897,4.2432,0.0,10.0,10.372,4132,10,0,0,0.9975,0,0,0,0,0,0
family18,CSDVRP-M-n50-s1,M,50,1,base,Random-18,1,,15,1553.5033,1718.5004,1503.0459,5.4575,45.0,15.0,15.419,1693,15,3,3,1.0,0,0,0,0,0,0
family18,CSDVRP-S-n20-s3,S,20,3,base,VNS-18,3,,6,730.1927,797.0264,696.4671,3.7256,30.0,6.0,6.155,4684,7,2,2,1.0,0,0,0,0,0,0
family18,CSDVRP-S-n8-s2,S,8,2,base,Marginal-18,8,4,5,344.8888,398.3755,342.4078,2.481,0.0,5.0,5.185,15601,3,0,0,0.8753,0,0,0,0,0,0
family18,CSDVRP-S-n20-s0,S,20,0,base,Marginal-18,7,3,6,756.2207,835.2978,752.4896,3.7311,0.0,6.0,6.091,4397,7,0,0,0.9987,0,0,0,0,0,0
family18,CSDVRP-M-n30-s3,M,30,3,base,Marginal-18,3,4,10,969.1696,1099.7766,965.9069,3.2627,0.0,10.0,10.312,3914,10,0,0,0.988,0,0,0,0,0,0
family18,CSDVRP-L-n100-s4,L,100,4,base,Marginal-18,2,3,35,2934.5032,3371.4529,2920.0158,14.4874,0.0,35.094,35.147,632,31,0,0,0.9904,0,0,0,0,0,0
family18,CSDVRP-S-n15-s0,S,15,0,base,DRL-VNS18,3,4,5,622.621,666.3141,603.3505,4.2704,15.0,5.0,4.993,4237,5,1,1,1.0,0,0,0,0,0,0
family18,CSDVRP-XL-n150-s2,XL,150,2,base,Roulette-18,0,,50,4019.5012,4545.4892,3957.933,16.5682,45.0,50.031,50.279,925,45,2,3,1.0,0,0,0,0,0,0
family18,CSDVRP-L-n100-s4,L,100,4,base,Random-18,0,,35,2929.5984,3371.4529,2917.166,12.4325,0.0,35.016,35.155,631,31,0,0,0.9888,0,0,0,0,0,0
family18,CSDVRP-S-n6-s2,S,6,2,base,Roulette-18,8,,5,330.7872,334.9047,328.2873,2.4999,0.0,5.0,4.994,16694,3,0,0,0.8567,0,0,0,0,0,0
family18,CSDVRP-S-n6-s1,S,6,1,base,VNS-18,1,,5,341.7876,362.2464,340.1093,1.6783,0.0,5.0,5.061,21596,3,0,0,0.926,0,0,0,0,0,0
family18,CSDVRP-S-n20-s4,S,20,4,base,Roulette-18,4,,6,719.4697,798.0501,715.5041,3.9656,0.0,6.0,5.997,4679,7,0,0,0.986,0,0,0,0,0,0
family18,CSDVRP-M-n50-s1,M,50,1,base,Marginal-18,9,5,15,1498.2638,1718.5004,1476.7482,6.5156,15.0,15.0,15.03,1897,15,1,1,1.0,0,0,0,0,0,0
family18,CSDVRP-S-n20-s1,S,20,1,base,VNS-18,4,,6,808.7667,908.0268,789.1391,4.6276,15.0,6.0,6.013,4734,7,1,1,1.0,0,0,0,0,0,0
family18,CSDVRP-S-n10-s4,S,10,4,base,Roulette-18,5,,5,387.4582,460.8567,384.9244,2.5338,0.0,5.0,4.996,14188,3,0,0,0.98,0,0,0,0,0,0
family18,CSDVRP-CS-Riyadh,case,30,0,base,Fixed-dominant,9,,30,421.6163,711.0291,415.416,6.2003,0.0,30.0,30.119,14745,4,0,0,0.982,0,0,0,0,0,0
family18,CSDVRP-S-n6-s5,S,6,5,base,Marginal-18,9,5,5,347.3173,347.7063,345.0582,2.2591,0.0,5.0,5.027,21320,3,0,0,0.9907,0,0,0,0,0,0
family18,CSDVRP-S-n15-s3,S,15,3,base,Fixed-dominant,7,,5,619.4716,692.2972,584.8415,4.6301,30.0,5.0,5.06,8351,5,1,2,1.0,0,0,0,0,0,0
family18,CSDVRP-S-n15-s4,S,15,4,base,VNS-18,1,,5,585.7427,624.2332,582.2908,3.4519,0.0,5.0,4.999,6867,6,0,0,0.9347,0,0,0,0,0,0
family18,CSDVRP-S-n15-s5,S,15,5,base,Marginal-18,3,4,5,666.5148,800.4223,662.7682,3.7467,0.0,5.0,5.013,8006,5,0,0,0.9993,0,0,0,0,0,0
family18,CSDVRP-S-n15-s4,S,15,4,base,Random-18,2,,5,585.7427,624.2332,582.2908,3.4519,0.0,5.0,4.999,6736,6,0,0,0.9347,0,0,0,0,0,0
family18,CSDVRP-S-n15-s2,S,15,2,base,Marginal-18,3,4,5,604.4369,645.109,602.0225,2.4144,0.0,5.0,5.043,6213,6,0,0,0.9953,0,0,0,0,0,0
family18,CSDVRP-L-n100-s1,L,100,1,base,Marginal-18,9,5,35,2666.8384,3146.4881,2640.3193,11.5191,15.0,35.0,35.181,674,29,1,1,0.9996,0,0,0,0,0,0
family18,CSDVRP-S-n12-s5,S,12,5,base,Fixed-dominant,7,,5,521.0601,535.5205,517.6832,3.3769,0.0,5.0,4.988,10111,4,0,0,0.978,0,0,0,0,0,0
family18,CSDVRP-M-n50-s2,M,50,2,base,Random-18,1,,15,1489.6707,1677.4231,1467.41,7.2607,15.0,15.0,15.016,1789,16,1,1,1.0,0,0,0,0,0,0
family18,CSDVRP-S-n8-s3,S,8,3,base,DRL-VNS18,8,4,5,339.8466,351.7127,337.5902,2.2564,0.0,5.0,5.023,6648,3,0,0,0.9567,0,0,0,0,0,0
family18,CSDVRP-L-n100-s3,L,100,3,base,Roulette-18,4,,35,2726.4025,3095.0715,2716.0941,10.3084,0.0,35.016,35.079,715,31,0,0,0.9992,0,0,0,0,0,0
family18,CSDVRP-S-n10-s4,S,10,4,base,Random-18,7,,5,387.4582,460.8567,384.9244,2.5338,0.0,5.0,5.042,14985,3,0,0,0.98,0,0,0,0,0,0
family18,CSDVRP-S-n10-s5,S,10,5,base,Random-18,6,,5,454.5993,485.8354,450.6688,3.9305,0.0,5.0,5.014,11545,3,0,0,0.956,0,0,0,0,0,0
family18,CSDVRP-XL-n150-s3,XL,150,3,base,Fixed-dominant,2,,50,3840.6942,4237.9876,3823.1653,17.5289,0.0,50.016,50.225,1198,44,0,0,0.9993,0,0,0,0,0,0
family18,CSDVRP-S-n8-s3,S,8,3,base,Marginal-18,6,2,5,339.8466,351.7127,337.5902,2.2564,0.0,5.0,5.02,15582,3,0,0,0.9567,0,0,0,0,0,0
family18,CSDVRP-S-n10-s2,S,10,2,base,VNS-18,3,,5,391.6922,436.4179,389.0812,2.6111,0.0,5.0,5.029,16101,3,0,0,0.9787,0,0,0,0,0,0
family18,CSDVRP-L-n100-s4,L,100,4,base,Roulette-18,2,,35,2941.1746,3371.4529,2913.92,12.2546,15.0,35.016,35.159,675,31,1,1,1.0,0,0,0,0,0,0
family18,CSDVRP-M-n30-s5,M,30,5,base,Random-18,2,,10,1128.6575,1247.2838,1123.3823,5.2752,0.0,10.0,10.025,3981,10,0,0,0.9905,0,0,0,0,0,0
family18,CSDVRP-L-n100-s1,L,100,1,base,VNS-18,3,,35,2664.3951,3146.4881,2638.0121,11.383,15.0,35.062,35.22,683,29,1,1,1.0,0,0,0,0,0,0
family18,CSDVRP-L-n100-s4,L,100,4,base,Fixed-dominant,5,,35,2948.7838,3371.4529,2935.7865,12.9972,0.0,35.0,35.138,763,31,0,0,0.9952,0,0,0,0,0,0
family18,CSDVRP-S-n8-s2,S,8,2,base,Roulette-18,7,,5,344.8888,398.3755,342.4078,2.481,0.0,5.0,4.991,15523,3,0,0,0.8753,0,0,0,0,0,0
family18,CSDVRP-S-n12-s4,S,12,4,base,DRL-VNS18,3,4,5,487.5063,536.3904,484.4937,3.0126,0.0,5.0,5.013,5413,4,0,0,0.9867,0,0,0,0,0,0
family18,CSDVRP-M-n30-s3,M,30,3,base,Fixed-dominant,4,,10,982.402,1099.7766,963.276,4.1261,15.0,10.0,10.015,3971,10,1,1,1.0,0,0,0,0,0,0
family18,CSDVRP-S-n20-s5,S,20,5,base,Random-18,0,,6,763.1659,865.7,758.6853,4.4806,0.0,6.0,6.029,5207,7,0,0,0.9947,0,0,0,0,0,0
family18,CSDVRP-XL-n150-s4,XL,150,4,base,Random-18,6,,50,3847.821,4802.2805,3832.1323,15.6887,0.0,50.016,50.284,815,46,0,0,0.9983,0,0,0,0,0,0
family18,CSDVRP-XL-n150-s4,XL,150,4,base,Roulette-18,8,,50,3968.4006,4802.2805,3892.474,15.9266,60.0,50.047,50.337,882,45,2,4,1.0,0,0,0,0,0,0
family18,CSDVRP-L-n100-s5,L,100,5,base,DRL-VNS18,8,4,35,2599.6132,3154.3549,2571.4059,13.2073,15.0,35.016,35.173,721,30,1,1,1.0,0,0,0,0,0,0
family18,CSDVRP-S-n15-s2,S,15,2,base,Fixed-dominant,4,,5,605.0439,645.109,602.0225,3.0214,0.0,5.0,5.037,6967,6,0,0,0.9953,0,0,0,0,0,0
family18,CSDVRP-S-n10-s5,S,10,5,base,Random-18,7,,5,454.5993,485.8354,450.6688,3.9305,0.0,5.0,5.014,11658,3,0,0,0.956,0,0,0,0,0,0
family18,CSDVRP-S-n8-s1,S,8,1,base,Marginal-18,1,2,5,335.8429,376.3954,333.6723,2.1706,0.0,5.0,5.014,16587,3,0,0,0.9073,0,0,0,0,0,0
family18,CSDVRP-S-n15-s0,S,15,0,base,VNS-18,0,,5,606.5233,666.3141,602.2712,4.2521,0.0,5.0,4.997,7116,5,0,0,0.9927,0,0,0,0,0,0
family18,CSDVRP-M-n50-s1,M,50,1,base,Roulette-18,4,,15,1498.3001,1718.5004,1476.7482,6.5519,15.0,15.016,15.063,1782,15,1,1,1.0,0,0,0,0,0,0
family18,CSDVRP-S-n20-s2,S,20,2,base,VNS-18,2,,6,670.121,732.8183,667.0092,3.1118,0.0,6.0,6.028,4628,7,0,0,0.9933,0,0,0,0,0,0
family18,CSDVRP-S-n15-s4,S,15,4,base,Random-18,6,,5,585.7427,624.2332,582.2908,3.4519,0.0,5.0,5.043,6939,6,0,0,0.9347,0,0,0,0,0,0
family18,CSDVRP-L-n75-s2,L,75,2,base,Marginal-18,5,1,25,2150.7924,2442.0216,2082.5847,8.2077,60.0,25.016,25.141,1106,22,4,4,1.0,0,0,0,0,0,0
family18,CSDVRP-S-n12-s3,S,12,3,base,DRL-VNS18,9,5,5,522.495,589.3086,503.6872,3.8078,15.0,5.0,5.004,5498,4,1,1,0.982,0,0,0,0,0,0
family18,CSDVRP-M-n30-s5,M,30,5,base,Fixed-dominant,5,,10,1130.6418,1247.2838,1123.3845,7.2574,0.0,10.0,10.049,4141,10,0,0,0.9905,0,0,0,0,0,0
family18,CSDVRP-S-n8-s3,S,8,3,base,DRL-VNS18,4,5,5,339.8466,351.7127,337.5902,2.2564,0.0,5.0,5.024,6684,3,0,0,0.9567,0,0,0,0,0,0
family18,CSDVRP-XL-n150-s3,XL,150,3,base,VNS-18,5,,50,3814.615,4237.9876,3797.4217,17.1934,0.0,50.0,50.211,931,43,0,0,0.9983,0,0,0,0,0,0
family18,CSDVRP-S-n10-s2,S,10,2,base,Random-18,1,,5,391.6922,436.4179,389.0812,2.6111,0.0,5.0,5.001,15845,3,0,0,0.9787,0,0,0,0,0,0
family18,CSDVRP-S-n10-s1,S,10,1,base,Roulette-18,4,,5,394.7924,479.2322,392.2685,2.5239,0.0,5.0,4.998,9258,4,0,0,0.9253,0,0,0,0,0,0
family18,CSDVRP-L-n75-s0,L,75,0,base,Random-18,1,,25,2410.3305,2688.4285,2401.1797,9.1507,0.0,25.016,25.12,1081,24,0,0,0.9984,0,0,0,0,0,0
family18,CSDVRP-M-n30-s2,M,30,2,base,Roulette-18,9,,10,941.6665,1162.4183,938.3163,3.3502,0.0,10.0,10.001,3330,10,0,0,0.9865,0,0,0,0,0,0
family18,CSDVRP-S-n12-s1,S,12,1,base,Random-18,5,,5,527.1881,602.7068,508.3795,3.8086,15.0,5.0,5.029,9532,4,1,1,1.0,0,0,0,0,0,0
family18,CSDVRP-M-n30-s5,M,30,5,base,Random-18,3,,10,1128.6575,1247.2838,1123.3823,5.2752,0.0,10.0,10.014,4033,10,0,0,0.9905,0,0,0,0,0,0
family18,CSDVRP-S-n12-s1,S,12,1,base,Roulette-18,7,,5,511.4838,602.7068,507.9062,3.5776,0.0,5.0,5.012,9507,4,0,0,0.994,0,0,0,0,0,0
family18,CSDVRP-S-n15-s2,S,15,2,base,VNS-18,2,,5,604.4369,645.109,602.0225,2.4144,0.0,5.0,5.014,6215,6,0,0,0.9953,0,0,0,0,0,0
family18,CSDVRP-L-n100-s4,L,100,4,base,Fixed-dominant,4,,35,2941.7891,3371.4529,2925.9643,15.8247,0.0,35.0,35.238,782,31,0,0,1.0,0,0,0,0,0,0
family18,CSDVRP-S-n6-s2,S,6,2,base,VNS-18,5,,5,330.7872,334.9047,328.2873,2.4999,0.0,5.0,5.007,18598,3,0,0,0.8567,0,0,0,0,0,0
family18,CSDVRP-L-n100-s0,L,100,0,base,Roulette-18,1,,35,3192.9163,3458.8862,3028.4606,14.4557,150.0,35.094,35.183,649,30,5,10,1.0,0,0,0,0,0,0
family18,CSDVRP-L-n75-s0,L,75,0,base,Marginal-18,2,3,25,2408.8554,2688.4285,2401.1797,7.6757,0.0,25.0,25.1,1028,24,0,0,0.9984,0,0,0,0,0,0
family18,CSDVRP-M-n50-s0,M,50,0,base,Roulette-18,4,,15,1711.1567,1986.2853,1703.9689,7.1878,0.0,15.0,15.073,1955,16,0,0,0.9995,0,0,0,0,0,0
family18,CSDVRP-S-n15-s4,S,15,4,base,DRL-VNS18,1,2,5,585.7427,624.2332,582.2908,3.4519,0.0,5.0,5.004,4317,6,0,0,0.9347,0,0,0,0,0,0
family18,CSDVRP-L-n100-s0,L,100,0,base,DRL-VNS18,5,1,35,3066.4767,3458.8862,3052.7823,13.6945,0.0,35.0,35.119,621,31,0,0,0.996,0,0,0,0,0,0
family18,CSDVRP-S-n15-s3,S,15,3,base,VNS-18,2,,5,613.8579,692.2972,595.8443,3.0136,15.0,5.0,5.028,8680,5,1,1,1.0,0,0,0,0,0,0
family18,CSDVRP-S-n10-s1,S,10,1,base,Fixed-dominant,9,,5,424.9042,479.2322,407.3642,2.54,15.0,5.0,5.028,10152,4,1,1,1.0,0,0,0,0,0,0
family18,CSDVRP-L-n100-s1,L,100,1,base,Roulette-18,2,,35,2766.8221,3146.4881,2694.4724,12.3497,60.0,35.031,35.193,660,29,2,4,1.0,0,0,0,0,0,0
family18,CSDVRP-M-n30-s1,M,30,1,base,Marginal-18,4,5,10,1049.5075,1231.1888,1030.777,3.7305,15.0,10.0,10.068,3622,10,1,1,1.0,0,0,0,0,0,0
family18,CSDVRP-S-n15-s5,S,15,5,base,Random-18,1,,5,666.5148,800.4223,662.7682,3.7467,0.0,5.0,4.999,8046,5,0,0,0.9993,0,0,0,0,0,0
family18,CSDVRP-S-n12-s1,S,12,1,base,Roulette-18,9,,5,511.4838,602.7068,507.9062,3.5776,0.0,5.0,4.997,9446,4,0,0,0.994,0,0,0,0,0,0
family18,CSDVRP-S-n12-s3,S,12,3,base,DRL-VNS18,7,3,5,522.4878,589.3086,503.6872,3.8005,15.0,5.0,5.023,5492,4,1,1,1.0,0,0,0,0,0,0
family18,CSDVRP-S-n10-s2,S,10,2,base,Marginal-18,6,2,5,391.6922,436.4179,389.0812,2.6111,0.0,5.0,5.0,15443,3,0,0,0.9787,0,0,0,0,0,0
family18,CSDVRP-M-n50-s4,M,50,4,base,Roulette-18,0,,15,1650.6767,1919.2804,1643.9568,6.7199,0.0,15.0,15.043,1744,16,0,0,0.984,0,0,0,0,0,0
family18,CSDVRP-S-n15-s0,S,15,0,base,Random-18,3,,5,606.5233,666.3141,602.2712,4.2521,0.0,5.0,5.015,7107,5,0,0,0.9927,0,0,0,0,0,0
family18,CSDVRP-M-n30-s2,M,30,2,base,Marginal-18,7,3,10,942.2021,1162.4183,938.3163,3.8858,0.0,10.0,10.046,3350,10,0,0,0.9865,0,0,0,0,0,0
family18,CSDVRP-S-n10-s1,S,10,1,base,Roulette-18,1,,5,394.7924,479.2322,392.2685,2.5239,0.0,5.0,5.059,9317,4,0,0,0.9253,0,0,0,0,0,0
family18,CSDVRP-S-n8-s3,S,8,3,base,VNS-18,8,,5,339.8466,351.7127,337.5902,2.2564,0.0,5.0,5.027,16126,3,0,0,0.9567,0,0,0,0,0,0
family18,CSDVRP-S-n8-s1,S,8,1,base,Fixed-dominant,1,,5,335.8429,376.3954,333.6723,2.1706,0.0,5.0,5.045,17898,3,0,0,0.9073,0,0,0,0,0,0
family18,CSDVRP-M-n50-s1,M,50,1,base,Fixed-dominant,2,,15,1500.3157,1718.5004,1493.2879,7.0278,0.0,15.0,15.086,2013,15,0,0,0.9915,0,0,0,0,0,0
family18,CSDVRP-L-n100-s1,L,100,1,base,Roulette-18,6,,35,2712.2623,3146.4881,2640.987,11.2753,60.0,35.0,35.145,758,29,3,4,1.0,0,0,0,0,0,0
family18,CSDVRP-S-n8-s4,S,8,4,base,Roulette-18,0,,5,359.1905,397.2233,357.0731,2.1174,0.0,5.0,5.012,15069,3,0,0,0.8793,0,0,0,0,0,0
family18,CSDVRP-S-n15-s1,S,15,1,base,DRL-VNS18,9,5,5,599.4153,675.8866,596.1341,3.2813,0.0,5.0,5.045,3848,6,0,0,0.9,0,0,0,0,0,0
family18,CSDVRP-M-n30-s2,M,30,2,base,VNS-18,1,,10,941.0551,1162.4183,938.3163,2.7388,0.0,10.0,10.032,3349,10,0,0,0.9865,0,0,0,0,0,0
family18,CSDVRP-S-n10-s3,S,10,3,base,Roulette-18,2,,5,398.3934,456.2198,394.9219,3.4715,0.0,5.0,5.025,13198,3,0,0,0.9427,0,0,0,0,0,0
family18,CSDVRP-M-n50-s3,M,50,3,base,Random-18,4,,15,1436.6423,1746.7745,1399.9283,6.714,30.0,15.0,15.086,1793,15,1,2,1.0,0,0,0,0,0,0
family18,CSDVRP-XL-n150-s4,XL,150,4,base,Random-18,9,,50,3972.2574,4802.2805,3941.6482,15.6092,15.0,50.0,50.207,825,45,1,1,1.0,0,0,0,0,0,0
family18,CSDVRP-S-n12-s5,S,12,5,base,DRL-VNS18,3,4,5,521.0601,535.5205,517.6832,3.3769,0.0,5.0,5.009,5157,4,0,0,0.978,0,0,0,0,0,0
family18,CSDVRP-S-n8-s4,S,8,4,base,Roulette-18,3,,5,359.1905,397.2233,357.0731,2.1174,0.0,5.0,5.077,15365,3,0,0,0.8793,0,0,0,0,0,0
family18,CSDVRP-M-n30-s1,M,30,1,base,Random-18,1,,10,1031.4688,1231.1888,1027.1043,4.3646,0.0,10.0,10.029,3187,10,0,0,0.98,0,0,0,0,0,0
family18,CSDVRP-L-n100-s1,L,100,1,base,DRL-VNS18,4,5,35,2679.9007,3146.4881,2623.9608,10.9399,45.0,35.0,35.107,766,28,3,3,1.0,0,0,0,0,0,0
family18,CSDVRP-S-n8-s1,S,8,1,base,VNS-18,0,,5,335.8429,376.3954,333.6723,2.1706,0.0,5.0,5.011,17182,3,0,0,0.9073,0,0,0,0,0,0
family18,CSDVRP-S-n6-s5,S,6,5,base,Random-18,8,,5,347.3173,347.7063,345.0582,2.2591,0.0,5.0,5.014,22886,3,0,0,0.9907,0,0,0,0,0,0
family18,CSDVRP-S-n15-s0,S,15,0,base,Roulette-18,5,,5,606.5233,666.3141,602.2712,4.2521,0.0,5.0,5.014,6910,5,0,0,0.9927,0,0,0,0,0,0
family18,CSDVRP-L-n75-s5,L,75,5,base,Marginal-18,4,5,25,2099.666,2327.4464,2076.4475,8.2185,15.0,25.016,25.205,1207,22,1,1,1.0,0,0,0,0,0,0
family18,CSDVRP-L-n100-s4,L,100,4,base,VNS-18,9,,35,2963.3366,3371.4529,2906.2112,12.1254,45.0,35.0,35.114,698,31,2,3,1.0,0,0,0,0,0,0
family18,CSDVRP-S-n8-s1,S,8,1,base,VNS-18,9,,5,335.8429,376.3954,333.6723,2.1706,0.0,5.0,5.047,17312,3,0,0,0.9073,0,0,0,0,0,0
family18,CSDVRP-XL-n150-s0,XL,150,0,base,Roulette-18,9,,50,4347.0981,5021.4451,4300.5162,16.5819,30.0,50.0,50.246,912,46,1,2,1.0,0,0,0,0,0,0
family18,CSDVRP-S-n20-s5,S,20,5,base,Roulette-18,5,,6,763.1659,865.7,758.6853,4.4806,0.0,6.0,6.002,5028,7,0,0,0.9947,0,0,0,0,0,0
family18,CSDVRP-S-n6-s2,S,6,2,base,Marginal-18,0,1,5,330.2083,334.9047,328.2873,1.921,0.0,5.0,5.01,17920,3,0,0,0.8567,0,0,0,0,0,0
family18,CSDVRP-S-n12-s2,S,12,2,base,Fixed-dominant,4,,5,460.8355,518.4642,458.0808,2.7548,0.0,5.0,5.046,13637,4,0,0,0.998,0,0,0,0,0,0
family18,CSDVRP-S-n8-s2,S,8,2,base,Random-18,2,,5,344.8888,398.3755,342.4078,2.481,0.0,5.0,4.997,15901,3,0,0,0.8753,0,0,0,0,0,0
family18,CSDVRP-L-n75-s2,L,75,2,base,Roulette-18,9,,25,2111.1695,2442.0216,2101.7981,9.3715,0.0,25.0,25.06,1073,22,0,0,0.9932,0,0,0,0,0,0
family18,CSDVRP-L-n100-s3,L,100,3,base,Fixed-dominant,8,,35,2688.982,3095.0715,2677.2222,11.7598,0.0,35.0,35.1,735,31,0,0,1.0,0,0,0,0,0,0
family18,CSDVRP-M-n50-s4,M,50,4,base,Roulette-18,5,,15,1666.5509,1919.2804,1658.9568,7.5941,0.0,15.0,15.028,1612,16,0,0,0.9925,0,0,0,0,0,0
family18,CSDVRP-XL-n150-s0,XL,150,0,base,Random-18,5,,50,4489.1569,5021.4451,4278.906,15.2508,195.0,50.0,50.159,905,45,7,13,1.0,0,0,0,0,0,0
family18,CSDVRP-L-n100-s2,L,100,2,base,Roulette-18,3,,35,2787.1289,3167.7225,2774.9149,12.214,0.0,35.016,35.223,701,29,0,0,0.9964,0,0,0,0,0,0
family18,CSDVRP-S-n8-s3,S,8,3,base,DRL-VNS18,0,1,5,339.8466,351.7127,337.5902,2.2564,0.0,5.0,5.022,6608,3,0,0,0.9567,0,0,0,0,0,0
family18,CSDVRP-L-n75-s0,L,75,0,base,Random-18,3,,25,2410.7183,2688.4285,2401.1797,9.5386,0.0,25.031,25.209,1041,24,0,0,0.9984,0,0,0,0,0,0
family18,CSDVRP-L-n100-s4,L,100,4,base,Marginal-18,5,1,35,2983.277,3371.4529,2938.9611,14.3159,30.0,35.141,35.346,612,31,1,2,1.0,0,0,0,0,0,0
family18,CSDVRP-S-n8-s1,S,8,1,base,Random-18,4,,5,335.8429,376.3954,333.6723,2.1706,0.0,5.0,5.014,17410,3,0,0,0.9073,0,0,0,0,0,0
family18,CSDVRP-M-n50-s3,M,50,3,base,VNS-18,6,,15,1399.5258,1746.7745,1393.2711,6.2548,0.0,15.0,15.043,1828,15,0,0,0.994,0,0,0,0,0,0
family18,CSDVRP-S-n10-s2,S,10,2,base,DRL-VNS18,5,1,5,391.6922,436.4179,389.0812,2.6111,0.0,5.0,5.014,6575,3,0,0,0.9787,0,0,0,0,0,0
family18,CSDVRP-L-n75-s0,L,75,0,base,VNS-18,5,,25,2410.2623,2688.4285,2401.1797,9.0826,0.0,25.0,25.101,1083,24,0,0,0.9984,0,0,0,0,0,0
family18,CSDVRP-S-n8-s4,S,8,4,base,Random-18,4,,5,359.1905,397.2233,357.0731,2.1174,0.0,5.0,4.987,15690,3,0,0,0.8793,0,0,0,0,0,0
family18,CSDVRP-S-n8-s1,S,8,1,base,Fixed-dominant,4,,5,336.1588,376.3954,333.6723,2.4865,0.0,5.0,5.015,17814,3,0,0,0.9073,0,0,0,0,0,0
family18,CSDVRP-M-n50-s0,M,50,0,base,VNS-18,0,,15,1707.7125,1986.2853,1700.9035,6.809,0.0,15.0,15.096,1775,16,0,0,0.9865,0,0,0,0,0,0
family18,CSDVRP-S-n20-s2,S,20,2,base,Random-18,4,,6,670.121,732.8183,667.0092,3.1118,0.0,6.0,6.025,4568,7,0,0,0.9933,0,0,0,0,0,0
family18,CSDVRP-S-n10-s2,S,10,2,base,Random-18,8,,5,391.6922,436.4179,389.0812,2.6111,0.0,5.0,5.03,15974,3,0,0,0.9787,0,0,0,0,0,0
family18,CSDVRP-S-n20-s0,S,20,0,base,DRL-VNS18,3,4,6,756.2207,835.2978,752.4896,3.7311,0.0,6.0,5.996,3428,7,0,0,0.9987,0,0,0,0,0,0
family18,CSDVRP-XL-n150-s3,XL,150,3,base,Marginal-18,5,1,50,3819.7247,4237.9876,3804.5622,15.1625,0.0,50.016,50.16,859,44,0,0,0.9983,0,0,0,0,0,0
family18,CSDVRP-L-n100-s3,L,100,3,base,Fixed-dominant,7,,35,2718.9286,3095.0715,2705.3735,13.5551,0.0,35.031,35.184,707,31,0,0,1.0,0,0,0,0,0,0
family18,CSDVRP-S-n10-s1,S,10,1,base,Roulette-18,2,,5,394.7924,479.2322,392.2685,2.5239,0.0,5.0,5.023,8847,4,0,0,0.9253,0,0,0,0,0,0
family18,CSDVRP-M-n30-s2,M,30,2,base,Marginal-18,5,1,10,941.0511,1162.4183,938.3163,2.7347,0.0,10.0,10.029,3424,10,0,0,0.9865,0,0,0,0,0,0
family18,CSDVRP-M-n50-s5,M,50,5,base,DRL-VNS18,7,3,15,1612.3013,1904.3598,1603.9005,8.4008,0.0,15.0,15.069,1825,15,0,0,0.9985,0,0,0,0,0,0
family18,CSDVRP-S-n20-s4,S,20,4,base,DRL-VNS18,0,1,6,719.4697,798.0501,715.5041,3.9656,0.0,6.0,6.032,3573,7,0,0,0.986,0,0,0,0,0,0
family18,CSDVRP-S-n8-s5,S,8,5,base,DRL-VNS18,6,2,5,423.2126,427.0275,419.9371,3.2754,0.0,5.0,5.012,6203,3,0,0,0.894,0,0,0,0,0,0
family18,CSDVRP-L-n75-s1,L,75,1,base,Marginal-18,5,1,25,2107.5464,2408.8056,2084.4703,8.0761,15.0,25.016,25.092,1024,23,1,1,1.0,0,0,0,0,0,0
family18,CSDVRP-S-n20-s4,S,20,4,base,Fixed-dominant,9,,6,719.4719,798.0501,715.5041,3.9678,0.0,6.0,6.029,5162,7,0,0,0.986,0,0,0,0,0,0
family18,CSDVRP-S-n8-s4,S,8,4,base,Random-18,2,,5,360.1059,397.2233,357.0731,3.0328,0.0,5.0,5.013,15865,3,0,0,0.8793,0,0,0,0,0,0
family18,CSDVRP-S-n8-s5,S,8,5,base,VNS-18,1,,5,423.2126,427.0275,419.9371,3.2754,0.0,5.0,5.013,14120,3,0,0,0.894,0,0,0,0,0,0
family18,CSDVRP-M-n50-s4,M,50,4,base,Random-18,7,,15,1658.269,1919.2804,1652.2066,6.0624,0.0,15.0,15.126,1511,16,0,0,0.984,0,0,0,0,0,0
family18,CSDVRP-XL-n150-s0,XL,150,0,base,Fixed-dominant,3,,50,4407.862,5021.4451,4389.2603,18.6017,0.0,50.016,50.254,1176,47,0,0,0.9997,0,0,0,0,0,0
family18,CSDVRP-S-n20-s0,S,20,0,base,Fixed-dominant,0,,6,756.2207,835.2978,752.4896,3.7311,0.0,6.0,6.019,4602,7,0,0,0.9987,0,0,0,0,0,0
family18,CSDVRP-M-n30-s1,M,30,1,base,DRL-VNS18,8,4,10,1031.5482,1231.1888,1027.1043,4.4439,0.0,10.0,10.03,2771,10,0,0,0.98,0,0,0,0,0,0
family18,CSDVRP-L-n75-s1,L,75,1,base,Marginal-18,0,1,25,2126.3469,2408.8056,2088.0005,8.3463,30.0,25.0,25.086,1079,23,1,2,1.0,0,0,0,0,0,0
family18,CSDVRP-S-n15-s5,S,15,5,base,Roulette-18,8,,5,666.5148,800.4223,662.7682,3.7467,0.0,5.0,5.001,7882,5,0,0,0.9993,0,0,0,0,0,0
family18,CSDVRP-S-n6-s5,S,6,5,base,Fixed-dominant,7,,5,347.3173,347.7063,345.0582,2.2591,0.0,5.0,5.012,22455,3,0,0,0.9907,0,0,0,0,0,0
family18,CSDVRP-S-n15-s2,S,15,2,base,VNS-18,6,,5,604.4369,645.109,602.0225,2.4144,0.0,5.0,5.03,6200,6,0,0,0.9953,0,0,0,0,0,0
family18,CSDVRP-S-n15-s0,S,15,0,base,Roulette-18,8,,5,606.5233,666.3141,602.2712,4.2521,0.0,5.0,5.014,6953,5,0,0,0.9927,0,0,0,0,0,0
family18,CSDVRP-S-n6-s4,S,6,4,base,Marginal-18,6,2,5,307.3738,316.7228,305.135,2.2389,0.0,5.0,4.997,17179,3,0,0,0.906,0,0,0,0,0,0
family18,CSDVRP-L-n75-s1,L,75,1,base,Fixed-dominant,2,,25,2118.4688,2408.8056,2108.9113,9.5575,0.0,25.0,25.136,951,24,0,0,1.0,0,0,0,0,0,0
family18,CSDVRP-M-n50-s1,M,50,1,base,DRL-VNS18,4,5,15,1518.8745,1718.5004,1513.1913,5.6833,0.0,15.0,15.118,1697,16,0,0,0.994,0,0,0,0,0,0
family18,CSDVRP-XL-n150-s2,XL,150,2,base,Roulette-18,7,,50,4068.4956,4545.4892,3977.234,16.2616,75.0,50.031,50.128,941,45,4,5,1.0,0,0,0,0,0,0
family18,CSDVRP-S-n20-s5,S,20,5,base,VNS-18,4,,6,763.1659,865.7,758.6853,4.4806,0.0,6.0,6.028,5320,7,0,0,0.9947,0,0,0,0,0,0
family18,CSDVRP-S-n12-s4,S,12,4,base,DRL-VNS18,6,2,5,487.5063,536.3904,484.4937,3.0126,0.0,5.0,5.012,5463,4,0,0,0.9867,0,0,0,0,0,0
family18,CSDVRP-L-n75-s5,L,75,5,base,VNS-18,4,,25,2078.754,2327.4464,2071.6413,7.1127,0.0,25.016,25.142,1113,22,0,0,0.9864,0,0,0,0,0,0
family18,CSDVRP-S-n8-s5,S,8,5,base,Roulette-18,4,,5,423.2126,427.0275,419.9371,3.2754,0.0,5.0,5.024,13351,3,0,0,0.894,0,0,0,0,0,0
family18,CSDVRP-S-n10-s4,S,10,4,base,Marginal-18,6,2,5,387.4582,460.8567,384.9244,2.5338,0.0,5.0,5.014,14907,3,0,0,0.98,0,0,0,0,0,0
family18,CSDVRP-S-n12-s1,S,12,1,base,Marginal-18,3,4,5,511.4838,602.7068,507.9062,3.5776,0.0,5.0,5.028,9513,4,0,0,0.994,0,0,0,0,0,0
family18,CSDVRP-S-n12-s2,S,12,2,base,Random-18,3,,5,460.175,518.4642,458.0808,2.0942,0.0,5.0,5.03,12642,4,0,0,0.998,0,0,0,0,0,0
family18,CSDVRP-S-n12-s1,S,12,1,base,Random-18,1,,5,548.0363,602.7068,514.4838,3.5525,30.0,5.0,5.015,9472,4,2,2,1.0,0,0,0,0,0,0
family18,CSDVRP-M-n50-s4,M,50,4,base,Fixed-dominant,2,,15,1689.3647,1919.2804,1681.6839,7.6807,0.0,15.0,15.066,1876,16,0,0,0.984,0,0,0,0,0,0
family18,CSDVRP-CS-Riyadh,case,30,0,base,DRL-VNS18,8,4,30,425.1377,711.0291,419.5582,5.5796,0.0,30.0,30.115,10541,4,0,0,0.964,0,0,0,0,0,0
family18,CSDVRP-L-n100-s1,L,100,1,base,VNS-18,8,,35,2668.7996,3146.4881,2629.2719,9.5277,30.0,35.0,35.205,720,29,2,2,1.0,0,0,0,0,0,0
family18,CSDVRP-L-n75-s0,L,75,0,base,Fixed-dominant,5,,25,2409.6617,2688.4285,2400.3757,9.286,0.0,25.016,25.189,1005,24,0,0,0.9984,0,0,0,0,0,0
family18,CSDVRP-M-n50-s3,M,50,3,base,Random-18,5,,15,1398.7831,1746.7745,1392.5811,6.202,0.0,15.0,15.034,1906,15,0,0,0.994,0,0,0,0,0,0
family18,CSDVRP-S-n8-s2,S,8,2,base,Roulette-18,1,,5,344.8888,398.3755,342.4078,2.481,0.0,5.0,5.029,15650,3,0,0,0.8753,0,0,0,0,0,0
family18,CSDVRP-S-n8-s1,S,8,1,base,DRL-VNS18,4,5,5,357.4079,376.3954,340.1754,2.2325,15.0,5.0,5.058,6830,3,1,1,1.0,0,0,0,0,0,0
family18,CSDVRP-M-n50-s1,M,50,1,base,Random-18,8,,15,1519.8454,1718.5004,1499.0291,5.8164,15.0,15.0,15.058,1775,15,1,1,1.0,0,0,0,0,0,0
family18,CSDVRP-S-n10-s1,S,10,1,base,Fixed-dominant,6,,5,426.2743,479.2322,408.8806,2.3938,15.0,5.0,5.0,11601,4,1,1,1.0,0,0,0,0,0,0
family18,CSDVRP-S-n20-s3,S,20,3,base,Marginal-18,6,2,6,691.3552,797.0264,687.1116,4.2437,0.0,6.0,6.03,5004,7,0,0,0.9707,0,0,0,0,0,0
family18,CSDVRP-S-n6-s5,S,6,5,base,Roulette-18,1,,5,347.3173,347.7063,345.0582,2.2591,0.0,5.0,5.013,21512,3,0,0,0.9907,0,0,0,0,0,0
family18,CSDVRP-XL-n150-s4,XL,150,4,base,Roulette-18,5,,50,3898.0746,4802.2805,3825.4324,12.6421,60.0,50.016,50.197,844,45,3,4,1.0,0,0,0,0,0,0
family18,CSDVRP-M-n50-s3,M,50,3,base,VNS-18,7,,15,1410.7022,1746.7745,1390.7411,4.9612,15.0,15.0,15.032,1698,15,1,1,0.994,0,0,0,0,0,0
family18,CSDVRP-S-n8-s2,S,8,2,base,VNS-18,0,,5,344.8888,398.3755,342.4078,2.481,0.0,5.0,5.014,16527,3,0,0,0.8753,0,0,0,0,0,0
family18,CSDVRP-M-n50-s0,M,50,0,base,Marginal-18,8,4,15,1705.6549,1986.2853,1699.1272,6.5277,0.0,15.0,15.1,1897,16,0,0,0.9865,0,0,0,0,0,0
family18,CSDVRP-S-n8-s1,S,8,1,base,Marginal-18,6,2,5,335.8429,376.3954,333.6723,2.1706,0.0,5.0,5.004,16641,3,0,0,0.9073,0,0,0,0,0,0
family18,CSDVRP-S-n12-s1,S,12,1,base,Marginal-18,4,5,5,546.6653,602.7068,512.8082,3.8571,30.0,5.0,5.029,9284,4,2,2,0.994,0,0,0,0,0,0
family18,CSDVRP-S-n15-s0,S,15,0,base,DRL-VNS18,8,4,5,622.621,666.3141,603.3505,4.2704,15.0,5.0,5.061,4267,5,1,1,1.0,0,0,0,0,0,0
family18,CSDVRP-S-n6-s1,S,6,1,base,VNS-18,2,,5,341.7876,362.2464,340.1093,1.6783,0.0,5.0,5.027,21386,3,0,0,0.926,0,0,0,0,0,0
family18,CSDVRP-S-n15-s5,S,15,5,base,Roulette-18,9,,5,666.5148,800.4223,662.7682,3.7467,0.0,5.0,5.0,7886,5,0,0,0.9993,0,0,0,0,0,0
family18,CSDVRP-L-n100-s1,L,100,1,base,Fixed-dominant,9,,35,2712.5729,3146.4881,2669.5258,13.0472,30.0,35.0,35.153,766,29,1,2,0.9996,0,0,0,0,0,0
family18,CSDVRP-S-n12-s2,S,12,2,base,Random-18,6,,5,460.175,518.4642,458.0808,2.0942,0.0,5.0,5.028,12740,4,0,0,0.998,0,0,0,0,0,0
family18,CSDVRP-L-n75-s4,L,75,4,base,VNS-18,4,,25,2201.4734,2460.454,2194.182,7.2914,0.0,25.0,25.121,1012,24,0,0,0.9996,0,0,0,0,0,0
family18,CSDVRP-L-n75-s5,L,75,5,base,Random-18,3,,25,2102.7115,2327.4464,2094.8274,7.8842,0.0,25.0,25.08,1008,23,0,0,1.0,0,0,0,0,0,0
family18,CSDVRP-M-n30-s0,M,30,0,base,DRL-VNS18,5,1,10,1092.964,1303.6377,1089.1614,3.8025,0.0,10.0,9.996,3004,11,0,0,0.997,0,0,0,0,0,0
family18,CSDVRP-XL-n150-s0,XL,150,0,base,Roulette-18,5,,50,4341.2326,5021.4451,4323.7526,17.4799,0.0,50.047,50.195,902,46,0,0,0.9987,0,0,0,0,0,0
family18,CSDVRP-M-n30-s1,M,30,1,base,Fixed-dominant,2,,10,1034.0975,1231.1888,1029.4314,4.6662,0.0,10.0,10.018,3829,10,0,0,0.988,0,0,0,0,0,0
family18,CSDVRP-S-n8-s3,S,8,3,base,Marginal-18,8,4,5,339.8466,351.7127,337.5902,2.2564,0.0,5.0,5.043,15373,3,0,0,0.9567,0,0,0,0,0,0
family18,CSDVRP-L-n75-s2,L,75,2,base,Random-18,5,,25,2132.5522,2442.0216,2093.6183,8.9339,30.0,25.0,25.067,1096,22,2,2,1.0,0,0,0,0,0,0
family18,CSDVRP-L-n100-s1,L,100,1,base,VNS-18,2,,35,2664.2511,3146.4881,2607.4161,11.835,45.0,35.016,35.367,758,29,3,3,1.0,0,0,0,0,0,0
family18,CSDVRP-S-n15-s0,S,15,0,base,Marginal-18,2,3,5,622.621,666.3141,603.3505,4.2704,15.0,5.0,5.028,6632,5,1,1,1.0,0,0,0,0,0,0
family18,CSDVRP-S-n12-s2,S,12,2,base,Roulette-18,1,,5,460.175,518.4642,458.0808,2.0942,0.0,5.0,5.061,12179,4,0,0,0.998,0,0,0,0,0,0
family18,CSDVRP-L-n100-s3,L,100,3,base,Marginal-18,9,5,35,2716.7,3095.0715,2707.9581,8.742,0.0,35.0,35.136,784,31,0,0,1.0,0,0,0,0,0,0
family18,CSDVRP-M-n30-s0,M,30,0,base,Random-18,8,,10,1092.9389,1303.6377,1089.1614,3.7775,0.0,10.0,10.019,3388,11,0,0,0.997,0,0,0,0,0,0
family18,CSDVRP-M-n30-s3,M,30,3,base,Fixed-dominant,5,,10,970.9369,1099.7766,965.9069,5.0301,0.0,10.0,10.001,3951,10,0,0,0.988,0,0,0,0,0,0
family18,CSDVRP-M-n50-s5,M,50,5,base,Random-18,8,,15,1616.2897,1904.3598,1607.0367,9.253,0.0,15.0,15.035,1951,15,0,0,0.995,0,0,0,0,0,0
family18,CSDVRP-L-n75-s0,L,75,0,base,Roulette-18,6,,25,2397.9655,2688.4285,2388.1285,9.837,0.0,25.0,25.088,1088,24,0,0,0.9992,0,0,0,0,0,0
family18,CSDVRP-M-n30-s4,M,30,4,base,Marginal-18,4,5,10,925.7284,1151.8487,921.3091,4.4194,0.0,10.0,10.051,3571,10,0,0,0.99,0,0,0,0,0,0
family18,CSDVRP-M-n30-s0,M,30,0,base,Marginal-18,2,3,10,1092.9389,1303.6377,1089.1614,3.7775,0.0,10.0,10.079,3362,11,0,0,0.997,0,0,0,0,0,0
family18,CSDVRP-S-n20-s2,S,20,2,base,VNS-18,7,,6,670.121,732.8183,667.0092,3.1118,0.0,6.0,6.01,4542,7,0,0,0.9933,0,0,0,0,0,0
family18,CSDVRP-S-n8-s2,S,8,2,base,Fixed-dominant,4,,5,344.8888,398.3755,342.4078,2.481,0.0,5.0,5.03,17966,3,0,0,0.8753,0,0,0,0,0,0
family18,CSDVRP-M-n30-s2,M,30,2,base,Random-18,3,,10,941.0551,1162.4183,938.3163,2.7388,0.0,10.0,10.045,3313,10,0,0,0.9865,0,0,0,0,0,0
family18,CSDVRP-S-n15-s5,S,15,5,base,DRL-VNS18,4,5,5,666.5148,800.4223,662.7682,3.7467,0.0,5.0,5.011,4663,5,0,0,0.9993,0,0,0,0,0,0
family18,CSDVRP-XL-n150-s0,XL,150,0,base,DRL-VNS18,2,3,50,4350.0197,5021.4451,4299.7545,20.2653,30.0,50.031,50.182,877,46,1,2,1.0,0,0,0,0,0,0
family18,CSDVRP-M-n50-s5,M,50,5,base,Fixed-dominant,4,,15,1611.4429,1904.3598,1603.3995,8.0433,0.0,15.0,15.085,1879,15,0,0,0.9985,0,0,0,0,0,0
family18,CSDVRP-S-n15-s4,S,15,4,base,Roulette-18,1,,5,585.7427,624.2332,582.2908,3.4519,0.0,5.0,4.988,6731,6,0,0,0.9347,0,0,0,0,0,0
family18,CSDVRP-S-n12-s5,S,12,5,base,DRL-VNS18,6,2,5,521.0601,535.5205,517.6832,3.3769,0.0,5.0,5.074,5242,4,0,0,0.978,0,0,0,0,0,0
family18,CSDVRP-S-n20-s4,S,20,4,base,Fixed-dominant,4,,6,720.0364,798.0501,715.5041,4.5322,0.0,6.0,5.998,5178,7,0,0,0.986,0,0,0,0,0,0
family18,CSDVRP-M-n30-s3,M,30,3,base,VNS-18,5,,10,969.1696,1099.7766,965.9069,3.2627,0.0,10.0,10.063,3924,10,0,0,0.988,0,0,0,0,0,0
family18,CSDVRP-S-n10-s3,S,10,3,base,DRL-VNS18,5,1,5,398.3934,456.2198,394.9219,3.4715,0.0,5.0,5.025,6232,3,0,0,0.9427,0,0,0,0,0,0
family18,CSDVRP-S-n10-s4,S,10,4,base,VNS-18,5,,5,387.4582,460.8567,384.9244,2.5338,0.0,5.0,4.997,15082,3,0,0,0.98,0,0,0,0,0,0
family18,CSDVRP-L-n100-s2,L,100,2,base,DRL-VNS18,0,1,35,2853.8034,3167.7225,2782.0776,11.7257,60.0,35.016,35.113,763,29,2,4,1.0,0,0,0,0,0,0
family18,CSDVRP-L-n75-s1,L,75,1,base,VNS-18,8,,25,2084.5304,2408.8056,2062.4246,7.1058,15.0,25.031,25.118,1106,23,1,1,1.0,0,0,0,0,0,0
family18,CSDVRP-S-n20-s4,S,20,4,base,Random-18,5,,6,719.4697,798.0501,715.5041,3.9656,0.0,6.0,6.028,4590,7,0,0,0.986,0,0,0,0,0,0
family18,CSDVRP-L-n100-s0,L,100,0,base,Fixed-dominant,3,,35,3076.3562,3458.8862,3061.8328,14.5233,0.0,35.0,35.149,664,31,0,0,0.9988,0,0,0,0,0,0
family18,CSDVRP-XL-n150-s0,XL,150,0,base,Fixed-dominant,4,,50,4400.0684,5021.4451,4383.2976,16.7707,0.0,50.0,50.347,1187,47,0,0,0.9977,0,0,0,0,0,0
family18,CSDVRP-S-n15-s5,S,15,5,base,Fixed-dominant,0,,5,667.0857,800.4223,662.7682,4.3175,0.0,5.0,4.994,9940,5,0,0,0.9993,0,0,0,0,0,0
family18,CSDVRP-S-n6-s3,S,6,3,base,Fixed-dominant,7,,5,230.4154,253.5784,228.5871,1.8283,0.0,5.0,5.045,28655,2,0,0,0.9873,0,0,0,0,0,0
family18,CSDVRP-S-n8-s2,S,8,2,base,Marginal-18,3,4,5,344.8888,398.3755,342.4078,2.481,0.0,5.0,5.014,15900,3,0,0,0.8753,0,0,0,0,0,0
family18,CSDVRP-S-n6-s3,S,6,3,base,Roulette-18,2,,5,230.2731,253.5784,228.5871,1.686,0.0,5.0,5.013,25477,2,0,0,0.9873,0,0,0,0,0,0
family18,CSDVRP-S-n20-s1,S,20,1,base,DRL-VNS18,7,3,6,785.2664,908.0268,780.5879,4.6785,0.0,6.0,5.999,3572,7,0,0,0.9833,0,0,0,0,0,0
family18,CSDVRP-S-n6-s2,S,6,2,base,Roulette-18,7,,5,330.7872,334.9047,328.2873,2.4999,0.0,5.0,5.012,17132,3,0,0,0.8567,0,0,0,0,0,0
family18,CSDVRP-M-n30-s1,M,30,1,base,Roulette-18,2,,10,1031.4688,1231.1888,1027.1043,4.3646,0.0,10.0,10.03,3228,10,0,0,0.98,0,0,0,0,0,0
family18,CSDVRP-XL-n150-s2,XL,150,2,base,VNS-18,1,,50,4056.5666,4545.4892,3980.2482,16.3185,60.0,50.0,50.113,921,45,3,4,1.0,0,0,0,0,0,0
family18,CSDVRP-L-n75-s2,L,75,2,base,VNS-18,5,,25,2093.5039,2442.0216,2069.0643,9.4397,15.0,25.0,25.041,1173,22,1,1,1.0,0,0,0,0,0,0
family18,CSDVRP-S-n20-s5,S,20,5,base,Random-18,1,,6,763.1659,865.7,758.6853,4.4806,0.0,6.0,6.022,5250,7,0,0,0.9947,0,0,0,0,0,0
family18,CSDVRP-M-n30-s0,M,30,0,base,VNS-18,3,,10,1112.65,1303.6377,1094.0598,3.5902,15.0,10.0,10.064,3336,11,1,1,1.0,0,0,0,0,0,0
family18,CSDVRP-S-n8-s3,S,8,3,base,VNS-18,4,,5,339.8466,351.7127,337.5902,2.2564,0.0,5.0,5.01,16123,3,0,0,0.9567,0,0,0,0,0,0
family18,CSDVRP-M-n30-s5,M,30,5,base,Roulette-18,7,,10,1128.5178,1247.2838,1123.3845,5.1334,0.0,10.0,10.075,3933,10,0,0,0.9905,0,0,0,0,0,0
family18,CSDVRP-L-n100-s3,L,100,3,base,Marginal-18,1,2,35,2703.8055,3095.0715,2694.0921,9.7134,0.0,35.062,35.286,748,31,0,0,1.0,0,0,0,0,0,0
family18,CSDVRP-S-n10-s5,S,10,5,base,VNS-18,7,,5,454.5993,485.8354,450.6688,3.9305,0.0,5.0,5.052,11611,3,0,0,0.956,0,0,0,0,0,0
family18,CSDVRP-L-n100-s0,L,100,0,base,Random-18,2,,35,3099.4698,3458.8862,3086.7479,12.7219,0.0,35.047,35.191,585,31,0,0,0.9964,0,0,0,0,0,0
family18,CSDVRP-S-n10-s5,S,10,5,base,Fixed-dominant,3,,5,454.9975,485.8354,450.6688,4.3287,0.0,5.0,4.992,15203,3,0,0,0.956,0,0,0,0,0,0
family18,CSDVRP-M-n30-s3,M,30,3,base,Roulette-18,2,,10,981.4568,1099.7766,963.276,3.1808,15.0,10.0,10.078,3859,10,1,1,1.0,0,0,0,0,0,0
family18,CSDVRP-L-n100-s1,L,100,1,base,Marginal-18,4,5,35,2664.3275,3146.4881,2639.2085,10.119,15.0,35.031,35.202,737,29,1,1,1.0,0,0,0,0,0,0
family18,CSDVRP-XL-n150-s4,XL,150,4,base,DRL-VNS18,5,1,50,3899.0369,4802.2805,3824.1475,14.8894,60.0,50.078,50.228,909,44,2,4,1.0,0,0,0,0,0,0
family18,CSDVRP-M-n30-s4,M,30,4,base,VNS-18,0,,10,926.1685,1151.8487,921.3091,4.8594,0.0,10.0,10.059,3358,10,0,0,0.99,0,0,0,0,0,0
family18,CSDVRP-S-n6-s1,S,6,1,base,DRL-VNS18,5,1,5,341.7876,362.2464,340.1093,1.6783,0.0,5.0,5.011,7299,3,0,0,0.926,0,0,0,0,0,0
family18,CSDVRP-M-n50-s4,M,50,4,base,DRL-VNS18,8,4,15,1650.114,1919.2804,1643.9568,6.1572,0.0,15.0,15.17,1630,16,0,0,0.984,0,0,0,0,0,0
family18,CSDVRP-L-n100-s2,L,100,2,base,Fixed-dominant,0,,35,2818.11,3167.7225,2803.9633,14.1467,0.0,35.016,35.132,730,30,0,0,0.9972,0,0,0,0,0,0
family18,CSDVRP-CS-Riyadh,case,30,0,base,DRL-VNS18,6,2,30,417.2954,711.0291,411.6246,5.6707,0.0,30.0,30.218,12864,4,0,0,0.986,0,0,0,0,0,0
family18,CSDVRP-CS-Riyadh,case,30,0,base,Random-18,0,,30,420.0991,711.0291,414.0897,6.0094,0.0,30.0,30.28,13018,4,0,0,0.982,0,0,0,0,0,0
family18,CSDVRP-XL-n150-s0,XL,150,0,base,DRL-VNS18,6,2,50,4328.2717,5021.4451,4310.426,17.8457,0.0,50.062,50.313,1021,45,0,0,0.9997,0,0,0,0,0,0
family18,CSDVRP-M-n30-s0,M,30,0,base,VNS-18,5,,10,1093.1072,1303.6377,1089.1614,3.9457,0.0,10.0,10.056,3382,11,0,0,0.997,0,0,0,0,0,0
family18,CSDVRP-S-n8-s3,S,8,3,base,VNS-18,9,,5,339.8466,351.7127,337.5902,2.2564,0.0,5.0,5.043,16318,3,0,0,0.9567,0,0,0,0,0,0
family18,CSDVRP-L-n100-s2,L,100,2,base,Fixed-dominant,5,,35,2811.129,3167.7225,2797.5581,13.5709,0.0,35.0,35.207,732,30,0,0,0.9976,0,0,0,0,0,0
family18,CSDVRP-S-n12-s2,S,12,2,base,Fixed-dominant,7,,5,460.175,518.4642,458.0808,2.0942,0.0,5.0,5.117,14206,4,0,0,0.998,0,0,0,0,0,0
family18,CSDVRP-XL-n150-s4,XL,150,4,base,Random-18,5,,50,4116.4444,4802.2805,3834.1211,12.3233,270.0,50.0,50.284,871,44,12,18,1.0,0,0,0,0,0,0
family18,CSDVRP-S-n15-s1,S,15,1,base,Random-18,8,,5,599.4153,675.8866,596.1341,3.2813,0.0,5.0,5.07,6134,6,0,0,0.9,0,0,0,0,0,0
family18,CSDVRP-S-n20-s1,S,20,1,base,Roulette-18,7,,6,785.2664,908.0268,780.5879,4.6785,0.0,6.0,6.015,4856,7,0,0,0.9833,0,0,0,0,0,0
family18,CSDVRP-S-n10-s2,S,10,2,base,Fixed-dominant,1,,5,392.3853,436.4179,389.0812,3.3041,0.0,5.0,5.044,18142,3,0,0,0.9787,0,0,0,0,0,0
family18,CSDVRP-XL-n150-s0,XL,150,0,base,VNS-18,5,,50,4455.0409,5021.4451,4377.8073,17.2336,60.0,50.016,50.305,904,46,3,4,1.0,0,0,0,0,0,0
family18,CSDVRP-XL-n150-s1,XL,150,1,base,VNS-18,1,,50,4280.6073,4744.1508,4235.0796,15.5277,30.0,50.0,50.242,903,45,2,2,1.0,0,0,0,0,0,0
family18,CSDVRP-S-n10-s2,S,10,2,base,Roulette-18,7,,5,391.6922,436.4179,389.0812,2.6111,0.0,5.0,5.116,15465,3,0,0,0.9787,0,0,0,0,0,0
family18,CSDVRP-S-n10-s2,S,10,2,base,DRL-VNS18,1,2,5,391.6922,436.4179,389.0812,2.6111,0.0,5.0,5.029,6774,3,0,0,0.9787,0,0,0,0,0,0
family18,CSDVRP-S-n20-s2,S,20,2,base,Roulette-18,1,,6,670.121,732.8183,667.0092,3.1118,0.0,6.0,6.03,4661,7,0,0,0.9933,0,0,0,0,0,0
family18,CSDVRP-L-n100-s4,L,100,4,base,Random-18,3,,35,2976.6685,3371.4529,2891.2219,10.4465,75.0,35.031,35.406,773,30,4,5,1.0,0,0,0,0,0,0
family18,CSDVRP-S-n15-s2,S,15,2,base,DRL-VNS18,6,2,5,605.1369,645.109,602.0225,3.1144,0.0,5.0,5.026,4175,6,0,0,0.9953,0,0,0,0,0,0
family18,CSDVRP-M-n50-s2,M,50,2,base,Roulette-18,3,,15,1472.0041,1677.4231,1465.5918,6.4123,0.0,15.0,15.03,1869,16,0,0,0.9985,0,0,0,0,0,0
family18,CSDVRP-M-n50-s4,M,50,4,base,Fixed-dominant,8,,15,1643.2812,1919.2804,1635.6731,7.6081,0.0,15.0,15.103,2001,16,0,0,0.9785,0,0,0,0,0,0
family18,CSDVRP-M-n30-s0,M,30,0,base,Roulette-18,6,,10,1092.964,1303.6377,1089.1614,3.8025,0.0,10.0,10.047,3672,11,0,0,0.997,0,0,0,0,0,0
family18,CSDVRP-S-n6-s2,S,6,2,base,Random-18,8,,5,330.7872,334.9047,328.2873,2.4999,0.0,5.0,5.012,18475,3,0,0,0.8567,0,0,0,0,0,0
family18,CSDVRP-S-n12-s1,S,12,1,base,DRL-VNS18,6,2,5,527.1742,602.7068,508.3795,3.7947,15.0,5.0,5.03,5367,4,1,1,1.0,0,0,0,0,0,0
family18,CSDVRP-S-n8-s3,S,8,3,base,DRL-VNS18,9,5,5,339.8466,351.7127,337.5902,2.2564,0.0,5.0,5.041,6824,3,0,0,0.9567,0,0,0,0,0,0
family18,CSDVRP-S-n8-s1,S,8,1,base,Random-18,0,,5,335.8429,376.3954,333.6723,2.1706,0.0,5.0,5.061,17963,3,0,0,0.9073,0,0,0,0,0,0
family18,CSDVRP-S-n20-s3,S,20,3,base,Roulette-18,0,,6,712.4582,797.0264,693.2161,4.2422,15.0,6.0,6.03,4814,7,1,1,0.9833,0,0,0,0,0,0
family18,CSDVRP-L-n75-s1,L,75,1,base,DRL-VNS18,9,5,25,2152.3463,2408.8056,2085.9056,6.4406,60.0,25.0,25.151,1111,23,3,4,1.0,0,0,0,0,0,0
family18,CSDVRP-XL-n150-s2,XL,150,2,base,Marginal-18,0,1,50,3988.7408,4545.4892,3972.5247,16.216,0.0,50.031,50.329,906,45,0,0,1.0,0,0,0,0,0,0
family18,CSDVRP-L-n100-s2,L,100,2,base,VNS-18,0,,35,2805.3704,3167.7225,2763.1386,12.2318,30.0,35.0,35.221,752,29,1,2,1.0,0,0,0,0,0,0
family18,CSDVRP-XL-n150-s2,XL,150,2,base,DRL-VNS18,9,5,50,4007.0495,4545.4892,3988.5043,18.5452,0.0,50.0,50.373,1000,45,0,0,1.0,0,0,0,0,0,0
family18,CSDVRP-S-n8-s4,S,8,4,base,VNS-18,9,,5,359.1905,397.2233,357.0731,2.1174,0.0,5.0,4.986,16555,3,0,0,0.8793,0,0,0,0,0,0
family18,CSDVRP-S-n15-s2,S,15,2,base,DRL-VNS18,8,4,5,604.4369,645.109,602.0225,2.4144,0.0,5.0,5.074,4145,6,0,0,0.9953,0,0,0,0,0,0
family18,CSDVRP-M-n50-s0,M,50,0,base,DRL-VNS18,8,4,15,1713.4409,1986.2853,1705.7308,7.7101,0.0,15.0,15.263,1715,16,0,0,0.986,0,0,0,0,0,0
family18,CSDVRP-S-n12-s4,S,12,4,base,Fixed-dominant,6,,5,488.9656,536.3904,484.4937,4.4719,0.0,5.0,5.029,11171,4,0,0,0.9867,0,0,0,0,0,0
family18,CSDVRP-L-n100-s4,L,100,4,base,Marginal-18,7,3,35,2933.0242,3371.4529,2920.8961,12.1282,0.0,35.031,35.16,694,31,0,0,0.9988,0,0,0,0,0,0
family18,CSDVRP-S-n20-s0,S,20,0,base,Random-18,1,,6,756.2207,835.2978,752.4896,3.7311,0.0,6.0,6.006,4806,7,0,0,0.9987,0,0,0,0,0,0
family18,CSDVRP-L-n100-s4,L,100,4,base,Roulette-18,3,,35,2937.257,3371.4529,2923.3669,13.8901,0.0,35.016,35.236,741,30,0,0,0.9976,0,0,0,0,0,0
family18,CSDVRP-M-n50-s0,M,50,0,base,Roulette-18,1,,15,1713.048,1986.2853,1705.7308,7.3172,0.0,15.0,15.089,1878,16,0,0,0.986,0,0,0,0,0,0
family18,CSDVRP-S-n10-s3,S,10,3,base,Random-18,2,,5,398.3934,456.2198,394.9219,3.4715,0.0,5.0,4.997,13935,3,0,0,0.9427,0,0,0,0,0,0
family18,CSDVRP-M-n30-s4,M,30,4,base,Random-18,6,,10,946.3554,1151.8487,942.7083,3.6471,0.0,10.0,10.065,3754,10,0,0,0.994,0,0,0,0,0,0
family18,CSDVRP-S-n12-s1,S,12,1,base,DRL-VNS18,7,3,5,511.4838,602.7068,507.9062,3.5776,0.0,5.0,5.053,5378,4,0,0,0.994,0,0,0,0,0,0
family18,CSDVRP-S-n15-s5,S,15,5,base,VNS-18,6,,5,666.5148,800.4223,662.7682,3.7467,0.0,5.0,5.014,8301,5,0,0,0.9993,0,0,0,0,0,0
family18,CSDVRP-S-n6-s3,S,6,3,base,Marginal-18,4,5,5,230.2731,253.5784,228.5871,1.686,0.0,5.0,5.029,26822,2,0,0,0.9873,0,0,0,0,0,0
family18,CSDVRP-S-n15-s4,S,15,4,base,VNS-18,2,,5,585.7427,624.2332,582.2908,3.4519,0.0,5.0,5.028,7124,6,0,0,0.9347,0,0,0,0,0,0
family18,CSDVRP-L-n100-s4,L,100,4,base,DRL-VNS18,6,2,35,2941.0367,3371.4529,2913.5418,12.4949,15.0,35.016,35.203,738,31,1,1,1.0,0,0,0,0,0,0
family18,CSDVRP-L-n75-s4,L,75,4,base,DRL-VNS18,7,3,25,2206.704,2460.454,2198.3121,8.3919,0.0,25.016,25.14,959,24,0,0,0.9996,0,0,0,0,0,0
family18,CSDVRP-S-n10-s3,S,10,3,base,VNS-18,8,,5,398.3934,456.2198,394.9219,3.4715,0.0,5.0,5.024,14476,3,0,0,0.9427,0,0,0,0,0,0
family18,CSDVRP-S-n15-s3,S,15,3,base,Fixed-dominant,1,,5,617.5092,692.2972,598.5897,3.9195,15.0,5.0,5.045,6406,6,1,1,0.998,0,0,0,0,0,0
family18,CSDVRP-S-n20-s2,S,20,2,base,Roulette-18,3,,6,670.121,732.8183,667.0092,3.1118,0.0,6.0,6.029,4721,7,0,0,0.9933,0,0,0,0,0,0
family18,CSDVRP-S-n15-s4,S,15,4,base,Random-18,8,,5,585.7427,624.2332,582.2908,3.4519,0.0,5.0,5.044,7214,6,0,0,0.9347,0,0,0,0,0,0
family18,CSDVRP-M-n30-s1,M,30,1,base,VNS-18,9,,10,1084.7565,1231.1888,1050.1133,4.6432,30.0,10.0,10.095,3076,10,2,2,1.0,0,0,0,0,0,0
family18,CSDVRP-M-n30-s0,M,30,0,base,Fixed-dominant,4,,10,1093.7182,1303.6377,1088.8964,4.8218,0.0,10.0,10.03,3943,11,0,0,0.997,0,0,0,0,0,0
family18,CSDVRP-M-n50-s1,M,50,1,base,Roulette-18,0,,15,1498.1621,1718.5004,1477.1339,6.0282,15.0,15.0,15.058,1991,15,1,1,1.0,0,0,0,0,0,0
family18,CSDVRP-XL-n150-s1,XL,150,1,base,DRL-VNS18,0,1,50,4319.8939,4744.1508,4214.8739,15.02,90.0,50.0,50.309,903,45,4,6,1.0,0,0,0,0,0,0
family18,CSDVRP-XL-n150-s1,XL,150,1,base,Fixed-dominant,9,,50,4307.2156,4744.1508,4288.3037,18.9119,0.0,50.0,50.393,1272,45,0,0,0.9993,0,0,0,0,0,0
family18,CSDVRP-S-n20-s0,S,20,0,base,VNS-18,7,,6,756.2207,835.2978,752.4896,3.7311,0.0,6.0,6.024,4839,7,0,0,0.9987,0,0,0,0,0,0
family18,CSDVRP-L-n100-s1,L,100,1,base,Roulette-18,9,,35,2748.645,3146.4881,2647.9603,10.6847,90.0,35.0,35.165,699,29,3,6,1.0,0,0,0,0,0,0
family18,CSDVRP-L-n75-s1,L,75,1,base,Random-18,3,,25,2114.1173,2408.8056,2047.0309,7.0864,60.0,25.0,25.196,1068,23,4,4,1.0,0,0,0,0,0,0
family18,CSDVRP-S-n8-s2,S,8,2,base,VNS-18,5,,5,344.8888,398.3755,342.4078,2.481,0.0,5.0,5.023,17086,3,0,0,0.8753,0,0,0,0,0,0
family18,CSDVRP-XL-n150-s1,XL,150,1,base,Roulette-18,3,,50,4347.4944,4744.1508,4215.6141,11.8803,120.0,50.0,50.296,945,45,5,8,1.0,0,0,0,0,0,0
family18,CSDVRP-S-n8-s1,S,8,1,base,Marginal-18,0,1,5,335.8429,376.3954,333.6723,2.1706,0.0,5.0,5.028,16911,3,0,0,0.9073,0,0,0,0,0,0
family18,CSDVRP-S-n8-s4,S,8,4,base,Roulette-18,9,,5,359.1905,397.2233,357.0731,2.1174,0.0,5.0,5.014,15338,3,0,0,0.8793,0,0,0,0,0,0
family18,CSDVRP-S-n8-s3,S,8,3,base,Fixed-dominant,5,,5,339.8466,351.7127,337.5902,2.2564,0.0,5.0,5.06,16344,3,0,0,0.9567,0,0,0,0,0,0
family18,CSDVRP-L-n75-s0,L,75,0,base,DRL-VNS18,1,2,25,2440.0095,2688.4285,2401.2489,8.7605,30.0,25.016,25.161,1197,24,1,2,1.0,0,0,0,0,0,0
family18,CSDVRP-S-n8-s1,S,8,1,base,DRL-VNS18,1,2,5,335.8429,376.3954,333.6723,2.1706,0.0,5.0,5.037,6970,3,0,0,0.9073,0,0,0,0,0,0
family18,CSDVRP-S-n8-s1,S,8,1,base,VNS-18,5,,5,335.8429,376.3954,333.6723,2.1706,0.0,5.0,4.998,17764,3,0,0,0.9073,0,0,0,0,0,0
family18,CSDVRP-S-n20-s3,S,20,3,base,Random-18,8,,6,727.4755,797.0264,693.2198,4.2557,30.0,6.0,6.031,4846,7,2,2,0.9833,0,0,0,0,0,0
family18,CSDVRP-S-n10-s4,S,10,4,base,Roulette-18,2,,5,387.4582,460.8567,384.9244,2.5338,0.0,5.0,4.997,14699,3,0,0,0.98,0,0,0,0,0,0
family18,CSDVRP-M-n50-s0,M,50,0,base,VNS-18,2,,15,1713.1241,1986.2853,1705.7308,7.3932,0.0,15.0,15.098,1803,16,0,0,0.986,0,0,0,0,0,0
family18,CSDVRP-CS-Riyadh,case,30,0,base,VNS-18,4,,30,424.5677,711.0291,419.1337,5.4341,0.0,30.0,30.177,14703,4,0,0,0.982,0,0,0,0,0,0
family18,CSDVRP-S-n8-s1,S,8,1,base,DRL-VNS18,8,4,5,335.8429,376.3954,333.6723,2.1706,0.0,5.0,5.028,6952,3,0,0,0.9073,0,0,0,0,0,0
family18,CSDVRP-S-n6-s1,S,6,1,base,Marginal-18,5,1,5,341.7876,362.2464,340.1093,1.6783,0.0,5.0,5.029,20477,3,0,0,0.926,0,0,0,0,0,0
family18,CSDVRP-M-n30-s3,M,30,3,base,Roulette-18,4,,10,981.4303,1099.7766,963.276,3.1544,15.0,10.0,10.076,3762,10,1,1,1.0,0,0,0,0,0,0
family18,CSDVRP-S-n20-s5,S,20,5,base,Random-18,2,,6,763.1659,865.7,758.6853,4.4806,0.0,6.0,6.046,5391,7,0,0,0.9947,0,0,0,0,0,0
family18,CSDVRP-S-n12-s4,S,12,4,base,VNS-18,0,,5,487.5063,536.3904,484.4937,3.0126,0.0,5.0,5.029,10791,4,0,0,0.9867,0,0,0,0,0,0
family18,CSDVRP-S-n15-s1,S,15,1,base,DRL-VNS18,0,1,5,599.4153,675.8866,596.1341,3.2813,0.0,5.0,4.995,3860,6,0,0,0.9,0,0,0,0,0,0
family18,CSDVRP-M-n30-s1,M,30,1,base,Random-18,8,,10,1031.4688,1231.1888,1027.1043,4.3646,0.0,10.0,10.035,3184,10,0,0,0.98,0,0,0,0,0,0
family18,CSDVRP-S-n15-s0,S,15,0,base,Fixed-dominant,7,,5,607.3126,666.3141,602.2712,5.0414,0.0,5.0,5.025,8582,5,0,0,0.9927,0,0,0,0,0,0
family18,CSDVRP-M-n50-s3,M,50,3,base,Marginal-18,0,1,15,1458.7939,1746.7745,1422.6678,6.1261,30.0,15.0,15.218,2008,15,1,2,1.0,0,0,0,0,0,0
family18,CSDVRP-S-n10-s3,S,10,3,base,Fixed-dominant,0,,5,420.1822,456.2198,416.4464,3.7358,0.0,5.0,4.994,16434,3,0,0,0.9593,0,0,0,0,0,0
family18,CSDVRP-L-n75-s5,L,75,5,base,Random-18,8,,25,2115.4371,2327.4464,2093.1349,7.3022,15.0,25.016,25.167,1064,23,1,1,1.0,0,0,0,0,0,0
family18,CSDVRP-XL-n150-s0,XL,150,0,base,Fixed-dominant,5,,50,4461.9109,5021.4451,4426.7129,20.198,15.0,50.016,50.191,1301,46,1,1,0.9977,0,0,0,0,0,0
family18,CSDVRP-S-n15-s3,S,15,3,base,Marginal-18,7,3,5,601.4006,692.2972,597.8561,3.5445,0.0,5.0,5.011,6390,6,0,0,0.998,0,0,0,0,0,0
family18,CSDVRP-XL-n150-s4,XL,150,4,base,DRL-VNS18,8,4,50,3906.483,4802.2805,3846.9476,14.5354,45.0,50.0,50.322,1018,45,2,3,1.0,0,0,0,0,0,0
family18,CSDVRP-S-n15-s3,S,15,3,base,DRL-VNS18,3,4,5,613.8579,692.2972,595.8443,3.0136,15.0,5.0,5.03,5068,5,1,1,1.0,0,0,0,0,0,0
family18,CSDVRP-M-n50-s3,M,50,3,base,Random-18,9,,15,1399.255,1746.7745,1392.5811,6.6739,0.0,15.0,15.143,1971,15,0,0,0.994,0,0,0,0,0,0
family18,CSDVRP-S-n6-s1,S,6,1,base,VNS-18,9,,5,341.7876,362.2464,340.1093,1.6783,0.0,5.0,5.007,22403,3,0,0,0.926,0,0,0,0,0,0
family18,CSDVRP-S-n20-s5,S,20,5,base,Fixed-dominant,2,,6,763.2502,865.7,758.6853,4.5649,0.0,6.0,6.014,6375,7,0,0,0.9947,0,0,0,0,0,0
family18,CSDVRP-M-n30-s2,M,30,2,base,VNS-18,2,,10,941.6665,1162.4183,938.3163,3.3502,0.0,10.0,10.013,3422,10,0,0,0.9865,0,0,0,0,0,0
family18,CSDVRP-L-n100-s1,L,100,1,base,Random-18,1,,35,2699.542,3146.4881,2613.3156,11.2264,75.0,35.062,35.2,658,29,3,5,1.0,0,0,0,0,0,0
family18,CSDVRP-XL-n150-s2,XL,150,2,base,Random-18,7,,50,4062.7851,4545.4892,4016.8867,15.8984,30.0,50.047,50.26,883,45,1,2,1.0,0,0,0,0,0,0
family18,CSDVRP-S-n15-s4,S,15,4,base,Random-18,0,,5,585.7427,624.2332,582.2908,3.4519,0.0,5.0,4.985,7151,6,0,0,0.9347,0,0,0,0,0,0
family18,CSDVRP-S-n10-s2,S,10,2,base,Fixed-dominant,2,,5,392.7663,436.4179,389.0812,3.6851,0.0,5.0,4.998,18924,3,0,0,0.9787,0,0,0,0,0,0
family18,CSDVRP-M-n50-s4,M,50,4,base,VNS-18,2,,15,1640.6692,1919.2804,1619.9809,5.6883,15.0,15.0,15.065,1979,16,1,1,1.0,0,0,0,0,0,0
family18,CSDVRP-XL-n150-s3,XL,150,3,base,DRL-VNS18,3,4,50,3804.0062,4237.9876,3787.8833,16.1229,0.0,50.047,50.36,909,44,0,0,0.9983,0,0,0,0,0,0
family18,CSDVRP-M-n50-s4,M,50,4,base,VNS-18,6,,15,1663.1825,1919.2804,1656.8734,6.3091,0.0,15.0,15.022,1640,16,0,0,0.9915,0,0,0,0,0,0
family18,CSDVRP-S-n6-s2,S,6,2,base,Random-18,9,,5,330.7872,334.9047,328.2873,2.4999,0.0,5.0,4.995,19253,3,0,0,0.8567,0,0,0,0,0,0
family18,CSDVRP-S-n8-s5,S,8,5,base,Roulette-18,3,,5,423.2126,427.0275,419.9371,3.2754,0.0,5.0,5.014,14075,3,0,0,0.894,0,0,0,0,0,0
family18,CSDVRP-L-n75-s5,L,75,5,base,DRL-VNS18,3,4,25,2100.7539,2327.4464,2093.5749,7.179,0.0,25.0,25.141,1021,23,0,0,0.9944,0,0,0,0,0,0
family18,CSDVRP-S-n12-s5,S,12,5,base,Fixed-dominant,8,,5,521.0601,535.5205,517.6832,3.3769,0.0,5.0,5.024,10409,4,0,0,0.978,0,0,0,0,0,0
family18,CSDVRP-L-n75-s0,L,75,0,base,Roulette-18,8,,25,2410.6398,2688.4285,2401.1797,9.4601,0.0,25.0,25.126,1176,24,0,0,0.9984,0,0,0,0,0,0
family18,CSDVRP-L-n100-s5,L,100,5,base,Random-18,1,,35,2577.6085,3154.3549,2565.2022,12.4063,0.0,35.016,35.253,766,30,0,0,0.9988,0,0,0,0,0,0
family18,CSDVRP-S-n8-s5,S,8,5,base,VNS-18,0,,5,423.2126,427.0275,419.9371,3.2754,0.0,5.0,4.989,14622,3,0,0,0.894,0,0,0,0,0,0
family18,CSDVRP-L-n100-s5,L,100,5,base,VNS-18,0,,35,2631.5738,3154.3549,2573.9799,12.5939,45.0,35.0,35.273,743,30,2,3,0.9976,0,0,0,0,0,0
family18,CSDVRP-S-n10-s1,S,10,1,base,VNS-18,2,,5,394.7924,479.2322,392.2685,2.5239,0.0,5.0,5.005,9953,4,0,0,0.9253,0,0,0,0,0,0
family18,CSDVRP-S-n6-s4,S,6,4,base,DRL-VNS18,9,5,5,307.3738,316.7228,305.135,2.2389,0.0,5.0,5.011,7216,3,0,0,0.906,0,0,0,0,0,0
family18,CSDVRP-S-n8-s4,S,8,4,base,DRL-VNS18,2,3,5,359.1905,397.2233,357.0731,2.1174,0.0,5.0,5.044,6937,3,0,0,0.8793,0,0,0,0,0,0
family18,CSDVRP-S-n10-s4,S,10,4,base,DRL-VNS18,4,5,5,387.4582,460.8567,384.9244,2.5338,0.0,5.0,5.027,6854,3,0,0,0.98,0,0,0,0,0,0
family18,CSDVRP-M-n50-s1,M,50,1,base,Random-18,0,,15,1498.9727,1718.5004,1493.2879,5.6848,0.0,15.0,15.579,1783,15,0,0,0.9915,0,0,0,0,0,0
family18,CSDVRP-M-n30-s3,M,30,3,base,DRL-VNS18,8,4,10,969.1696,1099.7766,965.9069,3.2627,0.0,10.0,10.011,3547,10,0,0,0.988,0,0,0,0,0,0
family18,CSDVRP-S-n6-s4,S,6,4,base,Random-18,2,,5,307.3738,316.7228,305.135,2.2389,0.0,5.0,5.012,18254,3,0,0,0.906,0,0,0,0,0,0
family18,CSDVRP-XL-n150-s2,XL,150,2,base,Random-18,9,,50,4018.4667,4545.4892,4001.0064,17.4603,0.0,50.0,50.241,864,45,0,0,1.0,0,0,0,0,0,0
family18,CSDVRP-S-n6-s5,S,6,5,base,Fixed-dominant,5,,5,347.3173,347.7063,345.0582,2.2591,0.0,5.0,5.034,23313,3,0,0,0.9907,0,0,0,0,0,0
family18,CSDVRP-S-n20-s4,S,20,4,base,Marginal-18,7,3,6,719.4697,798.0501,715.5041,3.9656,0.0,6.0,6.015,4883,7,0,0,0.986,0,0,0,0,0,0
family18,CSDVRP-M-n30-s1,M,30,1,base,DRL-VNS18,6,2,10,1031.5482,1231.1888,1027.1043,4.4439,0.0,10.0,10.058,3122,10,0,0,0.98,0,0,0,0,0,0
family18,CSDVRP-S-n12-s3,S,12,3,base,Marginal-18,9,5,5,522.503,589.3086,503.6872,3.8157,15.0,5.0,4.998,11323,4,1,1,0.982,0,0,0,0,0,0
family18,CSDVRP-L-n75-s4,L,75,4,base,Fixed-dominant,7,,25,2203.4162,2460.454,2194.1963,9.22,0.0,25.0,25.121,1034,24,0,0,0.9996,0,0,0,0,0,0
family18,CSDVRP-S-n6-s3,S,6,3,base,Roulette-18,7,,5,230.2731,253.5784,228.5871,1.686,0.0,5.0,5.015,26458,2,0,0,0.9873,0,0,0,0,0,0
family18,CSDVRP-S-n15-s4,S,15,4,base,Random-18,9,,5,585.7427,624.2332,582.2908,3.4519,0.0,5.0,5.046,7301,6,0,0,0.9347,0,0,0,0,0,0
family18,CSDVRP-L-n100-s0,L,100,0,base,Roulette-18,0,,35,3087.534,3458.8862,3075.523,12.0111,0.0,35.016,35.212,699,31,0,0,1.0,0,0,0,0,0,0
family18,CSDVRP-S-n20-s0,S,20,0,base,DRL-VNS18,5,1,6,756.2207,835.2978,752.4896,3.7311,0.0,6.0,6.002,3720,7,0,0,0.9987,0,0,0,0,0,0
family18,CSDVRP-M-n50-s3,M,50,3,base,Random-18,2,,15,1398.8756,1746.7745,1392.5811,6.2945,0.0,15.0,15.047,1986,15,0,0,0.994,0,0,0,0,0,0
family18,CSDVRP-XL-n150-s1,XL,150,1,base,DRL-VNS18,5,1,50,4297.917,4744.1508,4250.2319,17.6851,30.0,50.0,50.306,960,44,1,2,1.0,0,0,0,0,0,0
family18,CSDVRP-S-n15-s0,S,15,0,base,Marginal-18,8,4,5,606.5233,666.3141,602.2712,4.2521,0.0,5.0,5.044,7425,5,0,0,0.9927,0,0,0,0,0,0
family18,CSDVRP-M-n50-s5,M,50,5,base,VNS-18,7,,15,1636.0623,1904.3598,1598.1086,7.9537,30.0,15.0,15.093,2123,15,1,2,1.0,0,0,0,0,0,0
family18,CSDVRP-S-n8-s5,S,8,5,base,Marginal-18,4,5,5,423.2126,427.0275,419.9371,3.2754,0.0,5.0,5.073,14407,3,0,0,0.894,0,0,0,0,0,0
family18,CSDVRP-L-n100-s1,L,100,1,base,DRL-VNS18,6,2,35,2675.5772,3146.4881,2635.4058,10.1714,30.0,35.0,35.122,833,29,1,2,1.0,0,0,0,0,0,0
family18,CSDVRP-S-n12-s4,S,12,4,base,DRL-VNS18,4,5,5,487.5063,536.3904,484.4937,3.0126,0.0,5.0,5.011,5692,4,0,0,0.9867,0,0,0,0,0,0
family18,CSDVRP-XL-n150-s3,XL,150,3,base,VNS-18,9,,50,3831.4371,4237.9876,3801.0237,15.4133,15.0,50.0,50.334,926,44,1,1,1.0,0,0,0,0,0,0
family18,CSDVRP-S-n12-s3,S,12,3,base,Marginal-18,8,4,5,522.4878,589.3086,503.6872,3.8005,15.0,5.0,5.005,11439,4,1,1,1.0,0,0,0,0,0,0
family18,CSDVRP-S-n12-s3,S,12,3,base,Roulette-18,3,,5,522.4878,589.3086,503.6872,3.8005,15.0,5.0,5.03,10979,4,1,1,1.0,0,0,0,0,0,0
family18,CSDVRP-S-n8-s3,S,8,3,base,Roulette-18,1,,5,339.8466,351.7127,337.5902,2.2564,0.0,5.0,4.997,16030,3,0,0,0.9567,0,0,0,0,0,0
family18,CSDVRP-M-n30-s4,M,30,4,base,Random-18,9,,10,925.7043,1151.8487,921.3091,4.3952,0.0,10.0,10.031,4340,10,0,0,0.99,0,0,0,0,0,0
family18,CSDVRP-L-n100-s4,L,100,4,base,VNS-18,3,,35,2993.4643,3371.4529,2922.4924,10.9719,60.0,35.031,35.155,720,30,2,4,1.0,0,0,0,0,0,0
family18,CSDVRP-M-n50-s5,M,50,5,base,DRL-VNS18,4,5,15,1653.2383,1904.3598,1630.748,7.4904,15.0,15.0,15.09,1695,16,1,1,1.0,0,0,0,0,0,0
family18,CSDVRP-M-n50-s0,M,50,0,base,Marginal-18,5,1,15,1735.1085,1986.2853,1698.3518,6.7568,30.0,15.0,15.029,1888,16,1,2,1.0,0,0,0,0,0,0
family18,CSDVRP-S-n20-s5,S,20,5,base,Roulette-18,7,,6,763.1659,865.7,758.6853,4.4806,0.0,6.0,6.013,5318,7,0,0,0.9947,0,0,0,0,0,0
family18,CSDVRP-S-n20-s3,S,20,3,base,Random-18,6,,6,703.6958,797.0264,684.6426,4.0532,15.0,6.0,6.058,5002,7,1,1,1.0,0,0,0,0,0,0
family18,CSDVRP-S-n12-s1,S,12,1,base,Roulette-18,6,,5,530.074,602.7068,511.2783,3.7957,15.0,5.0,4.999,9254,4,1,1,0.994,0,0,0,0,0,0
family18,CSDVRP-M-n30-s0,M,30,0,base,Random-18,4,,10,1110.5416,1303.6377,1091.4559,4.0856,15.0,10.0,10.012,3632,11,1,1,0.997,0,0,0,0,0,0
family18,CSDVRP-XL-n150-s5,XL,150,5,base,Random-18,8,,50,3854.5972,4291.4727,3793.4199,16.1773,45.0,50.016,50.276,891,44,2,3,1.0,0,0,0,0,0,0
family18,CSDVRP-L-n100-s5,L,100,5,base,Fixed-dominant,6,,35,2583.2371,3154.3549,2568.0566,15.1805,0.0,35.031,35.244,717,30,0,0,0.9988,0,0,0,0,0,0
family18,CSDVRP-L-n100-s2,L,100,2,base,VNS-18,2,,35,2808.5583,3167.7225,2798.6646,9.8936,0.0,35.0,35.233,736,30,0,0,0.9972,0,0,0,0,0,0
family18,CSDVRP-XL-n150-s1,XL,150,1,base,Random-18,1,,50,4233.4356,4744.1508,4172.9498,15.4858,45.0,50.094,50.44,922,45,2,3,1.0,0,0,0,0,0,0
family18,CSDVRP-L-n100-s3,L,100,3,base,DRL-VNS18,5,1,35,2689.3752,3095.0715,2678.0895,11.2857,0.0,35.016,35.263,731,30,0,0,1.0,0,0,0,0,0,0
family18,CSDVRP-S-n20-s5,S,20,5,base,Fixed-dominant,4,,6,763.1659,865.7,758.6853,4.4806,0.0,6.0,6.074,6250,7,0,0,0.9947,0,0,0,0,0,0
family18,CSDVRP-S-n6-s4,S,6,4,base,Marginal-18,2,3,5,307.3738,316.7228,305.135,2.2389,0.0,5.0,5.029,17811,3,0,0,0.906,0,0,0,0,0,0
family18,CSDVRP-M-n50-s0,M,50,0,base,Random-18,9,,15,1713.517,1986.2853,1705.7308,7.7861,0.0,15.0,15.02,1850,16,0,0,0.986,0,0,0,0,0,0
family18,CSDVRP-L-n75-s1,L,75,1,base,Random-18,6,,25,2095.507,2408.8056,2057.1515,8.3554,30.0,25.016,25.18,1106,23,1,2,1.0,0,0,0,0,0,0
family18,CSDVRP-S-n8-s1,S,8,1,base,Marginal-18,4,5,5,335.8429,376.3954,333.6723,2.1706,0.0,5.0,5.028,17334,3,0,0,0.9073,0,0,0,0,0,0
family18,CSDVRP-S-n15-s1,S,15,1,base,Fixed-dominant,8,,5,599.4153,675.8866,596.1341,3.2813,0.0,5.0,5.044,6552,6,0,0,0.9,0,0,0,0,0,0
family18,CSDVRP-S-n15-s2,S,15,2,base,DRL-VNS18,9,5,5,604.4369,645.109,602.0225,2.4144,0.0,5.0,5.013,4303,6,0,0,0.9953,0,0,0,0,0,0
family18,CSDVRP-M-n30-s2,M,30,2,base,DRL-VNS18,8,4,10,950.8409,1162.4183,933.102,2.7389,15.0,10.0,10.153,2939,10,1,1,1.0,0,0,0,0,0,0
family18,CSDVRP-S-n12-s2,S,12,2,base,DRL-VNS18,3,4,5,460.175,518.4642,458.0808,2.0942,0.0,5.0,5.027,6330,4,0,0,0.998,0,0,0,0,0,0
family18,CSDVRP-S-n12-s3,S,12,3,base,VNS-18,7,,5,522.4878,589.3086,503.6872,3.8005,15.0,5.0,5.186,11199,4,1,1,1.0,0,0,0,0,0,0
family18,CSDVRP-M-n30-s1,M,30,1,base,Roulette-18,9,,10,1057.3121,1231.1888,1037.9499,4.3622,15.0,10.0,10.183,3229,10,1,1,1.0,0,0,0,0,0,0
family18,CSDVRP-M-n50-s5,M,50,5,base,Roulette-18,7,,15,1612.648,1904.3598,1603.9005,8.7474,0.0,15.0,17.214,2180,15,0,0,0.9985,0,0,0,0,0,0
family18,CSDVRP-S-n20-s5,S,20,5,base,Marginal-18,9,5,6,763.1659,865.7,758.6853,4.4806,0.0,6.0,7.453,6527,7,0,0,0.9947,0,0,0,0,0,0
family18,CSDVRP-M-n50-s1,M,50,1,base,Marginal-18,6,2,15,1518.6927,1718.5004,1513.1913,5.5015,0.0,15.0,16.142,1983,16,0,0,0.994,0,0,0,0,0,0
family18,CSDVRP-S-n20-s0,S,20,0,base,DRL-VNS18,8,4,6,756.2207,835.2978,752.4896,3.7311,0.0,6.0,6.102,3418,7,0,0,0.9987,0,0,0,0,0,0
family18,CSDVRP-L-n75-s3,L,75,3,base,Fixed-dominant,3,,25,2089.1163,2332.9982,2080.3941,8.7222,0.0,25.0,26.647,912,24,0,0,0.9956,0,0,0,0,0,0
family18,CSDVRP-S-n12-s2,S,12,2,base,DRL-VNS18,5,1,5,460.175,518.4642,458.0808,2.0942,0.0,5.0,5.112,5527,4,0,0,0.998,0,0,0,0,0,0
family18,CSDVRP-S-n6-s4,S,6,4,base,Random-18,7,,5,307.3738,316.7228,305.135,2.2389,0.0,5.0,5.185,16342,3,0,0,0.906,0,0,0,0,0,0
family18,CSDVRP-M-n50-s2,M,50,2,base,Marginal-18,9,5,15,1468.0244,1677.4231,1461.7612,6.2631,0.0,15.0,15.528,1619,16,0,0,0.9985,0,0,0,0,0,0
family18,CSDVRP-S-n12-s5,S,12,5,base,Fixed-dominant,6,,5,521.0601,535.5205,517.6832,3.3769,0.0,5.0,5.216,9630,4,0,0,0.978,0,0,0,0,0,0
family18,CSDVRP-S-n6-s4,S,6,4,base,Random-18,1,,5,307.3738,316.7228,305.135,2.2389,0.0,5.0,5.155,16984,3,0,0,0.906,0,0,0,0,0,0
family18,CSDVRP-S-n10-s4,S,10,4,base,Roulette-18,7,,5,387.4582,460.8567,384.9244,2.5338,0.0,5.0,5.294,13148,3,0,0,0.98,0,0,0,0,0,0
family18,CSDVRP-S-n20-s5,S,20,5,base,Random-18,3,,6,763.1659,865.7,758.6853,4.4806,0.0,6.0,6.124,5012,7,0,0,0.9947,0,0,0,0,0,0
family18,CSDVRP-CS-Riyadh,case,30,0,base,Marginal-18,2,3,30,421.2,711.0291,415.2631,5.9369,0.0,30.0,30.981,12782,4,0,0,0.982,0,0,0,0,0,0
family18,CSDVRP-S-n15-s3,S,15,3,base,Marginal-18,5,1,5,601.4006,692.2972,597.8561,3.5445,0.0,5.0,5.123,5859,6,0,0,0.998,0,0,0,0,0,0
family18,CSDVRP-M-n30-s5,M,30,5,base,Roulette-18,1,,10,1113.5652,1247.2838,1094.2328,4.3324,15.0,10.0,10.531,3378,10,1,1,1.0,0,0,0,0,0,0
family18,CSDVRP-S-n6-s4,S,6,4,base,Fixed-dominant,5,,5,307.3738,316.7228,305.135,2.2389,0.0,5.0,5.072,19506,3,0,0,0.906,0,0,0,0,0,0
family18,CSDVRP-L-n100-s2,L,100,2,base,Random-18,2,,35,2769.8812,3167.7225,2757.3661,12.5151,0.0,35.016,36.35,679,29,0,0,0.9964,0,0,0,0,0,0
family18,CSDVRP-M-n30-s0,M,30,0,base,Marginal-18,7,3,10,1092.964,1303.6377,1089.1614,3.8025,0.0,10.0,10.04,3376,11,0,0,0.997,0,0,0,0,0,0
family18,CSDVRP-S-n20-s3,S,20,3,base,Fixed-dominant,6,,6,691.2399,797.0264,687.1116,4.1284,0.0,6.0,6.011,5861,7,0,0,0.9707,0,0,0,0,0,0
family18,CSDVRP-S-n15-s0,S,15,0,base,Roulette-18,0,,5,606.5233,666.3141,602.2712,4.2521,0.0,5.0,5.044,6799,5,0,0,0.9927,0,0,0,0,0,0
family18,CSDVRP-S-n12-s1,S,12,1,base,Random-18,4,,5,546.6653,602.7068,512.8082,3.8571,30.0,5.0,5.06,9348,4,2,2,0.994,0,0,0,0,0,0
family18,CSDVRP-S-n10-s4,S,10,4,base,DRL-VNS18,2,3,5,387.4582,460.8567,384.9244,2.5338,0.0,5.0,5.044,6396,3,0,0,0.98,0,0,0,0,0,0
family18,CSDVRP-S-n6-s4,S,6,4,base,Marginal-18,4,5,5,307.3738,316.7228,305.135,2.2389,0.0,5.0,5.014,16695,3,0,0,0.906,0,0,0,0,0,0
family18,CSDVRP-S-n20-s2,S,20,2,base,Marginal-18,4,5,6,670.121,732.8183,667.0092,3.1118,0.0,6.0,6.061,4893,7,0,0,0.9933,0,0,0,0,0,0
family18,CSDVRP-S-n10-s3,S,10,3,base,Fixed-dominant,9,,5,420.1822,456.2198,416.4464,3.7358,0.0,5.0,5.013,15568,3,0,0,0.9593,0,0,0,0,0,0
family18,CSDVRP-S-n8-s1,S,8,1,base,DRL-VNS18,3,4,5,335.8429,376.3954,333.6723,2.1706,0.0,5.0,4.995,6499,3,0,0,0.9073,0,0,0,0,0,0
family18,CSDVRP-S-n6-s3,S,6,3,base,Random-18,8,,5,230.2731,253.5784,228.5871,1.686,0.0,5.0,4.999,26764,2,0,0,0.9873,0,0,0,0,0,0
family18,CSDVRP-M-n50-s2,M,50,2,base,Marginal-18,6,2,15,1473.2104,1677.4231,1452.3235,5.8869,15.0,15.0,15.155,1772,16,1,1,1.0,0,0,0,0,0,0
family18,CSDVRP-M-n50-s3,M,50,3,base,DRL-VNS18,4,5,15,1399.3583,1746.7745,1393.2711,6.0873,0.0,15.0,15.105,1847,15,0,0,0.994,0,0,0,0,0,0
family18,CSDVRP-M-n50-s0,M,50,0,base,DRL-VNS18,9,5,15,1721.8311,1986.2853,1712.9356,8.8955,0.0,15.0,15.06,1942,16,0,0,0.9985,0,0,0,0,0,0
family18,CSDVRP-S-n20-s0,S,20,0,base,VNS-18,9,,6,756.2207,835.2978,752.4896,3.7311,0.0,6.0,6.042,4631,7,0,0,0.9987,0,0,0,0,0,0
family18,CSDVRP-S-n6-s4,S,6,4,base,DRL-VNS18,8,4,5,307.3738,316.7228,305.135,2.2389,0.0,5.0,5.089,6923,3,0,0,0.906,0,0,0,0,0,0
family18,CSDVRP-S-n15-s0,S,15,0,base,Random-18,9,,5,606.5233,666.3141,602.2712,4.2521,0.0,5.0,5.03,7085,5,0,0,0.9927,0,0,0,0,0,0
family18,CSDVRP-S-n10-s3,S,10,3,base,VNS-18,2,,5,398.3226,456.2198,394.9219,3.4007,0.0,5.0,5.03,13750,3,0,0,0.9427,0,0,0,0,0,0
family18,CSDVRP-L-n75-s3,L,75,3,base,VNS-18,3,,25,2133.8976,2332.9982,2082.1226,6.775,45.0,25.0,25.156,1082,24,2,3,1.0,0,0,0,0,0,0
family18,CSDVRP-S-n12-s5,S,12,5,base,Marginal-18,4,5,5,521.0601,535.5205,517.6832,3.3769,0.0,5.0,4.996,9400,4,0,0,0.978,0,0,0,0,0,0
family18,CSDVRP-M-n30-s3,M,30,3,base,Roulette-18,1,,10,969.1696,1099.7766,965.9069,3.2627,0.0,10.0,10.108,3862,10,0,0,0.988,0,0,0,0,0,0
family18,CSDVRP-S-n20-s2,S,20,2,base,DRL-VNS18,0,1,6,670.1283,732.8183,667.0092,3.1191,0.0,6.0,6.026,3364,7,0,0,0.9933,0,0,0,0,0,0
family18,CSDVRP-S-n6-s4,S,6,4,base,DRL-VNS18,1,2,5,307.3738,316.7228,305.135,2.2389,0.0,5.0,5.013,6891,3,0,0,0.906,0,0,0,0,0,0
family18,CSDVRP-XL-n150-s1,XL,150,1,base,VNS-18,6,,50,4418.7573,4744.1508,4239.5684,14.1889,165.0,50.031,50.304,857,45,6,11,1.0,0,0,0,0,0,0
family18,CSDVRP-S-n12-s1,S,12,1,base,DRL-VNS18,2,3,5,527.1742,602.7068,508.3795,3.7947,15.0,5.0,5.002,5105,4,1,1,1.0,0,0,0,0,0,0
family18,CSDVRP-L-n75-s0,L,75,0,base,VNS-18,9,,25,2409.7648,2688.4285,2401.1797,8.5851,0.0,25.0,25.16,1049,24,0,0,0.9984,0,0,0,0,0,0
family18,CSDVRP-S-n10-s2,S,10,2,base,VNS-18,6,,5,391.6922,436.4179,389.0812,2.6111,0.0,5.0,5.021,15775,3,0,0,0.9787,0,0,0,0,0,0
family18,CSDVRP-S-n20-s5,S,20,5,base,VNS-18,7,,6,763.1659,865.7,758.6853,4.4806,0.0,6.0,6.015,5266,7,0,0,0.9947,0,0,0,0,0,0
family18,CSDVRP-L-n100-s5,L,100,5,base,DRL-VNS18,3,4,35,2588.3144,3154.3549,2575.249,13.0654,0.0,35.0,35.173,688,30,0,0,0.9988,0,0,0,0,0,0
family18,CSDVRP-S-n20-s4,S,20,4,base,VNS-18,5,,6,719.4697,798.0501,715.5041,3.9656,0.0,6.0,6.006,4580,7,0,0,0.986,0,0,0,0,0,0
family18,CSDVRP-L-n100-s0,L,100,0,base,Marginal-18,1,2,35,3187.0394,3458.8862,3038.0164,14.023,135.0,35.094,35.324,739,30,5,9,1.0,0,0,0,0,0,0
family18,CSDVRP-L-n75-s5,L,75,5,base,Random-18,5,,25,2073.4819,2327.4464,2065.4036,8.0783,0.0,25.0,25.174,1075,22,0,0,0.9992,0,0,0,0,0,0
family18,CSDVRP-L-n100-s1,L,100,1,base,DRL-VNS18,1,2,35,2644.1325,3146.4881,2633.4218,10.7108,0.0,35.062,35.2,786,29,0,0,1.0,0,0,0,0,0,0
family18,CSDVRP-L-n75-s2,L,75,2,base,Roulette-18,4,,25,2106.014,2442.0216,2083.182,7.832,15.0,25.0,25.061,1200,22,1,1,1.0,0,0,0,0,0,0
family18,CSDVRP-S-n12-s4,S,12,4,base,Marginal-18,6,2,5,487.5063,536.3904,484.4937,3.0126,0.0,5.0,5.021,10325,4,0,0,0.9867,0,0,0,0,0,0
family18,CSDVRP-M-n50-s2,M,50,2,base,VNS-18,8,,15,1468.115,1677.4231,1462.0673,6.0477,0.0,15.0,15.096,1677,16,0,0,0.9985,0,0,0,0,0,0
family18,CSDVRP-S-n10-s2,S,10,2,base,VNS-18,9,,5,391.6922,436.4179,389.0812,2.6111,0.0,5.0,5.01,15592,3,0,0,0.9787,0,0,0,0,0,0
family18,CSDVRP-L-n75-s1,L,75,1,base,Random-18,5,,25,2102.2233,2408.8056,2065.6175,6.6057,30.0,25.016,25.095,1126,23,2,2,1.0,0,0,0,0,0,0
family18,CSDVRP-XL-n150-s1,XL,150,1,base,Marginal-18,5,1,50,4208.9062,4744.1508,4193.6325,15.2737,0.0,50.0,50.275,915,45,0,0,0.9977,0,0,0,0,0,0
family18,CSDVRP-S-n12-s1,S,12,1,base,DRL-VNS18,1,2,5,511.4838,602.7068,507.9062,3.5776,0.0,5.0,5.01,5210,4,0,0,0.994,0,0,0,0,0,0
family18,CSDVRP-L-n100-s5,L,100,5,base,Fixed-dominant,0,,35,2616.3194,3154.3549,2600.8689,15.4505,0.0,35.016,35.226,624,30,0,0,0.9988,0,0,0,0,0,0
family18,CSDVRP-S-n20-s1,S,20,1,base,Random-18,6,,6,785.2664,908.0268,780.5879,4.6785,0.0,6.0,6.036,4785,7,0,0,0.9833,0,0,0,0,0,0
family18,CSDVRP-M-n50-s3,M,50,3,base,DRL-VNS18,1,2,15,1399.0539,1746.7745,1393.2711,5.7828,0.0,15.0,15.076,1864,15,0,0,0.994,0,0,0,0,0,0
family18,CSDVRP-M-n30-s2,M,30,2,base,Marginal-18,1,2,10,941.6665,1162.4183,938.3163,3.3502,0.0,10.0,10.094,3553,10,0,0,0.9865,0,0,0,0,0,0
family18,CSDVRP-S-n8-s5,S,8,5,base,DRL-VNS18,7,3,5,423.2126,427.0275,419.9371,3.2754,0.0,5.0,5.024,6203,3,0,0,0.894,0,0,0,0,0,0
family18,CSDVRP-S-n10-s4,S,10,4,base,VNS-18,2,,5,387.4582,460.8567,384.9244,2.5338,0.0,5.0,5.043,14939,3,0,0,0.98,0,0,0,0,0,0
family18,CSDVRP-M-n30-s4,M,30,4,base,DRL-VNS18,3,4,10,926.5915,1151.8487,921.3091,5.2824,0.0,10.0,10.03,2928,10,0,0,0.99,0,0,0,0,0,0
family18,CSDVRP-XL-n150-s3,XL,150,3,base,Marginal-18,3,4,50,3844.1348,4237.9876,3799.0357,15.0991,30.0,50.141,50.509,867,44,1,2,1.0,0,0,0,0,0,0
family18,CSDVRP-S-n15-s1,S,15,1,base,Fixed-dominant,5,,5,599.4153,675.8866,596.1341,3.2813,0.0,5.0,5.046,6111,6,0,0,0.9,0,0,0,0,0,0
family18,CSDVRP-S-n15-s1,S,15,1,base,Roulette-18,5,,5,590.7648,675.8866,586.7939,3.9709,0.0,5.0,5.032,5983,5,0,0,0.9987,0,0,0,0,0,0
family18,CSDVRP-XL-n150-s0,XL,150,0,base,Fixed-dominant,1,,50,4424.1244,5021.4451,4407.1575,16.9668,0.0,50.0,50.269,1205,47,0,0,0.9997,0,0,0,0,0,0
family18,CSDVRP-S-n15-s4,S,15,4,base,Fixed-dominant,1,,5,606.3303,624.2332,601.9721,4.3582,0.0,5.0,5.086,8008,5,0,0,0.9993,0,0,0,0,0,0
family18,CSDVRP-S-n12-s1,S,12,1,base,Fixed-dominant,7,,5,527.1926,602.7068,508.3795,3.813,15.0,5.0,4.998,10806,4,1,1,0.9927,0,0,0,0,0,0
family18,CSDVRP-M-n50-s2,M,50,2,base,Random-18,2,,15,1468.0244,1677.4231,1461.7612,6.2631,0.0,15.0,15.095,1639,16,0,0,0.9985,0,0,0,0,0,0
family18,CSDVRP-S-n6-s1,S,6,1,base,Marginal-18,1,2,5,341.7876,362.2464,340.1093,1.6783,0.0,5.0,5.026,20032,3,0,0,0.926,0,0,0,0,0,0
family18,CSDVRP-XL-n150-s2,XL,150,2,base,Roulette-18,9,,50,4030.4092,4545.4892,3984.0899,16.3193,30.0,50.078,50.314,901,45,1,2,1.0,0,0,0,0,0,0
family18,CSDVRP-S-n6-s4,S,6,4,base,Marginal-18,9,5,5,307.3738,316.7228,305.135,2.2389,0.0,5.0,5.009,16551,3,0,0,0.906,0,0,0,0,0,0
family18,CSDVRP-M-n50-s0,M,50,0,base,Random-18,2,,15,1713.4924,1986.2853,1705.7308,7.7616,0.0,15.0,15.018,1722,16,0,0,0.986,0,0,0,0,0,0
family18,CSDVRP-XL-n150-s5,XL,150,5,base,Marginal-18,7,3,50,3855.9022,4291.4727,3837.4597,18.4425,0.0,50.0,50.336,905,45,0,0,0.9997,0,0,0,0,0,0
family18,CSDVRP-S-n12-s4,S,12,4,base,Fixed-dominant,7,,5,488.9656,536.3904,484.4937,4.4719,0.0,5.0,5.012,10784,4,0,0,0.9867,0,0,0,0,0,0
family18,CSDVRP-S-n20-s0,S,20,0,base,VNS-18,4,,6,756.3441,835.2978,752.4896,3.8544,0.0,6.0,6.016,4664,7,0,0,0.9987,0,0,0,0,0,0
family18,CSDVRP-S-n20-s0,S,20,0,base,Roulette-18,6,,6,756.3441,835.2978,752.4896,3.8544,0.0,6.0,6.03,4638,7,0,0,0.9987,0,0,0,0,0,0
family18,CSDVRP-S-n20-s2,S,20,2,base,VNS-18,5,,6,670.1283,732.8183,667.0092,3.1191,0.0,6.0,6.075,4562,7,0,0,0.9933,0,0,0,0,0,0
family18,CSDVRP-M-n50-s1,M,50,1,base,VNS-18,0,,15,1498.8092,1718.5004,1493.2879,5.5213,0.0,15.0,15.034,1810,15,0,0,0.9915,0,0,0,0,0,0
family18,CSDVRP-S-n15-s3,S,15,3,base,Fixed-dominant,2,,5,601.4006,692.2972,597.8561,3.5445,0.0,5.0,5.008,6627,6,0,0,0.998,0,0,0,0,0,0
family18,CSDVRP-M-n30-s0,M,30,0,base,Fixed-dominant,0,,10,1093.6363,1303.6377,1089.1614,4.4748,0.0,10.0,10.046,3625,11,0,0,0.997,0,0,0,0,0,0
family18,CSDVRP-M-n30-s4,M,30,4,base,Roulette-18,4,,10,926.5673,1151.8487,921.3091,5.2583,0.0,10.0,10.079,3620,10,0,0,0.99,0,0,0,0,0,0
family18,CSDVRP-L-n100-s2,L,100,2,base,Random-18,8,,35,2821.1438,3167.7225,2778.8844,12.2594,30.0,35.078,35.339,679,29,1,2,0.9988,0,0,0,0,0,0
family18,CSDVRP-S-n10-s1,S,10,1,base,VNS-18,5,,5,394.7924,479.2322,392.2685,2.5239,0.0,5.0,5.043,9285,4,0,0,0.9253,0,0,0,0,0,0
family18,CSDVRP-S-n15-s1,S,15,1,base,Random-18,4,,5,599.4153,675.8866,596.1341,3.2813,0.0,5.0,5.029,5669,6,0,0,0.9,0,0,0,0,0,0
family18,CSDVRP-S-n20-s1,S,20,1,base,Fixed-dominant,7,,6,786.0301,908.0268,780.5879,5.4422,0.0,6.0,6.029,5013,7,0,0,0.9833,0,0,0,0,0,0
family18,CSDVRP-XL-n150-s1,XL,150,1,base,Roulette-18,7,,50,4301.4651,4744.1508,4225.6303,15.8349,60.0,50.016,50.345,943,46,2,4,1.0,0,0,0,0,0,0
family18,CSDVRP-S-n15-s3,S,15,3,base,Fixed-dominant,3,,5,601.4006,692.2972,597.8561,3.5445,0.0,5.0,5.026,6577,6,0,0,0.998,0,0,0,0,0,0
family18,CSDVRP-M-n30-s1,M,30,1,base,Fixed-dominant,0,,10,1034.0975,1231.1888,1029.4314,4.6662,0.0,10.0,10.06,3816,10,0,0,0.988,0,0,0,0,0,0
family18,CSDVRP-S-n15-s3,S,15,3,base,Random-18,1,,5,601.4006,692.2972,597.8561,3.5445,0.0,5.0,5.013,6162,6,0,0,0.998,0,0,0,0,0,0
family18,CSDVRP-S-n20-s1,S,20,1,base,Marginal-18,5,1,6,785.2664,908.0268,780.5879,4.6785,0.0,6.0,6.014,4686,7,0,0,0.9833,0,0,0,0,0,0
family18,CSDVRP-XL-n150-s4,XL,150,4,base,Random-18,1,,50,4004.6552,4802.2805,3797.7487,11.9065,195.0,50.109,50.394,863,44,9,13,1.0,0,0,0,0,0,0
family18,CSDVRP-S-n10-s5,S,10,5,base,Roulette-18,5,,5,454.5993,485.8354,450.6688,3.9305,0.0,5.0,5.023,11029,3,0,0,0.956,0,0,0,0,0,0
family18,CSDVRP-S-n15-s2,S,15,2,base,Roulette-18,9,,5,604.4369,645.109,602.0225,2.4144,0.0,5.0,5.029,6164,6,0,0,0.9953,0,0,0,0,0,0
family18,CSDVRP-S-n10-s3,S,10,3,base,Roulette-18,0,,5,398.3226,456.2198,394.9219,3.4007,0.0,5.0,5.028,13040,3,0,0,0.9427,0,0,0,0,0,0
family18,CSDVRP-S-n15-s5,S,15,5,base,Random-18,2,,5,666.5148,800.4223,662.7682,3.7467,0.0,5.0,5.015,7961,5,0,0,0.9993,0,0,0,0,0,0
family18,CSDVRP-XL-n150-s3,XL,150,3,base,Fixed-dominant,1,,50,3884.9246,4237.9876,3866.2848,18.6398,0.0,50.016,50.667,1176,44,0,0,1.0,0,0,0,0,0,0
family18,CSDVRP-M-n30-s3,M,30,3,base,VNS-18,9,,10,969.1696,1099.7766,965.9069,3.2627,0.0,10.0,10.046,3913,10,0,0,0.988,0,0,0,0,0,0
family18,CSDVRP-XL-n150-s5,XL,150,5,base,Roulette-18,9,,50,3860.1787,4291.4727,3842.8803,17.2984,0.0,50.062,50.403,819,45,0,0,0.999,0,0,0,0,0,0
family18,CSDVRP-S-n12-s5,S,12,5,base,Random-18,2,,5,521.0601,535.5205,517.6832,3.3769,0.0,5.0,5.013,9724,4,0,0,0.978,0,0,0,0,0,0
family18,CSDVRP-S-n20-s0,S,20,0,base,VNS-18,6,,6,756.2207,835.2978,752.4896,3.7311,0.0,6.0,6.03,4669,7,0,0,0.9987,0,0,0,0,0,0
family18,CSDVRP-L-n100-s4,L,100,4,base,Roulette-18,4,,35,2940.2097,3371.4529,2927.1752,13.0345,0.0,35.031,35.137,692,31,0,0,0.9976,0,0,0,0,0,0
family18,CSDVRP-M-n30-s2,M,30,2,base,Random-18,6,,10,945.6669,1162.4183,941.8287,3.8382,0.0,10.0,10.124,3374,10,0,0,0.9865,0,0,0,0,0,0
family18,CSDVRP-XL-n150-s1,XL,150,1,base,Fixed-dominant,2,,50,4272.1577,4744.1508,4255.1662,16.9915,0.0,50.016,50.363,1252,45,0,0,0.9997,0,0,0,0,0,0
family18,CSDVRP-S-n12-s4,S,12,4,base,Marginal-18,3,4,5,487.5063,536.3904,484.4937,3.0126,0.0,5.0,5.286,9994,4,0,0,0.9867,0,0,0,0,0,0
family18,CSDVRP-M-n30-s5,M,30,5,base,Fixed-dominant,6,,10,1127.6022,1247.2838,1091.5361,6.066,30.0,10.0,10.004,3966,10,2,2,1.0,0,0,0,0,0,0
family18,CSDVRP-M-n30-s4,M,30,4,base,VNS-18,6,,10,925.7043,1151.8487,921.3091,4.3952,0.0,10.0,10.047,3310,10,0,0,0.99,0,0,0,0,0,0
family18,CSDVRP-L-n100-s3,L,100,3,base,Roulette-18,5,,35,2715.099,3095.0715,2689.3556,10.7433,15.0,35.016,35.192,704,31,1,1,1.0,0,0,0,0,0,0
family18,CSDVRP-M-n50-s0,M,50,0,base,Roulette-18,7,,15,1709.9771,1986.2853,1703.4604,6.5167,0.0,15.0,15.098,1869,16,0,0,0.9865,0,0,0,0,0,0
family18,CSDVRP-M-n30-s5,M,30,5,base,Fixed-dominant,7,,10,1130.6418,1247.2838,1123.3845,7.2574,0.0,10.0,10.024,4196,10,0,0,0.9905,0,0,0,0,0,0
family18,CSDVRP-M-n50-s4,M,50,4,base,Random-18,5,,15,1666.6131,1919.2804,1659.8524,6.7608,0.0,15.0,15.027,1522,16,0,0,0.9915,0,0,0,0,0,0
family18,CSDVRP-M-n30-s4,M,30,4,base,VNS-18,2,,10,926.1514,1151.8487,921.3091,4.8423,0.0,10.0,10.053,3410,10,0,0,0.99,0,0,0,0,0,0
family18,CSDVRP-M-n50-s4,M,50,4,base,Marginal-18,7,3,15,1649.09,1919.2804,1642.0919,6.9981,0.0,15.0,15.084,1594,17,0,0,0.995,0,0,0,0,0,0
family18,CSDVRP-S-n15-s2,S,15,2,base,Random-18,0,,5,604.4369,645.109,602.0225,2.4144,0.0,5.0,4.997,6166,6,0,0,0.9953,0,0,0,0,0,0
family18,CSDVRP-S-n15-s4,S,15,4,base,DRL-VNS18,5,1,5,585.7427,624.2332,582.2908,3.4519,0.0,5.0,5.09,4401,6,0,0,0.9347,0,0,0,0,0,0
family18,CSDVRP-M-n50-s3,M,50,3,base,VNS-18,2,,15,1398.7698,1746.7745,1392.5811,6.1887,0.0,15.0,15.063,1870,15,0,0,0.994,0,0,0,0,0,0
family18,CSDVRP-L-n75-s0,L,75,0,base,Random-18,5,,25,2410.6798,2688.4285,2401.1797,9.5001,0.0,25.0,25.166,1070,24,0,0,0.9984,0,0,0,0,0,0
family18,CSDVRP-S-n12-s4,S,12,4,base,VNS-18,8,,5,487.5063,536.3904,484.4937,3.0126,0.0,5.0,4.997,10691,4,0,0,0.9867,0,0,0,0,0,0
family18,CSDVRP-M-n30-s4,M,30,4,base,Marginal-18,5,1,10,925.7284,1151.8487,921.3091,4.4194,0.0,10.0,10.061,3491,10,0,0,0.99,0,0,0,0,0,0
family18,CSDVRP-M-n30-s4,M,30,4,base,Marginal-18,9,5,10,926.1273,1151.8487,921.3091,4.8182,0.0,10.0,10.111,3635,10,0,0,0.99,0,0,0,0,0,0
family18,CSDVRP-S-n12-s5,S,12,5,base,Roulette-18,5,,5,521.0601,535.5205,517.6832,3.3769,0.0,5.0,5.027,9420,4,0,0,0.978,0,0,0,0,0,0
family18,CSDVRP-S-n8-s4,S,8,4,base,VNS-18,6,,5,359.1905,397.2233,357.0731,2.1174,0.0,5.0,4.998,15982,3,0,0,0.8793,0,0,0,0,0,0
family18,CSDVRP-S-n20-s4,S,20,4,base,Roulette-18,7,,6,719.4697,798.0501,715.5041,3.9656,0.0,6.0,6.062,4947,7,0,0,0.986,0,0,0,0,0,0
family18,CSDVRP-S-n10-s4,S,10,4,base,VNS-18,3,,5,387.4582,460.8567,384.9244,2.5338,0.0,5.0,5.043,15357,3,0,0,0.98,0,0,0,0,0,0
family18,CSDVRP-S-n10-s1,S,10,1,base,DRL-VNS18,8,4,5,394.7924,479.2322,392.2685,2.5239,0.0,5.0,5.013,5154,4,0,0,0.9253,0,0,0,0,0,0
family18,CSDVRP-L-n75-s0,L,75,0,base,Fixed-dominant,1,,25,2412.2149,2688.4285,2401.1797,11.0352,0.0,25.016,25.128,1052,24,0,0,0.9984,0,0,0,0,0,0
family18,CSDVRP-L-n75-s3,L,75,3,base,Marginal-18,3,4,25,2123.7369,2332.9982,2102.5798,6.1571,15.0,25.094,25.251,1061,24,1,1,0.9956,0,0,0,0,0,0
family18,CSDVRP-S-n8-s1,S,8,1,base,VNS-18,4,,5,335.8429,376.3954,333.6723,2.1706,0.0,5.0,5.036,17120,3,0,0,0.9073,0,0,0,0,0,0
family18,CSDVRP-M-n30-s2,M,30,2,base,Roulette-18,0,,10,955.3895,1162.4183,937.8256,2.5639,15.0,10.0,10.043,3169,10,1,1,1.0,0,0,0,0,0,0
family18,CSDVRP-S-n20-s0,S,20,0,base,Roulette-18,3,,6,756.3441,835.2978,752.4896,3.8544,0.0,6.0,6.03,4685,7,0,0,0.9987,0,0,0,0,0,0
family18,CSDVRP-M-n50-s4,M,50,4,base,VNS-18,5,,15,1642.4367,1919.2804,1635.5121,6.9246,0.0,15.0,15.037,1991,16,0,0,0.998,0,0,0,0,0,0
family18,CSDVRP-S-n15-s3,S,15,3,base,Marginal-18,9,5,5,601.4006,692.2972,597.8561,3.5445,0.0,5.0,5.052,6318,6,0,0,0.998,0,0,0,0,0,0
family18,CSDVRP-L-n75-s5,L,75,5,base,Random-18,2,,25,2101.8288,2327.4464,2093.7502,8.0787,0.0,25.0,25.24,1044,23,0,0,1.0,0,0,0,0,0,0
family18,CSDVRP-S-n12-s3,S,12,3,base,Random-18,3,,5,522.4878,589.3086,503.6872,3.8005,15.0,5.0,5.022,11189,4,1,1,1.0,0,0,0,0,0,0
family18,CSDVRP-S-n12-s2,S,12,2,base,VNS-18,6,,5,460.175,518.4642,458.0808,2.0942,0.0,5.0,5.029,13162,4,0,0,0.998,0,0,0,0,0,0
family18,CSDVRP-L-n100-s5,L,100,5,base,Roulette-18,2,,35,2655.041,3154.3549,2583.2941,11.747,60.0,35.094,35.361,760,30,2,4,1.0,0,0,0,0,0,0
family18,CSDVRP-S-n8-s4,S,8,4,base,DRL-VNS18,4,5,5,359.1905,397.2233,357.0731,2.1174,0.0,5.0,5.023,6672,3,0,0,0.8793,0,0,0,0,0,0
family18,CSDVRP-S-n15-s3,S,15,3,base,Roulette-18,5,,5,601.4006,692.2972,597.8561,3.5445,0.0,5.0,5.03,6281,6,0,0,0.998,0,0,0,0,0,0
family18,CSDVRP-S-n15-s3,S,15,3,base,Roulette-18,8,,5,601.4006,692.2972,597.8561,3.5445,0.0,5.0,5.001,6111,6,0,0,0.998,0,0,0,0,0,0
family18,CSDVRP-XL-n150-s3,XL,150,3,base,DRL-VNS18,5,1,50,3804.3478,4237.9876,3786.8429,17.5049,0.0,50.0,50.345,943,43,0,0,0.9983,0,0,0,0,0,0
family18,CSDVRP-S-n10-s2,S,10,2,base,Fixed-dominant,8,,5,392.3853,436.4179,389.0812,3.3041,0.0,5.0,5.006,17671,3,0,0,0.9787,0,0,0,0,0,0
family18,CSDVRP-S-n12-s5,S,12,5,base,DRL-VNS18,9,5,5,521.0601,535.5205,517.6832,3.3769,0.0,5.0,4.998,5283,4,0,0,0.978,0,0,0,0,0,0
family18,CSDVRP-S-n12-s1,S,12,1,base,Fixed-dominant,3,,5,527.441,602.7068,508.6521,3.7889,15.0,5.0,5.045,9915,4,1,1,1.0,0,0,0,0,0,0
family18,CSDVRP-M-n50-s4,M,50,4,base,VNS-18,9,,15,1648.0114,1919.2804,1641.0889,6.9225,0.0,15.0,15.099,1597,16,0,0,0.9925,0,0,0,0,0,0
family18,CSDVRP-L-n100-s2,L,100,2,base,Random-18,9,,35,2774.6052,3167.7225,2762.44,12.1652,0.0,35.0,35.204,751,29,0,0,0.9992,0,0,0,0,0,0
family18,CSDVRP-CS-Riyadh,case,30,0,base,VNS-18,1,,30,421.0594,711.0291,415.2538,5.8056,0.0,30.0,30.221,14375,4,0,0,0.982,0,0,0,0,0,0
family18,CSDVRP-XL-n150-s2,XL,150,2,base,Marginal-18,5,1,50,4057.9302,4545.4892,3966.7495,16.1808,75.0,50.0,50.458,903,45,3,5,1.0,0,0,0,0,0,0
family18,CSDVRP-S-n8-s1,S,8,1,base,DRL-VNS18,2,3,5,335.8429,376.3954,333.6723,2.1706,0.0,5.0,5.017,6814,3,0,0,0.9073,0,0,0,0,0,0
family18,CSDVRP-S-n15-s3,S,15,3,base,Random-18,7,,5,601.4006,692.2972,597.8561,3.5445,0.0,5.0,4.998,6198,6,0,0,0.998,0,0,0,0,0,0
family18,CSDVRP-S-n20-s2,S,20,2,base,Marginal-18,1,2,6,670.121,732.8183,667.0092,3.1118,0.0,6.0,6.045,4846,7,0,0,0.9933,0,0,0,0,0,0
family18,CSDVRP-M-n50-s4,M,50,4,base,Fixed-dominant,3,,15,1643.2711,1919.2804,1635.6131,7.658,0.0,15.0,15.047,1998,16,0,0,0.9785,0,0,0,0,0,0
family18,CSDVRP-S-n8-s2,S,8,2,base,DRL-VNS18,2,3,5,344.8888,398.3755,342.4078,2.481,0.0,5.0,5.01,6641,3,0,0,0.8753,0,0,0,0,0,0
family18,CSDVRP-M-n30-s1,M,30,1,base,VNS-18,2,,10,1031.4688,1231.1888,1027.1043,4.3646,0.0,10.0,10.077,3234,10,0,0,0.98,0,0,0,0,0,0
family18,CSDVRP-CS-Riyadh,case,30,0,base,Fixed-dominant,0,,30,419.0625,711.0291,414.1168,4.9457,0.0,30.0,30.214,15137,4,0,0,0.99,0,0,0,0,0,0
family18,CSDVRP-S-n6-s3,S,6,3,base,VNS-18,3,,5,230.2731,253.5784,228.5871,1.686,0.0,5.0,5.013,28120,2,0,0,0.9873,0,0,0,0,0,0
family18,CSDVRP-S-n10-s3,S,10,3,base,Marginal-18,0,1,5,398.3226,456.2198,394.9219,3.4007,0.0,5.0,5.028,13614,3,0,0,0.9427,0,0,0,0,0,0
family18,CSDVRP-M-n50-s2,M,50,2,base,Roulette-18,6,,15,1467.8485,1677.4231,1462.0673,5.7812,0.0,15.0,15.191,1651,16,0,0,0.9985,0,0,0,0,0,0
family18,CSDVRP-S-n15-s5,S,15,5,base,Random-18,0,,5,666.5148,800.4223,662.7682,3.7467,0.0,5.0,4.993,8068,5,0,0,0.9993,0,0,0,0,0,0
family18,CSDVRP-S-n15-s4,S,15,4,base,DRL-VNS18,8,4,5,602.9731,624.2332,584.1074,3.8657,15.0,5.0,5.059,4629,5,1,1,1.0,0,0,0,0,0,0
family18,CSDVRP-S-n20-s1,S,20,1,base,Marginal-18,9,5,6,785.2664,908.0268,780.5879,4.6785,0.0,6.0,6.03,5034,7,0,0,0.9833,0,0,0,0,0,0
family18,CSDVRP-M-n30-s1,M,30,1,base,Random-18,2,,10,1031.4688,1231.1888,1027.1043,4.3646,0.0,10.0,10.034,3250,10,0,0,0.98,0,0,0,0,0,0
family18,CSDVRP-L-n100-s5,L,100,5,base,Random-18,2,,35,2675.0071,3154.3549,2661.0014,14.0056,0.0,35.031,35.239,669,30,0,0,0.998,0,0,0,0,0,0
family18,CSDVRP-L-n100-s3,L,100,3,base,Marginal-18,3,4,35,2703.9403,3095.0715,2692.0186,11.9217,0.0,35.0,35.179,662,31,0,0,1.0,0,0,0,0,0,0
family18,CSDVRP-S-n20-s3,S,20,3,base,Random-18,3,,6,691.4555,797.0264,687.1116,4.3439,0.0,6.0,6.038,4920,7,0,0,0.9707,0,0,0,0,0,0
family18,CSDVRP-M-n50-s1,M,50,1,base,Fixed-dominant,7,,15,1507.5931,1718.5004,1500.4211,7.172,0.0,15.0,15.075,2029,15,0,0,0.995,0,0,0,0,0,0
family18,CSDVRP-M-n50-s3,M,50,3,base,VNS-18,5,,15,1399.255,1746.7745,1392.5811,6.6739,0.0,15.0,15.044,1876,15,0,0,0.994,0,0,0,0,0,0
family18,CSDVRP-S-n15-s0,S,15,0,base,Marginal-18,5,1,5,622.7674,666.3141,603.7737,3.9937,15.0,5.0,5.014,7255,5,1,1,1.0,0,0,0,0,0,0
family18,CSDVRP-L-n75-s4,L,75,4,base,DRL-VNS18,4,5,25,2201.3502,2460.454,2194.1963,7.154,0.0,25.0,25.149,1013,24,0,0,0.9996,0,0,0,0,0,0
family18,CSDVRP-M-n50-s4,M,50,4,base,DRL-VNS18,1,2,15,1667.4178,1919.2804,1660.114,7.3038,0.0,15.0,15.118,1751,16,0,0,1.0,0,0,0,0,0,0
family18,CSDVRP-S-n6-s5,S,6,5,base,Marginal-18,0,1,5,347.3173,347.7063,345.0582,2.2591,0.0,5.0,5.049,22194,3,0,0,0.9907,0,0,0,0,0,0
family18,CSDVRP-S-n10-s3,S,10,3,base,Fixed-dominant,8,,5,398.3226,456.2198,394.9219,3.4007,0.0,5.0,5.045,15292,3,0,0,0.9427,0,0,0,0,0,0
family18,CSDVRP-L-n100-s2,L,100,2,base,DRL-VNS18,8,4,35,2807.8217,3167.7225,2795.2723,12.5494,0.0,35.047,35.186,700,30,0,0,0.9972,0,0,0,0,0,0
family18,CSDVRP-S-n15-s0,S,15,0,base,Random-18,8,,5,622.621,666.3141,603.3505,4.2704,15.0,5.0,4.995,6768,5,1,1,1.0,0,0,0,0,0,0
family18,CSDVRP-L-n75-s3,L,75,3,base,VNS-18,2,,25,2115.1886,2332.9982,2079.0226,6.166,30.0,25.0,25.14,1106,24,1,2,1.0,0,0,0,0,0,0
family18,CSDVRP-S-n6-s1,S,6,1,base,Roulette-18,2,,5,341.7876,362.2464,340.1093,1.6783,0.0,5.0,5.011,19780,3,0,0,0.926,0,0,0,0,0,0
family18,CSDVRP-L-n100-s3,L,100,3,base,Roulette-18,7,,35,2773.3552,3095.0715,2716.9459,11.4094,45.0,35.047,35.156,723,31,2,3,1.0,0,0,0,0,0,0
family18,CSDVRP-M-n50-s1,M,50,1,base,Fixed-dominant,0,,15,1498.7086,1718.5004,1476.7482,6.9604,15.0,15.0,15.047,2040,15,1,1,1.0,0,0,0,0,0,0
family18,CSDVRP-L-n100-s0,L,100,0,base,DRL-VNS18,2,3,35,3077.3395,3458.8862,3063.5688,13.7707,0.0,35.078,35.316,624,31,0,0,0.9964,0,0,0,0,0,0
family18,CSDVRP-L-n75-s2,L,75,2,base,VNS-18,2,,25,2132.4019,2442.0216,2078.2074,9.1945,45.0,25.0,25.195,1199,22,2,3,1.0,0,0,0,0,0,0
family18,CSDVRP-S-n12-s5,S,12,5,base,Roulette-18,4,,5,521.0601,535.5205,517.6832,3.3769,0.0,5.0,5.008,9294,4,0,0,0.978,0,0,0,0,0,0
family18,CSDVRP-S-n8-s1,S,8,1,base,Fixed-dominant,6,,5,357.6623,376.3954,340.1754,2.4869,15.0,5.0,5.028,17193,3,1,1,1.0,0,0,0,0,0,0
family18,CSDVRP-XL-n150-s2,XL,150,2,base,DRL-VNS18,8,4,50,4032.6435,4545.4892,3985.8594,16.7841,30.0,50.156,50.458,961,45,1,2,1.0,0,0,0,0,0,0
family18,CSDVRP-XL-n150-s0,XL,150,0,base,VNS-18,3,,50,4473.8229,5021.4451,4323.4951,15.3277,135.0,50.156,50.334,907,46,5,9,1.0,0,0,0,0,0,0
family18,CSDVRP-S-n12-s3,S,12,3,base,Random-18,2,,5,522.4878,589.3086,503.6872,3.8005,15.0,5.0,5.043,11220,4,1,1,1.0,0,0,0,0,0,0
family18,CSDVRP-XL-n150-s2,XL,150,2,base,Random-18,6,,50,4016.6404,4545.4892,4000.7852,15.8551,0.0,50.156,50.422,864,45,0,0,1.0,0,0,0,0,0,0
family18,CSDVRP-S-n6-s1,S,6,1,base,Roulette-18,4,,5,341.7876,362.2464,340.1093,1.6783,0.0,5.0,5.041,19842,3,0,0,0.926,0,0,0,0,0,0
family18,CSDVRP-S-n15-s5,S,15,5,base,Fixed-dominant,9,,5,667.0857,800.4223,662.7682,4.3175,0.0,5.0,5.06,10095,5,0,0,0.9993,0,0,0,0,0,0
family18,CSDVRP-S-n6-s5,S,6,5,base,Roulette-18,4,,5,347.3173,347.7063,345.0582,2.2591,0.0,5.0,5.092,21808,3,0,0,0.9907,0,0,0,0,0,0
family18,CSDVRP-S-n8-s3,S,8,3,base,DRL-VNS18,1,2,5,339.8466,351.7127,337.5902,2.2564,0.0,5.0,4.995,6645,3,0,0,0.9567,0,0,0,0,0,0
family18,CSDVRP-L-n100-s1,L,100,1,base,Fixed-dominant,6,,35,2654.4,3146.4881,2641.1529,13.2471,0.0,35.016,35.493,755,29,0,0,0.9984,0,0,0,0,0,0
family18,CSDVRP-S-n10-s5,S,10,5,base,Fixed-dominant,6,,5,454.5993,485.8354,450.6688,3.9305,0.0,5.0,5.034,15549,3,0,0,0.956,0,0,0,0,0,0
family18,CSDVRP-S-n12-s3,S,12,3,base,Fixed-dominant,0,,5,522.9012,589.3086,503.6872,4.214,15.0,5.0,5.044,11893,4,1,1,1.0,0,0,0,0,0,0
family18,CSDVRP-S-n20-s4,S,20,4,base,Marginal-18,6,2,6,719.4697,798.0501,715.5041,3.9656,0.0,6.0,6.03,4954,7,0,0,0.986,0,0,0,0,0,0
family18,CSDVRP-S-n15-s3,S,15,3,base,VNS-18,7,,5,613.8579,692.2972,595.8443,3.0136,15.0,5.0,5.03,8585,5,1,1,1.0,0,0,0,0,0,0
family18,CSDVRP-S-n6-s5,S,6,5,base,Fixed-dominant,4,,5,347.3173,347.7063,345.0582,2.2591,0.0,5.0,5.028,22675,3,0,0,0.9907,0,0,0,0,0,0
family18,CSDVRP-S-n6-s3,S,6,3,base,Fixed-dominant,4,,5,230.4154,253.5784,228.5871,1.8283,0.0,5.0,5.107,28881,2,0,0,0.9873,0,0,0,0,0,0
family18,CSDVRP-S-n6-s5,S,6,5,base,VNS-18,4,,5,347.3173,347.7063,345.0582,2.2591,0.0,5.0,5.045,23047,3,0,0,0.9907,0,0,0,0,0,0
family18,CSDVRP-M-n30-s5,M,30,5,base,Random-18,0,,10,1128.5178,1247.2838,1123.3845,5.1334,0.0,10.0,10.077,4042,10,0,0,0.9905,0,0,0,0,0,0
family18,CSDVRP-S-n6-s5,S,6,5,base,VNS-18,6,,5,347.3173,347.7063,345.0582,2.2591,0.0,5.0,5.029,23382,3,0,0,0.9907,0,0,0,0,0,0
family18,CSDVRP-S-n20-s1,S,20,1,base,Random-18,1,,6,785.2664,908.0268,780.5879,4.6785,0.0,6.0,6.03,4867,7,0,0,0.9833,0,0,0,0,0,0
family18,CSDVRP-S-n6-s4,S,6,4,base,Marginal-18,3,4,5,307.3738,316.7228,305.135,2.2389,0.0,5.0,5.027,17039,3,0,0,0.906,0,0,0,0,0,0
family18,CSDVRP-S-n10-s1,S,10,1,base,DRL-VNS18,7,3,5,394.7924,479.2322,392.2685,2.5239,0.0,5.0,5.029,5190,4,0,0,0.9253,0,0,0,0,0,0
family18,CSDVRP-S-n8-s3,S,8,3,base,Roulette-18,8,,5,339.8466,351.7127,337.5902,2.2564,0.0,5.0,5.028,15319,3,0,0,0.9567,0,0,0,0,0,0
family18,CSDVRP-S-n6-s2,S,6,2,base,VNS-18,4,,5,330.7872,334.9047,328.2873,2.4999,0.0,5.0,5.031,18791,3,0,0,0.8567,0,0,0,0,0,0
family18,CSDVRP-XL-n150-s4,XL,150,4,base,Fixed-dominant,1,,50,3957.5197,4802.2805,3940.0171,17.5027,0.0,50.016,50.342,1199,45,0,0,1.0,0,0,0,0,0,0
family18,CSDVRP-S-n6-s3,S,6,3,base,Marginal-18,7,3,5,230.2731,253.5784,228.5871,1.686,0.0,5.0,5.011,26049,2,0,0,0.9873,0,0,0,0,0,0
family18,CSDVRP-S-n12-s1,S,12,1,base,Roulette-18,1,,5,546.9826,602.7068,512.8082,4.1744,30.0,5.0,5.03,8982,4,2,2,1.0,0,0,0,0,0,0
family18,CSDVRP-L-n75-s5,L,75,5,base,VNS-18,8,,25,2073.3948,2327.4464,2066.2991,7.0957,0.0,25.0,25.27,1131,22,0,0,0.9864,0,0,0,0,0,0
family18,CSDVRP-S-n8-s5,S,8,5,base,VNS-18,5,,5,423.2126,427.0275,419.9371,3.2754,0.0,5.0,5.098,14244,3,0,0,0.894,0,0,0,0,0,0
family18,CSDVRP-S-n8-s3,S,8,3,base,Roulette-18,6,,5,339.8466,351.7127,337.5902,2.2564,0.0,5.0,5.014,15122,3,0,0,0.9567,0,0,0,0,0,0
family18,CSDVRP-S-n8-s3,S,8,3,base,Fixed-dominant,0,,5,339.8466,351.7127,337.5902,2.2564,0.0,5.0,5.032,15909,3,0,0,0.9567,0,0,0,0,0,0
family18,CSDVRP-XL-n150-s3,XL,150,3,base,Roulette-18,7,,50,3787.8894,4237.9876,3756.3812,16.5082,15.0,50.0,50.386,996,43,1,1,1.0,0,0,0,0,0,0
family18,CSDVRP-S-n8-s2,S,8,2,base,VNS-18,3,,5,344.8888,398.3755,342.4078,2.481,0.0,5.0,5.046,16843,3,0,0,0.8753,0,0,0,0,0,0
family18,CSDVRP-L-n75-s1,L,75,1,base,Marginal-18,7,3,25,2119.5705,2408.8056,2052.4479,7.1225,60.0,25.016,25.237,1069,23,3,4,1.0,0,0,0,0,0,0
family18,CSDVRP-S-n6-s5,S,6,5,base,VNS-18,7,,5,347.3173,347.7063,345.0582,2.2591,0.0,5.0,5.008,23078,3,0,0,0.9907,0,0,0,0,0,0
family18,CSDVRP-S-n6-s1,S,6,1,base,Marginal-18,6,2,5,341.7876,362.2464,340.1093,1.6783,0.0,5.0,5.013,20158,3,0,0,0.926,0,0,0,0,0,0
family18,CSDVRP-XL-n150-s5,XL,150,5,base,VNS-18,5,,50,3930.5544,4291.4727,3912.3315,18.2229,0.0,50.109,50.365,868,45,0,0,0.9997,0,0,0,0,0,0
family18,CSDVRP-S-n6-s5,S,6,5,base,VNS-18,1,,5,347.3173,347.7063,345.0582,2.2591,0.0,5.0,5.037,23267,3,0,0,0.9907,0,0,0,0,0,0
family18,CSDVRP-S-n15-s4,S,15,4,base,Roulette-18,3,,5,585.7427,624.2332,582.2908,3.4519,0.0,5.0,5.014,6786,6,0,0,0.9347,0,0,0,0,0,0
family18,CSDVRP-S-n20-s2,S,20,2,base,VNS-18,8,,6,670.121,732.8183,667.0092,3.1118,0.0,6.0,6.093,4693,7,0,0,0.9933,0,0,0,0,0,0
family18,CSDVRP-M-n30-s3,M,30,3,base,Fixed-dominant,9,,10,970.6286,1099.7766,965.9069,4.7218,0.0,10.0,10.029,3879,10,0,0,0.988,0,0,0,0,0,0
family18,CSDVRP-L-n75-s5,L,75,5,base,Random-18,6,,25,2108.9103,2327.4464,2101.37,7.5403,0.0,25.016,25.328,1044,23,0,0,0.9944,0,0,0,0,0,0
family18,CSDVRP-S-n12-s3,S,12,3,base,Roulette-18,7,,5,522.495,589.3086,503.6872,3.8078,15.0,5.0,5.136,11364,4,1,1,0.982,0,0,0,0,0,0
family18,CSDVRP-S-n15-s1,S,15,1,base,VNS-18,1,,5,599.4153,675.8866,596.1341,3.2813,0.0,5.0,5.013,6024,6,0,0,0.9,0,0,0,0,0,0
family18,CSDVRP-S-n15-s2,S,15,2,base,VNS-18,7,,5,604.4369,645.109,602.0225,2.4144,0.0,5.0,5.045,6320,6,0,0,0.9953,0,0,0,0,0,0
family18,CSDVRP-S-n12-s2,S,12,2,base,Roulette-18,0,,5,460.175,518.4642,458.0808,2.0942,0.0,5.0,5.029,12641,4,0,0,0.998,0,0,0,0,0,0
family18,CSDVRP-S-n6-s4,S,6,4,base,Fixed-dominant,2,,5,307.3738,316.7228,305.135,2.2389,0.0,5.0,5.059,20214,3,0,0,0.906,0,0,0,0,0,0
family18,CSDVRP-S-n6-s3,S,6,3,base,Marginal-18,8,4,5,230.2731,253.5784,228.5871,1.686,0.0,5.0,5.075,25659,2,0,0,0.9873,0,0,0,0,0,0
family18,CSDVRP-M-n30-s4,M,30,4,base,Fixed-dominant,4,,10,926.0171,1151.8487,921.3091,4.7081,0.0,10.0,10.123,3690,10,0,0,0.99,0,0,0,0,0,0
family18,CSDVRP-S-n8-s2,S,8,2,base,DRL-VNS18,5,1,5,344.8888,398.3755,342.4078,2.481,0.0,5.0,5.404,7314,3,0,0,0.8753,0,0,0,0,0,0
family18,CSDVRP-S-n8-s5,S,8,5,base,DRL-VNS18,4,5,5,423.2126,427.0275,419.9371,3.2754,0.0,5.0,5.213,6488,3,0,0,0.894,0,0,0,0,0,0
family18,CSDVRP-XL-n150-s5,XL,150,5,base,Random-18,4,,50,3897.634,4291.4727,3864.5941,18.0399,15.0,50.0,51.451,914,44,1,1,1.0,0,0,0,0,0,0
family18,CSDVRP-S-n15-s5,S,15,5,base,Roulette-18,2,,5,666.5148,800.4223,662.7682,3.7467,0.0,5.0,5.045,7919,5,0,0,0.9993,0,0,0,0,0,0
family18,CSDVRP-S-n8-s2,S,8,2,base,VNS-18,1,,5,344.8888,398.3755,342.4078,2.481,0.0,5.0,5.029,17087,3,0,0,0.8753,0,0,0,0,0,0
family18,CSDVRP-S-n15-s5,S,15,5,base,Marginal-18,7,3,5,666.5148,800.4223,662.7682,3.7467,0.0,5.0,5.138,8295,5,0,0,0.9993,0,0,0,0,0,0
family18,CSDVRP-L-n75-s4,L,75,4,base,Marginal-18,7,3,25,2205.6394,2460.454,2198.0228,7.6166,0.0,25.0,26.471,928,24,0,0,0.998,0,0,0,0,0,0
family18,CSDVRP-XL-n150-s3,XL,150,3,base,Fixed-dominant,9,,50,3856.4497,4237.9876,3840.6048,15.8449,0.0,50.0,51.836,1284,44,0,0,0.9973,0,0,0,0,0,0
family18,CSDVRP-S-n20-s1,S,20,1,base,Fixed-dominant,9,,6,785.792,908.0268,780.5879,5.2041,0.0,6.0,6.155,5418,7,0,0,0.9833,0,0,0,0,0,0
family18,CSDVRP-S-n6-s2,S,6,2,base,Roulette-18,9,,5,330.7872,334.9047,328.2873,2.4999,0.0,5.0,4.997,18648,3,0,0,0.8567,0,0,0,0,0,0
family18,CSDVRP-M-n30-s2,M,30,2,base,Fixed-dominant,3,,10,941.0551,1162.4183,938.3163,2.7388,0.0,10.0,9.998,3622,10,0,0,0.9865,0,0,0,0,0,0
family18,CSDVRP-XL-n150-s4,XL,150,4,base,Fixed-dominant,4,,50,3917.099,4802.2805,3899.6325,17.4665,0.0,50.016,50.142,1287,45,0,0,0.9997,0,0,0,0,0,0
family18,CSDVRP-XL-n150-s3,XL,150,3,base,Fixed-dominant,5,,50,3857.235,4237.9876,3840.5437,16.6913,0.0,50.016,50.21,1310,44,0,0,0.9993,0,0,0,0,0,0
family18,CSDVRP-XL-n150-s3,XL,150,3,base,Marginal-18,0,1,50,3813.8658,4237.9876,3798.2767,15.5891,0.0,50.0,50.225,930,44,0,0,0.9973,0,0,0,0,0,0
family18,CSDVRP-S-n6-s5,S,6,5,base,Random-18,4,,5,347.3173,347.7063,345.0582,2.2591,0.0,5.0,5.007,24146,3,0,0,0.9907,0,0,0,0,0,0
family18,CSDVRP-XL-n150-s5,XL,150,5,base,Random-18,6,,50,3908.5813,4291.4727,3890.8231,17.7583,0.0,50.0,50.116,897,45,0,0,0.9993,0,0,0,0,0,0
family18,CSDVRP-L-n100-s4,L,100,4,base,DRL-VNS18,9,5,35,2946.8632,3371.4529,2905.349,11.5142,30.0,35.016,35.206,771,31,1,2,1.0,0,0,0,0,0,0
family18,CSDVRP-M-n30-s5,M,30,5,base,Fixed-dominant,1,,10,1129.652,1247.2838,1123.3845,6.2676,0.0,10.0,10.015,4510,10,0,0,0.9905,0,0,0,0,0,0
family18,CSDVRP-M-n50-s4,M,50,4,base,Roulette-18,8,,15,1669.8321,1919.2804,1662.8373,6.9948,0.0,15.0,15.062,1792,16,0,0,0.998,0,0,0,0,0,0
family18,CSDVRP-S-n20-s0,S,20,0,base,Roulette-18,8,,6,756.2207,835.2978,752.4896,3.7311,0.0,6.0,6.071,5089,7,0,0,0.9987,0,0,0,0,0,0
family18,CSDVRP-S-n8-s5,S,8,5,base,Roulette-18,2,,5,423.2126,427.0275,419.9371,3.2754,0.0,5.0,4.998,14314,3,0,0,0.894,0,0,0,0,0,0
family18,CSDVRP-S-n15-s5,S,15,5,base,DRL-VNS18,6,2,5,666.5148,800.4223,662.7682,3.7467,0.0,5.0,4.996,5072,5,0,0,0.9993,0,0,0,0,0,0
family18,CSDVRP-S-n15-s4,S,15,4,base,DRL-VNS18,3,4,5,585.7427,624.2332,582.2908,3.4519,0.0,5.0,4.996,4594,6,0,0,0.9347,0,0,0,0,0,0
family18,CSDVRP-S-n10-s2,S,10,2,base,VNS-18,1,,5,391.6922,436.4179,389.0812,2.6111,0.0,5.0,5.014,17142,3,0,0,0.9787,0,0,0,0,0,0
family18,CSDVRP-M-n30-s0,M,30,0,base,Roulette-18,2,,10,1110.3793,1303.6377,1091.4559,3.9234,15.0,10.0,10.015,3885,11,1,1,1.0,0,0,0,0,0,0
family18,CSDVRP-M-n50-s3,M,50,3,base,Fixed-dominant,5,,15,1399.2918,1746.7745,1392.5811,6.7107,0.0,15.0,15.137,1891,15,0,0,0.994,0,0,0,0,0,0
family18,CSDVRP-S-n12-s3,S,12,3,base,Random-18,1,,5,522.4878,589.3086,503.6872,3.8005,15.0,5.0,5.013,12052,4,1,1,1.0,0,0,0,0,0,0
family18,CSDVRP-S-n20-s5,S,20,5,base,Fixed-dominant,9,,6,763.2502,865.7,758.6853,4.5649,0.0,6.0,6.014,6447,7,0,0,0.9947,0,0,0,0,0,0
family18,CSDVRP-M-n30-s3,M,30,3,base,Roulette-18,3,,10,970.8464,1099.7766,968.1897,2.6567,0.0,10.0,10.046,3839,10,0,0,0.9975,0,0,0,0,0,0
family18,CSDVRP-S-n15-s4,S,15,4,base,Random-18,3,,5,602.9731,624.2332,584.1074,3.8657,15.0,5.0,5.013,8409,5,1,1,1.0,0,0,0,0,0,0
family18,CSDVRP-S-n15-s4,S,15,4,base,Fixed-dominant,6,,5,606.3303,624.2332,601.9721,4.3582,0.0,5.0,5.015,8561,5,0,0,0.9993,0,0,0,0,0,0
family18,CSDVRP-XL-n150-s0,XL,150,0,base,DRL-VNS18,8,4,50,4357.606,5021.4451,4338.5128,19.0932,0.0,50.0,50.157,1038,46,0,0,0.9997,0,0,0,0,0,0
family18,CSDVRP-XL-n150-s5,XL,150,5,base,Random-18,7,,50,3852.5466,4291.4727,3835.4994,17.0472,0.0,50.016,50.202,868,45,0,0,0.999,0,0,0,0,0,0
family18,CSDVRP-S-n15-s4,S,15,4,base,Marginal-18,6,2,5,585.7427,624.2332,582.2908,3.4519,0.0,5.0,4.991,7373,6,0,0,0.9347,0,0,0,0,0,0
family18,CSDVRP-M-n30-s4,M,30,4,base,Random-18,7,,10,946.3554,1151.8487,942.7083,3.6471,0.0,10.0,10.016,3777,10,0,0,0.994,0,0,0,0,0,0
family18,CSDVRP-S-n8-s5,S,8,5,base,Roulette-18,0,,5,423.2126,427.0275,419.9371,3.2754,0.0,5.0,5.027,14358,3,0,0,0.894,0,0,0,0,0,0
family18,CSDVRP-L-n75-s0,L,75,0,base,Fixed-dominant,2,,25,2428.56,2688.4285,2417.6812,10.8787,0.0,25.0,25.125,1157,24,0,0,0.9984,0,0,0,0,0,0
family18,CSDVRP-L-n75-s3,L,75,3,base,Fixed-dominant,1,,25,2099.1161,2332.9982,2090.0484,9.0677,0.0,25.016,25.124,1024,24,0,0,0.996,0,0,0,0,0,0
family18,CSDVRP-CS-Riyadh,case,30,0,base,Random-18,1,,30,417.2954,711.0291,411.6246,5.6707,0.0,30.0,30.084,16092,4,0,0,0.986,0,0,0,0,0,0
family18,CSDVRP-S-n20-s1,S,20,1,base,Random-18,2,,6,785.2664,908.0268,780.5879,4.6785,0.0,6.0,6.015,5029,7,0,0,0.9833,0,0,0,0,0,0
family18,CSDVRP-S-n6-s4,S,6,4,base,VNS-18,1,,5,307.3738,316.7228,305.135,2.2389,0.0,5.0,4.997,18843,3,0,0,0.906,0,0,0,0,0,0
family18,CSDVRP-L-n100-s2,L,100,2,base,Roulette-18,4,,35,2796.6613,3167.7225,2785.8648,10.7965,0.0,35.016,35.161,859,30,0,0,0.9968,0,0,0,0,0,0
family18,CSDVRP-L-n100-s2,L,100,2,base,DRL-VNS18,6,2,35,2800.9414,3167.7225,2790.0357,10.9057,0.0,35.016,35.169,802,30,0,0,0.9972,0,0,0,0,0,0
family18,CSDVRP-M-n50-s3,M,50,3,base,Random-18,3,,15,1426.4722,1746.7745,1405.3069,6.1654,15.0,15.0,15.007,1987,15,1,1,1.0,0,0,0,0,0,0
family18,CSDVRP-M-n50-s4,M,50,4,base,VNS-18,4,,15,1648.371,1919.2804,1639.3018,9.0692,0.0,15.0,15.085,1713,16,0,0,0.998,0,0,0,0,0,0
family18,CSDVRP-S-n10-s5,S,10,5,base,Marginal-18,0,1,5,454.5993,485.8354,450.6688,3.9305,0.0,5.0,4.99,12108,3,0,0,0.956,0,0,0,0,0,0
family18,CSDVRP-L-n75-s1,L,75,1,base,Roulette-18,6,,25,2116.2237,2408.8056,2050.1777,6.0461,60.0,25.0,25.14,1230,23,3,4,1.0,0,0,0,0,0,0
family18,CSDVRP-S-n12-s1,S,12,1,base,Random-18,6,,5,511.4838,602.7068,507.9062,3.5776,0.0,5.0,5.026,10229,4,0,0,0.994,0,0,0,0,0,0
family18,CSDVRP-S-n12-s3,S,12,3,base,Fixed-dominant,5,,5,522.5237,589.3086,503.6872,3.8364,15.0,5.0,5.045,11922,4,1,1,1.0,0,0,0,0,0,0
family18,CSDVRP-S-n15-s1,S,15,1,base,Marginal-18,9,5,5,599.4153,675.8866,596.1341,3.2813,0.0,5.0,4.999,6306,6,0,0,0.9,0,0,0,0,0,0
family18,CSDVRP-L-n100-s1,L,100,1,base,VNS-18,5,,35,2683.4891,3146.4881,2627.6511,10.838,45.0,35.0,35.134,871,29,2,3,1.0,0,0,0,0,0,0
family18,CSDVRP-S-n15-s0,S,15,0,base,Roulette-18,6,,5,622.621,666.3141,603.3505,4.2704,15.0,5.0,4.986,7030,5,1,1,1.0,0,0,0,0,0,0
family18,CSDVRP-M-n30-s3,M,30,3,base,DRL-VNS18,3,4,10,969.1696,1099.7766,965.9069,3.2627,0.0,10.0,10.013,3493,10,0,0,0.988,0,0,0,0,0,0
family18,CSDVRP-L-n100-s1,L,100,1,base,Random-18,2,,35,2715.3272,3146.4881,2645.6883,9.6389,60.0,35.0,35.133,726,29,3,4,1.0,0,0,0,0,0,0
family18,CSDVRP-M-n30-s5,M,30,5,base,DRL-VNS18,4,5,10,1128.5178,1247.2838,1123.3845,5.1334,0.0,10.0,10.017,3790,10,0,0,0.9905,0,0,0,0,0,0
family18,CSDVRP-S-n8-s2,S,8,2,base,Roulette-18,8,,5,344.8888,398.3755,342.4078,2.481,0.0,5.0,4.997,16596,3,0,0,0.8753,0,0,0,0,0,0
family18,CSDVRP-S-n15-s4,S,15,4,base,Fixed-dominant,8,,5,606.3303,624.2332,601.9721,4.3582,0.0,5.0,5.014,8592,5,0,0,0.9993,0,0,0,0,0,0
family18,CSDVRP-S-n6-s3,S,6,3,base,VNS-18,8,,5,230.2731,253.5784,228.5871,1.686,0.0,5.0,5.013,29639,2,0,0,0.9873,0,0,0,0,0,0
family18,CSDVRP-XL-n150-s0,XL,150,0,base,Roulette-18,7,,50,4338.6149,5021.4451,4307.4206,16.1943,15.0,50.0,50.252,1053,46,1,1,1.0,0,0,0,0,0,0
family18,CSDVRP-L-n75-s2,L,75,2,base,Marginal-18,8,4,25,2115.816,2442.0216,2091.0773,9.7386,15.0,25.016,25.116,1256,22,1,1,1.0,0,0,0,0,0,0
family18,CSDVRP-XL-n150-s2,XL,150,2,base,Fixed-dominant,5,,50,4088.4209,4545.4892,4071.7939,16.627,0.0,50.016,50.173,1258,46,0,0,1.0,0,0,0,0,0,0
family18,CSDVRP-S-n6-s4,S,6,4,base,Marginal-18,8,4,5,307.3738,316.7228,305.135,2.2389,0.0,5.0,4.995,18191,3,0,0,0.906,0,0,0,0,0,0
family18,CSDVRP-S-n6-s4,S,6,4,base,DRL-VNS18,3,4,5,307.3738,316.7228,305.135,2.2389,0.0,5.0,5.013,7348,3,0,0,0.906,0,0,0,0,0,0
family18,CSDVRP-S-n6-s2,S,6,2,base,Random-18,2,,5,330.2083,334.9047,328.2873,1.921,0.0,5.0,5.029,20181,3,0,0,0.8567,0,0,0,0,0,0
family18,CSDVRP-XL-n150-s3,XL,150,3,base,Random-18,6,,50,3801.6314,4237.9876,3784.0513,17.5801,0.0,50.094,50.319,945,43,0,0,0.9983,0,0,0,0,0,0
family18,CSDVRP-XL-n150-s4,XL,150,4,base,Fixed-dominant,5,,50,3914.8555,4802.2805,3898.5253,16.3302,0.0,50.016,50.138,1271,45,0,0,1.0,0,0,0,0,0,0
family18,CSDVRP-M-n50-s1,M,50,1,base,Marginal-18,2,3,15,1518.067,1718.5004,1482.6229,5.4441,30.0,15.0,15.072,1822,15,2,2,1.0,0,0,0,0,0,0
family18,CSDVRP-M-n50-s5,M,50,5,base,VNS-18,1,,15,1605.5673,1904.3598,1582.279,8.2882,15.0,15.0,15.015,2260,15,1,1,1.0,0,0,0,0,0,0
family18,CSDVRP-M-n50-s2,M,50,2,base,Marginal-18,7,3,15,1471.369,1677.4231,1465.5918,5.7772,0.0,15.0,14.996,1922,16,0,0,0.9985,0,0,0,0,0,0
family18,CSDVRP-L-n100-s5,L,100,5,base,Roulette-18,1,,35,2577.3258,3154.3549,2565.7236,11.6022,0.0,35.016,35.103,849,30,0,0,0.9988,0,0,0,0,0,0
family18,CSDVRP-L-n75-s1,L,75,1,base,DRL-VNS18,5,1,25,2146.0938,2408.8056,2048.9789,7.1149,90.0,25.0,25.17,1141,23,4,6,1.0,0,0,0,0,0,0
family18,CSDVRP-S-n20-s5,S,20,5,base,VNS-18,1,,6,763.1659,865.7,758.6853,4.4806,0.0,6.0,6.056,5613,7,0,0,0.9947,0,0,0,0,0,0
family18,CSDVRP-S-n15-s3,S,15,3,base,DRL-VNS18,8,4,5,613.8541,692.2972,595.8443,3.0098,15.0,5.0,5.012,5142,5,1,1,1.0,0,0,0,0,0,0
family18,CSDVRP-S-n20-s0,S,20,0,base,Marginal-18,1,2,6,756.3441,835.2978,752.4896,3.8544,0.0,6.0,6.046,5256,7,0,0,0.9987,0,0,0,0,0,0
family18,CSDVRP-S-n15-s2,S,15,2,base,Fixed-dominant,3,,5,605.5838,645.109,602.0225,3.5613,0.0,5.0,5.029,7296,6,0,0,0.9953,0,0,0,0,0,0
family18,CSDVRP-S-n6-s1,S,6,1,base,Fixed-dominant,4,,5,341.7876,362.2464,340.1093,1.6783,0.0,5.0,5.045,24469,3,0,0,0.926,0,0,0,0,0,0
family18,CSDVRP-M-n30-s4,M,30,4,base,Roulette-18,1,,10,925.7043,1151.8487,921.3091,4.3952,0.0,10.0,10.065,3652,10,0,0,0.99,0,0,0,0,0,0
family18,CSDVRP-L-n75-s3,L,75,3,base,Marginal-18,4,5,25,2077.6977,2332.9982,2072.0521,5.6456,0.0,25.0,25.03,1297,24,0,0,0.9956,0,0,0,0,0,0
family18,CSDVRP-XL-n150-s4,XL,150,4,base,VNS-18,7,,50,3968.4401,4802.2805,3820.4707,12.9694,135.0,50.016,50.227,967,45,5,9,1.0,0,0,0,0,0,0
family18,CSDVRP-XL-n150-s0,XL,150,0,base,Marginal-18,7,3,50,4354.3998,5021.4451,4334.7277,19.6722,0.0,50.031,50.142,1028,45,0,0,1.0,0,0,0,0,0,0
family18,CSDVRP-M-n30-s4,M,30,4,base,Random-18,8,,10,925.7043,1151.8487,921.3091,4.3952,0.0,10.0,9.995,3669,10,0,0,0.99,0,0,0,0,0,0
family18,CSDVRP-CS-Riyadh,case,30,0,base,DRL-VNS18,5,1,30,416.4868,711.0291,411.6246,4.8621,0.0,30.0,30.086,12982,4,0,0,0.986,0,0,0,0,0,0
family18,CSDVRP-L-n75-s4,L,75,4,base,Fixed-dominant,8,,25,2204.4538,2460.454,2195.6226,8.8312,0.0,25.0,25.09,1088,24,0,0,0.998,0,0,0,0,0,0
family18,CSDVRP-S-n15-s4,S,15,4,base,Fixed-dominant,7,,5,606.3303,624.2332,601.9721,4.3582,0.0,5.0,5.045,8611,5,0,0,0.9993,0,0,0,0,0,0
family18,CSDVRP-M-n30-s1,M,30,1,base,VNS-18,5,,10,1057.2555,1231.1888,1037.9499,4.3056,15.0,10.0,10.016,3341,10,1,1,1.0,0,0,0,0,0,0
family18,CSDVRP-S-n10-s2,S,10,2,base,Roulette-18,5,,5,391.6922,436.4179,389.0812,2.6111,0.0,5.0,4.995,15640,3,0,0,0.9787,0,0,0,0,0,0
family18,CSDVRP-S-n12-s2,S,12,2,base,Random-18,8,,5,460.175,518.4642,458.0808,2.0942,0.0,5.0,4.999,13553,4,0,0,0.998,0,0,0,0,0,0
family18,CSDVRP-L-n100-s1,L,100,1,base,Roulette-18,7,,35,2638.4676,3146.4881,2612.1064,11.3612,15.0,35.0,35.147,729,29,1,1,1.0,0,0,0,0,0,0
family18,CSDVRP-S-n6-s3,S,6,3,base,Random-18,6,,5,230.2731,253.5784,228.5871,1.686,0.0,5.0,5.019,29635,2,0,0,0.9873,0,0,0,0,0,0
family18,CSDVRP-S-n12-s4,S,12,4,base,VNS-18,6,,5,487.5063,536.3904,484.4937,3.0126,0.0,5.0,5.014,11296,4,0,0,0.9867,0,0,0,0,0,0
family18,CSDVRP-S-n8-s4,S,8,4,base,DRL-VNS18,1,2,5,359.1905,397.2233,357.0731,2.1174,0.0,5.0,4.997,6934,3,0,0,0.8793,0,0,0,0,0,0
family18,CSDVRP-L-n75-s0,L,75,0,base,Marginal-18,4,5,25,2418.8446,2688.4285,2394.4505,9.394,15.0,25.0,25.094,1167,24,1,1,1.0,0,0,0,0,0,0
family18,CSDVRP-M-n50-s5,M,50,5,base,Marginal-18,4,5,15,1612.648,1904.3598,1603.9005,8.7474,0.0,15.0,15.091,2216,15,0,0,0.9985,0,0,0,0,0,0
family18,CSDVRP-S-n20-s1,S,20,1,base,Roulette-18,5,,6,785.2664,908.0268,780.5879,4.6785,0.0,6.0,5.996,5137,7,0,0,0.9833,0,0,0,0,0,0
family18,CSDVRP-S-n15-s0,S,15,0,base,DRL-VNS18,7,3,5,622.621,666.3141,603.3505,4.2704,15.0,5.0,5.013,4416,5,1,1,1.0,0,0,0,0,0,0
family18,CSDVRP-XL-n150-s2,XL,150,2,base,Marginal-18,1,2,50,3991.5958,4545.4892,3975.4576,16.1383,0.0,50.031,50.161,1037,45,0,0,1.0,0,0,0,0,0,0
family18,CSDVRP-M-n30-s2,M,30,2,base,Random-18,8,,10,956.4325,1162.4183,938.8402,2.5923,15.0,10.0,10.026,3570,10,1,1,1.0,0,0,0,0,0,0
family18,CSDVRP-M-n50-s1,M,50,1,base,Roulette-18,9,,15,1498.1593,1718.5004,1477.199,5.9603,15.0,15.0,15.055,2035,15,1,1,1.0,0,0,0,0,0,0
family18,CSDVRP-S-n6-s1,S,6,1,base,VNS-18,3,,5,341.7876,362.2464,340.1093,1.6783,0.0,5.0,5.013,23006,3,0,0,0.926,0,0,0,0,0,0
family18,CSDVRP-S-n10-s1,S,10,1,base,Fixed-dominant,4,,5,426.2743,479.2322,408.8806,2.3938,15.0,5.0,4.998,12508,4,1,1,1.0,0,0,0,0,0,0
family18,CSDVRP-S-n10-s1,S,10,1,base,Fixed-dominant,3,,5,394.7924,479.2322,392.2685,2.5239,0.0,5.0,5.062,12771,4,0,0,0.9253,0,0,0,0,0,0
family18,CSDVRP-S-n6-s3,S,6,3,base,Marginal-18,6,2,5,230.2731,253.5784,228.5871,1.686,0.0,5.0,5.014,27871,2,0,0,0.9873,0,0,0,0,0,0
family18,CSDVRP-L-n75-s1,L,75,1,base,DRL-VNS18,0,1,25,2178.2826,2408.8056,2095.7749,7.5077,75.0,25.0,25.147,1120,23,3,5,1.0,0,0,0,0,0,0
family18,CSDVRP-S-n6-s5,S,6,5,base,DRL-VNS18,0,1,5,347.3173,347.7063,345.0582,2.2591,0.0,5.0,5.034,8077,3,0,0,0.9907,0,0,0,0,0,0
family18,CSDVRP-S-n15-s5,S,15,5,base,Marginal-18,5,1,5,666.5148,800.4223,662.7682,3.7467,0.0,5.0,4.999,8613,5,0,0,0.9993,0,0,0,0,0,0
family18,CSDVRP-M-n30-s2,M,30,2,base,Marginal-18,8,4,10,941.0551,1162.4183,938.3163,2.7388,0.0,10.0,10.108,3706,10,0,0,0.9865,0,0,0,0,0,0
family18,CSDVRP-XL-n150-s4,XL,150,4,base,Marginal-18,4,5,50,3935.8036,4802.2805,3788.3324,12.4712,135.0,50.062,50.6,1086,45,7,9,1.0,0,0,0,0,0,0
family18,CSDVRP-S-n12-s2,S,12,2,base,Roulette-18,8,,5,460.175,518.4642,458.0808,2.0942,0.0,5.0,5.035,13282,4,0,0,0.998,0,0,0,0,0,0
family18,CSDVRP-L-n75-s2,L,75,2,base,VNS-18,9,,25,2096.9803,2442.0216,2057.3694,9.611,30.0,25.016,25.072,1194,22,2,2,1.0,0,0,0,0,0,0
family18,CSDVRP-M-n30-s4,M,30,4,base,Marginal-18,2,3,10,926.1514,1151.8487,921.3091,4.8423,0.0,10.0,10.003,3424,10,0,0,0.99,0,0,0,0,0,0
family18,CSDVRP-L-n100-s4,L,100,4,base,Roulette-18,7,,35,2930.7522,3371.4529,2919.4817,11.2705,0.0,35.047,35.27,719,31,0,0,0.9976,0,0,0,0,0,0
family18,CSDVRP-S-n6-s1,S,6,1,base,Fixed-dominant,9,,5,341.7876,362.2464,340.1093,1.6783,0.0,5.0,4.989,24192,3,0,0,0.926,0,0,0,0,0,0
family18,CSDVRP-S-n6-s2,S,6,2,base,Roulette-18,4,,5,330.2083,334.9047,328.2873,1.921,0.0,5.0,5.013,18486,3,0,0,0.8567,0,0,0,0,0,0
family18,CSDVRP-S-n10-s3,S,10,3,base,VNS-18,7,,5,398.3226,456.2198,394.9219,3.4007,0.0,5.0,5.03,14952,3,0,0,0.9427,0,0,0,0,0,0
family18,CSDVRP-L-n100-s4,L,100,4,base,VNS-18,4,,35,2949.5678,3371.4529,2877.5384,12.0294,60.0,35.016,35.185,817,30,3,4,1.0,0,0,0,0,0,0
family18,CSDVRP-L-n100-s1,L,100,1,base,Fixed-dominant,0,,35,2657.1809,3146.4881,2643.7461,13.4348,0.0,35.016,35.095,760,29,0,0,1.0,0,0,0,0,0,0
family18,CSDVRP-M-n30-s3,M,30,3,base,DRL-VNS18,7,3,10,969.1696,1099.7766,965.9069,3.2627,0.0,10.0,10.009,3424,10,0,0,0.988,0,0,0,0,0,0
family18,CSDVRP-L-n100-s3,L,100,3,base,Random-18,0,,35,2724.1466,3095.0715,2683.9163,10.2304,30.0,35.094,35.155,784,31,2,2,1.0,0,0,0,0,0,0
family18,CSDVRP-XL-n150-s5,XL,150,5,base,Fixed-dominant,6,,50,4008.5556,4291.4727,3989.8945,18.661,0.0,50.0,50.273,1181,46,0,0,0.999,0,0,0,0,0,0
family18,CSDVRP-S-n10-s3,S,10,3,base,Roulette-18,6,,5,398.3934,456.2198,394.9219,3.4715,0.0,5.0,5.015,13974,3,0,0,0.9427,0,0,0,0,0,0
family18,CSDVRP-S-n10-s4,S,10,4,base,Marginal-18,2,3,5,387.4582,460.8567,384.9244,2.5338,0.0,5.0,4.999,15090,3,0,0,0.98,0,0,0,0,0,0
family18,CSDVRP-S-n20-s2,S,20,2,base,Fixed-dominant,2,,6,671.0165,732.8183,667.0092,4.0073,0.0,6.0,5.998,5475,7,0,0,0.9933,0,0,0,0,0,0
family18,CSDVRP-S-n15-s0,S,15,0,base,Fixed-dominant,3,,5,607.3126,666.3141,602.2712,5.0414,0.0,5.0,4.997,8902,5,0,0,0.9927,0,0,0,0,0,0
family18,CSDVRP-S-n10-s3,S,10,3,base,Random-18,1,,5,398.3934,456.2198,394.9219,3.4715,0.0,5.0,5.046,14798,3,0,0,0.9427,0,0,0,0,0,0
family18,CSDVRP-XL-n150-s4,XL,150,4,base,DRL-VNS18,7,3,50,3964.2264,4802.2805,3874.1889,15.0376,75.0,50.188,50.433,863,46,3,5,1.0,0,0,0,0,0,0
