suite,instance,size_class,n,inst_seed,config,method,run,policy_seed,budget_s,Z_best,Z_init,routing,emission,split,cpu_s,wall_s,iters,routes,split_customers,extra_visits,max_util,demand_viol,cap_viol,n1_viol,n2_viol,dup_visit_viol,zero_qty_stops
family18,CSDVRP-S-n12-s2,S,12,2,base,Fixed-dominant,1,,5,460.8355,518.4642,458.0808,2.7548,0.0,5.0,5.095,13650,4,0,0,0.998,0,0,0,0,0,0
family18,CSDVRP-S-n15-s2,S,15,2,base,VNS-18,5,,5,604.4369,645.109,602.0225,2.4144,0.0,5.0,5.795,6344,6,0,0,0.9953,0,0,0,0,0,0
family18,CSDVRP-S-n6-s2,S,6,2,base,Marginal-18,5,1,5,330.2083,334.9047,328.2873,1.921,0.0,5.0,5.356,17985,3,0,0,0.8567,0,0,0,0,0,0
family18,CSDVRP-XL-n150-s2,XL,150,2,base,Roulette-18,1,,50,4004.9911,4545.4892,3989.3855,15.6056,0.0,50.078,50.543,825,45,0,0,1.0,0,0,0,0,0,0
family18,CSDVRP-CS-Riyadh,case,30,0,base,Marginal-18,4,5,30,420.8407,711.0291,415.2538,5.5869,0.0,30.0,32.69,13022,4,0,0,0.982,0,0,0,0,0,0
family18,CSDVRP-L-n75-s2,L,75,2,base,Marginal-18,0,1,25,2102.8094,2442.0216,2064.1773,8.632,30.0,25.016,25.394,964,22,2,2,1.0,0,0,0,0,0,0
family18,CSDVRP-XL-n150-s5,XL,150,5,base,Roulette-18,3,,50,3958.7359,4291.4727,3897.8907,15.8452,45.0,50.0,50.652,817,45,2,3,1.0,0,0,0,0,0,0
family18,CSDVRP-S-n12-s1,S,12,1,base,Random-18,3,,5,546.6653,602.7068,512.8082,3.8571,30.0,5.0,4.994,9196,4,2,2,0.994,0,0,0,0,0,0
family18,CSDVRP-S-n10-s1,S,10,1,base,DRL-VNS18,0,1,5,394.7924,479.2322,392.2685,2.5239,0.0,5.0,4.987,5136,4,0,0,0.9253,0,0,0,0,0,0
family18,CSDVRP-M-n50-s5,M,50,5,base,Fixed-dominant,9,,15,1637.1209,1904.3598,1629.4282,7.6928,0.0,15.0,15.017,1798,16,0,0,1.0,0,0,0,0,0,0
family18,CSDVRP-M-n50-s2,M,50,2,base,Marginal-18,3,4,15,1472.9188,1677.4231,1465.5976,7.3212,0.0,15.0,15.016,1834,16,0,0,0.9985,0,0,0,0,0,0
family18,CSDVRP-M-n30-s5,M,30,5,base,DRL-VNS18,0,1,10,1119.4195,1247.2838,1084.745,4.6746,30.0,10.0,9.993,2995,10,1,2,1.0,0,0,0,0,0,0
family18,CSDVRP-S-n12-s3,S,12,3,base,DRL-VNS18,6,2,5,522.4878,589.3086,503.6872,3.8005,15.0,5.0,5.004,5560,4,1,1,1.0,0,0,0,0,0,0
family18,CSDVRP-M-n50-s4,M,50,4,base,Random-18,2,,15,1634.8216,1919.2804,1597.6072,7.2144,30.0,15.0,15.235,1790,16,2,2,1.0,0,0,0,0,0,0
family18,CSDVRP-XL-n150-s5,XL,150,5,base,VNS-18,7,,50,3946.0686,4291.4727,3912.4697,18.5988,15.0,50.109,50.265,871,45,1,1,1.0,0,0,0,0,0,0
family18,CSDVRP-XL-n150-s0,XL,150,0,base,VNS-18,8,,50,4359.8198,5021.4451,4298.6489,16.1709,45.0,50.062,50.373,938,45,2,3,1.0,0,0,0,0,0,0
family18,CSDVRP-S-n12-s4,S,12,4,base,Random-18,4,,5,487.5063,536.3904,484.4937,3.0126,0.0,5.0,5.038,10574,4,0,0,0.9867,0,0,0,0,0,0
family18,CSDVRP-XL-n150-s1,XL,150,1,base,Roulette-18,9,,50,4243.2355,4744.1508,4197.4668,15.7687,30.0,50.0,50.379,899,45,1,2,1.0,0,0,0,0,0,0
family18,CSDVRP-L-n75-s2,L,75,2,base,Fixed-dominant,3,,25,2112.1562,2442.0216,2102.5622,9.594,0.0,25.0,25.025,1071,23,0,0,0.9928,0,0,0,0,0,0
family18,CSDVRP-CS-Riyadh,case,30,0,base,Fixed-dominant,4,,30,427.9714,711.0291,421.8725,6.0988,0.0,30.0,30.074,12149,4,0,0,0.96,0,0,0,0,0,0
family18,CSDVRP-S-n8-s2,S,8,2,base,Random-18,3,,5,344.8888,398.3755,342.4078,2.481,0.0,5.0,5.025,16466,3,0,0,0.8753,0,0,0,0,0,0
family18,CSDVRP-XL-n150-s2,XL,150,2,base,VNS-18,2,,50,4038.5832,4545.4892,3978.6469,14.9363,45.0,50.0,50.264,894,45,2,3,1.0,0,0,0,0,0,0
family18,CSDVRP-S-n6-s5,S,6,5,base,Fixed-dominant,3,,5,347.3173,347.7063,345.0582,2.2591,0.0,5.0,5.028,22404,3,0,0,0.9907,0,0,0,0,0,0
family18,CSDVRP-M-n50-s3,M,50,3,base,Random-18,0,,15,1435.873,1746.7745,1399.2383,6.6347,30.0,15.0,15.039,1910,15,1,2,1.0,0,0,0,0,0,0
family18,CSDVRP-L-n100-s5,L,100,5,base,Marginal-18,9,5,35,2767.0171,3154.3549,2605.3743,11.6428,150.0,35.031,35.34,741,29,6,10,1.0,0,0,0,0,0,0
family18,CSDVRP-S-n15-s5,S,15,5,base,Fixed-dominant,4,,5,667.5614,800.4223,662.7682,4.7933,0.0,5.0,4.988,9653,5,0,0,0.9993,0,0,0,0,0,0
family18,CSDVRP-S-n12-s4,S,12,4,base,Fixed-dominant,0,,5,488.9656,536.3904,484.4937,4.4719,0.0,5.0,4.999,10771,4,0,0,0.9867,0,0,0,0,0,0
family18,CSDVRP-S-n20-s3,S,20,3,base,Roulette-18,7,,6,699.1552,797.0264,679.9295,4.2258,15.0,6.0,6.03,4888,7,1,1,1.0,0,0,0,0,0,0
family18,CSDVRP-XL-n150-s5,XL,150,5,base,Fixed-dominant,5,,50,3951.0205,4291.4727,3932.1245,18.896,0.0,50.016,50.303,1193,45,0,0,0.999,0,0,0,0,0,0
family18,CSDVRP-L-n75-s4,L,75,4,base,Random-18,8,,25,2243.0613,2460.454,2191.3614,6.7,45.0,25.0,25.039,966,24,2,3,1.0,0,0,0,0,0,0
family18,CSDVRP-S-n15-s5,S,15,5,base,Roulette-18,0,,5,666.5148,800.4223,662.7682,3.7467,0.0,5.0,4.993,7669,5,0,0,0.9993,0,0,0,0,0,0
family18,CSDVRP-S-n20-s1,S,20,1,base,Marginal-18,3,4,6,785.2664,908.0268,780.5879,4.6785,0.0,6.0,5.999,4843,7,0,0,0.9833,0,0,0,0,0,0
family18,CSDVRP-S-n20-s0,S,20,0,base,Random-18,2,,6,756.2207,835.2978,752.4896,3.7311,0.0,6.0,5.998,4575,7,0,0,0.9987,0,0,0,0,0,0
family18,CSDVRP-S-n20-s0,S,20,0,base,Random-18,7,,6,756.3441,835.2978,752.4896,3.8544,0.0,6.0,6.013,4615,7,0,0,0.9987,0,0,0,0,0,0
family18,CSDVRP-S-n15-s1,S,15,1,base,VNS-18,9,,5,599.4153,675.8866,596.1341,3.2813,0.0,5.0,5.013,5761,6,0,0,0.9,0,0,0,0,0,0
family18,CSDVRP-L-n75-s2,L,75,2,base,VNS-18,4,,25,2121.4925,2442.0216,2082.7597,8.7328,30.0,25.016,25.29,1160,22,2,2,1.0,0,0,0,0,0,0
family18,CSDVRP-S-n10-s1,S,10,1,base,Roulette-18,5,,5,394.7924,479.2322,392.2685,2.5239,0.0,5.0,4.987,9228,4,0,0,0.9253,0,0,0,0,0,0
family18,CSDVRP-L-n100-s0,L,100,0,base,Random-18,9,,35,3138.1709,3458.8862,3081.2547,11.9163,45.0,35.031,35.087,542,31,2,3,1.0,0,0,0,0,0,0
family18,CSDVRP-L-n75-s3,L,75,3,base,DRL-VNS18,2,3,25,2102.8905,2332.9982,2094.8815,8.009,0.0,25.016,25.066,978,24,0,0,0.9956,0,0,0,0,0,0
family18,CSDVRP-S-n6-s4,S,6,4,base,Roulette-18,0,,5,307.3738,316.7228,305.135,2.2389,0.0,5.0,5.319,17528,3,0,0,0.906,0,0,0,0,0,0
family18,CSDVRP-S-n12-s1,S,12,1,base,Fixed-dominant,4,,5,527.441,602.7068,508.6521,3.7889,15.0,5.0,4.999,9725,4,1,1,1.0,0,0,0,0,0,0
family18,CSDVRP-S-n6-s2,S,6,2,base,Fixed-dominant,8,,5,330.7872,334.9047,328.2873,2.4999,0.0,5.0,4.997,17378,3,0,0,0.8567,0,0,0,0,0,0
family18,CSDVRP-S-n15-s0,S,15,0,base,Fixed-dominant,4,,5,607.3126,666.3141,602.2712,5.0414,0.0,5.0,5.013,8367,5,0,0,0.9927,0,0,0,0,0,0
family18,CSDVRP-S-n15-s1,S,15,1,base,Roulette-18,4,,5,590.7648,675.8866,586.7939,3.9709,0.0,5.0,5.0,5826,5,0,0,0.9987,0,0,0,0,0,0
family18,CSDVRP-S-n10-s3,S,10,3,base,Roulette-18,5,,5,398.3934,456.2198,394.9219,3.4715,0.0,5.0,4.996,13076,3,0,0,0.9427,0,0,0,0,0,0
family18,CSDVRP-S-n10-s3,S,10,3,base,DRL-VNS18,3,4,5,398.3934,456.2198,394.9219,3.4715,0.0,5.0,4.994,6160,3,0,0,0.9427,0,0,0,0,0,0
family18,CSDVRP-M-n30-s3,M,30,3,base,Fixed-dominant,1,,10,982.584,1099.7766,963.276,4.308,15.0,10.0,9.998,3886,10,1,1,1.0,0,0,0,0,0,0
family18,CSDVRP-L-n75-s3,L,75,3,base,Fixed-dominant,4,,25,2121.2732,2332.9982,2110.4775,10.7957,0.0,25.0,25.016,977,24,0,0,0.9952,0,0,0,0,0,0
family18,CSDVRP-S-n10-s1,S,10,1,base,DRL-VNS18,2,3,5,394.7924,479.2322,392.2685,2.5239,0.0,5.0,5.01,5128,4,0,0,0.9253,0,0,0,0,0,0
family18,CSDVRP-M-n50-s5,M,50,5,base,Marginal-18,6,2,15,1642.5523,1904.3598,1604.3439,8.2084,30.0,15.0,15.315,1993,15,1,2,1.0,0,0,0,0,0,0
family18,CSDVRP-S-n12-s5,S,12,5,base,VNS-18,5,,5,521.0601,535.5205,517.6832,3.3769,0.0,5.0,5.008,9575,4,0,0,0.978,0,0,0,0,0,0
family18,CSDVRP-S-n6-s4,S,6,4,base,VNS-18,9,,5,307.3738,316.7228,305.135,2.2389,0.0,5.0,4.998,17576,3,0,0,0.906,0,0,0,0,0,0
family18,CSDVRP-S-n15-s0,S,15,0,base,Random-18,5,,5,606.5233,666.3141,602.2712,4.2521,0.0,5.0,5.045,7063,5,0,0,0.9927,0,0,0,0,0,0
family18,CSDVRP-XL-n150-s5,XL,150,5,base,DRL-VNS18,9,5,50,3931.1308,4291.4727,3913.9661,17.1647,0.0,50.016,50.091,939,46,0,0,0.999,0,0,0,0,0,0
family18,CSDVRP-XL-n150-s3,XL,150,3,base,VNS-18,4,,50,3819.5421,4237.9876,3787.2935,17.2486,15.0,50.0,50.375,1009,43,1,1,0.9983,0,0,0,0,0,0
family18,CSDVRP-S-n12-s2,S,12,2,base,Random-18,5,,5,460.175,518.4642,458.0808,2.0942,0.0,5.0,4.988,12705,4,0,0,0.998,0,0,0,0,0,0
family18,CSDVRP-M-n50-s4,M,50,4,base,DRL-VNS18,3,4,15,1667.3245,1919.2804,1660.114,7.2105,0.0,15.0,15.034,1554,16,0,0,1.0,0,0,0,0,0,0
family18,CSDVRP-M-n30-s0,M,30,0,base,DRL-VNS18,0,1,10,1092.964,1303.6377,1089.1614,3.8025,0.0,10.0,10.052,3050,11,0,0,0.997,0,0,0,0,0,0
family18,CSDVRP-S-n6-s1,S,6,1,base,Random-18,7,,5,341.7876,362.2464,340.1093,1.6783,0.0,5.0,5.342,22352,3,0,0,0.926,0,0,0,0,0,0
family18,CSDVRP-M-n30-s4,M,30,4,base,Fixed-dominant,1,,10,927.2273,1151.8487,921.3091,5.9182,0.0,10.0,10.044,3566,10,0,0,0.99,0,0,0,0,0,0
family18,CSDVRP-S-n20-s1,S,20,1,base,Random-18,7,,6,785.2664,908.0268,780.5879,4.6785,0.0,6.0,5.997,4752,7,0,0,0.9833,0,0,0,0,0,0
family18,CSDVRP-S-n12-s4,S,12,4,base,Roulette-18,5,,5,487.5063,536.3904,484.4937,3.0126,0.0,5.0,5.014,10126,4,0,0,0.9867,0,0,0,0,0,0
family18,CSDVRP-S-n15-s2,S,15,2,base,Marginal-18,7,3,5,605.1369,645.109,602.0225,3.1144,0.0,5.0,4.999,6020,6,0,0,0.9953,0,0,0,0,0,0
family18,CSDVRP-S-n12-s5,S,12,5,base,Random-18,4,,5,521.0601,535.5205,517.6832,3.3769,0.0,5.0,5.013,9492,4,0,0,0.978,0,0,0,0,0,0
family18,CSDVRP-S-n20-s5,S,20,5,base,VNS-18,0,,6,763.1659,865.7,758.6853,4.4806,0.0,6.0,6.06,5200,7,0,0,0.9947,0,0,0,0,0,0
family18,CSDVRP-S-n6-s3,S,6,3,base,VNS-18,1,,5,230.2731,253.5784,228.5871,1.686,0.0,5.0,5.093,27484,2,0,0,0.9873,0,0,0,0,0,0
family18,CSDVRP-S-n15-s5,S,15,5,base,Roulette-18,3,,5,666.5148,800.4223,662.7682,3.7467,0.0,5.0,5.028,7954,5,0,0,0.9993,0,0,0,0,0,0
family18,CSDVRP-M-n30-s5,M,30,5,base,Marginal-18,2,3,10,1127.0222,1247.2838,1092.2244,4.7978,30.0,10.0,9.999,3560,10,1,2,1.0,0,0,0,0,0,0
family18,CSDVRP-S-n20-s1,S,20,1,base,DRL-VNS18,8,4,6,785.2664,908.0268,780.5879,4.6785,0.0,6.0,6.028,3584,7,0,0,0.9833,0,0,0,0,0,0
family18,CSDVRP-S-n10-s4,S,10,4,base,Marginal-18,3,4,5,387.7762,460.8567,384.9244,2.8518,0.0,5.0,5.028,14575,3,0,0,0.98,0,0,0,0,0,0
family18,CSDVRP-XL-n150-s5,XL,150,5,base,Fixed-dominant,0,,50,4000.0166,4291.4727,3979.953,20.0636,0.0,50.031,50.361,1137,45,0,0,0.9993,0,0,0,0,0,0
family18,CSDVRP-S-n10-s1,S,10,1,base,DRL-VNS18,1,2,5,394.7924,479.2322,392.2685,2.5239,0.0,5.0,5.009,5254,4,0,0,0.9253,0,0,0,0,0,0
family18,CSDVRP-M-n50-s0,M,50,0,base,Roulette-18,8,,15,1704.6414,1986.2853,1698.6227,6.0187,0.0,15.0,15.008,1949,16,0,0,0.991,0,0,0,0,0,0
family18,CSDVRP-S-n15-s4,S,15,4,base,Marginal-18,1,2,5,585.7427,624.2332,582.2908,3.4519,0.0,5.0,5.002,7013,6,0,0,0.9347,0,0,0,0,0,0
family18,CSDVRP-XL-n150-s4,XL,150,4,base,Marginal-18,9,5,50,3963.4255,4802.2805,3888.9499,14.4756,60.0,50.047,50.368,997,45,2,4,1.0,0,0,0,0,0,0
family18,CSDVRP-S-n6-s3,S,6,3,base,Random-18,5,,5,230.2731,253.5784,228.5871,1.686,0.0,5.0,5.003,27002,2,0,0,0.9873,0,0,0,0,0,0
family18,CSDVRP-L-n100-s1,L,100,1,base,DRL-VNS18,5,1,35,2674.8119,3146.4881,2649.134,10.6779,15.0,35.031,35.379,627,29,1,1,1.0,0,0,0,0,0,0
family18,CSDVRP-S-n20-s1,S,20,1,base,Random-18,0,,6,785.2664,908.0268,780.5879,4.6785,0.0,6.0,5.988,4730,7,0,0,0.9833,0,0,0,0,0,0
family18,CSDVRP-L-n75-s5,L,75,5,base,Marginal-18,2,3,25,2091.1716,2327.4464,2083.4687,7.703,0.0,25.016,25.083,929,23,0,0,0.9904,0,0,0,0,0,0
family18,CSDVRP-S-n10-s1,S,10,1,base,Random-18,0,,5,394.7924,479.2322,392.2685,2.5239,0.0,5.0,5.007,9228,4,0,0,0.9253,0,0,0,0,0,0
family18,CSDVRP-L-n75-s5,L,75,5,base,Fixed-dominant,2,,25,2081.1312,2327.4464,2069.6108,11.5204,0.0,25.0,25.091,1131,22,0,0,0.9864,0,0,0,0,0,0
family18,CSDVRP-L-n75-s3,L,75,3,base,VNS-18,7,,25,2120.4576,2332.9982,2070.181,5.2766,45.0,25.016,25.374,1075,23,2,3,1.0,0,0,0,0,0,0
family18,CSDVRP-S-n20-s3,S,20,3,base,Roulette-18,2,,6,712.4582,797.0264,693.2161,4.2422,15.0,6.0,5.996,4698,7,1,1,0.9833,0,0,0,0,0,0
family18,CSDVRP-S-n10-s3,S,10,3,base,Random-18,3,,5,398.3226,456.2198,394.9219,3.4007,0.0,5.0,5.015,13623,3,0,0,0.9427,0,0,0,0,0,0
family18,CSDVRP-S-n12-s4,S,12,4,base,Fixed-dominant,3,,5,488.9656,536.3904,484.4937,4.4719,0.0,5.0,4.998,10672,4,0,0,0.9867,0,0,0,0,0,0
family18,CSDVRP-S-n12-s3,S,12,3,base,DRL-VNS18,1,2,5,522.4878,589.3086,503.6872,3.8005,15.0,5.0,5.042,5596,4,1,1,1.0,0,0,0,0,0,0
family18,CSDVRP-S-n12-s1,S,12,1,base,Roulette-18,5,,5,546.6653,602.7068,512.8082,3.8571,30.0,5.0,5.014,8914,4,2,2,0.994,0,0,0,0,0,0
family18,CSDVRP-S-n10-s1,S,10,1,base,Fixed-dominant,8,,5,426.2743,479.2322,408.8806,2.3938,15.0,5.0,4.998,11579,4,1,1,1.0,0,0,0,0,0,0
family18,CSDVRP-L-n75-s5,L,75,5,base,Fixed-dominant,7,,25,2089.9062,2327.4464,2078.3935,11.5128,0.0,25.0,25.049,1159,22,0,0,0.9992,0,0,0,0,0,0
family18,CSDVRP-M-n30-s1,M,30,1,base,Fixed-dominant,8,,10,1038.1502,1231.1888,1033.3823,4.7679,0.0,10.0,10.29,3610,10,0,0,0.988,0,0,0,0,0,0
family18,CSDVRP-S-n6-s2,S,6,2,base,Random-18,7,,5,330.7872,334.9047,328.2873,2.4999,0.0,5.0,5.013,17729,3,0,0,0.8567,0,0,0,0,0,0
family18,CSDVRP-S-n8-s5,S,8,5,base,VNS-18,2,,5,423.2126,427.0275,419.9371,3.2754,0.0,5.0,5.014,13855,3,0,0,0.894,0,0,0,0,0,0
family18,CSDVRP-L-n100-s4,L,100,4,base,Random-18,1,,35,2938.8758,3371.4529,2925.8756,13.0002,0.0,35.031,35.085,623,31,0,0,0.9996,0,0,0,0,0,0
family18,CSDVRP-CS-Riyadh,case,30,0,base,Random-18,3,,30,421.2,711.0291,415.2631,5.9369,0.0,30.0,30.048,13107,4,0,0,0.982,0,0,0,0,0,0
family18,CSDVRP-S-n10-s5,S,10,5,base,VNS-18,2,,5,454.5993,485.8354,450.6688,3.9305,0.0,5.0,5.295,12641,3,0,0,0.956,0,0,0,0,0,0
family18,CSDVRP-M-n50-s5,M,50,5,base,DRL-VNS18,1,2,15,1668.5283,1904.3598,1646.1887,7.3396,15.0,15.0,15.03,1681,16,1,1,0.998,0,0,0,0,0,0
family18,CSDVRP-S-n8-s4,S,8,4,base,Marginal-18,0,1,5,359.1905,397.2233,357.0731,2.1174,0.0,5.0,4.996,14908,3,0,0,0.8793,0,0,0,0,0,0
family18,CSDVRP-L-n75-s2,L,75,2,base,Random-18,7,,25,2099.2776,2442.0216,2089.7508,9.5269,0.0,25.0,25.072,1031,23,0,0,0.9932,0,0,0,0,0,0
family18,CSDVRP-S-n15-s1,S,15,1,base,Random-18,9,,5,599.4153,675.8866,596.1341,3.2813,0.0,5.0,4.986,5792,6,0,0,0.9,0,0,0,0,0,0
family18,CSDVRP-S-n6-s3,S,6,3,base,Random-18,1,,5,230.2731,253.5784,228.5871,1.686,0.0,5.0,4.998,27303,2,0,0,0.9873,0,0,0,0,0,0
family18,CSDVRP-L-n100-s0,L,100,0,base,VNS-18,7,,35,3116.6769,3458.8862,3029.4048,12.2721,75.0,35.0,35.251,651,31,3,5,1.0,0,0,0,0,0,0
family18,CSDVRP-S-n15-s4,S,15,4,base,Fixed-dominant,9,,5,606.3303,624.2332,601.9721,4.3582,0.0,5.0,4.994,7947,5,0,0,0.9993,0,0,0,0,0,0
family18,CSDVRP-S-n6-s3,S,6,3,base,Marginal-18,3,4,5,230.2731,253.5784,228.5871,1.686,0.0,5.0,5.046,26079,2,0,0,0.9873,0,0,0,0,0,0
family18,CSDVRP-M-n30-s4,M,30,4,base,Random-18,5,,10,926.1514,1151.8487,921.3091,4.8423,0.0,10.0,10.029,3423,10,0,0,0.99,0,0,0,0,0,0
family18,CSDVRP-S-n20-s2,S,20,2,base,Roulette-18,0,,6,670.121,732.8183,667.0092,3.1118,0.0,6.0,6.013,4483,7,0,0,0.9933,0,0,0,0,0,0
family18,CSDVRP-XL-n150-s2,XL,150,2,base,Fixed-dominant,3,,50,4075.7563,4545.4892,4058.8185,16.9378,0.0,50.031,50.42,1161,46,0,0,1.0,0,0,0,0,0,0
family18,CSDVRP-S-n15-s3,S,15,3,base,Roulette-18,3,,5,601.4006,692.2972,597.8561,3.5445,0.0,5.0,4.997,5934,6,0,0,0.998,0,0,0,0,0,0
family18,CSDVRP-M-n50-s1,M,50,1,base,Marginal-18,7,3,15,1529.9199,1718.5004,1508.8823,6.0376,15.0,15.0,15.156,1677,16,1,1,1.0,0,0,0,0,0,0
family18,CSDVRP-S-n8-s1,S,8,1,base,Random-18,1,,5,335.8429,376.3954,333.6723,2.1706,0.0,5.0,5.026,17189,3,0,0,0.9073,0,0,0,0,0,0
family18,CSDVRP-S-n8-s3,S,8,3,base,Marginal-18,0,1,5,339.8466,351.7127,337.5902,2.2564,0.0,5.0,4.998,15482,3,0,0,0.9567,0,0,0,0,0,0
family18,CSDVRP-M-n30-s3,M,30,3,base,DRL-VNS18,4,5,10,969.1696,1099.7766,965.9069,3.2627,0.0,10.0,10.046,3554,10,0,0,0.988,0,0,0,0,0,0
family18,CSDVRP-S-n15-s5,S,15,5,base,Marginal-18,0,1,5,666.5148,800.4223,662.7682,3.7467,0.0,5.0,4.995,7941,5,0,0,0.9993,0,0,0,0,0,0
family18,CSDVRP-S-n10-s5,S,10,5,base,Roulette-18,4,,5,454.5993,485.8354,450.6688,3.9305,0.0,5.0,5.029,11103,3,0,0,0.956,0,0,0,0,0,0
family18,CSDVRP-S-n8-s1,S,8,1,base,Roulette-18,0,,5,335.8429,376.3954,333.6723,2.1706,0.0,5.0,5.014,16228,3,0,0,0.9073,0,0,0,0,0,0
family18,CSDVRP-S-n20-s3,S,20,3,base,Random-18,1,,6,730.1927,797.0264,696.4671,3.7256,30.0,6.0,5.998,4728,7,2,2,1.0,0,0,0,0,0,0
family18,CSDVRP-S-n12-s1,S,12,1,base,DRL-VNS18,5,1,5,511.4838,602.7068,507.9062,3.5776,0.0,5.0,5.356,5570,4,0,0,0.994,0,0,0,0,0,0
family18,CSDVRP-M-n30-s2,M,30,2,base,Random-18,2,,10,947.8835,1162.4183,930.1373,2.7462,15.0,10.0,10.066,3402,10,1,1,1.0,0,0,0,0,0,0
family18,CSDVRP-S-n10-s3,S,10,3,base,DRL-VNS18,9,5,5,398.3934,456.2198,394.9219,3.4715,0.0,5.0,5.007,6304,3,0,0,0.9427,0,0,0,0,0,0
family18,CSDVRP-S-n15-s4,S,15,4,base,VNS-18,4,,5,585.7427,624.2332,582.2908,3.4519,0.0,5.0,5.014,6887,6,0,0,0.9347,0,0,0,0,0,0
family18,CSDVRP-S-n6-s3,S,6,3,base,VNS-18,0,,5,230.2731,253.5784,228.5871,1.686,0.0,5.0,5.014,27860,2,0,0,0.9873,0,0,0,0,0,0
family18,CSDVRP-M-n50-s0,M,50,0,base,VNS-18,8,,15,1708.5371,1986.2853,1701.969,6.5681,0.0,15.0,15.021,1865,16,0,0,0.9985,0,0,0,0,0,0
family18,CSDVRP-L-n100-s0,L,100,0,base,Roulette-18,3,,35,3103.5228,3458.8862,3090.3064,13.2163,0.0,35.0,35.392,694,31,0,0,0.9944,0,0,0,0,0,0
family18,CSDVRP-S-n8-s4,S,8,4,base,Fixed-dominant,7,,5,359.1905,397.2233,357.0731,2.1174,0.0,5.0,5.001,16393,3,0,0,0.8793,0,0,0,0,0,0
family18,CSDVRP-S-n12-s4,S,12,4,base,Marginal-18,2,3,5,487.5063,536.3904,484.4937,3.0126,0.0,5.0,4.998,10300,4,0,0,0.9867,0,0,0,0,0,0
family18,CSDVRP-L-n100-s5,L,100,5,base,Roulette-18,6,,35,2574.9911,3154.3549,2560.7445,14.2466,0.0,35.016,35.134,742,30,0,0,0.9988,0,0,0,0,0,0
family18,CSDVRP-XL-n150-s3,XL,150,3,base,Roulette-18,1,,50,3801.5693,4237.9876,3784.4988,17.0705,0.0,50.047,50.329,932,44,0,0,0.9983,0,0,0,0,0,0
family18,CSDVRP-M-n30-s1,M,30,1,base,Fixed-dominant,7,,10,1034.0975,1231.1888,1029.4314,4.6662,0.0,10.0,10.001,3766,10,0,0,0.988,0,0,0,0,0,0
family18,CSDVRP-S-n20-s0,S,20,0,base,Marginal-18,6,2,6,756.2207,835.2978,752.4896,3.7311,0.0,6.0,6.01,4858,7,0,0,0.9987,0,0,0,0,0,0
family18,CSDVRP-M-n50-s4,M,50,4,base,Fixed-dominant,7,,15,1647.6147,1919.2804,1641.1224,6.4923,0.0,15.0,15.048,1798,16,0,0,0.9925,0,0,0,0,0,0
family18,CSDVRP-S-n8-s3,S,8,3,base,Random-18,6,,5,339.8466,351.7127,337.5902,2.2564,0.0,5.0,5.011,15678,3,0,0,0.9567,0,0,0,0,0,0
family18,CSDVRP-L-n100-s5,L,100,5,base,Fixed-dominant,7,,35,2598.669,3154.3549,2583.2548,15.4143,0.0,35.031,35.248,661,30,0,0,0.9988,0,0,0,0,0,0
family18,CSDVRP-XL-n150-s3,XL,150,3,base,Random-18,7,,50,3805.6513,4237.9876,3790.76,14.8912,0.0,50.031,50.091,820,44,0,0,0.998,0,0,0,0,0,0
family18,CSDVRP-L-n100-s3,L,100,3,base,Random-18,7,,35,2744.9176,3095.0715,2734.289,10.6286,0.0,35.016,35.239,674,31,0,0,1.0,0,0,0,0,0,0
family18,CSDVRP-M-n50-s1,M,50,1,base,DRL-VNS18,6,2,15,1502.2212,1718.5004,1495.4243,6.7969,0.0,15.0,14.987,1870,15,0,0,0.994,0,0,0,0,0,0
family18,CSDVRP-M-n50-s2,M,50,2,base,Random-18,4,,15,1468.0244,1677.4231,1461.7612,6.2631,0.0,15.0,15.014,1646,16,0,0,0.9985,0,0,0,0,0,0
family18,CSDVRP-S-n15-s0,S,15,0,base,Marginal-18,9,5,5,622.7674,666.3141,603.7737,3.9937,15.0,5.0,4.997,7103,5,1,1,1.0,0,0,0,0,0,0
family18,CSDVRP-M-n30-s2,M,30,2,base,Roulette-18,2,,10,945.6669,1162.4183,941.8287,3.8382,0.0,10.0,10.046,3149,10,0,0,0.9865,0,0,0,0,0,0
family18,CSDVRP-M-n50-s0,M,50,0,base,Random-18,3,,15,1713.2209,1986.2853,1705.7308,7.49,0.0,15.0,15.342,1817,16,0,0,0.986,0,0,0,0,0,0
family18,CSDVRP-S-n6-s2,S,6,2,base,DRL-VNS18,7,3,5,330.7872,334.9047,328.2873,2.4999,0.0,5.0,5.011,6920,3,0,0,0.8567,0,0,0,0,0,0
family18,CSDVRP-S-n12-s4,S,12,4,base,VNS-18,5,,5,487.5063,536.3904,484.4937,3.0126,0.0,5.0,5.06,10423,4,0,0,0.9867,0,0,0,0,0,0
family18,CSDVRP-M-n30-s5,M,30,5,base,DRL-VNS18,8,4,10,1120.6717,1247.2838,1084.6448,6.0269,30.0,10.0,10.064,3279,10,1,2,1.0,0,0,0,0,0,0
family18,CSDVRP-S-n10-s4,S,10,4,base,Marginal-18,7,3,5,387.7762,460.8567,384.9244,2.8518,0.0,5.0,5.025,13862,3,0,0,0.98,0,0,0,0,0,0
family18,CSDVRP-M-n30-s3,M,30,3,base,Random-18,5,,10,969.1696,1099.7766,965.9069,3.2627,0.0,10.0,10.061,3928,10,0,0,0.988,0,0,0,0,0,0
family18,CSDVRP-S-n12-s5,S,12,5,base,VNS-18,0,,5,521.0601,535.5205,517.6832,3.3769,0.0,5.0,4.996,9408,4,0,0,0.978,0,0,0,0,0,0
family18,CSDVRP-S-n6-s2,S,6,2,base,DRL-VNS18,5,1,5,330.7872,334.9047,328.2873,2.4999,0.0,5.0,5.012,6961,3,0,0,0.8567,0,0,0,0,0,0
family18,CSDVRP-S-n6-s5,S,6,5,base,Marginal-18,6,2,5,347.3173,347.7063,345.0582,2.2591,0.0,5.0,4.998,21404,3,0,0,0.9907,0,0,0,0,0,0
family18,CSDVRP-L-n75-s1,L,75,1,base,DRL-VNS18,3,4,25,2163.4228,2408.8056,2080.9811,7.4417,75.0,25.016,25.254,1018,23,3,5,1.0,0,0,0,0,0,0
family18,CSDVRP-M-n30-s1,M,30,1,base,VNS-18,8,,10,1057.2555,1231.1888,1037.9499,4.3056,15.0,10.0,10.007,3182,10,1,1,1.0,0,0,0,0,0,0
family18,CSDVRP-S-n12-s4,S,12,4,base,Fixed-dominant,2,,5,488.9656,536.3904,484.4937,4.4719,0.0,5.0,5.011,10730,4,0,0,0.9867,0,0,0,0,0,0
family18,CSDVRP-S-n12-s1,S,12,1,base,Roulette-18,2,,5,546.6663,602.7068,512.8082,3.858,30.0,5.0,5.015,8704,4,2,2,1.0,0,0,0,0,0,0
family18,CSDVRP-S-n12-s5,S,12,5,base,Roulette-18,1,,5,521.0601,535.5205,517.6832,3.3769,0.0,5.0,4.998,9090,4,0,0,0.978,0,0,0,0,0,0
family18,CSDVRP-S-n8-s5,S,8,5,base,DRL-VNS18,2,3,5,423.2126,427.0275,419.9371,3.2754,0.0,5.0,5.011,6243,3,0,0,0.894,0,0,0,0,0,0
family18,CSDVRP-S-n10-s2,S,10,2,base,Fixed-dominant,4,,5,392.3853,436.4179,389.0812,3.3041,0.0,5.0,4.999,17600,3,0,0,0.9787,0,0,0,0,0,0
family18,CSDVRP-L-n100-s0,L,100,0,base,VNS-18,5,,35,3112.0946,3458.8862,3038.0641,14.0304,60.0,35.094,35.179,624,31,2,4,1.0,0,0,0,0,0,0
family18,CSDVRP-XL-n150-s0,XL,150,0,base,Random-18,2,,50,4429.7166,5021.4451,4380.6843,19.0322,30.0,50.094,50.419,815,46,1,2,1.0,0,0,0,0,0,0
family18,CSDVRP-S-n20-s4,S,20,4,base,Fixed-dominant,2,,6,719.4719,798.0501,715.5041,3.9678,0.0,6.0,5.987,5113,7,0,0,0.986,0,0,0,0,0,0
family18,CSDVRP-S-n10-s1,S,10,1,base,Marginal-18,8,4,5,394.7924,479.2322,392.2685,2.5239,0.0,5.0,5.044,9216,4,0,0,0.9253,0,0,0,0,0,0
family18,CSDVRP-S-n6-s4,S,6,4,base,Fixed-dominant,1,,5,307.3738,316.7228,305.135,2.2389,0.0,5.0,5.013,19987,3,0,0,0.906,0,0,0,0,0,0
family18,CSDVRP-S-n10-s1,S,10,1,base,DRL-VNS18,5,1,5,394.7924,479.2322,392.2685,2.5239,0.0,5.0,5.012,5172,4,0,0,0.9253,0,0,0,0,0,0
family18,CSDVRP-M-n30-s2,M,30,2,base,Fixed-dominant,6,,10,941.0551,1162.4183,938.3163,2.7388,0.0,10.0,10.044,3376,10,0,0,0.9865,0,0,0,0,0,0
family18,CSDVRP-S-n8-s2,S,8,2,base,Roulette-18,3,,5,344.8888,398.3755,342.4078,2.481,0.0,5.0,5.327,16460,3,0,0,0.8753,0,0,0,0,0,0
family18,CSDVRP-M-n30-s2,M,30,2,base,VNS-18,3,,10,941.0551,1162.4183,938.3163,2.7388,0.0,10.0,9.998,3451,10,0,0,0.9865,0,0,0,0,0,0
family18,CSDVRP-S-n20-s3,S,20,3,base,Fixed-dominant,5,,6,691.2399,797.0264,687.1116,4.1284,0.0,6.0,6.014,6121,7,0,0,0.9707,0,0,0,0,0,0
family18,CSDVRP-S-n8-s4,S,8,4,base,Marginal-18,1,2,5,359.1905,397.2233,357.0731,2.1174,0.0,5.0,4.998,15379,3,0,0,0.8793,0,0,0,0,0,0
family18,CSDVRP-XL-n150-s0,XL,150,0,base,Random-18,0,,50,4459.0362,5021.4451,4336.5023,17.5339,105.0,50.125,50.222,888,45,5,7,1.0,0,0,0,0,0,0
family18,CSDVRP-S-n8-s5,S,8,5,base,Marginal-18,3,4,5,423.2126,427.0275,419.9371,3.2754,0.0,5.0,5.368,14424,3,0,0,0.894,0,0,0,0,0,0
family18,CSDVRP-S-n15-s4,S,15,4,base,Random-18,1,,5,585.7427,624.2332,582.2908,3.4519,0.0,5.0,5.028,6957,6,0,0,0.9347,0,0,0,0,0,0
family18,CSDVRP-S-n10-s5,S,10,5,base,Random-18,8,,5,454.5993,485.8354,450.6688,3.9305,0.0,5.0,4.999,11339,3,0,0,0.956,0,0,0,0,0,0
family18,CSDVRP-L-n75-s4,L,75,4,base,DRL-VNS18,0,1,25,2225.6816,2460.454,2218.1208,7.5607,0.0,25.0,25.05,850,24,0,0,1.0,0,0,0,0,0,0
family18,CSDVRP-S-n6-s1,S,6,1,base,VNS-18,4,,5,341.7876,362.2464,340.1093,1.6783,0.0,5.0,4.99,21025,3,0,0,0.926,0,0,0,0,0,0
family18,CSDVRP-S-n10-s1,S,10,1,base,Marginal-18,7,3,5,394.7924,479.2322,392.2685,2.5239,0.0,5.0,4.999,9269,4,0,0,0.9253,0,0,0,0,0,0
family18,CSDVRP-S-n12-s4,S,12,4,base,Roulette-18,8,,5,487.5063,536.3904,484.4937,3.0126,0.0,5.0,5.013,10227,4,0,0,0.9867,0,0,0,0,0,0
family18,CSDVRP-S-n20-s4,S,20,4,base,VNS-18,2,,6,719.4697,798.0501,715.5041,3.9656,0.0,6.0,6.016,4885,7,0,0,0.986,0,0,0,0,0,0
family18,CSDVRP-S-n20-s0,S,20,0,base,DRL-VNS18,7,3,6,756.2207,835.2978,752.4896,3.7311,0.0,6.0,6.026,3427,7,0,0,0.9987,0,0,0,0,0,0
family18,CSDVRP-S-n20-s3,S,20,3,base,DRL-VNS18,4,5,6,714.5796,797.0264,695.6625,3.9171,15.0,6.0,6.012,3740,7,1,1,1.0,0,0,0,0,0,0
family18,CSDVRP-S-n8-s1,S,8,1,base,Random-18,5,,5,335.8429,376.3954,333.6723,2.1706,0.0,5.0,4.997,17133,3,0,0,0.9073,0,0,0,0,0,0
family18,CSDVRP-S-n8-s4,S,8,4,base,VNS-18,0,,5,359.1905,397.2233,357.0731,2.1174,0.0,5.0,5.358,16918,3,0,0,0.8793,0,0,0,0,0,0
family18,CSDVRP-S-n12-s5,S,12,5,base,Roulette-18,7,,5,521.0601,535.5205,517.6832,3.3769,0.0,5.0,5.014,9331,4,0,0,0.978,0,0,0,0,0,0
family18,CSDVRP-L-n100-s1,L,100,1,base,Roulette-18,1,,35,2653.3539,3146.4881,2627.7766,10.5773,15.0,35.062,35.15,750,29,1,1,1.0,0,0,0,0,0,0
family18,CSDVRP-S-n10-s5,S,10,5,base,Fixed-dominant,5,,5,454.5993,485.8354,450.6688,3.9305,0.0,5.0,4.985,15348,3,0,0,0.956,0,0,0,0,0,0
family18,CSDVRP-M-n30-s0,M,30,0,base,VNS-18,8,,10,1093.1322,1303.6377,1089.1614,3.9707,0.0,10.0,10.062,3639,11,0,0,0.997,0,0,0,0,0,0
family18,CSDVRP-M-n30-s1,M,30,1,base,VNS-18,3,,10,1053.9546,1231.1888,1034.5406,4.414,15.0,10.0,10.045,3123,10,1,1,1.0,0,0,0,0,0,0
family18,CSDVRP-L-n100-s4,L,100,4,base,VNS-18,8,,35,2996.0806,3371.4529,2893.5032,12.5773,90.0,35.031,35.358,773,30,4,6,1.0,0,0,0,0,0,0
family18,CSDVRP-S-n20-s1,S,20,1,base,Roulette-18,2,,6,785.2664,908.0268,780.5879,4.6785,0.0,6.0,5.996,4666,7,0,0,0.9833,0,0,0,0,0,0
family18,CSDVRP-M-n50-s2,M,50,2,base,VNS-18,6,,15,1468.115,1677.4231,1462.0673,6.0477,0.0,15.0,15.077,1585,16,0,0,0.9985,0,0,0,0,0,0
family18,CSDVRP-L-n100-s2,L,100,2,base,Fixed-dominant,2,,35,2812.0411,3167.7225,2798.8028,13.2383,0.0,35.0,35.398,759,30,0,0,0.9928,0,0,0,0,0,0
family18,CSDVRP-L-n75-s4,L,75,4,base,DRL-VNS18,9,5,25,2205.9662,2460.454,2198.1574,7.8088,0.0,25.0,25.097,978,24,0,0,0.998,0,0,0,0,0,0
family18,CSDVRP-S-n8-s5,S,8,5,base,Random-18,7,,5,423.2126,427.0275,419.9371,3.2754,0.0,5.0,5.056,13825,3,0,0,0.894,0,0,0,0,0,0
family18,CSDVRP-M-n50-s5,M,50,5,base,DRL-VNS18,3,4,15,1636.7469,1904.3598,1599.4926,7.2543,30.0,15.0,15.037,1803,15,2,2,1.0,0,0,0,0,0,0
family18,CSDVRP-S-n6-s3,S,6,3,base,Random-18,2,,5,230.2731,253.5784,228.5871,1.686,0.0,5.0,5.003,27211,2,0,0,0.9873,0,0,0,0,0,0
family18,CSDVRP-S-n15-s5,S,15,5,base,Fixed-dominant,7,,5,667.5614,800.4223,662.7682,4.7933,0.0,5.0,4.998,9864,5,0,0,0.9993,0,0,0,0,0,0
family18,CSDVRP-M-n30-s5,M,30,5,base,Fixed-dominant,3,,10,1130.6418,1247.2838,1123.3845,7.2574,0.0,10.0,9.998,4193,10,0,0,0.9905,0,0,0,0,0,0
family18,CSDVRP-S-n8-s1,S,8,1,base,Fixed-dominant,2,,5,336.1588,376.3954,333.6723,2.4865,0.0,5.0,4.998,17650,3,0,0,0.9073,0,0,0,0,0,0
family18,CSDVRP-S-n8-s4,S,8,4,base,Roulette-18,5,,5,359.1905,397.2233,357.0731,2.1174,0.0,5.0,5.249,15607,3,0,0,0.8793,0,0,0,0,0,0
family18,CSDVRP-S-n8-s5,S,8,5,base,Marginal-18,6,2,5,423.2126,427.0275,419.9371,3.2754,0.0,5.0,5.138,13929,3,0,0,0.894,0,0,0,0,0,0
family18,CSDVRP-XL-n150-s4,XL,150,4,base,Marginal-18,1,2,50,3984.3272,4802.2805,3851.5157,12.8116,120.0,50.0,50.163,900,45,5,8,1.0,0,0,0,0,0,0
family18,CSDVRP-L-n75-s2,L,75,2,base,Roulette-18,7,,25,2164.6334,2442.0216,2110.2975,9.3359,45.0,25.016,25.31,1130,22,2,3,1.0,0,0,0,0,0,0
family18,CSDVRP-S-n12-s3,S,12,3,base,Marginal-18,5,1,5,522.4878,589.3086,503.6872,3.8005,15.0,5.0,5.003,10847,4,1,1,1.0,0,0,0,0,0,0
family18,CSDVRP-S-n15-s3,S,15,3,base,Roulette-18,7,,5,601.4006,692.2972,597.8561,3.5445,0.0,5.0,4.998,6092,6,0,0,0.998,0,0,0,0,0,0
family18,CSDVRP-L-n100-s0,L,100,0,base,VNS-18,6,,35,3084.9389,3458.8862,3041.3263,13.6126,30.0,35.047,35.122,646,31,1,2,1.0,0,0,0,0,0,0
family18,CSDVRP-L-n100-s3,L,100,3,base,Roulette-18,6,,35,2715.2,3095.0715,2688.7218,11.4782,15.0,35.031,35.358,796,31,1,1,1.0,0,0,0,0,0,0
family18,CSDVRP-M-n50-s4,M,50,4,base,DRL-VNS18,5,1,15,1667.2421,1919.2804,1660.114,7.1281,0.0,15.0,15.049,1542,16,0,0,1.0,0,0,0,0,0,0
family18,CSDVRP-S-n10-s5,S,10,5,base,Roulette-18,3,,5,454.5993,485.8354,450.6688,3.9305,0.0,5.0,4.991,11046,3,0,0,0.956,0,0,0,0,0,0
family18,CSDVRP-S-n6-s3,S,6,3,base,VNS-18,2,,5,230.2731,253.5784,228.5871,1.686,0.0,5.0,5.013,27555,2,0,0,0.9873,0,0,0,0,0,0
family18,CSDVRP-S-n20-s1,S,20,1,base,VNS-18,8,,6,808.7667,908.0268,789.1391,4.6276,15.0,6.0,6.03,4684,7,1,1,1.0,0,0,0,0,0,0
family18,CSDVRP-S-n8-s2,S,8,2,base,VNS-18,6,,5,344.8888,398.3755,342.4078,2.481,0.0,5.0,5.139,15905,3,0,0,0.8753,0,0,0,0,0,0
family18,CSDVRP-M-n50-s2,M,50,2,base,VNS-18,5,,15,1467.7784,1677.4231,1462.0673,5.7111,0.0,15.0,15.094,1602,16,0,0,0.9985,0,0,0,0,0,0
family18,CSDVRP-S-n8-s2,S,8,2,base,VNS-18,9,,5,344.8888,398.3755,342.4078,2.481,0.0,5.0,5.026,16372,3,0,0,0.8753,0,0,0,0,0,0
family18,CSDVRP-L-n75-s5,L,75,5,base,Fixed-dominant,1,,25,2127.5928,2327.4464,2117.669,9.9238,0.0,25.016,25.48,1115,23,0,0,1.0,0,0,0,0,0,0
family18,CSDVRP-M-n50-s4,M,50,4,base,VNS-18,8,,15,1648.341,1919.2804,1642.4063,5.9346,0.0,15.0,15.007,1814,16,0,0,0.995,0,0,0,0,0,0
family18,CSDVRP-S-n6-s1,S,6,1,base,Fixed-dominant,2,,5,341.7876,362.2464,340.1093,1.6783,0.0,5.0,5.006,22454,3,0,0,0.926,0,0,0,0,0,0
family18,CSDVRP-M-n50-s5,M,50,5,base,DRL-VNS18,0,1,15,1623.6412,1904.3598,1585.1823,8.4589,30.0,15.0,15.09,1898,15,2,2,1.0,0,0,0,0,0,0
family18,CSDVRP-S-n8-s1,S,8,1,base,Fixed-dominant,5,,5,336.1588,376.3954,333.6723,2.4865,0.0,5.0,5.028,17334,3,0,0,0.9073,0,0,0,0,0,0
family18,CSDVRP-XL-n150-s4,XL,150,4,base,DRL-VNS18,1,2,50,3951.0172,4802.2805,3848.3234,12.6938,90.0,50.016,50.417,1011,45,5,6,1.0,0,0,0,0,0,0
family18,CSDVRP-S-n8-s1,S,8,1,base,Roulette-18,1,,5,335.8429,376.3954,333.6723,2.1706,0.0,5.0,5.014,16211,3,0,0,0.9073,0,0,0,0,0,0
family18,CSDVRP-L-n75-s1,L,75,1,base,Random-18,8,,25,2093.9861,2408.8056,2041.6785,7.3077,45.0,25.016,25.054,1159,22,3,3,1.0,0,0,0,0,0,0
family18,CSDVRP-S-n6-s2,S,6,2,base,Marginal-18,9,5,5,330.7872,334.9047,328.2873,2.4999,0.0,5.0,5.003,17167,3,0,0,0.8567,0,0,0,0,0,0
family18,CSDVRP-L-n100-s3,L,100,3,base,VNS-18,0,,35,2728.5861,3095.0715,2688.6365,9.9497,30.0,35.016,35.34,746,31,2,2,1.0,0,0,0,0,0,0
family18,CSDVRP-XL-n150-s5,XL,150,5,base,Roulette-18,0,,50,3849.0939,4291.4727,3833.651,15.443,0.0,50.125,50.253,932,45,0,0,0.999,0,0,0,0,0,0
family18,CSDVRP-M-n30-s3,M,30,3,base,Random-18,1,,10,969.1696,1099.7766,965.9069,3.2627,0.0,10.0,10.008,3858,10,0,0,0.988,0,0,0,0,0,0
family18,CSDVRP-S-n15-s1,S,15,1,base,DRL-VNS18,7,3,5,599.4153,675.8866,596.1341,3.2813,0.0,5.0,5.373,4125,6,0,0,0.9,0,0,0,0,0,0
family18,CSDVRP-L-n100-s5,L,100,5,base,Random-18,3,,35,2605.7324,3154.3549,2564.117,11.6154,30.0,35.031,35.183,726,30,1,2,1.0,0,0,0,0,0,0
family18,CSDVRP-L-n100-s3,L,100,3,base,Fixed-dominant,6,,35,2675.8684,3095.0715,2665.9977,9.8707,0.0,35.031,35.174,662,31,0,0,1.0,0,0,0,0,0,0
family18,CSDVRP-L-n75-s1,L,75,1,base,VNS-18,1,,25,2125.0139,2408.8056,2028.2486,6.7653,90.0,25.016,25.297,1076,22,4,6,1.0,0,0,0,0,0,0
family18,CSDVRP-XL-n150-s4,XL,150,4,base,Random-18,2,,50,3914.7068,4802.2805,3869.2369,15.4699,30.0,50.031,50.208,785,45,2,2,1.0,0,0,0,0,0,0
family18,CSDVRP-XL-n150-s0,XL,150,0,base,Fixed-dominant,8,,50,4508.7024,5021.4451,4489.4129,19.2895,0.0,50.031,50.381,1232,47,0,0,0.9997,0,0,0,0,0,0
family18,CSDVRP-XL-n150-s5,XL,150,5,base,Marginal-18,3,4,50,3892.9206,4291.4727,3874.8711,18.0495,0.0,50.062,50.326,863,45,0,0,0.999,0,0,0,0,0,0
family18,CSDVRP-XL-n150-s2,XL,150,2,base,DRL-VNS18,5,1,50,4009.7316,4545.4892,3992.504,17.2276,0.0,50.094,50.11,845,45,0,0,1.0,0,0,0,0,0,0
family18,CSDVRP-M-n30-s4,M,30,4,base,Roulette-18,3,,10,926.1514,1151.8487,921.3091,4.8423,0.0,10.0,10.031,3499,10,0,0,0.99,0,0,0,0,0,0
family18,CSDVRP-XL-n150-s4,XL,150,4,base,VNS-18,6,,50,3876.8627,4802.2805,3818.7579,13.1049,45.0,50.062,50.332,845,46,2,3,1.0,0,0,0,0,0,0
family18,CSDVRP-S-n15-s5,S,15,5,base,VNS-18,3,,5,666.5148,800.4223,662.7682,3.7467,0.0,5.0,5.005,8032,5,0,0,0.9993,0,0,0,0,0,0
family18,CSDVRP-S-n15-s5,S,15,5,base,VNS-18,8,,5,666.5148,800.4223,662.7682,3.7467,0.0,5.0,5.015,7973,5,0,0,0.9993,0,0,0,0,0,0
family18,CSDVRP-XL-n150-s0,XL,150,0,base,Random-18,9,,50,4427.1867,5021.4451,4321.4739,15.7128,90.0,50.0,50.318,867,46,3,6,1.0,0,0,0,0,0,0
family18,CSDVRP-S-n6-s1,S,6,1,base,Random-18,8,,5,341.7876,362.2464,340.1093,1.6783,0.0,5.0,5.006,20964,3,0,0,0.926,0,0,0,0,0,0
family18,CSDVRP-S-n12-s2,S,12,2,base,Roulette-18,7,,5,460.175,518.4642,458.0808,2.0942,0.0,5.0,4.998,12175,4,0,0,0.998,0,0,0,0,0,0
family18,CSDVRP-S-n20-s1,S,20,1,base,DRL-VNS18,0,1,6,785.2664,908.0268,780.5879,4.6785,0.0,6.0,5.997,3486,7,0,0,0.9833,0,0,0,0,0,0
family18,CSDVRP-L-n75-s5,L,75,5,base,Roulette-18,2,,25,2097.5317,2327.4464,2089.7175,7.8142,0.0,25.016,25.078,996,23,0,0,0.9984,0,0,0,0,0,0
family18,CSDVRP-S-n20-s1,S,20,1,base,Random-18,5,,6,785.2664,908.0268,780.5879,4.6785,0.0,6.0,6.292,4858,7,0,0,0.9833,0,0,0,0,0,0
family18,CSDVRP-S-n15-s1,S,15,1,base,Fixed-dominant,0,,5,599.6997,675.8866,596.1341,3.5656,0.0,5.0,5.043,6109,6,0,0,0.9,0,0,0,0,0,0
family18,CSDVRP-S-n8-s4,S,8,4,base,Random-18,8,,5,359.1905,397.2233,357.0731,2.1174,0.0,5.0,5.014,15656,3,0,0,0.8793,0,0,0,0,0,0
family18,CSDVRP-XL-n150-s1,XL,150,1,base,Marginal-18,0,1,50,4263.9253,4744.1508,4186.2456,17.6797,60.0,50.016,50.215,954,44,2,4,1.0,0,0,0,0,0,0
family18,CSDVRP-L-n75-s5,L,75,5,base,Roulette-18,0,,25,2079.6094,2327.4464,2071.9501,7.6594,0.0,25.0,25.257,1201,22,0,0,0.9864,0,0,0,0,0,0
family18,CSDVRP-S-n10-s5,S,10,5,base,DRL-VNS18,1,2,5,454.5993,485.8354,450.6688,3.9305,0.0,5.0,5.005,5942,3,0,0,0.956,0,0,0,0,0,0
family18,CSDVRP-L-n100-s4,L,100,4,base,Marginal-18,6,2,35,2939.9197,3371.4529,2926.5414,13.3783,0.0,35.062,35.388,753,31,0,0,0.9976,0,0,0,0,0,0
family18,CSDVRP-S-n8-s4,S,8,4,base,VNS-18,2,,5,359.1905,397.2233,357.0731,2.1174,0.0,5.0,4.997,16069,3,0,0,0.8793,0,0,0,0,0,0
family18,CSDVRP-M-n30-s3,M,30,3,base,VNS-18,4,,10,969.1696,1099.7766,965.9069,3.2627,0.0,10.0,10.033,3976,10,0,0,0.988,0,0,0,0,0,0
family18,CSDVRP-S-n12-s3,S,12,3,base,Random-18,7,,5,522.4878,589.3086,503.6872,3.8005,15.0,5.0,5.009,11197,4,1,1,1.0,0,0,0,0,0,0
family18,CSDVRP-S-n20-s3,S,20,3,base,DRL-VNS18,3,4,6,691.2399,797.0264,687.1116,4.1284,0.0,6.0,6.012,3555,7,0,0,0.9707,0,0,0,0,0,0
family18,CSDVRP-S-n6-s1,S,6,1,base,Roulette-18,0,,5,341.7876,362.2464,340.1093,1.6783,0.0,5.0,5.218,20463,3,0,0,0.926,0,0,0,0,0,0
family18,CSDVRP-S-n8-s5,S,8,5,base,VNS-18,7,,5,423.2126,427.0275,419.9371,3.2754,0.0,5.0,5.044,14106,3,0,0,0.894,0,0,0,0,0,0
family18,CSDVRP-XL-n150-s0,XL,150,0,base,Random-18,6,,50,4417.6874,5021.4451,4368.7087,18.9787,30.0,50.109,50.308,868,46,1,2,1.0,0,0,0,0,0,0
family18,CSDVRP-M-n30-s0,M,30,0,base,Roulette-18,7,,10,1092.964,1303.6377,1089.1614,3.8025,0.0,10.0,10.016,3501,11,0,0,0.997,0,0,0,0,0,0
family18,CSDVRP-S-n20-s3,S,20,3,base,VNS-18,9,,6,703.6958,797.0264,684.6426,4.0532,15.0,6.0,6.015,4905,7,1,1,1.0,0,0,0,0,0,0
family18,CSDVRP-S-n12-s2,S,12,2,base,DRL-VNS18,2,3,5,460.175,518.4642,458.0808,2.0942,0.0,5.0,5.339,6554,4,0,0,0.998,0,0,0,0,0,0
family18,CSDVRP-S-n15-s3,S,15,3,base,VNS-18,3,,5,601.4006,692.2972,597.8561,3.5445,0.0,5.0,5.061,6359,6,0,0,0.998,0,0,0,0,0,0
family18,CSDVRP-L-n100-s5,L,100,5,base,Marginal-18,0,1,35,2629.6197,3154.3549,2571.7109,12.9088,45.0,35.0,35.148,723,30,2,3,1.0,0,0,0,0,0,0
family18,CSDVRP-M-n50-s5,M,50,5,base,VNS-18,6,,15,1657.7372,1904.3598,1620.5228,7.2144,30.0,15.0,15.002,1836,16,1,2,0.998,0,0,0,0,0,0
family18,CSDVRP-M-n30-s0,M,30,0,base,DRL-VNS18,3,4,10,1093.1072,1303.6377,1089.1614,3.9457,0.0,10.0,10.027,3150,11,0,0,0.997,0,0,0,0,0,0
family18,CSDVRP-S-n20-s0,S,20,0,base,Marginal-18,0,1,6,756.2207,835.2978,752.4896,3.7311,0.0,6.0,5.999,4941,7,0,0,0.9987,0,0,0,0,0,0
family18,CSDVRP-L-n100-s2,L,100,2,base,Fixed-dominant,1,,35,2804.0691,3167.7225,2791.3862,12.6829,0.0,35.0,35.344,763,30,0,0,0.9968,0,0,0,0,0,0
family18,CSDVRP-XL-n150-s3,XL,150,3,base,DRL-VNS18,2,3,50,3795.5636,4237.9876,3778.2242,17.3394,0.0,50.016,50.301,867,44,0,0,0.9983,0,0,0,0,0,0
family18,CSDVRP-S-n10-s5,S,10,5,base,Random-18,3,,5,454.5993,485.8354,450.6688,3.9305,0.0,5.0,5.064,11888,3,0,0,0.956,0,0,0,0,0,0
family18,CSDVRP-XL-n150-s2,XL,150,2,base,Roulette-18,8,,50,3978.0969,4545.4892,3963.3279,14.769,0.0,50.016,50.274,936,45,0,0,1.0,0,0,0,0,0,0
family18,CSDVRP-S-n8-s2,S,8,2,base,Roulette-18,5,,5,344.8888,398.3755,342.4078,2.481,0.0,5.0,5.002,15932,3,0,0,0.8753,0,0,0,0,0,0
family18,CSDVRP-S-n10-s1,S,10,1,base,Roulette-18,6,,5,394.7924,479.2322,392.2685,2.5239,0.0,5.0,4.998,9280,4,0,0,0.9253,0,0,0,0,0,0
family18,CSDVRP-S-n20-s2,S,20,2,base,Fixed-dominant,5,,6,671.0332,732.8183,667.0092,4.024,0.0,6.0,6.014,5296,7,0,0,0.9933,0,0,0,0,0,0
family18,CSDVRP-S-n10-s1,S,10,1,base,Random-18,3,,5,394.7924,479.2322,392.2685,2.5239,0.0,5.0,5.215,10174,4,0,0,0.9253,0,0,0,0,0,0
family18,CSDVRP-S-n8-s2,S,8,2,base,Fixed-dominant,1,,5,344.9724,398.3755,342.4078,2.5646,0.0,5.0,5.06,18525,3,0,0,0.8753,0,0,0,0,0,0
family18,CSDVRP-M-n30-s5,M,30,5,base,Roulette-18,4,,10,1120.6914,1247.2838,1085.528,5.1634,30.0,10.0,10.032,3702,10,2,2,1.0,0,0,0,0,0,0
family18,CSDVRP-L-n75-s4,L,75,4,base,Roulette-18,1,,25,2215.7586,2460.454,2193.31,7.4486,15.0,25.0,25.112,928,24,1,1,1.0,0,0,0,0,0,0
family18,CSDVRP-M-n30-s5,M,30,5,base,Roulette-18,5,,10,1119.5938,1247.2838,1084.6448,4.9489,30.0,10.0,10.008,4252,10,1,2,1.0,0,0,0,0,0,0
family18,CSDVRP-S-n12-s5,S,12,5,base,Random-18,9,,5,521.0601,535.5205,517.6832,3.3769,0.0,5.0,5.029,9892,4,0,0,0.978,0,0,0,0,0,0
family18,CSDVRP-S-n15-s5,S,15,5,base,Fixed-dominant,1,,5,667.5614,800.4223,662.7682,4.7933,0.0,5.0,4.997,10218,5,0,0,0.9993,0,0,0,0,0,0
family18,CSDVRP-S-n20-s2,S,20,2,base,Random-18,6,,6,670.121,732.8183,667.0092,3.1118,0.0,6.0,5.998,4692,7,0,0,0.9933,0,0,0,0,0,0
family18,CSDVRP-S-n20-s5,S,20,5,base,VNS-18,3,,6,763.2502,865.7,758.6853,4.5649,0.0,6.0,6.014,5427,7,0,0,0.9947,0,0,0,0,0,0
family18,CSDVRP-S-n12-s4,S,12,4,base,Roulette-18,7,,5,487.5063,536.3904,484.4937,3.0126,0.0,5.0,5.279,11138,4,0,0,0.9867,0,0,0,0,0,0
family18,CSDVRP-S-n12-s3,S,12,3,base,Marginal-18,1,2,5,522.4878,589.3086,503.6872,3.8005,15.0,5.0,5.029,11448,4,1,1,1.0,0,0,0,0,0,0
family18,CSDVRP-S-n20-s0,S,20,0,base,Fixed-dominant,7,,6,756.6189,835.2978,752.4896,4.1293,0.0,6.0,6.015,4896,7,0,0,0.9987,0,0,0,0,0,0
family18,CSDVRP-S-n20-s3,S,20,3,base,Marginal-18,0,1,6,691.2399,797.0264,687.1116,4.1284,0.0,6.0,6.013,5054,7,0,0,0.9707,0,0,0,0,0,0
family18,CSDVRP-S-n15-s1,S,15,1,base,VNS-18,6,,5,590.7648,675.8866,586.7939,3.9709,0.0,5.0,5.013,6374,5,0,0,0.9987,0,0,0,0,0,0
family18,CSDVRP-S-n8-s3,S,8,3,base,Fixed-dominant,4,,5,339.8466,351.7127,337.5902,2.2564,0.0,5.0,4.999,16240,3,0,0,0.9567,0,0,0,0,0,0
family18,CSDVRP-XL-n150-s5,XL,150,5,base,VNS-18,0,,50,3897.9643,4291.4727,3880.8728,17.0915,0.0,50.016,50.445,818,46,0,0,0.999,0,0,0,0,0,0
family18,CSDVRP-S-n6-s4,S,6,4,base,Fixed-dominant,0,,5,307.3738,316.7228,305.135,2.2389,0.0,5.0,5.127,21000,3,0,0,0.906,0,0,0,0,0,0
family18,CSDVRP-S-n12-s4,S,12,4,base,DRL-VNS18,2,3,5,487.5063,536.3904,484.4937,3.0126,0.0,5.0,5.044,5592,4,0,0,0.9867,0,0,0,0,0,0
family18,CSDVRP-S-n6-s1,S,6,1,base,Roulette-18,5,,5,341.7876,362.2464,340.1093,1.6783,0.0,5.0,5.029,20014,3,0,0,0.926,0,0,0,0,0,0
family18,CSDVRP-L-n75-s5,L,75,5,base,Roulette-18,6,,25,2101.1986,2327.4464,2093.29,7.9087,0.0,25.031,25.201,1091,23,0,0,0.9944,0,0,0,0,0,0
family18,CSDVRP-CS-Riyadh,case,30,0,base,Marginal-18,8,4,30,425.1377,711.0291,419.5582,5.5796,0.0,30.0,30.19,13102,4,0,0,0.964,0,0,0,0,0,0
family18,CSDVRP-S-n12-s2,S,12,2,base,Fixed-dominant,5,,5,460.175,518.4642,458.0808,2.0942,0.0,5.0,5.022,14028,4,0,0,0.998,0,0,0,0,0,0
family18,CSDVRP-M-n30-s2,M,30,2,base,VNS-18,7,,10,945.9873,1162.4183,941.8287,4.1586,0.0,10.0,10.3,3415,10,0,0,0.9865,0,0,0,0,0,0
family18,CSDVRP-L-n100-s5,L,100,5,base,Fixed-dominant,8,,35,2575.1141,3154.3549,2562.5192,12.5949,0.0,35.016,35.151,673,30,0,0,0.9988,0,0,0,0,0,0
family18,CSDVRP-S-n10-s4,S,10,4,base,Roulette-18,0,,5,387.4582,460.8567,384.9244,2.5338,0.0,5.0,5.042,14925,3,0,0,0.98,0,0,0,0,0,0
family18,CSDVRP-L-n75-s0,L,75,0,base,VNS-18,0,,25,2410.8092,2688.4285,2401.1797,9.6295,0.0,25.016,25.111,1057,24,0,0,0.9984,0,0,0,0,0,0
family18,CSDVRP-M-n30-s1,M,30,1,base,Roulette-18,0,,10,1031.4688,1231.1888,1027.1043,4.3646,0.0,10.0,10.325,3482,10,0,0,0.98,0,0,0,0,0,0
family18,CSDVRP-M-n30-s4,M,30,4,base,Random-18,3,,10,946.2127,1151.8487,942.0879,4.1249,0.0,10.0,10.016,3893,10,0,0,0.9925,0,0,0,0,0,0
family18,CSDVRP-S-n10-s3,S,10,3,base,Roulette-18,7,,5,398.3934,456.2198,394.9219,3.4715,0.0,5.0,5.025,13607,3,0,0,0.9427,0,0,0,0,0,0
family18,CSDVRP-S-n10-s3,S,10,3,base,Marginal-18,8,4,5,398.3934,456.2198,394.9219,3.4715,0.0,5.0,5.031,13866,3,0,0,0.9427,0,0,0,0,0,0
family18,CSDVRP-S-n10-s2,S,10,2,base,Marginal-18,5,1,5,391.6922,436.4179,389.0812,2.6111,0.0,5.0,4.998,15800,3,0,0,0.9787,0,0,0,0,0,0
family18,CSDVRP-S-n20-s5,S,20,5,base,Roulette-18,8,,6,763.1659,865.7,758.6853,4.4806,0.0,6.0,6.029,5381,7,0,0,0.9947,0,0,0,0,0,0
family18,CSDVRP-XL-n150-s2,XL,150,2,base,VNS-18,8,,50,4012.4951,4545.4892,3981.3484,16.1467,15.0,50.141,50.497,925,45,1,1,1.0,0,0,0,0,0,0
family18,CSDVRP-S-n20-s3,S,20,3,base,Marginal-18,5,1,6,691.4555,797.0264,687.1116,4.3439,0.0,6.0,5.998,5000,7,0,0,0.9707,0,0,0,0,0,0
family18,CSDVRP-S-n15-s4,S,15,4,base,Random-18,5,,5,585.7427,624.2332,582.2908,3.4519,0.0,5.0,4.997,7056,6,0,0,0.9347,0,0,0,0,0,0
family18,CSDVRP-L-n100-s0,L,100,0,base,VNS-18,9,,35,3126.2231,3458.8862,3068.0464,13.1767,45.0,35.078,35.192,701,31,2,3,1.0,0,0,0,0,0,0
family18,CSDVRP-S-n6-s1,S,6,1,base,VNS-18,6,,5,341.7876,362.2464,340.1093,1.6783,0.0,5.0,5.007,21887,3,0,0,0.926,0,0,0,0,0,0
family18,CSDVRP-XL-n150-s5,XL,150,5,base,Random-18,3,,50,3959.1006,4291.4727,3912.5226,16.5781,30.0,50.062,50.403,866,45,1,2,1.0,0,0,0,0,0,0
family18,CSDVRP-L-n75-s5,L,75,5,base,DRL-VNS18,6,2,25,2106.6737,2327.4464,2083.2169,8.4569,15.0,25.016,25.091,1116,22,1,1,1.0,0,0,0,0,0,0
family18,CSDVRP-S-n10-s4,S,10,4,base,Roulette-18,3,,5,387.4582,460.8567,384.9244,2.5338,0.0,5.0,5.013,14712,3,0,0,0.98,0,0,0,0,0,0
family18,CSDVRP-L-n100-s4,L,100,4,base,DRL-VNS18,2,3,35,2944.7088,3371.4529,2930.4447,14.2641,0.0,35.0,35.4,646,31,0,0,0.9992,0,0,0,0,0,0
family18,CSDVRP-S-n10-s5,S,10,5,base,Marginal-18,6,2,5,454.5993,485.8354,450.6688,3.9305,0.0,5.0,5.076,11904,3,0,0,0.956,0,0,0,0,0,0
family18,CSDVRP-S-n15-s0,S,15,0,base,Roulette-18,3,,5,622.621,666.3141,603.3505,4.2704,15.0,5.0,5.014,6858,5,1,1,1.0,0,0,0,0,0,0
family18,CSDVRP-S-n10-s4,S,10,4,base,DRL-VNS18,5,1,5,387.4582,460.8567,384.9244,2.5338,0.0,5.0,5.013,6750,3,0,0,0.98,0,0,0,0,0,0
family18,CSDVRP-M-n50-s4,M,50,4,base,Random-18,6,,15,1654.1812,1919.2804,1646.8001,7.3811,0.0,15.0,15.061,1642,16,0,0,1.0,0,0,0,0,0,0
family18,CSDVRP-S-n6-s3,S,6,3,base,DRL-VNS18,1,2,5,230.2731,253.5784,228.5871,1.686,0.0,5.0,5.025,8444,2,0,0,0.9873,0,0,0,0,0,0
family18,CSDVRP-S-n10-s5,S,10,5,base,Random-18,2,,5,454.5993,485.8354,450.6688,3.9305,0.0,5.0,4.999,11596,3,0,0,0.956,0,0,0,0,0,0
family18,CSDVRP-M-n30-s3,M,30,3,base,Fixed-dominant,2,,10,971.882,1099.7766,968.1897,3.6923,0.0,10.0,10.045,4386,10,0,0,0.9975,0,0,0,0,0,0
family18,CSDVRP-S-n15-s3,S,15,3,base,Marginal-18,4,5,5,605.368,692.2972,602.0686,3.2994,0.0,5.0,5.014,8785,6,0,0,0.9787,0,0,0,0,0,0
family18,CSDVRP-S-n10-s2,S,10,2,base,VNS-18,7,,5,386.2368,436.4179,383.4745,2.7622,0.0,5.0,5.247,15041,3,0,0,0.9893,0,0,0,0,0,0
family18,CSDVRP-L-n100-s4,L,100,4,base,Marginal-18,3,4,35,2954.1956,3371.4529,2881.2657,12.93,60.0,35.016,35.185,747,30,4,4,1.0,0,0,0,0,0,0
family18,CSDVRP-S-n20-s4,S,20,4,base,Roulette-18,5,,6,719.4697,798.0501,715.5041,3.9656,0.0,6.0,5.999,4783,7,0,0,0.986,0,0,0,0,0,0
family18,CSDVRP-XL-n150-s4,XL,150,4,base,Marginal-18,8,4,50,3906.6712,4802.2805,3832.6287,14.0425,60.0,50.0,50.403,996,44,3,4,1.0,0,0,0,0,0,0
family18,CSDVRP-L-n100-s2,L,100,2,base,DRL-VNS18,5,1,35,2815.4939,3167.7225,2804.7089,10.7849,0.0,35.0,35.168,673,30,0,0,0.9972,0,0,0,0,0,0
family18,CSDVRP-S-n20-s2,S,20,2,base,Fixed-dominant,8,,6,671.0165,732.8183,667.0092,4.0073,0.0,6.0,6.028,5415,7,0,0,0.9933,0,0,0,0,0,0
family18,CSDVRP-L-n100-s0,L,100,0,base,Roulette-18,2,,35,3048.0329,3458.8862,3035.4467,12.5863,0.0,35.031,35.275,697,31,0,0,0.9972,0,0,0,0,0,0
family18,CSDVRP-M-n30-s2,M,30,2,base,DRL-VNS18,0,1,10,941.0551,1162.4183,938.3163,2.7388,0.0,10.0,10.033,3062,10,0,0,0.9865,0,0,0,0,0,0
family18,CSDVRP-S-n8-s1,S,8,1,base,Roulette-18,4,,5,335.8429,376.3954,333.6723,2.1706,0.0,5.0,5.013,16933,3,0,0,0.9073,0,0,0,0,0,0
family18,CSDVRP-M-n30-s4,M,30,4,base,DRL-VNS18,6,2,10,926.5673,1151.8487,921.3091,5.2583,0.0,10.0,10.045,3256,10,0,0,0.99,0,0,0,0,0,0
family18,CSDVRP-XL-n150-s3,XL,150,3,base,Marginal-18,6,2,50,3807.3388,4237.9876,3791.585,15.7538,0.0,50.016,50.528,978,43,0,0,0.9983,0,0,0,0,0,0
family18,CSDVRP-S-n20-s3,S,20,3,base,Random-18,5,,6,691.4555,797.0264,687.1116,4.3439,0.0,6.0,5.996,5136,7,0,0,0.9707,0,0,0,0,0,0
family18,CSDVRP-M-n30-s1,M,30,1,base,DRL-VNS18,9,5,10,1031.4688,1231.1888,1027.1043,4.3646,0.0,10.0,10.016,3071,10,0,0,0.98,0,0,0,0,0,0
family18,CSDVRP-XL-n150-s4,XL,150,4,base,Marginal-18,3,4,50,3993.448,4802.2805,3813.6176,14.8304,165.0,50.0,50.307,923,45,7,11,1.0,0,0,0,0,0,0
family18,CSDVRP-M-n30-s1,M,30,1,base,Marginal-18,1,2,10,1049.5075,1231.1888,1030.777,3.7305,15.0,10.0,9.997,3840,10,1,1,1.0,0,0,0,0,0,0
family18,CSDVRP-S-n10-s1,S,10,1,base,Marginal-18,0,1,5,394.7924,479.2322,392.2685,2.5239,0.0,5.0,4.997,9828,4,0,0,0.9253,0,0,0,0,0,0
family18,CSDVRP-L-n75-s2,L,75,2,base,VNS-18,7,,25,2135.8013,2442.0216,2080.8243,9.977,45.0,25.0,25.094,1194,22,2,3,1.0,0,0,0,0,0,0
family18,CSDVRP-S-n8-s4,S,8,4,base,VNS-18,1,,5,359.1905,397.2233,357.0731,2.1174,0.0,5.0,5.027,16850,3,0,0,0.8793,0,0,0,0,0,0
family18,CSDVRP-XL-n150-s0,XL,150,0,base,DRL-VNS18,0,1,50,4367.5443,5021.4451,4350.7262,16.8181,0.0,50.031,50.456,929,46,0,0,0.9997,0,0,0,0,0,0
family18,CSDVRP-M-n50-s3,M,50,3,base,Fixed-dominant,4,,15,1400.2769,1746.7745,1393.2711,7.0059,0.0,15.0,15.022,1963,15,0,0,0.994,0,0,0,0,0,0
family18,CSDVRP-M-n30-s1,M,30,1,base,Marginal-18,8,4,10,1031.4688,1231.1888,1027.1043,4.3646,0.0,10.0,10.029,3491,10,0,0,0.98,0,0,0,0,0,0
family18,CSDVRP-S-n20-s5,S,20,5,base,Roulette-18,0,,6,763.1659,865.7,758.6853,4.4806,0.0,6.0,5.999,5512,7,0,0,0.9947,0,0,0,0,0,0
family18,CSDVRP-S-n20-s4,S,20,4,base,VNS-18,9,,6,719.4697,798.0501,715.5041,3.9656,0.0,6.0,5.999,4913,7,0,0,0.986,0,0,0,0,0,0
family18,CSDVRP-S-n10-s4,S,10,4,base,Fixed-dominant,0,,5,387.7762,460.8567,384.9244,2.8518,0.0,5.0,5.012,16965,3,0,0,0.98,0,0,0,0,0,0
family18,CSDVRP-XL-n150-s4,XL,150,4,base,DRL-VNS18,4,5,50,3978.0543,4802.2805,3784.9894,13.0649,180.0,50.031,50.356,1030,45,7,12,1.0,0,0,0,0,0,0
family18,CSDVRP-M-n30-s1,M,30,1,base,Fixed-dominant,9,,10,1032.3995,1231.1888,1027.1043,5.2952,0.0,10.0,10.011,3964,10,0,0,0.98,0,0,0,0,0,0
family18,CSDVRP-S-n8-s1,S,8,1,base,Fixed-dominant,3,,5,335.8429,376.3954,333.6723,2.1706,0.0,5.0,5.029,18816,3,0,0,0.9073,0,0,0,0,0,0
family18,CSDVRP-L-n75-s1,L,75,1,base,DRL-VNS18,2,3,25,2108.8435,2408.8056,2071.6194,7.2241,30.0,25.0,25.041,985,23,2,2,1.0,0,0,0,0,0,0
family18,CSDVRP-S-n8-s4,S,8,4,base,Fixed-dominant,0,,5,359.1905,397.2233,357.0731,2.1174,0.0,5.0,5.22,18158,3,0,0,0.8793,0,0,0,0,0,0
family18,CSDVRP-S-n6-s1,S,6,1,base,DRL-VNS18,1,2,5,341.7876,362.2464,340.1093,1.6783,0.0,5.0,5.013,7955,3,0,0,0.926,0,0,0,0,0,0
family18,CSDVRP-S-n10-s4,S,10,4,base,Roulette-18,8,,5,387.4582,460.8567,384.9244,2.5338,0.0,5.0,4.996,15223,3,0,0,0.98,0,0,0,0,0,0
family18,CSDVRP-S-n15-s5,S,15,5,base,VNS-18,1,,5,666.5148,800.4223,662.7682,3.7467,0.0,5.0,5.014,8506,5,0,0,0.9993,0,0,0,0,0,0
family18,CSDVRP-S-n12-s5,S,12,5,base,Roulette-18,2,,5,521.0601,535.5205,517.6832,3.3769,0.0,5.0,5.045,9850,4,0,0,0.978,0,0,0,0,0,0
family18,CSDVRP-S-n10-s2,S,10,2,base,VNS-18,8,,5,391.6922,436.4179,389.0812,2.6111,0.0,5.0,5.015,16854,3,0,0,0.9787,0,0,0,0,0,0
family18,CSDVRP-S-n8-s2,S,8,2,base,Fixed-dominant,0,,5,344.8888,398.3755,342.4078,2.481,0.0,5.0,4.997,18862,3,0,0,0.8753,0,0,0,0,0,0
family18,CSDVRP-L-n75-s2,L,75,2,base,Roulette-18,2,,25,2140.693,2442.0216,2086.1573,9.5357,45.0,25.016,25.048,1161,22,2,3,1.0,0,0,0,0,0,0
family18,CSDVRP-M-n30-s3,M,30,3,base,Roulette-18,9,,10,969.1696,1099.7766,965.9069,3.2627,0.0,10.0,10.011,4034,10,0,0,0.988,0,0,0,0,0,0
family18,CSDVRP-XL-n150-s5,XL,150,5,base,DRL-VNS18,7,3,50,3851.9268,4291.4727,3834.3398,17.587,0.0,50.016,50.397,860,45,0,0,0.998,0,0,0,0,0,0
family18,CSDVRP-S-n6-s2,S,6,2,base,Fixed-dominant,4,,5,330.7872,334.9047,328.2873,2.4999,0.0,5.0,4.985,18648,3,0,0,0.8567,0,0,0,0,0,0
family18,CSDVRP-S-n12-s2,S,12,2,base,Fixed-dominant,3,,5,460.8355,518.4642,458.0808,2.7548,0.0,5.0,5.014,14444,4,0,0,0.998,0,0,0,0,0,0
family18,CSDVRP-M-n50-s2,M,50,2,base,Marginal-18,8,4,15,1499.0835,1677.4231,1462.7511,6.3324,30.0,15.0,15.075,1907,16,1,2,1.0,0,0,0,0,0,0
family18,CSDVRP-S-n20-s0,S,20,0,base,Random-18,8,,6,756.2207,835.2978,752.4896,3.7311,0.0,6.0,6.046,4871,7,0,0,0.9987,0,0,0,0,0,0
family18,CSDVRP-S-n10-s2,S,10,2,base,VNS-18,4,,5,391.6922,436.4179,389.0812,2.6111,0.0,5.0,5.045,16939,3,0,0,0.9787,0,0,0,0,0,0
family18,CSDVRP-L-n75-s4,L,75,4,base,Fixed-dominant,1,,25,2206.4506,2460.454,2197.0999,9.3507,0.0,25.016,25.242,1056,24,0,0,0.998,0,0,0,0,0,0
family18,CSDVRP-L-n100-s1,L,100,1,base,Roulette-18,4,,35,2667.2566,3146.4881,2639.9759,12.2807,15.0,35.0,35.041,726,29,1,1,1.0,0,0,0,0,0,0
family18,CSDVRP-CS-Riyadh,case,30,0,base,Random-18,7,,30,421.0594,711.0291,415.2538,5.8056,0.0,30.0,30.257,13037,4,0,0,0.982,0,0,0,0,0,0
family18,CSDVRP-M-n30-s0,M,30,0,base,Random-18,1,,10,1093.1072,1303.6377,1089.1614,3.9457,0.0,10.0,10.015,3454,11,0,0,0.997,0,0,0,0,0,0
family18,CSDVRP-S-n12-s1,S,12,1,base,Random-18,8,,5,527.1742,602.7068,508.3795,3.7947,15.0,5.0,4.995,9950,4,1,1,1.0,0,0,0,0,0,0
family18,CSDVRP-XL-n150-s4,XL,150,4,base,VNS-18,9,,50,3948.2594,4802.2805,3814.4406,13.8188,120.0,50.078,50.26,934,45,5,8,1.0,0,0,0,0,0,0
family18,CSDVRP-XL-n150-s4,XL,150,4,base,DRL-VNS18,0,1,50,4083.651,4802.2805,3800.2808,13.3702,270.0,50.016,50.548,962,44,10,18,1.0,0,0,0,0,0,0
family18,CSDVRP-S-n10-s5,S,10,5,base,Roulette-18,2,,5,454.5993,485.8354,450.6688,3.9305,0.0,5.0,5.029,11496,3,0,0,0.956,0,0,0,0,0,0
family18,CSDVRP-M-n30-s1,M,30,1,base,Roulette-18,3,,10,1031.5482,1231.1888,1027.1043,4.4439,0.0,10.0,10.061,3450,10,0,0,0.98,0,0,0,0,0,0
family18,CSDVRP-L-n75-s1,L,75,1,base,Random-18,0,,25,2082.651,2408.8056,2060.238,7.4131,15.0,25.0,25.287,1119,23,1,1,1.0,0,0,0,0,0,0
family18,CSDVRP-S-n8-s2,S,8,2,base,Marginal-18,9,5,5,344.8888,398.3755,342.4078,2.481,0.0,5.0,4.988,17034,3,0,0,0.8753,0,0,0,0,0,0
family18,CSDVRP-S-n12-s3,S,12,3,base,Roulette-18,0,,5,522.4878,589.3086,503.6872,3.8005,15.0,5.0,4.998,11312,4,1,1,1.0,0,0,0,0,0,0
family18,CSDVRP-S-n20-s1,S,20,1,base,DRL-VNS18,2,3,6,785.2664,908.0268,780.5879,4.6785,0.0,6.0,6.044,3695,7,0,0,0.9833,0,0,0,0,0,0
family18,CSDVRP-S-n8-s4,S,8,4,base,Fixed-dominant,8,,5,359.1905,397.2233,357.0731,2.1174,0.0,5.0,5.012,17604,3,0,0,0.8793,0,0,0,0,0,0
family18,CSDVRP-S-n10-s2,S,10,2,base,Random-18,6,,5,391.6922,436.4179,389.0812,2.6111,0.0,5.0,4.998,16722,3,0,0,0.9787,0,0,0,0,0,0
family18,CSDVRP-S-n12-s2,S,12,2,base,Marginal-18,8,4,5,460.175,518.4642,458.0808,2.0942,0.0,5.0,5.014,13318,4,0,0,0.998,0,0,0,0,0,0
family18,CSDVRP-S-n12-s3,S,12,3,base,Roulette-18,9,,5,522.4878,589.3086,503.6872,3.8005,15.0,5.0,5.014,11235,4,1,1,1.0,0,0,0,0,0,0
family18,CSDVRP-XL-n150-s2,XL,150,2,base,VNS-18,6,,50,4011.5928,4545.4892,3980.331,16.2618,15.0,50.016,50.368,969,45,1,1,1.0,0,0,0,0,0,0
family18,CSDVRP-S-n12-s5,S,12,5,base,Marginal-18,1,2,5,521.0601,535.5205,517.6832,3.3769,0.0,5.0,5.001,10251,4,0,0,0.978,0,0,0,0,0,0
family18,CSDVRP-S-n10-s4,S,10,4,base,DRL-VNS18,7,3,5,387.7762,460.8567,384.9244,2.8518,0.0,5.0,5.028,6947,3,0,0,0.98,0,0,0,0,0,0
family18,CSDVRP-L-n75-s3,L,75,3,base,Roulette-18,8,,25,2088.304,2332.9982,2067.6075,5.6965,15.0,25.0,25.058,1160,24,1,1,1.0,0,0,0,0,0,0
family18,CSDVRP-XL-n150-s5,XL,150,5,base,DRL-VNS18,8,4,50,3914.5417,4291.4727,3837.3734,17.1683,60.0,50.0,50.255,1030,44,2,4,1.0,0,0,0,0,0,0
family18,CSDVRP-S-n15-s1,S,15,1,base,VNS-18,8,,5,599.4153,675.8866,596.1341,3.2813,0.0,5.0,4.991,6128,6,0,0,0.9,0,0,0,0,0,0
family18,CSDVRP-S-n15-s1,S,15,1,base,DRL-VNS18,5,1,5,599.4153,675.8866,596.1341,3.2813,0.0,5.0,5.03,4092,6,0,0,0.9,0,0,0,0,0,0
family18,CSDVRP-M-n30-s1,M,30,1,base,DRL-VNS18,4,5,10,1050.3053,1231.1888,1031.6902,3.6151,15.0,10.0,10.03,3152,10,1,1,1.0,0,0,0,0,0,0
family18,CSDVRP-M-n30-s2,M,30,2,base,Random-18,9,,10,945.6669,1162.4183,941.8287,3.8382,0.0,10.0,10.001,3387,10,0,0,0.9865,0,0,0,0,0,0
family18,CSDVRP-S-n12-s2,S,12,2,base,Random-18,2,,5,460.175,518.4642,458.0808,2.0942,0.0,5.0,5.024,13617,4,0,0,0.998,0,0,0,0,0,0
family18,CSDVRP-M-n30-s3,M,30,3,base,Random-18,7,,10,969.2873,1099.7766,965.9069,3.3804,0.0,10.0,10.048,4108,10,0,0,0.988,0,0,0,0,0,0
family18,CSDVRP-L-n75-s0,L,75,0,base,Marginal-18,9,5,25,2410.2453,2688.4285,2401.1797,9.0656,0.0,25.0,25.346,1182,24,0,0,0.9984,0,0,0,0,0,0
family18,CSDVRP-S-n12-s1,S,12,1,base,DRL-VNS18,9,5,5,527.1742,602.7068,508.3795,3.7947,15.0,5.0,5.004,5727,4,1,1,1.0,0,0,0,0,0,0
family18,CSDVRP-M-n50-s5,M,50,5,base,Marginal-18,3,4,15,1616.3852,1904.3598,1608.6544,7.7308,0.0,15.0,15.017,2074,15,0,0,1.0,0,0,0,0,0,0
family18,CSDVRP-L-n100-s1,L,100,1,base,Fixed-dominant,3,,35,2657.1585,3146.4881,2644.2474,12.9111,0.0,35.016,35.172,797,29,0,0,0.9984,0,0,0,0,0,0
family18,CSDVRP-L-n75-s5,L,75,5,base,DRL-VNS18,9,5,25,2109.0852,2327.4464,2086.5739,7.5113,15.0,25.016,25.32,1094,23,1,1,1.0,0,0,0,0,0,0
family18,CSDVRP-S-n20-s0,S,20,0,base,Roulette-18,5,,6,756.2207,835.2978,752.4896,3.7311,0.0,6.0,5.995,4807,7,0,0,0.9987,0,0,0,0,0,0
family18,CSDVRP-S-n15-s2,S,15,2,base,Fixed-dominant,8,,5,605.7439,645.109,602.0225,3.7214,0.0,5.0,4.999,7099,6,0,0,0.9953,0,0,0,0,0,0
family18,CSDVRP-L-n75-s5,L,75,5,base,Fixed-dominant,3,,25,2114.9255,2327.4464,2106.4708,8.4547,0.0,25.0,25.063,1184,23,0,0,0.9984,0,0,0,0,0,0
family18,CSDVRP-S-n20-s5,S,20,5,base,DRL-VNS18,1,2,6,763.1659,865.7,758.6853,4.4806,0.0,6.0,6.008,4177,7,0,0,0.9947,0,0,0,0,0,0
family18,CSDVRP-S-n20-s1,S,20,1,base,Fixed-dominant,3,,6,785.4201,908.0268,780.5879,4.8322,0.0,6.0,6.061,5515,7,0,0,0.9833,0,0,0,0,0,0
family18,CSDVRP-M-n30-s0,M,30,0,base,VNS-18,1,,10,1093.0763,1303.6377,1088.8964,4.1799,0.0,10.0,10.28,3682,11,0,0,0.997,0,0,0,0,0,0
family18,CSDVRP-L-n100-s4,L,100,4,base,Random-18,9,,35,2963.2707,3371.4529,2875.4694,12.8014,75.0,35.031,35.126,694,30,3,5,1.0,0,0,0,0,0,0
family18,CSDVRP-M-n30-s1,M,30,1,base,Random-18,0,,10,1031.5482,1231.1888,1027.1043,4.4439,0.0,10.0,10.026,3347,10,0,0,0.98,0,0,0,0,0,0
family18,CSDVRP-L-n75-s3,L,75,3,base,Roulette-18,0,,25,2114.8086,2332.9982,2094.6468,5.1617,15.0,25.0,25.132,1045,24,1,1,1.0,0,0,0,0,0,0
family18,CSDVRP-S-n8-s3,S,8,3,base,Fixed-dominant,1,,5,339.8466,351.7127,337.5902,2.2564,0.0,5.0,5.214,17465,3,0,0,0.9567,0,0,0,0,0,0
family18,CSDVRP-XL-n150-s3,XL,150,3,base,DRL-VNS18,0,1,50,3804.5464,4237.9876,3786.8906,17.6558,0.0,50.016,50.317,925,44,0,0,0.997,0,0,0,0,0,0
family18,CSDVRP-S-n12-s5,S,12,5,base,DRL-VNS18,2,3,5,521.0601,535.5205,517.6832,3.3769,0.0,5.0,5.02,5526,4,0,0,0.978,0,0,0,0,0,0
family18,CSDVRP-L-n75-s3,L,75,3,base,Marginal-18,6,2,25,2111.8403,2332.9982,2075.5012,6.3391,30.0,25.047,25.332,1243,23,2,2,0.9988,0,0,0,0,0,0
family18,CSDVRP-S-n10-s4,S,10,4,base,Marginal-18,0,1,5,387.4582,460.8567,384.9244,2.5338,0.0,5.0,5.023,15149,3,0,0,0.98,0,0,0,0,0,0
family18,CSDVRP-S-n8-s2,S,8,2,base,VNS-18,4,,5,344.8888,398.3755,342.4078,2.481,0.0,5.0,5.045,17554,3,0,0,0.8753,0,0,0,0,0,0
family18,CSDVRP-S-n8-s1,S,8,1,base,Roulette-18,7,,5,335.8429,376.3954,333.6723,2.1706,0.0,5.0,5.044,17488,3,0,0,0.9073,0,0,0,0,0,0
family18,CSDVRP-S-n20-s2,S,20,2,base,Roulette-18,6,,6,670.121,732.8183,667.0092,3.1118,0.0,6.0,6.0,5004,7,0,0,0.9933,0,0,0,0,0,0
family18,CSDVRP-S-n20-s4,S,20,4,base,Marginal-18,1,2,6,719.4697,798.0501,715.5041,3.9656,0.0,6.0,6.013,5164,7,0,0,0.986,0,0,0,0,0,0
family18,CSDVRP-XL-n150-s5,XL,150,5,base,Random-18,1,,50,3870.2663,4291.4727,3851.9099,18.3564,0.0,50.047,50.788,863,45,0,0,0.999,0,0,0,0,0,0
family18,CSDVRP-M-n30-s2,M,30,2,base,Marginal-18,3,4,10,941.0551,1162.4183,938.3163,2.7388,0.0,10.0,10.131,3671,10,0,0,0.9865,0,0,0,0,0,0
family18,CSDVRP-S-n20-s3,S,20,3,base,Roulette-18,5,,6,691.2399,797.0264,687.1116,4.1284,0.0,6.0,6.06,5260,7,0,0,0.9707,0,0,0,0,0,0
family18,CSDVRP-S-n15-s5,S,15,5,base,Roulette-18,5,,5,666.5148,800.4223,662.7682,3.7467,0.0,5.0,4.997,8153,5,0,0,0.9993,0,0,0,0,0,0
family18,CSDVRP-M-n30-s1,M,30,1,base,Marginal-18,3,4,10,1031.5482,1231.1888,1027.1043,4.4439,0.0,10.0,10.11,3380,10,0,0,0.98,0,0,0,0,0,0
family18,CSDVRP-S-n12-s5,S,12,5,base,VNS-18,2,,5,521.0601,535.5205,517.6832,3.3769,0.0,5.0,5.01,9420,4,0,0,0.978,0,0,0,0,0,0
family18,CSDVRP-S-n15-s0,S,15,0,base,DRL-VNS18,2,3,5,622.621,666.3141,603.3505,4.2704,15.0,5.0,5.043,4032,5,1,1,1.0,0,0,0,0,0,0
family18,CSDVRP-L-n75-s5,L,75,5,base,Marginal-18,0,1,25,2075.0893,2327.4464,2066.6549,8.4345,0.0,25.0,25.666,1061,22,0,0,0.9992,0,0,0,0,0,0
family18,CSDVRP-XL-n150-s3,XL,150,3,base,VNS-18,8,,50,3806.0166,4237.9876,3790.5534,15.4633,0.0,50.031,52.088,880,44,0,0,0.9983,0,0,0,0,0,0
family18,CSDVRP-S-n10-s5,S,10,5,base,Fixed-dominant,9,,5,454.5993,485.8354,450.6688,3.9305,0.0,5.0,5.035,14989,3,0,0,0.956,0,0,0,0,0,0
family18,CSDVRP-M-n30-s5,M,30,5,base,VNS-18,2,,10,1119.7891,1247.2838,1084.7428,5.0463,30.0,10.0,10.062,3652,10,1,2,1.0,0,0,0,0,0,0
family18,CSDVRP-L-n100-s3,L,100,3,base,Fixed-dominant,0,,35,2701.3867,3095.0715,2688.4654,12.9213,0.0,35.0,36.565,694,31,0,0,0.9992,0,0,0,0,0,0
family18,CSDVRP-S-n6-s2,S,6,2,base,Marginal-18,7,3,5,330.7872,334.9047,328.2873,2.4999,0.0,5.0,5.038,16175,3,0,0,0.8567,0,0,0,0,0,0
family18,CSDVRP-M-n30-s4,M,30,4,base,DRL-VNS18,9,5,10,926.5673,1151.8487,921.3091,5.2583,0.0,10.0,10.145,3024,10,0,0,0.99,0,0,0,0,0,0
family18,CSDVRP-M-n50-s2,M,50,2,base,Fixed-dominant,0,,15,1467.9876,1677.4231,1461.7612,6.2263,0.0,15.0,15.176,1754,16,0,0,0.9985,0,0,0,0,0,0
family18,CSDVRP-L-n100-s0,L,100,0,base,Fixed-dominant,5,,35,3089.6425,3458.8862,3074.9076,14.7349,0.0,35.016,39.177,721,31,0,0,0.9976,0,0,0,0,0,0
family18,CSDVRP-M-n50-s3,M,50,3,base,DRL-VNS18,0,1,15,1425.9071,1746.7745,1405.6818,5.2253,15.0,15.0,15.402,1829,15,1,1,1.0,0,0,0,0,0,0
family18,CSDVRP-L-n75-s3,L,75,3,base,VNS-18,5,,25,2077.4307,2332.9982,2072.0521,5.3786,0.0,25.0,25.601,1060,24,0,0,0.9956,0,0,0,0,0,0
family18,CSDVRP-S-n12-s3,S,12,3,base,Fixed-dominant,7,,5,524.6917,589.3086,520.2183,4.4734,0.0,5.0,5.136,11690,4,0,0,0.982,0,0,0,0,0,0
family18,CSDVRP-S-n15-s0,S,15,0,base,Roulette-18,4,,5,622.621,666.3141,603.3505,4.2704,15.0,5.0,5.062,6771,5,1,1,1.0,0,0,0,0,0,0
family18,CSDVRP-M-n50-s5,M,50,5,base,Fixed-dominant,0,,15,1637.5632,1904.3598,1629.4282,8.135,0.0,15.0,15.411,1861,16,0,0,1.0,0,0,0,0,0,0
family18,CSDVRP-M-n50-s5,M,50,5,base,Marginal-18,0,1,15,1621.1723,1904.3598,1598.1074,8.0649,15.0,15.0,16.417,2025,15,1,1,1.0,0,0,0,0,0,0
family18,CSDVRP-M-n30-s3,M,30,3,base,Roulette-18,7,,10,969.1696,1099.7766,965.9069,3.2627,0.0,10.0,10.919,3903,10,0,0,0.988,0,0,0,0,0,0
family18,CSDVRP-M-n30-s2,M,30,2,base,Fixed-dominant,2,,10,941.7654,1162.4183,938.3163,3.4491,0.0,10.0,10.98,3563,10,0,0,0.9865,0,0,0,0,0,0
family18,CSDVRP-S-n10-s5,S,10,5,base,Random-18,4,,5,454.5993,485.8354,450.6688,3.9305,0.0,5.0,5.076,11401,3,0,0,0.956,0,0,0,0,0,0
family18,CSDVRP-S-n20-s4,S,20,4,base,DRL-VNS18,6,2,6,719.4697,798.0501,715.5041,3.9656,0.0,6.0,6.434,3613,7,0,0,0.986,0,0,0,0,0,0
family18,CSDVRP-S-n12-s5,S,12,5,base,Marginal-18,9,5,5,521.0601,535.5205,517.6832,3.3769,0.0,5.0,5.31,9527,4,0,0,0.978,0,0,0,0,0,0
family18,CSDVRP-M-n30-s2,M,30,2,base,Roulette-18,3,,10,941.0551,1162.4183,938.3163,2.7388,0.0,10.0,10.531,3361,10,0,0,0.9865,0,0,0,0,0,0
family18,CSDVRP-S-n8-s3,S,8,3,base,Fixed-dominant,9,,5,339.8466,351.7127,337.5902,2.2564,0.0,5.0,5.292,15792,3,0,0,0.9567,0,0,0,0,0,0
family18,CSDVRP-S-n20-s4,S,20,4,base,VNS-18,7,,6,719.4697,798.0501,715.5041,3.9656,0.0,6.0,6.61,4745,7,0,0,0.986,0,0,0,0,0,0
family18,CSDVRP-M-n30-s4,M,30,4,base,Roulette-18,6,,10,925.7043,1151.8487,921.3091,4.3952,0.0,10.0,11.499,3677,10,0,0,0.99,0,0,0,0,0,0
family18,CSDVRP-S-n20-s2,S,20,2,base,VNS-18,3,,6,670.1283,732.8183,667.0092,3.1191,0.0,6.0,6.213,4656,7,0,0,0.9933,0,0,0,0,0,0
family18,CSDVRP-XL-n150-s4,XL,150,4,base,VNS-18,3,,50,3925.7594,4802.2805,3837.3463,13.4132,75.0,50.094,50.27,938,45,4,5,1.0,0,0,0,0,0,0
family18,CSDVRP-S-n12-s5,S,12,5,base,Roulette-18,9,,5,521.0601,535.5205,517.6832,3.3769,0.0,5.0,4.992,9320,4,0,0,0.978,0,0,0,0,0,0
family18,CSDVRP-L-n75-s2,L,75,2,base,DRL-VNS18,8,4,25,2105.5528,2442.0216,2065.3447,10.2081,30.0,25.0,25.393,1199,22,2,2,1.0,0,0,0,0,0,0
family18,CSDVRP-L-n100-s0,L,100,0,base,Marginal-18,3,4,35,3081.5773,3458.8862,3053.6336,12.9437,15.0,35.031,35.144,635,31,1,1,1.0,0,0,0,0,0,0
family18,CSDVRP-S-n6-s3,S,6,3,base,Fixed-dominant,0,,5,230.4154,253.5784,228.5871,1.8283,0.0,5.0,5.014,28574,2,0,0,0.9873,0,0,0,0,0,0
family18,CSDVRP-S-n20-s5,S,20,5,base,VNS-18,9,,6,763.1659,865.7,758.6853,4.4806,0.0,6.0,6.015,5405,7,0,0,0.9947,0,0,0,0,0,0
family18,CSDVRP-M-n30-s0,M,30,0,base,VNS-18,6,,10,1092.9389,1303.6377,1089.1614,3.7775,0.0,10.0,9.999,3456,11,0,0,0.997,0,0,0,0,0,0
family18,CSDVRP-S-n12-s1,S,12,1,base,Fixed-dominant,6,,5,527.1926,602.7068,508.3795,3.813,15.0,5.0,5.261,11309,4,1,1,0.9927,0,0,0,0,0,0
family18,CSDVRP-S-n8-s1,S,8,1,base,VNS-18,8,,5,335.8429,376.3954,333.6723,2.1706,0.0,5.0,5.046,17588,3,0,0,0.9073,0,0,0,0,0,0
family18,CSDVRP-S-n8-s4,S,8,4,base,Marginal-18,5,1,5,359.1905,397.2233,357.0731,2.1174,0.0,5.0,5.028,15220,3,0,0,0.8793,0,0,0,0,0,0
family18,CSDVRP-S-n10-s5,S,10,5,base,DRL-VNS18,9,5,5,454.5993,485.8354,450.6688,3.9305,0.0,5.0,4.997,5905,3,0,0,0.956,0,0,0,0,0,0
family18,CSDVRP-XL-n150-s5,XL,150,5,base,DRL-VNS18,5,1,50,3896.8112,4291.4727,3849.1221,17.6891,30.0,50.078,50.241,849,45,2,2,1.0,0,0,0,0,0,0
family18,CSDVRP-L-n100-s3,L,100,3,base,DRL-VNS18,7,3,35,2728.7891,3095.0715,2716.4353,12.3538,0.0,35.094,35.552,705,30,0,0,1.0,0,0,0,0,0,0
family18,CSDVRP-S-n20-s4,S,20,4,base,DRL-VNS18,1,2,6,719.4697,798.0501,715.5041,3.9656,0.0,6.0,6.008,3814,7,0,0,0.986,0,0,0,0,0,0
family18,CSDVRP-S-n15-s5,S,15,5,base,VNS-18,7,,5,666.5148,800.4223,662.7682,3.7467,0.0,5.0,5.013,8107,5,0,0,0.9993,0,0,0,0,0,0
family18,CSDVRP-M-n30-s2,M,30,2,base,Random-18,5,,10,941.0511,1162.4183,938.3163,2.7347,0.0,10.0,10.017,3483,10,0,0,0.9865,0,0,0,0,0,0
family18,CSDVRP-L-n75-s0,L,75,0,base,VNS-18,6,,25,2425.8628,2688.4285,2414.9033,10.9595,0.0,25.0,25.123,904,24,0,0,0.996,0,0,0,0,0,0
family18,CSDVRP-S-n12-s5,S,12,5,base,Random-18,1,,5,521.0601,535.5205,517.6832,3.3769,0.0,5.0,5.103,9917,4,0,0,0.978,0,0,0,0,0,0
family18,CSDVRP-L-n100-s3,L,100,3,base,Marginal-18,7,3,35,2687.4016,3095.0715,2676.7276,10.6741,0.0,35.0,35.213,775,30,0,0,1.0,0,0,0,0,0,0
family18,CSDVRP-L-n100-s0,L,100,0,base,Roulette-18,7,,35,3071.4189,3458.8862,3026.855,14.564,30.0,35.016,35.158,706,31,1,2,1.0,0,0,0,0,0,0
family18,CSDVRP-S-n20-s0,S,20,0,base,Fixed-dominant,8,,6,756.3441,835.2978,752.4896,3.8544,0.0,6.0,6.042,4563,7,0,0,0.9987,0,0,0,0,0,0
family18,CSDVRP-S-n12-s1,S,12,1,base,DRL-VNS18,8,4,5,511.8119,602.7068,507.9062,3.9057,0.0,5.0,5.387,5712,4,0,0,0.994,0,0,0,0,0,0
family18,CSDVRP-M-n30-s3,M,30,3,base,Marginal-18,0,1,10,969.1696,1099.7766,965.9069,3.2627,0.0,10.0,10.061,3926,10,0,0,0.988,0,0,0,0,0,0
family18,CSDVRP-M-n30-s2,M,30,2,base,Marginal-18,6,2,10,941.0551,1162.4183,938.3163,2.7388,0.0,10.0,10.028,3621,10,0,0,0.9865,0,0,0,0,0,0
family18,CSDVRP-S-n15-s4,S,15,4,base,Roulette-18,7,,5,585.7427,624.2332,582.2908,3.4519,0.0,5.0,4.998,6815,6,0,0,0.9347,0,0,0,0,0,0
family18,CSDVRP-S-n8-s4,S,8,4,base,VNS-18,3,,5,359.1905,397.2233,357.0731,2.1174,0.0,5.0,5.014,16235,3,0,0,0.8793,0,0,0,0,0,0
family18,CSDVRP-L-n75-s4,L,75,4,base,Roulette-18,4,,25,2208.8737,2460.454,2201.3735,7.5002,0.0,25.031,25.062,1010,24,0,0,0.998,0,0,0,0,0,0
family18,CSDVRP-S-n20-s4,S,20,4,base,Roulette-18,9,,6,719.4697,798.0501,715.5041,3.9656,0.0,6.0,5.997,4758,7,0,0,0.986,0,0,0,0,0,0
family18,CSDVRP-M-n30-s4,M,30,4,base,VNS-18,3,,10,926.5915,1151.8487,921.3091,5.2824,0.0,10.0,10.012,3387,10,0,0,0.99,0,0,0,0,0,0
family18,CSDVRP-S-n12-s1,S,12,1,base,Fixed-dominant,0,,5,531.0843,602.7068,526.8988,4.1856,0.0,5.0,5.263,11306,4,0,0,0.994,0,0,0,0,0,0
family18,CSDVRP-L-n75-s4,L,75,4,base,Random-18,1,,25,2202.8497,2460.454,2194.3912,8.4585,0.0,25.0,25.025,972,24,0,0,0.998,0,0,0,0,0,0
family18,CSDVRP-S-n8-s3,S,8,3,base,Random-18,9,,5,339.8466,351.7127,337.5902,2.2564,0.0,5.0,5.049,16475,3,0,0,0.9567,0,0,0,0,0,0
family18,CSDVRP-L-n75-s5,L,75,5,base,VNS-18,3,,25,2091.3012,2327.4464,2083.4687,7.8325,0.0,25.0,25.084,1044,23,0,0,0.9904,0,0,0,0,0,0
family18,CSDVRP-L-n75-s1,L,75,1,base,DRL-VNS18,1,2,25,2134.9255,2408.8056,2096.707,8.2184,30.0,25.047,25.411,1078,23,2,2,1.0,0,0,0,0,0,0
family18,CSDVRP-L-n100-s3,L,100,3,base,VNS-18,4,,35,2726.1272,3095.0715,2685.6797,10.4475,30.0,35.0,35.072,695,31,2,2,1.0,0,0,0,0,0,0
family18,CSDVRP-S-n10-s1,S,10,1,base,Random-18,8,,5,412.7783,479.2322,395.3076,2.4708,15.0,5.0,4.999,8957,4,1,1,0.9433,0,0,0,0,0,0
family18,CSDVRP-M-n30-s0,M,30,0,base,Roulette-18,0,,10,1126.0542,1303.6377,1092.0748,3.9794,30.0,10.0,10.045,3575,11,2,2,1.0,0,0,0,0,0,0
family18,CSDVRP-S-n6-s3,S,6,3,base,Fixed-dominant,6,,5,230.4154,253.5784,228.5871,1.8283,0.0,5.0,5.029,28636,2,0,0,0.9873,0,0,0,0,0,0
family18,CSDVRP-S-n12-s4,S,12,4,base,Roulette-18,2,,5,487.5063,536.3904,484.4937,3.0126,0.0,5.0,5.028,10593,4,0,0,0.9867,0,0,0,0,0,0
family18,CSDVRP-L-n75-s2,L,75,2,base,DRL-VNS18,9,5,25,2136.7441,2442.0216,2112.3559,9.3882,15.0,25.0,25.439,1080,22,1,1,1.0,0,0,0,0,0,0
family18,CSDVRP-S-n15-s4,S,15,4,base,Roulette-18,5,,5,585.7427,624.2332,582.2908,3.4519,0.0,5.0,4.992,6810,6,0,0,0.9347,0,0,0,0,0,0
family18,CSDVRP-S-n12-s1,S,12,1,base,Marginal-18,9,5,5,511.8119,602.7068,507.9062,3.9057,0.0,5.0,4.999,9475,4,0,0,0.994,0,0,0,0,0,0
family18,CSDVRP-S-n10-s2,S,10,2,base,Roulette-18,6,,5,391.6922,436.4179,389.0812,2.6111,0.0,5.0,5.03,15095,3,0,0,0.9787,0,0,0,0,0,0
family18,CSDVRP-S-n15-s0,S,15,0,base,Roulette-18,2,,5,622.621,666.3141,603.3505,4.2704,15.0,5.0,5.03,6660,5,1,1,1.0,0,0,0,0,0,0
family18,CSDVRP-S-n6-s5,S,6,5,base,DRL-VNS18,8,4,5,347.3173,347.7063,345.0582,2.2591,0.0,5.0,5.073,7712,3,0,0,0.9907,0,0,0,0,0,0
family18,CSDVRP-XL-n150-s5,XL,150,5,base,Fixed-dominant,2,,50,3941.425,4291.4727,3922.8072,18.6178,0.0,50.031,50.354,1130,46,0,0,0.998,0,0,0,0,0,0
family18,CSDVRP-L-n75-s2,L,75,2,base,VNS-18,8,,25,2113.944,2442.0216,2060.225,8.719,45.0,25.0,25.036,1061,22,2,3,1.0,0,0,0,0,0,0
family18,CSDVRP-S-n10-s5,S,10,5,base,Fixed-dominant,7,,5,454.5993,485.8354,450.6688,3.9305,0.0,5.0,5.009,15529,3,0,0,0.956,0,0,0,0,0,0
family18,CSDVRP-S-n20-s3,S,20,3,base,Marginal-18,2,3,6,691.4555,797.0264,687.1116,4.3439,0.0,6.0,6.045,4814,7,0,0,0.9707,0,0,0,0,0,0
family18,CSDVRP-S-n20-s3,S,20,3,base,DRL-VNS18,0,1,6,691.1397,797.0264,687.1116,4.0281,0.0,6.0,6.016,3646,7,0,0,0.9707,0,0,0,0,0,0
family18,CSDVRP-S-n12-s2,S,12,2,base,DRL-VNS18,0,1,5,460.175,518.4642,458.0808,2.0942,0.0,5.0,5.055,6168,4,0,0,0.998,0,0,0,0,0,0
family18,CSDVRP-S-n12-s1,S,12,1,base,Marginal-18,6,2,5,546.6653,602.7068,512.8082,3.8571,30.0,5.0,4.997,9162,4,2,2,1.0,0,0,0,0,0,0
family18,CSDVRP-S-n6-s1,S,6,1,base,Fixed-dominant,0,,5,341.7876,362.2464,340.1093,1.6783,0.0,5.0,5.013,22789,3,0,0,0.926,0,0,0,0,0,0
family18,CSDVRP-S-n10-s1,S,10,1,base,VNS-18,1,,5,394.7924,479.2322,392.2685,2.5239,0.0,5.0,5.029,9615,4,0,0,0.9253,0,0,0,0,0,0
family18,CSDVRP-L-n100-s2,L,100,2,base,Random-18,3,,35,2787.4463,3167.7225,2774.9721,12.4741,0.0,35.0,35.315,651,30,0,0,0.9972,0,0,0,0,0,0
family18,CSDVRP-L-n100-s1,L,100,1,base,VNS-18,9,,35,2669.7065,3146.4881,2644.1732,10.5333,15.0,35.062,35.146,728,29,1,1,1.0,0,0,0,0,0,0
family18,CSDVRP-M-n30-s0,M,30,0,base,Roulette-18,5,,10,1092.9389,1303.6377,1089.1614,3.7775,0.0,10.0,10.033,3462,11,0,0,0.997,0,0,0,0,0,0
family18,CSDVRP-S-n10-s4,S,10,4,base,Marginal-18,8,4,5,387.4582,460.8567,384.9244,2.5338,0.0,5.0,5.402,15844,3,0,0,0.98,0,0,0,0,0,0
family18,CSDVRP-XL-n150-s5,XL,150,5,base,Marginal-18,4,5,50,3938.0001,4291.4727,3919.5055,18.4946,0.0,50.016,50.019,834,46,0,0,0.999,0,0,0,0,0,0
family18,CSDVRP-L-n100-s4,L,100,4,base,VNS-18,0,,35,2962.6552,3371.4529,2933.8657,13.7895,15.0,35.062,35.316,727,31,1,1,1.0,0,0,0,0,0,0
family18,CSDVRP-S-n8-s2,S,8,2,base,DRL-VNS18,4,5,5,344.8888,398.3755,342.4078,2.481,0.0,5.0,5.013,6903,3,0,0,0.8753,0,0,0,0,0,0
family18,CSDVRP-L-n75-s3,L,75,3,base,Roulette-18,2,,25,2128.7292,2332.9982,2092.5525,6.1767,30.0,25.031,25.236,1112,24,2,2,1.0,0,0,0,0,0,0
family18,CSDVRP-L-n100-s4,L,100,4,base,Fixed-dominant,8,,35,2921.3177,3371.4529,2907.0784,14.2393,0.0,35.016,35.109,744,31,0,0,1.0,0,0,0,0,0,0
family18,CSDVRP-S-n15-s1,S,15,1,base,Marginal-18,4,5,5,590.7648,675.8866,586.7939,3.9709,0.0,5.0,5.383,6519,5,0,0,0.9987,0,0,0,0,0,0
family18,CSDVRP-L-n75-s0,L,75,0,base,Marginal-18,6,2,25,2409.5858,2688.4285,2401.1797,8.4061,0.0,25.016,25.174,1170,24,0,0,0.9984,0,0,0,0,0,0
family18,CSDVRP-S-n15-s2,S,15,2,base,Marginal-18,9,5,5,604.4369,645.109,602.0225,2.4144,0.0,5.0,4.995,6340,6,0,0,0.9953,0,0,0,0,0,0
family18,CSDVRP-S-n20-s2,S,20,2,base,Fixed-dominant,9,,6,671.5191,732.8183,667.0092,4.5099,0.0,6.0,6.028,5347,7,0,0,0.9933,0,0,0,0,0,0
family18,CSDVRP-S-n12-s5,S,12,5,base,VNS-18,9,,5,521.0601,535.5205,517.6832,3.3769,0.0,5.0,4.998,9404,4,0,0,0.978,0,0,0,0,0,0
family18,CSDVRP-XL-n150-s4,XL,150,4,base,VNS-18,5,,50,3907.2339,4802.2805,3803.7376,13.4963,90.0,50.016,50.323,940,44,4,6,1.0,0,0,0,0,0,0
family18,CSDVRP-S-n8-s2,S,8,2,base,Random-18,4,,5,344.8888,398.3755,342.4078,2.481,0.0,5.0,4.999,16309,3,0,0,0.8753,0,0,0,0,0,0
family18,CSDVRP-L-n75-s4,L,75,4,base,VNS-18,3,,25,2225.247,2460.454,2201.1761,9.0709,15.0,25.0,25.049,991,24,1,1,0.998,0,0,0,0,0,0
family18,CSDVRP-S-n20-s5,S,20,5,base,Marginal-18,4,5,6,763.1659,865.7,758.6853,4.4806,0.0,6.0,6.024,5543,7,0,0,0.9947,0,0,0,0,0,0
family18,CSDVRP-L-n100-s0,L,100,0,base,DRL-VNS18,6,2,35,3119.5847,3458.8862,3105.3218,14.2629,0.0,35.016,35.827,685,31,0,0,0.9988,0,0,0,0,0,0
family18,CSDVRP-M-n50-s1,M,50,1,base,Random-18,5,,15,1498.8586,1718.5004,1493.2879,5.5707,0.0,15.0,15.059,1765,15,0,0,0.9915,0,0,0,0,0,0
family18,CSDVRP-L-n100-s0,L,100,0,base,Fixed-dominant,6,,35,3045.0637,3458.8862,3031.546,13.5177,0.0,35.016,35.127,712,31,0,0,0.9996,0,0,0,0,0,0
family18,CSDVRP-S-n12-s2,S,12,2,base,VNS-18,0,,5,460.175,518.4642,458.0808,2.0942,0.0,5.0,5.039,12877,4,0,0,0.998,0,0,0,0,0,0
family18,CSDVRP-XL-n150-s3,XL,150,3,base,Roulette-18,5,,50,3808.3589,4237.9876,3792.6423,15.7166,0.0,50.0,50.531,915,44,0,0,0.9983,0,0,0,0,0,0
family18,CSDVRP-L-n75-s2,L,75,2,base,Fixed-dominant,2,,25,2113.0698,2442.0216,2101.6292,11.4405,0.0,25.0,25.084,933,22,0,0,0.9992,0,0,0,0,0,0
family18,CSDVRP-S-n8-s5,S,8,5,base,Roulette-18,6,,5,423.2126,427.0275,419.9371,3.2754,0.0,5.0,5.018,13533,3,0,0,0.894,0,0,0,0,0,0
family18,CSDVRP-S-n12-s2,S,12,2,base,Fixed-dominant,2,,5,460.175,518.4642,458.0808,2.0942,0.0,5.0,5.012,14100,4,0,0,0.998,0,0,0,0,0,0
family18,CSDVRP-M-n50-s2,M,50,2,base,VNS-18,2,,15,1467.6315,1677.4231,1462.0673,5.5642,0.0,15.0,15.384,1593,16,0,0,0.9985,0,0,0,0,0,0
family18,CSDVRP-XL-n150-s1,XL,150,1,base,Random-18,4,,50,4360.061,4744.1508,4194.8045,15.2564,150.0,50.078,50.192,869,44,6,10,1.0,0,0,0,0,0,0
family18,CSDVRP-S-n10-s3,S,10,3,base,Marginal-18,1,2,5,398.3226,456.2198,394.9219,3.4007,0.0,5.0,5.026,13761,3,0,0,0.9427,0,0,0,0,0,0
family18,CSDVRP-S-n12-s2,S,12,2,base,VNS-18,8,,5,460.175,518.4642,458.0808,2.0942,0.0,5.0,4.998,13111,4,0,0,0.998,0,0,0,0,0,0
family18,CSDVRP-M-n30-s5,M,30,5,base,Marginal-18,4,5,10,1128.5178,1247.2838,1123.3845,5.1334,0.0,10.0,10.328,4466,10,0,0,0.9905,0,0,0,0,0,0
family18,CSDVRP-S-n10-s4,S,10,4,base,Fixed-dominant,5,,5,387.4582,460.8567,384.9244,2.5338,0.0,5.0,5.012,16657,3,0,0,0.98,0,0,0,0,0,0
family18,CSDVRP-S-n20-s4,S,20,4,base,Fixed-dominant,7,,6,719.4719,798.0501,715.5041,3.9678,0.0,6.0,6.029,5235,7,0,0,0.986,0,0,0,0,0,0
family18,CSDVRP-S-n10-s1,S,10,1,base,Marginal-18,6,2,5,394.7924,479.2322,392.2685,2.5239,0.0,5.0,5.031,9570,4,0,0,0.9253,0,0,0,0,0,0
family18,CSDVRP-S-n15-s5,S,15,5,base,Random-18,4,,5,666.5148,800.4223,662.7682,3.7467,0.0,5.0,5.012,8091,5,0,0,0.9993,0,0,0,0,0,0
family18,CSDVRP-S-n6-s3,S,6,3,base,Fixed-dominant,1,,5,230.4154,253.5784,228.5871,1.8283,0.0,5.0,5.013,28428,2,0,0,0.9873,0,0,0,0,0,0
family18,CSDVRP-M-n50-s5,M,50,5,base,Fixed-dominant,6,,15,1617.5521,1904.3598,1608.1915,9.3606,0.0,15.0,15.053,1916,15,0,0,1.0,0,0,0,0,0,0
family18,CSDVRP-S-n20-s1,S,20,1,base,Random-18,9,,6,785.2664,908.0268,780.5879,4.6785,0.0,6.0,6.023,4779,7,0,0,0.9833,0,0,0,0,0,0
family18,CSDVRP-L-n75-s5,L,75,5,base,Marginal-18,1,2,25,2137.0247,2327.4464,2085.947,6.0777,45.0,25.016,25.161,1129,23,2,3,1.0,0,0,0,0,0,0
family18,CSDVRP-S-n20-s3,S,20,3,base,DRL-VNS18,5,1,6,706.2573,797.0264,687.1154,4.1419,15.0,6.0,6.409,3549,7,1,1,0.9707,0,0,0,0,0,0
family18,CSDVRP-S-n15-s0,S,15,0,base,VNS-18,2,,5,606.5233,666.3141,602.2712,4.2521,0.0,5.0,5.029,7174,5,0,0,0.9927,0,0,0,0,0,0
family18,CSDVRP-S-n15-s0,S,15,0,base,DRL-VNS18,5,1,5,606.5233,666.3141,602.2712,4.2521,0.0,5.0,5.015,4424,5,0,0,0.9927,0,0,0,0,0,0
family18,CSDVRP-XL-n150-s1,XL,150,1,base,DRL-VNS18,3,4,50,4229.2528,4744.1508,4213.1731,16.0797,0.0,50.016,50.193,866,45,0,0,0.9993,0,0,0,0,0,0
family18,CSDVRP-S-n20-s3,S,20,3,base,Random-18,2,,6,691.2399,797.0264,687.1116,4.1284,0.0,6.0,5.986,4849,7,0,0,0.9707,0,0,0,0,0,0
family18,CSDVRP-S-n8-s5,S,8,5,base,Fixed-dominant,3,,5,423.2126,427.0275,419.9371,3.2754,0.0,5.0,5.044,18252,3,0,0,0.894,0,0,0,0,0,0
family18,CSDVRP-M-n30-s3,M,30,3,base,Marginal-18,1,2,10,969.1696,1099.7766,965.9069,3.2627,0.0,10.0,10.36,4289,10,0,0,0.988,0,0,0,0,0,0
family18,CSDVRP-S-n15-s1,S,15,1,base,DRL-VNS18,4,5,5,599.4153,675.8866,596.1341,3.2813,0.0,5.0,5.01,3955,6,0,0,0.9,0,0,0,0,0,0
family18,CSDVRP-XL-n150-s3,XL,150,3,base,Random-18,5,,50,3814.3053,4237.9876,3797.7597,16.5456,0.0,50.094,50.314,910,43,0,0,0.9983,0,0,0,0,0,0
family18,CSDVRP-S-n8-s1,S,8,1,base,DRL-VNS18,5,1,5,335.8429,376.3954,333.6723,2.1706,0.0,5.0,4.99,7020,3,0,0,0.9073,0,0,0,0,0,0
family18,CSDVRP-M-n50-s4,M,50,4,base,Random-18,3,,15,1670.0955,1919.2804,1662.8373,7.2581,0.0,15.0,15.354,1617,16,0,0,0.998,0,0,0,0,0,0
family18,CSDVRP-L-n75-s5,L,75,5,base,Fixed-dominant,8,,25,2117.7745,2327.4464,2107.893,9.8815,0.0,25.016,25.081,1163,23,0,0,0.9984,0,0,0,0,0,0
family18,CSDVRP-M-n50-s3,M,50,3,base,Fixed-dominant,9,,15,1399.3225,1746.7745,1392.5811,6.7414,0.0,15.0,15.082,1782,15,0,0,0.994,0,0,0,0,0,0
family18,CSDVRP-M-n30-s5,M,30,5,base,Marginal-18,0,1,10,1128.7287,1247.2838,1123.3845,5.3443,0.0,10.0,9.99,4226,10,0,0,0.9905,0,0,0,0,0,0
family18,CSDVRP-S-n20-s3,S,20,3,base,Random-18,4,,6,691.4555,797.0264,687.1116,4.3439,0.0,6.0,6.031,5012,7,0,0,0.9707,0,0,0,0,0,0
family18,CSDVRP-M-n30-s4,M,30,4,base,VNS-18,9,,10,926.4985,1151.8487,921.3091,5.1894,0.0,10.0,10.028,3776,10,0,0,0.99,0,0,0,0,0,0
family18,CSDVRP-M-n30-s5,M,30,5,base,VNS-18,1,,10,1128.6575,1247.2838,1123.3823,5.2752,0.0,10.0,10.278,4206,10,0,0,0.9905,0,0,0,0,0,0
family18,CSDVRP-S-n6-s2,S,6,2,base,VNS-18,0,,5,330.2083,334.9047,328.2873,1.921,0.0,5.0,4.998,18672,3,0,0,0.8567,0,0,0,0,0,0
family18,CSDVRP-S-n6-s4,S,6,4,base,Random-18,5,,5,307.3738,316.7228,305.135,2.2389,0.0,5.0,5.014,17790,3,0,0,0.906,0,0,0,0,0,0
family18,CSDVRP-S-n12-s3,S,12,3,base,VNS-18,5,,5,522.4878,589.3086,503.6872,3.8005,15.0,5.0,4.997,11226,4,1,1,1.0,0,0,0,0,0,0
family18,CSDVRP-XL-n150-s2,XL,150,2,base,VNS-18,7,,50,4043.5926,4545.4892,3967.3436,16.2491,60.0,50.0,50.424,895,45,2,4,1.0,0,0,0,0,0,0
family18,CSDVRP-S-n20-s1,S,20,1,base,DRL-VNS18,1,2,6,785.2664,908.0268,780.5879,4.6785,0.0,6.0,6.04,3810,7,0,0,0.9833,0,0,0,0,0,0
family18,CSDVRP-S-n8-s5,S,8,5,base,Marginal-18,9,5,5,423.2126,427.0275,419.9371,3.2754,0.0,5.0,5.481,15015,3,0,0,0.894,0,0,0,0,0,0
family18,CSDVRP-S-n10-s2,S,10,2,base,Random-18,3,,5,391.6922,436.4179,389.0812,2.6111,0.0,5.0,5.029,15989,3,0,0,0.9787,0,0,0,0,0,0
family18,CSDVRP-L-n75-s3,L,75,3,base,DRL-VNS18,6,2,25,2103.8995,2332.9982,2099.4733,4.4262,0.0,25.0,25.054,1105,24,0,0,0.9988,0,0,0,0,0,0
family18,CSDVRP-L-n100-s5,L,100,5,base,DRL-VNS18,1,2,35,2585.9287,3154.3549,2560.3424,10.5863,15.0,35.047,35.176,925,30,1,1,1.0,0,0,0,0,0,0
family18,CSDVRP-M-n50-s0,M,50,0,base,VNS-18,6,,15,1705.8621,1986.2853,1699.1272,6.7349,0.0,15.0,15.345,1941,16,0,0,0.9865,0,0,0,0,0,0
family18,CSDVRP-L-n75-s1,L,75,1,base,Marginal-18,1,2,25,2131.3701,2408.8056,2062.7179,8.6522,60.0,25.0,25.068,1202,22,2,4,1.0,0,0,0,0,0,0
family18,CSDVRP-S-n20-s1,S,20,1,base,VNS-18,6,,6,808.7667,908.0268,789.1391,4.6276,15.0,6.0,6.029,4813,7,1,1,1.0,0,0,0,0,0,0
family18,CSDVRP-S-n8-s3,S,8,3,base,Marginal-18,2,3,5,339.8466,351.7127,337.5902,2.2564,0.0,5.0,5.028,15155,3,0,0,0.9567,0,0,0,0,0,0
family18,CSDVRP-M-n50-s3,M,50,3,base,Fixed-dominant,6,,15,1399.9054,1746.7745,1392.5811,7.3244,0.0,15.0,15.014,1737,15,0,0,0.994,0,0,0,0,0,0
family18,CSDVRP-S-n20-s2,S,20,2,base,Roulette-18,9,,6,670.121,732.8183,667.0092,3.1118,0.0,6.0,5.996,4613,7,0,0,0.9933,0,0,0,0,0,0
family18,CSDVRP-XL-n150-s1,XL,150,1,base,DRL-VNS18,6,2,50,4239.2341,4744.1508,4195.0858,14.1483,30.0,50.109,50.543,989,45,1,2,1.0,0,0,0,0,0,0
family18,CSDVRP-L-n100-s3,L,100,3,base,Random-18,6,,35,2713.6737,3095.0715,2701.4974,12.1763,0.0,35.047,35.09,603,31,0,0,0.9992,0,0,0,0,0,0
family18,CSDVRP-M-n50-s4,M,50,4,base,Fixed-dominant,9,,15,1650.0565,1919.2804,1642.0919,7.9646,0.0,15.0,15.248,1982,17,0,0,0.995,0,0,0,0,0,0
family18,CSDVRP-XL-n150-s0,XL,150,0,base,VNS-18,0,,50,4366.2233,5021.4451,4318.2069,18.0164,30.0,50.016,50.161,925,46,2,2,1.0,0,0,0,0,0,0
family18,CSDVRP-S-n8-s4,S,8,4,base,Roulette-18,6,,5,359.1905,397.2233,357.0731,2.1174,0.0,5.0,5.005,14944,3,0,0,0.8793,0,0,0,0,0,0
family18,CSDVRP-L-n75-s0,L,75,0,base,Random-18,4,,25,2441.5089,2688.4285,2402.7791,8.7298,30.0,25.016,25.352,1062,24,1,2,1.0,0,0,0,0,0,0
family18,CSDVRP-S-n12-s4,S,12,4,base,DRL-VNS18,5,1,5,487.5063,536.3904,484.4937,3.0126,0.0,5.0,5.002,5561,4,0,0,0.9867,0,0,0,0,0,0
family18,CSDVRP-M-n30-s3,M,30,3,base,Marginal-18,9,5,10,969.5566,1099.7766,965.9069,3.6497,0.0,10.0,10.045,3994,10,0,0,0.988,0,0,0,0,0,0
family18,CSDVRP-M-n50-s4,M,50,4,base,Random-18,8,,15,1667.124,1919.2804,1659.8524,7.2716,0.0,15.0,15.018,1512,16,0,0,0.9915,0,0,0,0,0,0
family18,CSDVRP-S-n8-s1,S,8,1,base,DRL-VNS18,6,2,5,335.8429,376.3954,333.6723,2.1706,0.0,5.0,5.005,6959,3,0,0,0.9073,0,0,0,0,0,0
family18,CSDVRP-L-n100-s3,L,100,3,base,Roulette-18,1,,35,2698.9869,3095.0715,2688.4616,10.5253,0.0,35.016,35.371,716,31,0,0,1.0,0,0,0,0,0,0
family18,CSDVRP-M-n50-s2,M,50,2,base,VNS-18,3,,15,1471.2989,1677.4231,1465.5918,5.7072,0.0,15.0,15.067,1822,16,0,0,0.9985,0,0,0,0,0,0
family18,CSDVRP-S-n6-s2,S,6,2,base,Fixed-dominant,6,,5,330.7872,334.9047,328.2873,2.4999,0.0,5.0,4.993,18005,3,0,0,0.8567,0,0,0,0,0,0
family18,CSDVRP-S-n12-s1,S,12,1,base,VNS-18,3,,5,511.8119,602.7068,507.9062,3.9057,0.0,5.0,5.044,10005,4,0,0,0.994,0,0,0,0,0,0
family18,CSDVRP-XL-n150-s1,XL,150,1,base,Random-18,6,,50,4246.6852,4744.1508,4200.694,15.9912,30.0,50.016,50.322,823,45,1,2,1.0,0,0,0,0,0,0
family18,CSDVRP-S-n8-s3,S,8,3,base,VNS-18,7,,5,339.8466,351.7127,337.5902,2.2564,0.0,5.0,5.017,16194,3,0,0,0.9567,0,0,0,0,0,0
family18,CSDVRP-L-n100-s5,L,100,5,base,Fixed-dominant,9,,35,2580.0095,3154.3549,2566.3918,13.6177,0.0,35.0,35.151,687,30,0,0,0.9988,0,0,0,0,0,0
family18,CSDVRP-S-n15-s0,S,15,0,base,Marginal-18,1,2,5,606.5233,666.3141,602.2712,4.2521,0.0,5.0,5.032,7332,5,0,0,0.9927,0,0,0,0,0,0
family18,CSDVRP-S-n10-s5,S,10,5,base,Roulette-18,6,,5,454.5993,485.8354,450.6688,3.9305,0.0,5.0,4.997,11356,3,0,0,0.956,0,0,0,0,0,0
family18,CSDVRP-S-n15-s1,S,15,1,base,VNS-18,2,,5,599.4153,675.8866,596.1341,3.2813,0.0,5.0,4.998,5941,6,0,0,0.9,0,0,0,0,0,0
family18,CSDVRP-XL-n150-s2,XL,150,2,base,Fixed-dominant,1,,50,4065.7456,4545.4892,4048.0212,17.7244,0.0,50.0,50.346,1186,45,0,0,1.0,0,0,0,0,0,0
family18,CSDVRP-M-n30-s4,M,30,4,base,Fixed-dominant,7,,10,926.9043,1151.8487,921.3091,5.5953,0.0,10.0,10.01,3590,10,0,0,0.99,0,0,0,0,0,0
family18,CSDVRP-L-n75-s5,L,75,5,base,VNS-18,9,,25,2092.3216,2327.4464,2085.1563,7.1653,0.0,25.0,25.084,1191,22,0,0,0.9956,0,0,0,0,0,0
family18,CSDVRP-XL-n150-s0,XL,150,0,base,Roulette-18,3,,50,4384.8405,5021.4451,4336.9354,17.9052,30.0,50.031,50.452,981,46,2,2,1.0,0,0,0,0,0,0
family18,CSDVRP-L-n75-s3,L,75,3,base,DRL-VNS18,3,4,25,2098.2783,2332.9982,2092.0554,6.2229,0.0,25.0,25.142,1039,24,0,0,0.996,0,0,0,0,0,0
family18,CSDVRP-S-n10-s1,S,10,1,base,DRL-VNS18,4,5,5,394.7924,479.2322,392.2685,2.5239,0.0,5.0,4.994,5297,4,0,0,0.9253,0,0,0,0,0,0
family18,CSDVRP-S-n15-s2,S,15,2,base,Roulette-18,4,,5,604.4369,645.109,602.0225,2.4144,0.0,5.0,5.013,6215,6,0,0,0.9953,0,0,0,0,0,0
family18,CSDVRP-XL-n150-s1,XL,150,1,base,DRL-VNS18,8,4,50,4216.2744,4744.1508,4200.985,15.2894,0.0,50.0,50.499,972,45,0,0,0.9993,0,0,0,0,0,0
family18,CSDVRP-S-n12-s3,S,12,3,base,DRL-VNS18,3,4,5,522.495,589.3086,503.6872,3.8078,15.0,5.0,5.056,5695,4,1,1,0.982,0,0,0,0,0,0
family18,CSDVRP-M-n50-s3,M,50,3,base,Marginal-18,8,4,15,1399.3631,1746.7745,1392.5811,6.782,0.0,15.0,15.041,1943,15,0,0,0.994,0,0,0,0,0,0
family18,CSDVRP-L-n75-s2,L,75,2,base,Marginal-18,7,3,25,2105.8578,2442.0216,2096.3533,9.5045,0.0,25.016,25.31,1120,22,0,0,0.9916,0,0,0,0,0,0
family18,CSDVRP-S-n6-s1,S,6,1,base,DRL-VNS18,7,3,5,341.7876,362.2464,340.1093,1.6783,0.0,5.0,5.031,7573,3,0,0,0.926,0,0,0,0,0,0
family18,CSDVRP-S-n15-s3,S,15,3,base,Random-18,9,,5,601.4006,692.2972,597.8561,3.5445,0.0,5.0,5.029,6233,6,0,0,0.998,0,0,0,0,0,0
family18,CSDVRP-S-n10-s2,S,10,2,base,DRL-VNS18,8,4,5,391.6922,436.4179,389.0812,2.6111,0.0,5.0,5.013,6697,3,0,0,0.9787,0,0,0,0,0,0
family18,CSDVRP-L-n100-s3,L,100,3,base,Fixed-dominant,5,,35,2711.6576,3095.0715,2699.3779,12.2797,0.0,35.047,35.141,740,31,0,0,0.9972,0,0,0,0,0,0
family18,CSDVRP-S-n12-s3,S,12,3,base,Marginal-18,0,1,5,522.4878,589.3086,503.6872,3.8005,15.0,5.0,4.993,10647,4,1,1,1.0,0,0,0,0,0,0
family18,CSDVRP-L-n75-s0,L,75,0,base,VNS-18,7,,25,2409.6777,2688.4285,2401.1797,8.498,0.0,25.0,25.391,1071,24,0,0,0.9984,0,0,0,0,0,0
family18,CSDVRP-M-n50-s4,M,50,4,base,DRL-VNS18,0,1,15,1685.0875,1919.2804,1647.9018,7.1856,30.0,15.0,15.088,1572,16,1,2,1.0,0,0,0,0,0,0
family18,CSDVRP-S-n20-s4,S,20,4,base,DRL-VNS18,4,5,6,719.4697,798.0501,715.5041,3.9656,0.0,6.0,5.997,3592,7,0,0,0.986,0,0,0,0,0,0
family18,CSDVRP-S-n6-s1,S,6,1,base,VNS-18,0,,5,341.7876,362.2464,340.1093,1.6783,0.0,5.0,5.028,21249,3,0,0,0.926,0,0,0,0,0,0
family18,CSDVRP-M-n30-s4,M,30,4,base,Marginal-18,8,4,10,926.1273,1151.8487,921.3091,4.8182,0.0,10.0,9.999,3467,10,0,0,0.99,0,0,0,0,0,0
family18,CSDVRP-S-n20-s4,S,20,4,base,DRL-VNS18,2,3,6,719.4697,798.0501,715.5041,3.9656,0.0,6.0,6.013,3411,7,0,0,0.986,0,0,0,0,0,0
family18,CSDVRP-M-n30-s5,M,30,5,base,Random-18,6,,10,1128.7287,1247.2838,1123.3845,5.3443,0.0,10.0,10.014,3996,10,0,0,0.9905,0,0,0,0,0,0
family18,CSDVRP-S-n12-s4,S,12,4,base,Random-18,7,,5,487.5063,536.3904,484.4937,3.0126,0.0,5.0,5.01,10524,4,0,0,0.9867,0,0,0,0,0,0
family18,CSDVRP-L-n100-s1,L,100,1,base,Roulette-18,3,,35,2645.2296,3146.4881,2633.5054,11.7241,0.0,35.0,35.293,780,29,0,0,0.9996,0,0,0,0,0,0
family18,CSDVRP-S-n10-s5,S,10,5,base,Fixed-dominant,4,,5,454.5993,485.8354,450.6688,3.9305,0.0,5.0,4.984,15712,3,0,0,0.956,0,0,0,0,0,0
family18,CSDVRP-S-n12-s3,S,12,3,base,VNS-18,6,,5,522.4878,589.3086,503.6872,3.8005,15.0,5.0,5.06,11248,4,1,1,1.0,0,0,0,0,0,0
family18,CSDVRP-S-n10-s1,S,10,1,base,Roulette-18,9,,5,412.7783,479.2322,395.3076,2.4708,15.0,5.0,4.998,8958,4,1,1,0.9433,0,0,0,0,0,0
family18,CSDVRP-L-n75-s0,L,75,0,base,Random-18,0,,25,2410.3287,2688.4285,2401.1797,9.149,0.0,25.0,25.069,1053,24,0,0,0.9984,0,0,0,0,0,0
family18,CSDVRP-S-n20-s3,S,20,3,base,VNS-18,0,,6,730.1927,797.0264,696.4671,3.7256,30.0,6.0,5.989,4777,7,2,2,1.0,0,0,0,0,0,0
family18,CSDVRP-M-n50-s3,M,50,3,base,Random-18,6,,15,1399.5073,1746.7745,1392.5811,6.9262,0.0,15.0,15.338,1780,15,0,0,0.994,0,0,0,0,0,0
family18,CSDVRP-M-n30-s4,M,30,4,base,Fixed-dominant,6,,10,926.0413,1151.8487,921.3091,4.7322,0.0,10.0,9.987,3593,10,0,0,0.99,0,0,0,0,0,0
family18,CSDVRP-S-n12-s5,S,12,5,base,Random-18,8,,5,521.0601,535.5205,517.6832,3.3769,0.0,5.0,5.012,9754,4,0,0,0.978,0,0,0,0,0,0
family18,CSDVRP-L-n75-s2,L,75,2,base,Random-18,4,,25,2109.3444,2442.0216,2100.4485,8.8959,0.0,25.0,25.327,1179,22,0,0,0.9868,0,0,0,0,0,0
family18,CSDVRP-S-n8-s5,S,8,5,base,Fixed-dominant,0,,5,423.2126,427.0275,419.9371,3.2754,0.0,5.0,5.013,19012,3,0,0,0.894,0,0,0,0,0,0
family18,CSDVRP-S-n10-s5,S,10,5,base,Marginal-18,7,3,5,454.5993,485.8354,450.6688,3.9305,0.0,5.0,5.045,11809,3,0,0,0.956,0,0,0,0,0,0
family18,CSDVRP-S-n12-s3,S,12,3,base,Marginal-18,6,2,5,522.4878,589.3086,503.6872,3.8005,15.0,5.0,5.013,11565,4,1,1,1.0,0,0,0,0,0,0
family18,CSDVRP-S-n12-s1,S,12,1,base,Random-18,7,,5,527.1742,602.7068,508.3795,3.7947,15.0,5.0,5.076,9932,4,1,1,1.0,0,0,0,0,0,0
family18,CSDVRP-S-n12-s2,S,12,2,base,Roulette-18,9,,5,460.175,518.4642,458.0808,2.0942,0.0,5.0,5.686,14283,4,0,0,0.998,0,0,0,0,0,0
family18,CSDVRP-M-n50-s3,M,50,3,base,Roulette-18,2,,15,1399.1302,1746.7745,1392.5811,6.5491,0.0,15.0,16.504,2209,15,0,0,0.994,0,0,0,0,0,0
family18,CSDVRP-M-n30-s4,M,30,4,base,Marginal-18,7,3,10,926.5915,1151.8487,921.3091,5.2824,0.0,10.0,10.164,3406,10,0,0,0.99,0,0,0,0,0,0
family18,CSDVRP-L-n75-s5,L,75,5,base,Fixed-dominant,6,,25,2095.3311,2327.4464,2084.4567,10.8743,0.0,25.0,25.282,1211,23,0,0,0.9904,0,0,0,0,0,0
family18,CSDVRP-S-n15-s3,S,15,3,base,Marginal-18,0,1,5,601.4006,692.2972,597.8561,3.5445,0.0,5.0,5.025,6219,6,0,0,0.998,0,0,0,0,0,0
family18,CSDVRP-L-n100-s2,L,100,2,base,Roulette-18,0,,35,2770.7593,3167.7225,2759.0115,11.7478,0.0,35.031,37.451,852,29,0,0,0.9992,0,0,0,0,0,0
family18,CSDVRP-S-n12-s5,S,12,5,base,DRL-VNS18,8,4,5,521.0601,535.5205,517.6832,3.3769,0.0,5.0,5.121,5411,4,0,0,0.978,0,0,0,0,0,0
family18,CSDVRP-S-n12-s1,S,12,1,base,Roulette-18,8,,5,546.6653,602.7068,512.8082,3.8571,30.0,5.0,5.075,9014,4,2,2,1.0,0,0,0,0,0,0
family18,CSDVRP-L-n100-s0,L,100,0,base,Fixed-dominant,9,,35,3091.5815,3458.8862,3078.2137,13.3678,0.0,35.031,35.764,640,31,0,0,1.0,0,0,0,0,0,0
family18,CSDVRP-M-n30-s0,M,30,0,base,Fixed-dominant,1,,10,1093.8865,1303.6377,1088.8964,4.9901,0.0,10.0,10.077,3761,11,0,0,0.997,0,0,0,0,0,0
family18,CSDVRP-XL-n150-s5,XL,150,5,base,Fixed-dominant,3,,50,3988.7445,4291.4727,3970.1474,18.5971,0.0,50.0,50.304,1190,46,0,0,0.999,0,0,0,0,0,0
family18,CSDVRP-XL-n150-s4,XL,150,4,base,Fixed-dominant,6,,50,3912.7731,4802.2805,3893.9516,18.8215,0.0,50.0,50.089,1301,45,0,0,0.9983,0,0,0,0,0,0
family18,CSDVRP-S-n6-s1,S,6,1,base,DRL-VNS18,4,5,5,341.7876,362.2464,340.1093,1.6783,0.0,5.0,5.017,8124,3,0,0,0.926,0,0,0,0,0,0
family18,CSDVRP-S-n10-s4,S,10,4,base,Fixed-dominant,2,,5,387.4582,460.8567,384.9244,2.5338,0.0,5.0,4.998,17737,3,0,0,0.98,0,0,0,0,0,0
family18,CSDVRP-L-n100-s2,L,100,2,base,Roulette-18,9,,35,2810.3887,3167.7225,2800.0702,10.3185,0.0,35.016,35.051,763,30,0,0,0.9972,0,0,0,0,0,0
family18,CSDVRP-S-n20-s1,S,20,1,base,Marginal-18,6,2,6,785.2664,908.0268,780.5879,4.6785,0.0,6.0,6.024,5579,7,0,0,0.9833,0,0,0,0,0,0
family18,CSDVRP-M-n30-s2,M,30,2,base,Marginal-18,2,3,10,941.0551,1162.4183,938.3163,2.7388,0.0,10.0,10.076,3592,10,0,0,0.9865,0,0,0,0,0,0
family18,CSDVRP-S-n20-s1,S,20,1,base,Fixed-dominant,0,,6,785.6384,908.0268,780.5879,5.0504,0.0,6.0,6.028,5657,7,0,0,0.9833,0,0,0,0,0,0
family18,CSDVRP-L-n75-s1,L,75,1,base,Fixed-dominant,7,,25,2129.5147,2408.8056,2120.2936,9.2211,0.0,25.016,25.064,1030,24,0,0,1.0,0,0,0,0,0,0
family18,CSDVRP-L-n100-s1,L,100,1,base,Random-18,0,,35,2660.2306,3146.4881,2605.774,9.4566,45.0,35.125,35.182,706,29,2,3,1.0,0,0,0,0,0,0
family18,CSDVRP-L-n100-s0,L,100,0,base,Fixed-dominant,0,,35,3110.7173,3458.8862,3097.2727,13.4446,0.0,35.0,35.108,787,32,0,0,0.984,0,0,0,0,0,0
family18,CSDVRP-S-n15-s4,S,15,4,base,DRL-VNS18,9,5,5,585.7427,624.2332,582.2908,3.4519,0.0,5.0,5.01,4714,6,0,0,0.9347,0,0,0,0,0,0
family18,CSDVRP-S-n15-s3,S,15,3,base,DRL-VNS18,6,2,5,601.4006,692.2972,597.8561,3.5445,0.0,5.0,5.013,4387,6,0,0,0.998,0,0,0,0,0,0
family18,CSDVRP-L-n75-s3,L,75,3,base,Fixed-dominant,0,,25,2109.5033,2332.9982,2099.8797,9.6236,0.0,25.016,25.052,1059,24,0,0,0.9956,0,0,0,0,0,0
family18,CSDVRP-S-n6-s5,S,6,5,base,Marginal-18,3,4,5,347.3173,347.7063,345.0582,2.2591,0.0,5.0,5.005,23526,3,0,0,0.9907,0,0,0,0,0,0
family18,CSDVRP-S-n15-s2,S,15,2,base,Marginal-18,4,5,5,604.4369,645.109,602.0225,2.4144,0.0,5.0,5.014,6952,6,0,0,0.9953,0,0,0,0,0,0
family18,CSDVRP-S-n10-s5,S,10,5,base,VNS-18,9,,5,454.5993,485.8354,450.6688,3.9305,0.0,5.0,5.013,12689,3,0,0,0.956,0,0,0,0,0,0
family18,CSDVRP-S-n8-s5,S,8,5,base,DRL-VNS18,3,4,5,423.2126,427.0275,419.9371,3.2754,0.0,5.0,4.996,6875,3,0,0,0.894,0,0,0,0,0,0
family18,CSDVRP-S-n20-s2,S,20,2,base,Random-18,0,,6,670.121,732.8183,667.0092,3.1118,0.0,6.0,5.998,5024,7,0,0,0.9933,0,0,0,0,0,0
family18,CSDVRP-M-n30-s2,M,30,2,base,Fixed-dominant,1,,10,941.0511,1162.4183,938.3163,2.7347,0.0,10.0,10.016,3653,10,0,0,0.9865,0,0,0,0,0,0
family18,CSDVRP-XL-n150-s5,XL,150,5,base,Marginal-18,5,1,50,3933.3076,4291.4727,3856.0062,17.3015,60.0,50.0,50.08,934,44,2,4,1.0,0,0,0,0,0,0
family18,CSDVRP-XL-n150-s2,XL,150,2,base,Random-18,8,,50,3994.3561,4545.4892,3947.5269,16.8292,30.0,50.078,50.285,932,45,2,2,1.0,0,0,0,0,0,0
family18,CSDVRP-M-n30-s5,M,30,5,base,VNS-18,5,,10,1128.6575,1247.2838,1123.3823,5.2752,0.0,10.0,10.018,4389,10,0,0,0.9905,0,0,0,0,0,0
family18,CSDVRP-L-n75-s2,L,75,2,base,DRL-VNS18,0,1,25,2142.4858,2442.0216,2058.6662,8.8196,75.0,25.0,25.078,1166,22,3,5,1.0,0,0,0,0,0,0
family18,CSDVRP-S-n6-s2,S,6,2,base,Roulette-18,0,,5,330.2083,334.9047,328.2873,1.921,0.0,5.0,5.025,19416,3,0,0,0.8567,0,0,0,0,0,0
family18,CSDVRP-S-n12-s4,S,12,4,base,VNS-18,9,,5,487.5063,536.3904,484.4937,3.0126,0.0,5.0,4.997,11693,4,0,0,0.9867,0,0,0,0,0,0
family18,CSDVRP-S-n8-s4,S,8,4,base,DRL-VNS18,9,5,5,359.1905,397.2233,357.0731,2.1174,0.0,5.0,5.012,7292,3,0,0,0.8793,0,0,0,0,0,0
family18,CSDVRP-S-n20-s5,S,20,5,base,VNS-18,8,,6,763.1659,865.7,758.6853,4.4806,0.0,6.0,5.999,5786,7,0,0,0.9947,0,0,0,0,0,0
family18,CSDVRP-L-n100-s4,L,100,4,base,Fixed-dominant,3,,35,2958.0387,3371.4529,2943.6466,14.3922,0.0,35.0,35.057,802,31,0,0,1.0,0,0,0,0,0,0
family18,CSDVRP-L-n100-s4,L,100,4,base,VNS-18,7,,35,2933.7497,3371.4529,2905.6619,13.0879,15.0,35.016,35.108,786,31,1,1,1.0,0,0,0,0,0,0
family18,CSDVRP-S-n6-s2,S,6,2,base,Marginal-18,8,4,5,330.7872,334.9047,328.2873,2.4999,0.0,5.0,4.985,18699,3,0,0,0.8567,0,0,0,0,0,0
family18,CSDVRP-S-n12-s2,S,12,2,base,Marginal-18,2,3,5,460.175,518.4642,458.0808,2.0942,0.0,5.0,5.015,13514,4,0,0,0.998,0,0,0,0,0,0
family18,CSDVRP-S-n10-s5,S,10,5,base,VNS-18,8,,5,454.5993,485.8354,450.6688,3.9305,0.0,5.0,4.996,12734,3,0,0,0.956,0,0,0,0,0,0
family18,CSDVRP-S-n20-s2,S,20,2,base,DRL-VNS18,6,2,6,670.121,732.8183,667.0092,3.1118,0.0,6.0,6.028,3925,7,0,0,0.9933,0,0,0,0,0,0
family18,CSDVRP-L-n75-s3,L,75,3,base,Random-18,2,,25,2139.2175,2332.9982,2116.0285,8.1891,15.0,25.0,25.102,1061,24,1,1,1.0,0,0,0,0,0,0
family18,CSDVRP-S-n6-s1,S,6,1,base,Random-18,0,,5,341.7876,362.2464,340.1093,1.6783,0.0,5.0,5.02,22888,3,0,0,0.926,0,0,0,0,0,0
family18,CSDVRP-S-n15-s3,S,15,3,base,Marginal-18,1,2,5,601.4006,692.2972,597.8561,3.5445,0.0,5.0,4.997,6862,6,0,0,0.998,0,0,0,0,0,0
family18,CSDVRP-S-n8-s5,S,8,5,base,Random-18,2,,5,423.2126,427.0275,419.9371,3.2754,0.0,5.0,4.999,14713,3,0,0,0.894,0,0,0,0,0,0
family18,CSDVRP-S-n8-s5,S,8,5,base,Random-18,9,,5,423.2126,427.0275,419.9371,3.2754,0.0,5.0,4.998,15124,3,0,0,0.894,0,0,0,0,0,0
family18,CSDVRP-S-n20-s2,S,20,2,base,Marginal-18,9,5,6,670.121,732.8183,667.0092,3.1118,0.0,6.0,6.03,5197,7,0,0,0.9933,0,0,0,0,0,0
family18,CSDVRP-XL-n150-s0,XL,150,0,base,Marginal-18,2,3,50,4343.4624,5021.4451,4326.9399,16.5225,0.0,50.016,50.105,995,45,0,0,0.9997,0,0,0,0,0,0
family18,CSDVRP-L-n100-s1,L,100,1,base,VNS-18,4,,35,2696.9218,3146.4881,2639.6091,12.3126,45.0,35.016,35.081,775,28,2,3,1.0,0,0,0,0,0,0
family18,CSDVRP-M-n30-s1,M,30,1,base,Roulette-18,7,,10,1031.4688,1231.1888,1027.1043,4.3646,0.0,10.0,9.998,3482,10,0,0,0.98,0,0,0,0,0,0
family18,CSDVRP-S-n8-s3,S,8,3,base,VNS-18,5,,5,339.8466,351.7127,337.5902,2.2564,0.0,5.0,4.995,17524,3,0,0,0.9567,0,0,0,0,0,0
family18,CSDVRP-S-n20-s0,S,20,0,base,Fixed-dominant,1,,6,756.2207,835.2978,752.4896,3.7311,0.0,6.0,6.015,5045,7,0,0,0.9987,0,0,0,0,0,0
family18,CSDVRP-L-n100-s5,L,100,5,base,Roulette-18,0,,35,2633.181,3154.3549,2561.5947,11.5863,60.0,35.0,35.05,853,30,2,4,1.0,0,0,0,0,0,0
family18,CSDVRP-XL-n150-s0,XL,150,0,base,Fixed-dominant,9,,50,4391.7905,5021.4451,4372.3638,19.4267,0.0,50.016,50.236,1299,47,0,0,0.9997,0,0,0,0,0,0
family18,CSDVRP-S-n20-s2,S,20,2,base,Marginal-18,5,1,6,670.1283,732.8183,667.0092,3.1191,0.0,6.0,6.002,5120,7,0,0,0.9933,0,0,0,0,0,0
family18,CSDVRP-M-n30-s5,M,30,5,base,Roulette-18,8,,10,1125.7727,1247.2838,1119.8451,5.9276,0.0,10.0,10.031,3673,10,0,0,0.991,0,0,0,0,0,0
family18,CSDVRP-XL-n150-s0,XL,150,0,base,Random-18,1,,50,4407.3095,5021.4451,4359.7308,17.5787,30.0,50.031,50.15,946,46,1,2,1.0,0,0,0,0,0,0
family18,CSDVRP-S-n12-s3,S,12,3,base,Roulette-18,8,,5,522.4878,589.3086,503.6872,3.8005,15.0,5.0,5.016,11449,4,1,1,1.0,0,0,0,0,0,0
family18,CSDVRP-S-n8-s4,S,8,4,base,VNS-18,5,,5,359.1905,397.2233,357.0731,2.1174,0.0,5.0,5.013,17333,3,0,0,0.8793,0,0,0,0,0,0
family18,CSDVRP-XL-n150-s0,XL,150,0,base,VNS-18,7,,50,4380.0031,5021.4451,4288.1014,16.9017,75.0,50.094,50.165,1014,45,3,5,1.0,0,0,0,0,0,0
family18,CSDVRP-S-n10-s4,S,10,4,base,VNS-18,7,,5,387.4582,460.8567,384.9244,2.5338,0.0,5.0,4.987,16144,3,0,0,0.98,0,0,0,0,0,0
family18,CSDVRP-S-n20-s2,S,20,2,base,Roulette-18,2,,6,670.1283,732.8183,667.0092,3.1191,0.0,6.0,6.013,4911,7,0,0,0.9933,0,0,0,0,0,0
family18,CSDVRP-L-n75-s1,L,75,1,base,Marginal-18,3,4,25,2150.6697,2408.8056,2054.6209,6.0488,90.0,25.016,25.085,1122,23,5,6,1.0,0,0,0,0,0,0
family18,CSDVRP-S-n6-s5,S,6,5,base,Marginal-18,8,4,5,347.3173,347.7063,345.0582,2.2591,0.0,5.0,5.005,23520,3,0,0,0.9907,0,0,0,0,0,0
family18,CSDVRP-XL-n150-s1,XL,150,1,base,DRL-VNS18,2,3,50,4249.659,4744.1508,4234.5438,15.1152,0.0,50.062,50.173,914,46,0,0,0.9993,0,0,0,0,0,0
family18,CSDVRP-S-n20-s2,S,20,2,base,Roulette-18,4,,6,670.121,732.8183,667.0092,3.1118,0.0,6.0,6.009,4966,7,0,0,0.9933,0,0,0,0,0,0
family18,CSDVRP-S-n20-s4,S,20,4,base,Random-18,1,,6,719.4697,798.0501,715.5041,3.9656,0.0,6.0,5.997,5045,7,0,0,0.986,0,0,0,0,0,0
family18,CSDVRP-L-n100-s1,L,100,1,base,DRL-VNS18,3,4,35,2686.1809,3146.4881,2674.0937,12.0872,0.0,35.0,35.084,721,29,0,0,0.9996,0,0,0,0,0,0
family18,CSDVRP-M-n30-s3,M,30,3,base,DRL-VNS18,2,3,10,969.1696,1099.7766,965.9069,3.2627,0.0,10.0,10.004,3419,10,0,0,0.988,0,0,0,0,0,0
family18,CSDVRP-S-n15-s5,S,15,5,base,Random-18,9,,5,666.5148,800.4223,662.7682,3.7467,0.0,5.0,5.011,8806,5,0,0,0.9993,0,0,0,0,0,0
family18,CSDVRP-L-n100-s4,L,100,4,base,DRL-VNS18,8,4,35,2984.0041,3371.4529,2895.0267,13.9774,75.0,35.016,35.127,826,30,3,5,1.0,0,0,0,0,0,0
family18,CSDVRP-L-n75-s5,L,75,5,base,Roulette-18,5,,25,2075.0022,2327.4464,2066.6549,8.3474,0.0,25.016,25.04,1251,22,0,0,0.9992,0,0,0,0,0,0
family18,CSDVRP-S-n10-s2,S,10,2,base,DRL-VNS18,6,2,5,391.6922,436.4179,389.0812,2.6111,0.0,5.0,4.995,7302,3,0,0,0.9787,0,0,0,0,0,0
family18,CSDVRP-M-n50-s5,M,50,5,base,Fixed-dominant,2,,15,1632.5931,1904.3598,1624.8472,7.7459,0.0,15.0,15.044,2055,16,0,0,0.998,0,0,0,0,0,0
family18,CSDVRP-S-n15-s4,S,15,4,base,Fixed-dominant,5,,5,606.3303,624.2332,601.9721,4.3582,0.0,5.0,5.06,8710,5,0,0,0.9993,0,0,0,0,0,0
family18,CSDVRP-S-n8-s2,S,8,2,base,Roulette-18,2,,5,344.8888,398.3755,342.4078,2.481,0.0,5.0,4.998,16987,3,0,0,0.8753,0,0,0,0,0,0
family18,CSDVRP-XL-n150-s1,XL,150,1,base,Roulette-18,2,,50,4195.0878,4744.1508,4163.4929,16.5948,15.0,50.0,50.153,1189,44,1,1,0.9973,0,0,0,0,0,0
family18,CSDVRP-L-n75-s2,L,75,2,base,Fixed-dominant,5,,25,2105.4852,2442.0216,2096.2676,9.2177,0.0,25.0,25.067,1063,22,0,0,0.9932,0,0,0,0,0,0
family18,CSDVRP-S-n12-s5,S,12,5,base,VNS-18,8,,5,521.0601,535.5205,517.6832,3.3769,0.0,5.0,4.992,10551,4,0,0,0.978,0,0,0,0,0,0
family18,CSDVRP-S-n20-s1,S,20,1,base,Roulette-18,9,,6,785.2664,908.0268,780.5879,4.6785,0.0,6.0,6.015,5156,7,0,0,0.9833,0,0,0,0,0,0
family18,CSDVRP-S-n12-s2,S,12,2,base,DRL-VNS18,7,3,5,460.175,518.4642,458.0808,2.0942,0.0,5.0,4.994,6548,4,0,0,0.998,0,0,0,0,0,0
family18,CSDVRP-L-n100-s3,L,100,3,base,Marginal-18,4,5,35,2719.8433,3095.0715,2709.3491,10.4942,0.0,35.0,35.082,752,31,0,0,0.9984,0,0,0,0,0,0
family18,CSDVRP-S-n10-s4,S,10,4,base,Marginal-18,5,1,5,387.4582,460.8567,384.9244,2.5338,0.0,5.0,4.992,15899,3,0,0,0.98,0,0,0,0,0,0
family18,CSDVRP-S-n6-s5,S,6,5,base,DRL-VNS18,4,5,5,347.3173,347.7063,345.0582,2.2591,0.0,5.0,5.044,8428,3,0,0,0.9907,0,0,0,0,0,0
family18,CSDVRP-XL-n150-s1,XL,150,1,base,VNS-18,2,,50,4294.3233,4744.1508,4187.1775,17.1458,90.0,50.016,50.074,971,44,3,6,1.0,0,0,0,0,0,0
family18,CSDVRP-M-n50-s3,M,50,3,base,DRL-VNS18,5,1,15,1398.2978,1746.7745,1392.5811,5.7168,0.0,15.016,15.015,1946,15,0,0,0.994,0,0,0,0,0,0
family18,CSDVRP-S-n15-s3,S,15,3,base,DRL-VNS18,7,3,5,601.4006,692.2972,597.8561,3.5445,0.0,5.0,5.011,4341,6,0,0,0.998,0,0,0,0,0,0
family18,CSDVRP-S-n10-s4,S,10,4,base,Random-18,9,,5,387.4582,460.8567,384.9244,2.5338,0.0,5.0,5.045,16307,3,0,0,0.98,0,0,0,0,0,0
family18,CSDVRP-XL-n150-s5,XL,150,5,base,VNS-18,3,,50,3955.9888,4291.4727,3925.3409,15.6479,15.0,50.016,50.157,902,46,1,1,1.0,0,0,0,0,0,0
family18,CSDVRP-S-n6-s1,S,6,1,base,Random-18,2,,5,341.7876,362.2464,340.1093,1.6783,0.0,5.0,5.01,23004,3,0,0,0.926,0,0,0,0,0,0
family18,CSDVRP-CS-Riyadh,case,30,0,base,VNS-18,3,,30,416.3117,711.0291,411.6246,4.6871,0.0,30.0,30.043,15882,4,0,0,0.986,0,0,0,0,0,0
family18,CSDVRP-S-n20-s3,S,20,3,base,Marginal-18,1,2,6,708.7997,797.0264,704.645,4.1547,0.0,6.0,6.014,5790,7,0,0,0.994,0,0,0,0,0,0
family18,CSDVRP-S-n6-s4,S,6,4,base,Roulette-18,4,,5,307.3738,316.7228,305.135,2.2389,0.0,5.0,5.013,18216,3,0,0,0.906,0,0,0,0,0,0
family18,CSDVRP-S-n6-s1,S,6,1,base,Random-18,5,,5,341.7876,362.2464,340.1093,1.6783,0.0,5.0,5.029,23165,3,0,0,0.926,0,0,0,0,0,0
family18,CSDVRP-S-n8-s4,S,8,4,base,Random-18,1,,5,360.1059,397.2233,357.0731,3.0328,0.0,5.0,4.999,17294,3,0,0,0.8793,0,0,0,0,0,0
family18,CSDVRP-S-n6-s3,S,6,3,base,Fixed-dominant,9,,5,230.4154,253.5784,228.5871,1.8283,0.0,5.0,5.014,30892,2,0,0,0.9873,0,0,0,0,0,0
family18,CSDVRP-L-n100-s2,L,100,2,base,Random-18,0,,35,2805.4118,3167.7225,2795.9889,9.4229,0.0,35.0,35.117,719,30,0,0,0.9972,0,0,0,0,0,0
family18,CSDVRP-S-n20-s4,S,20,4,base,VNS-18,1,,6,719.4697,798.0501,715.5041,3.9656,0.0,6.0,6.003,5033,7,0,0,0.986,0,0,0,0,0,0
family18,CSDVRP-M-n30-s5,M,30,5,base,DRL-VNS18,5,1,10,1128.5178,1247.2838,1123.3845,5.1334,0.0,10.0,10.061,3818,10,0,0,0.9905,0,0,0,0,0,0
family18,CSDVRP-L-n100-s2,L,100,2,base,Fixed-dominant,7,,35,2783.5632,3167.7225,2769.7148,13.8484,0.0,35.0,35.065,794,30,0,0,0.996,0,0,0,0,0,0
family18,CSDVRP-XL-n150-s2,XL,150,2,base,Fixed-dominant,9,,50,4071.281,4545.4892,4054.1268,17.1542,0.0,50.0,50.17,1261,46,0,0,1.0,0,0,0,0,0,0
family18,CSDVRP-S-n20-s2,S,20,2,base,Random-18,2,,6,670.121,732.8183,667.0092,3.1118,0.0,6.0,5.991,4948,7,0,0,0.9933,0,0,0,0,0,0
family18,CSDVRP-S-n20-s2,S,20,2,base,Fixed-dominant,1,,6,671.0165,732.8183,667.0092,4.0073,0.0,6.0,6.031,5556,7,0,0,0.9933,0,0,0,0,0,0
family18,CSDVRP-S-n20-s4,S,20,4,base,DRL-VNS18,9,5,6,719.4697,798.0501,715.5041,3.9656,0.0,6.0,6.013,3977,7,0,0,0.986,0,0,0,0,0,0
family18,CSDVRP-M-n30-s1,M,30,1,base,VNS-18,7,,10,1049.5384,1231.1888,1030.777,3.7614,15.0,10.0,10.029,3803,10,1,1,1.0,0,0,0,0,0,0
family18,CSDVRP-XL-n150-s5,XL,150,5,base,Roulette-18,7,,50,3857.7739,4291.4727,3841.6213,16.1525,0.0,50.141,50.305,935,45,0,0,0.999,0,0,0,0,0,0
family18,CSDVRP-S-n12-s1,S,12,1,base,VNS-18,0,,5,511.8119,602.7068,507.9062,3.9057,0.0,5.0,5.017,10851,4,0,0,0.994,0,0,0,0,0,0
family18,CSDVRP-M-n50-s5,M,50,5,base,Fixed-dominant,3,,15,1637.1209,1904.3598,1629.4282,7.6928,0.0,15.0,15.031,1967,16,0,0,1.0,0,0,0,0,0,0
family18,CSDVRP-S-n15-s5,S,15,5,base,DRL-VNS18,2,3,5,666.5148,800.4223,662.7682,3.7467,0.0,5.0,4.995,5167,5,0,0,0.9993,0,0,0,0,0,0
family18,CSDVRP-L-n75-s4,L,75,4,base,DRL-VNS18,6,2,25,2204.6877,2460.454,2197.0342,7.6535,0.0,25.0,25.083,1205,24,0,0,0.9996,0,0,0,0,0,0
family18,CSDVRP-S-n6-s5,S,6,5,base,Random-18,7,,5,347.3173,347.7063,345.0582,2.2591,0.0,5.0,4.988,24609,3,0,0,0.9907,0,0,0,0,0,0
family18,CSDVRP-S-n6-s5,S,6,5,base,Fixed-dominant,6,,5,347.3173,347.7063,345.0582,2.2591,0.0,5.0,5.0,23977,3,0,0,0.9907,0,0,0,0,0,0
family18,CSDVRP-S-n15-s4,S,15,4,base,DRL-VNS18,4,5,5,586.0528,624.2332,582.2908,3.762,0.0,5.0,5.028,4788,6,0,0,0.9347,0,0,0,0,0,0
family18,CSDVRP-S-n15-s2,S,15,2,base,Random-18,4,,5,604.4369,645.109,602.0225,2.4144,0.0,5.0,4.999,6864,6,0,0,0.9953,0,0,0,0,0,0
family18,CSDVRP-S-n12-s1,S,12,1,base,VNS-18,5,,5,511.4838,602.7068,507.9062,3.5776,0.0,5.0,4.998,10427,4,0,0,0.994,0,0,0,0,0,0
family18,CSDVRP-S-n10-s3,S,10,3,base,VNS-18,9,,5,398.3934,456.2198,394.9219,3.4715,0.0,5.0,5.013,15208,3,0,0,0.9427,0,0,0,0,0,0
family18,CSDVRP-S-n12-s1,S,12,1,base,Roulette-18,0,,5,511.8119,602.7068,507.9062,3.9057,0.0,5.0,4.998,10324,4,0,0,0.994,0,0,0,0,0,0
family18,CSDVRP-L-n100-s2,L,100,2,base,Fixed-dominant,8,,35,2808.0394,3167.7225,2794.2456,13.7938,0.0,35.047,35.083,781,30,0,0,0.9972,0,0,0,0,0,0
family18,CSDVRP-L-n75-s4,L,75,4,base,VNS-18,8,,25,2201.8521,2460.454,2194.182,7.6701,0.0,25.031,25.063,1104,24,0,0,0.9996,0,0,0,0,0,0
family18,CSDVRP-L-n100-s2,L,100,2,base,DRL-VNS18,1,2,35,2814.782,3167.7225,2803.6859,11.0961,0.0,35.0,35.092,892,30,0,0,0.9972,0,0,0,0,0,0
family18,CSDVRP-S-n15-s3,S,15,3,base,DRL-VNS18,4,5,5,601.4006,692.2972,597.8561,3.5445,0.0,5.0,5.016,4697,6,0,0,0.998,0,0,0,0,0,0
family18,CSDVRP-L-n100-s0,L,100,0,base,Random-18,4,,35,3070.4984,3458.8862,3056.8407,13.6578,0.0,35.0,35.064,590,31,0,0,1.0,0,0,0,0,0,0
family18,CSDVRP-XL-n150-s2,XL,150,2,base,Roulette-18,4,,50,4017.6567,4545.4892,4000.7689,16.8878,0.0,50.0,50.135,1007,45,0,0,1.0,0,0,0,0,0,0
family18,CSDVRP-XL-n150-s2,XL,150,2,base,Fixed-dominant,4,,50,4078.7908,4545.4892,4061.2685,17.5222,0.0,50.0,50.169,1245,46,0,0,1.0,0,0,0,0,0,0
family18,CSDVRP-L-n75-s0,L,75,0,base,VNS-18,8,,25,2410.6926,2688.4285,2401.1797,9.5129,0.0,25.016,25.079,1208,24,0,0,0.9984,0,0,0,0,0,0
family18,CSDVRP-M-n30-s2,M,30,2,base,DRL-VNS18,7,3,10,944.7173,1162.4183,926.5969,3.1204,15.0,10.0,10.009,3296,10,1,1,1.0,0,0,0,0,0,0
family18,CSDVRP-L-n100-s1,L,100,1,base,Fixed-dominant,4,,35,2655.3289,3146.4881,2641.8567,13.4722,0.0,35.0,35.039,858,29,0,0,0.9996,0,0,0,0,0,0
family18,CSDVRP-L-n75-s5,L,75,5,base,Fixed-dominant,5,,25,2083.1992,2327.4464,2072.0626,11.1366,0.0,25.016,25.222,1243,22,0,0,0.9892,0,0,0,0,0,0
family18,CSDVRP-XL-n150-s5,XL,150,5,base,VNS-18,4,,50,3899.1878,4291.4727,3866.2209,17.967,15.0,50.016,50.122,979,45,1,1,1.0,0,0,0,0,0,0
