suite,instance,size_class,n,inst_seed,config,method,run,policy_seed,budget_s,Z_best,Z_init,routing,emission,split,cpu_s,wall_s,iters,routes,split_customers,extra_visits,max_util,demand_viol,cap_viol,n1_viol,n2_viol,dup_visit_viol,zero_qty_stops
main,CSDVRP-L-n100-s2,L,100,2,base,VNS,2,,35,2774.5563,3167.7225,2762.0606,12.4958,0.0,35.016,36.98,916,29,0,0,0.9964,0,0,0,0,0,0
exact,CSDVRP-S-n8-s5,S,8,5,base,Random-9,1,,5,423.2126,427.0275,419.9371,3.2754,0.0,5.0,5.024,13652,3,0,0,0.894,0,0,0,0,0,0
main,CSDVRP-S-n20-s0,S,20,0,base,ALNS+,7,,6,788.6007,835.2978,784.6197,3.981,0.0,6.0,6.076,5252,8,0,0,0.9987,0,0,0,0,0,0
main,CSDVRP-S-n15-s5,S,15,5,base,VNS-9,4,,5,666.5148,800.4223,662.7682,3.7467,0.0,5.0,5.033,8086,5,0,0,0.9993,0,0,0,0,0,0
main,CSDVRP-XL-n150-s0,XL,150,0,base,DRL-VNS,3,4,50,4422.3234,5021.4451,4376.8306,15.4929,30.0,50.016,53.427,1246,47,1,2,1.0,0,0,0,0,0,0
main,CSDVRP-XL-n150-s3,XL,150,3,base,ALNS+,4,,50,3973.3453,4237.9876,3957.3102,16.0351,0.0,50.047,50.656,626,48,0,0,0.9987,0,0,0,0,0,0
main,CSDVRP-L-n100-s0,L,100,0,base,ALNS+,5,,35,3257.8795,3458.8862,3244.1566,13.7229,0.0,35.031,35.635,485,33,0,0,0.9968,0,0,0,0,0,0
main,CSDVRP-M-n50-s0,M,50,0,base,Marginal-9,4,5,15,1713.486,1986.2853,1705.7308,7.7551,0.0,15.0,15.094,1651,16,0,0,0.986,0,0,0,0,0,0
main,CSDVRP-XL-n150-s0,XL,150,0,base,VNS-9,6,,50,4455.1213,5021.4451,4394.2504,15.8709,45.0,50.047,50.624,1516,47,2,3,1.0,0,0,0,0,0,0
main,CSDVRP-M-n30-s3,M,30,3,base,Roulette-9,7,,10,969.1696,1099.7766,965.9069,3.2627,0.0,10.0,10.01,3659,10,0,0,0.988,0,0,0,0,0,0
exact,CSDVRP-S-n12-s5,S,12,5,base,ALNS+,9,,5,521.0601,535.5205,517.6832,3.3769,0.0,5.0,4.998,9998,4,0,0,0.978,0,0,0,0,0,0
main,CSDVRP-M-n30-s5,M,30,5,base,Marginal-9,4,5,10,1127.4889,1247.2838,1092.2266,5.2622,30.0,10.0,10.156,3454,10,1,2,1.0,0,0,0,0,0,0
exact,CSDVRP-S-n12-s5,S,12,5,base,DRL-VNS,4,5,5,521.0601,535.5205,517.6832,3.3769,0.0,5.0,5.006,4816,4,0,0,0.978,0,0,0,0,0,0
main,CSDVRP-S-n20-s2,S,20,2,base,Roulette-9,9,,6,670.121,732.8183,667.0092,3.1118,0.0,6.0,6.044,4295,7,0,0,0.9933,0,0,0,0,0,0
exact,CSDVRP-S-n12-s1,S,12,1,base,Roulette-9,0,,5,546.6849,602.7068,512.8082,3.8767,30.0,5.0,5.014,8918,4,2,2,1.0,0,0,0,0,0,0
exact,CSDVRP-S-n12-s3,S,12,3,base,DRL-VNS,7,3,5,522.4878,589.3086,503.6872,3.8005,15.0,5.0,5.008,5610,4,1,1,1.0,0,0,0,0,0,0
exact,CSDVRP-S-n8-s3,S,8,3,base,Random-9,3,,5,339.8466,351.7127,337.5902,2.2564,0.0,5.0,5.028,16206,3,0,0,0.9567,0,0,0,0,0,0
main,CSDVRP-S-n20-s1,S,20,1,base,VNS-9,7,,6,785.2664,908.0268,780.5879,4.6785,0.0,6.0,6.029,4652,7,0,0,0.9833,0,0,0,0,0,0
main,CSDVRP-S-n20-s0,S,20,0,base,VNS-9,7,,6,756.2207,835.2978,752.4896,3.7311,0.0,6.0,5.998,4540,7,0,0,0.9987,0,0,0,0,0,0
main,CSDVRP-L-n100-s0,L,100,0,base,Random-9,8,,35,3143.8788,3458.8862,3101.2331,12.6458,30.0,35.0,35.44,596,31,1,2,1.0,0,0,0,0,0,0
main,CSDVRP-M-n30-s3,M,30,3,base,ALNS+,9,,10,969.1696,1099.7766,965.9069,3.2627,0.0,10.0,10.087,4256,10,0,0,0.988,0,0,0,0,0,0
exact,CSDVRP-S-n8-s3,S,8,3,base,Fixed-small,7,,5,339.8466,351.7127,337.5902,2.2564,0.0,5.0,5.012,17193,3,0,0,0.9567,0,0,0,0,0,0
main,CSDVRP-XL-n150-s4,XL,150,4,base,Roulette-9,1,,50,3954.0447,4802.2805,3850.3912,13.6535,90.0,50.0,50.695,1765,45,4,6,1.0,0,0,0,0,0,0
main,CSDVRP-XL-n150-s4,XL,150,4,base,ALNS+,9,,50,4171.4627,4802.2805,4034.3469,17.1158,120.0,50.172,50.668,663,47,5,8,1.0,0,0,0,0,0,0
main,CSDVRP-S-n20-s0,S,20,0,base,Marginal-9,2,3,6,756.2207,835.2978,752.4896,3.7311,0.0,6.0,6.007,4741,7,0,0,0.9987,0,0,0,0,0,0
main,CSDVRP-S-n20-s0,S,20,0,base,DRL-VNS,3,4,6,756.2207,835.2978,752.4896,3.7311,0.0,6.0,6.028,3518,7,0,0,0.9987,0,0,0,0,0,0
exact,CSDVRP-S-n10-s2,S,10,2,base,Marginal-9,8,4,5,391.6922,436.4179,389.0812,2.6111,0.0,5.0,5.029,15490,3,0,0,0.9787,0,0,0,0,0,0
main,CSDVRP-XL-n150-s5,XL,150,5,base,VNS-9,7,,50,3958.452,4291.4727,3940.4121,18.0399,0.0,50.047,50.465,1411,45,0,0,0.999,0,0,0,0,0,0
exact,CSDVRP-S-n8-s2,S,8,2,base,ALNS+,0,,5,344.8888,398.3755,342.4078,2.481,0.0,5.0,5.014,15467,3,0,0,0.8753,0,0,0,0,0,0
main,CSDVRP-S-n20-s5,S,20,5,base,DRL-VNS,1,2,6,763.1659,865.7,758.6853,4.4806,0.0,6.0,6.024,3912,7,0,0,0.9947,0,0,0,0,0,0
case,CSDVRP-CS-Riyadh,case,30,0,base,Marginal-9,6,2,30,420.0991,711.0291,414.0897,6.0094,0.0,30.0,32.106,12762,4,0,0,0.982,0,0,0,0,0,0
exact,CSDVRP-S-n8-s5,S,8,5,base,Marginal-9,8,4,5,423.2126,427.0275,419.9371,3.2754,0.0,5.0,5.272,13374,3,0,0,0.894,0,0,0,0,0,0
main,CSDVRP-M-n50-s4,M,50,4,base,VNS,8,,15,1667.6885,1919.2804,1662.07,5.6184,0.0,15.0,15.356,2463,16,0,0,0.984,0,0,0,0,0,0
main,CSDVRP-L-n75-s0,L,75,0,base,VNS,0,,25,2410.8636,2688.4285,2401.1797,9.6839,0.0,25.016,26.233,1515,24,0,0,0.9984,0,0,0,0,0,0
main,CSDVRP-M-n30-s5,M,30,5,base,Marginal-9,6,2,10,1123.6249,1247.2838,1118.3425,5.2824,0.0,10.0,10.155,3573,10,0,0,0.9895,0,0,0,0,0,0
main,CSDVRP-XL-n150-s3,XL,150,3,base,DRL-ALNS,7,3,50,3929.1283,4237.9876,3911.977,17.1512,0.0,50.0,52.948,697,45,0,0,0.9993,0,0,0,0,0,0
main,CSDVRP-L-n100-s5,L,100,5,base,ALNS+,6,,35,2703.4276,3154.3549,2689.7565,13.6711,0.0,35.0,36.266,488,33,0,0,0.9988,0,0,0,0,0,0
main,CSDVRP-L-n75-s1,L,75,1,base,VNS,7,,25,2088.6257,2408.8056,2065.7156,7.9102,15.0,25.0,25.944,1587,23,1,1,0.9964,0,0,0,0,0,0
main,CSDVRP-M-n30-s4,M,30,4,base,VNS-9,6,,10,926.1273,1151.8487,921.3091,4.8182,0.0,10.0,10.467,3507,10,0,0,0.99,0,0,0,0,0,0
main,CSDVRP-L-n100-s1,L,100,1,base,ALNS+,1,,35,2901.3291,3146.4881,2888.561,12.7681,0.0,35.0,36.916,520,34,0,0,0.9996,0,0,0,0,0,0
main,CSDVRP-M-n50-s0,M,50,0,base,Roulette-9,9,,15,1708.9721,1986.2853,1700.9035,8.0686,0.0,15.0,15.629,1826,16,0,0,0.9865,0,0,0,0,0,0
main,CSDVRP-L-n100-s1,L,100,1,base,Fixed-small,1,,35,2708.3718,3146.4881,2654.5605,8.8114,45.0,35.016,35.949,771,29,3,3,1.0,0,0,0,0,0,0
main,CSDVRP-M-n50-s0,M,50,0,base,DRL-ALNS,0,1,15,1755.9339,1986.2853,1702.5017,8.4322,45.0,15.0,15.076,1004,16,3,3,1.0,0,0,0,0,0,0
main,CSDVRP-S-n15-s0,S,15,0,base,Fixed-small,4,,5,606.9046,666.3141,602.2712,4.6334,0.0,5.0,5.111,6326,5,0,0,0.9927,0,0,0,0,0,0
main,CSDVRP-L-n75-s3,L,75,3,base,DRL-ALNS,9,5,25,2214.5723,2332.9982,2207.5518,7.0206,0.0,25.0,25.216,599,27,0,0,0.9952,0,0,0,0,0,0
exact,CSDVRP-S-n12-s4,S,12,4,base,VNS,5,,5,487.5063,536.3904,484.4937,3.0126,0.0,5.0,5.147,6274,4,0,0,0.9867,0,0,0,0,0,0
main,CSDVRP-L-n75-s3,L,75,3,base,DRL-VNS,8,4,25,2108.9718,2332.9982,2102.0126,6.9592,0.0,25.094,26.48,730,24,0,0,0.9924,0,0,0,0,0,0
main,CSDVRP-M-n50-s1,M,50,1,base,Random-9,5,,15,1498.8737,1718.5004,1493.2879,5.5858,0.0,15.0,15.34,1231,15,0,0,0.9915,0,0,0,0,0,0
main,CSDVRP-L-n100-s1,L,100,1,base,Marginal-9,8,4,35,2664.1083,3146.4881,2653.3814,10.7269,0.0,35.0,35.66,553,29,0,0,0.9996,0,0,0,0,0,0
exact,CSDVRP-S-n10-s3,S,10,3,base,Random-9,6,,5,398.3934,456.2198,394.9219,3.4715,0.0,5.0,5.037,9833,3,0,0,0.9427,0,0,0,0,0,0
main,CSDVRP-XL-n150-s2,XL,150,2,base,Marginal-9,6,2,50,4077.9695,4545.4892,4033.465,14.5045,30.0,50.016,50.722,1037,46,1,2,1.0,0,0,0,0,0,0
main,CSDVRP-S-n15-s3,S,15,3,base,ALNS+,5,,5,613.8541,692.2972,595.8443,3.0098,15.0,5.0,4.989,6712,5,1,1,1.0,0,0,0,0,0,0
main,CSDVRP-L-n100-s2,L,100,2,base,Random-9,5,,35,2795.6179,3167.7225,2784.546,11.0719,0.0,35.031,35.098,607,30,0,0,0.9968,0,0,0,0,0,0
main,CSDVRP-L-n75-s3,L,75,3,base,Marginal-9,2,3,25,2084.016,2332.9982,2075.9871,8.0289,0.0,25.016,25.745,941,24,0,0,0.9956,0,0,0,0,0,0
exact,CSDVRP-S-n6-s2,S,6,2,base,VNS,6,,5,330.2083,334.9047,328.2873,1.921,0.0,5.0,5.82,11027,3,0,0,0.8567,0,0,0,0,0,0
exact,CSDVRP-S-n8-s4,S,8,4,base,VNS-9,3,,5,359.1905,397.2233,357.0731,2.1174,0.0,5.0,5.65,9455,3,0,0,0.8793,0,0,0,0,0,0
main,CSDVRP-M-n30-s3,M,30,3,base,VNS,0,,10,969.5566,1099.7766,965.9069,3.6497,0.0,10.0,11.497,1656,10,0,0,0.988,0,0,0,0,0,0
exact,CSDVRP-S-n8-s4,S,8,4,base,Fixed-small,8,,5,359.1905,397.2233,357.0731,2.1174,0.0,5.0,5.105,12242,3,0,0,0.8793,0,0,0,0,0,0
main,CSDVRP-XL-n150-s1,XL,150,1,base,DRL-VNS,2,3,50,4225.065,4744.1508,4195.3915,14.6734,15.0,50.094,50.826,1174,46,1,1,1.0,0,0,0,0,0,0
main,CSDVRP-S-n15-s2,S,15,2,base,ALNS+,2,,5,604.8839,645.109,602.0225,2.8613,0.0,5.0,5.261,4402,6,0,0,0.9953,0,0,0,0,0,0
main,CSDVRP-L-n75-s4,L,75,4,base,VNS-9,8,,25,2201.1607,2460.454,2194.182,6.9787,0.0,25.047,26.952,687,24,0,0,0.9996,0,0,0,0,0,0
exact,CSDVRP-S-n6-s2,S,6,2,base,Fixed-small,3,,5,330.2083,334.9047,328.2873,1.921,0.0,5.0,4.993,14351,3,0,0,0.8567,0,0,0,0,0,0
exact,CSDVRP-S-n8-s4,S,8,4,base,Marginal-9,7,3,5,359.1905,397.2233,357.0731,2.1174,0.0,5.0,5.185,11532,3,0,0,0.8793,0,0,0,0,0,0
exact,CSDVRP-S-n10-s1,S,10,1,base,DRL-ALNS,1,2,5,394.7924,479.2322,392.2685,2.5239,0.0,5.0,5.024,3786,4,0,0,0.9253,0,0,0,0,0,0
main,CSDVRP-XL-n150-s5,XL,150,5,base,DRL-ALNS,3,4,50,4012.2046,4291.4727,3993.0456,19.159,0.0,50.0,51.67,633,47,0,0,0.999,0,0,0,0,0,0
main,CSDVRP-L-n75-s0,L,75,0,base,DRL-VNS,2,3,25,2410.0954,2688.4285,2401.1797,8.9157,0.0,25.031,25.451,896,24,0,0,0.9984,0,0,0,0,0,0
exact,CSDVRP-S-n10-s3,S,10,3,base,VNS-9,9,,5,398.3934,456.2198,394.9219,3.4715,0.0,5.0,5.019,10490,3,0,0,0.9427,0,0,0,0,0,0
main,CSDVRP-M-n50-s0,M,50,0,base,ALNS+,6,,15,1776.7978,1986.2853,1767.2043,9.5935,0.0,15.0,15.094,1145,17,0,0,0.9955,0,0,0,0,0,0
main,CSDVRP-L-n100-s3,L,100,3,base,DRL-ALNS,2,3,35,2839.2013,3095.0715,2828.4666,10.7347,0.0,35.031,35.704,327,35,0,0,0.9836,0,0,0,0,0,0
main,CSDVRP-M-n50-s4,M,50,4,base,Random-9,1,,15,1669.2008,1919.2804,1662.1301,7.0707,0.0,15.0,15.038,1264,16,0,0,0.984,0,0,0,0,0,0
main,CSDVRP-S-n20-s0,S,20,0,base,DRL-VNS,8,4,6,756.3441,835.2978,752.4896,3.8544,0.0,6.0,6.085,2631,7,0,0,0.9987,0,0,0,0,0,0
main,CSDVRP-L-n75-s5,L,75,5,base,Roulette-9,1,,25,2101.1632,2327.4464,2093.4679,7.6953,0.0,25.0,25.113,920,23,0,0,1.0,0,0,0,0,0,0
main,CSDVRP-M-n30-s1,M,30,1,base,ALNS+,8,,10,1063.5838,1231.1888,1029.321,4.2627,30.0,10.0,10.069,2791,10,2,2,1.0,0,0,0,0,0,0
main,CSDVRP-L-n75-s1,L,75,1,base,VNS-9,8,,25,2088.5639,2408.8056,2050.7932,7.7707,30.0,25.031,25.296,857,23,1,2,1.0,0,0,0,0,0,0
main,CSDVRP-M-n30-s0,M,30,0,base,VNS-9,0,,10,1110.3793,1303.6377,1091.4559,3.9234,15.0,10.0,10.044,2495,11,1,1,0.997,0,0,0,0,0,0
main,CSDVRP-M-n30-s5,M,30,5,base,Roulette-9,2,,10,1128.7287,1247.2838,1123.3845,5.3443,0.0,10.0,10.042,3119,10,0,0,0.9905,0,0,0,0,0,0
main,CSDVRP-L-n75-s4,L,75,4,base,Marginal-9,0,1,25,2216.8126,2460.454,2208.1425,8.6701,0.0,25.0,25.862,570,24,0,0,1.0,0,0,0,0,0,0
exact,CSDVRP-S-n12-s1,S,12,1,base,Random-9,0,,5,511.8119,602.7068,507.9062,3.9057,0.0,5.0,5.226,6035,4,0,0,0.994,0,0,0,0,0,0
main,CSDVRP-S-n20-s2,S,20,2,base,ALNS+,0,,6,670.1283,732.8183,667.0092,3.1191,0.0,6.0,6.355,3098,7,0,0,0.9933,0,0,0,0,0,0
main,CSDVRP-S-n20-s4,S,20,4,base,VNS,4,,6,719.4697,798.0501,715.5041,3.9656,0.0,6.0,6.17,2907,7,0,0,0.986,0,0,0,0,0,0
main,CSDVRP-S-n20-s0,S,20,0,base,Marginal-9,9,5,6,756.2207,835.2978,752.4896,3.7311,0.0,6.0,6.263,2953,7,0,0,0.9987,0,0,0,0,0,0
main,CSDVRP-M-n50-s3,M,50,3,base,ALNS+,5,,15,1485.9156,1746.7745,1432.2603,8.6553,45.0,15.016,15.699,1194,15,3,3,1.0,0,0,0,0,0,0
exact,CSDVRP-S-n8-s4,S,8,4,base,Fixed-small,2,,5,359.1905,397.2233,357.0731,2.1174,0.0,5.0,5.244,11469,3,0,0,0.8793,0,0,0,0,0,0
main,CSDVRP-L-n75-s2,L,75,2,base,Roulette-9,4,,25,2101.3479,2442.0216,2076.1538,10.1941,15.0,25.047,26.301,858,22,1,1,1.0,0,0,0,0,0,0
exact,CSDVRP-S-n12-s2,S,12,2,base,Marginal-9,2,3,5,460.175,518.4642,458.0808,2.0942,0.0,5.0,5.238,8888,4,0,0,0.998,0,0,0,0,0,0
main,CSDVRP-M-n50-s1,M,50,1,base,Marginal-9,4,5,15,1518.9664,1718.5004,1512.9307,6.0357,0.0,15.016,15.765,1047,15,0,0,0.997,0,0,0,0,0,0
main,CSDVRP-M-n30-s3,M,30,3,base,DRL-VNS,3,4,10,970.8464,1099.7766,968.1897,2.6567,0.0,10.0,10.574,2171,10,0,0,0.9975,0,0,0,0,0,0
exact,CSDVRP-S-n12-s5,S,12,5,base,VNS,9,,5,521.0601,535.5205,517.6832,3.3769,0.0,5.0,5.403,6218,4,0,0,0.978,0,0,0,0,0,0
main,CSDVRP-XL-n150-s2,XL,150,2,base,Fixed-small,1,,50,4064.4529,4545.4892,4034.7586,14.6944,15.0,50.0,52.954,1586,46,1,1,1.0,0,0,0,0,0,0
exact,CSDVRP-S-n12-s3,S,12,3,base,Roulette-9,9,,5,522.4878,589.3086,503.6872,3.8005,15.0,5.0,5.021,8394,4,1,1,1.0,0,0,0,0,0,0
main,CSDVRP-M-n30-s0,M,30,0,base,Random-9,6,,10,1093.2446,1303.6377,1088.8964,4.3482,0.0,10.0,10.813,2468,11,0,0,0.997,0,0,0,0,0,0
exact,CSDVRP-S-n12-s3,S,12,3,base,Marginal-9,3,4,5,522.495,589.3086,503.6872,3.8078,15.0,5.0,5.136,7505,4,1,1,0.982,0,0,0,0,0,0
main,CSDVRP-L-n75-s1,L,75,1,base,DRL-VNS,5,1,25,2108.9045,2408.8056,2040.8743,8.0302,60.0,25.0,25.985,671,23,2,4,1.0,0,0,0,0,0,0
main,CSDVRP-L-n100-s1,L,100,1,base,Random-9,0,,35,2731.4817,3146.4881,2673.9832,12.4986,45.0,35.0,36.444,486,29,2,3,1.0,0,0,0,0,0,0
exact,CSDVRP-S-n8-s4,S,8,4,base,VNS,4,,5,359.1905,397.2233,357.0731,2.1174,0.0,5.0,5.128,9096,3,0,0,0.8793,0,0,0,0,0,0
main,CSDVRP-L-n75-s4,L,75,4,base,VNS,6,,25,2205.0985,2460.454,2197.0342,8.0643,0.0,25.031,25.9,1117,24,0,0,0.9996,0,0,0,0,0,0
main,CSDVRP-XL-n150-s5,XL,150,5,base,VNS,1,,50,3875.3603,4291.4727,3856.6337,18.7266,0.0,50.094,51.971,799,45,0,0,0.998,0,0,0,0,0,0
main,CSDVRP-M-n30-s1,M,30,1,base,DRL-ALNS,2,3,10,1050.8071,1231.1888,1030.6971,5.11,15.0,10.0,10.497,1696,10,1,1,1.0,0,0,0,0,0,0
exact,CSDVRP-S-n12-s4,S,12,4,base,DRL-ALNS,6,2,5,487.5063,536.3904,484.4937,3.0126,0.0,5.0,5.024,3052,4,0,0,0.9867,0,0,0,0,0,0
main,CSDVRP-S-n15-s4,S,15,4,base,DRL-VNS,7,3,5,585.7427,624.2332,582.2908,3.4519,0.0,5.0,5.028,2831,6,0,0,0.9347,0,0,0,0,0,0
main,CSDVRP-M-n30-s2,M,30,2,base,VNS-9,1,,10,941.0551,1162.4183,938.3163,2.7388,0.0,10.0,10.077,2030,10,0,0,0.9865,0,0,0,0,0,0
exact,CSDVRP-S-n10-s5,S,10,5,base,Marginal-9,7,3,5,454.5993,485.8354,450.6688,3.9305,0.0,5.0,5.037,7600,3,0,0,0.956,0,0,0,0,0,0
main,CSDVRP-L-n75-s4,L,75,4,base,Fixed-small,9,,25,2206.0321,2460.454,2198.8304,7.2017,0.0,25.016,25.97,1294,24,0,0,0.998,0,0,0,0,0,0
main,CSDVRP-L-n75-s5,L,75,5,base,Fixed-small,2,,25,2107.5368,2327.4464,2100.3059,7.2309,0.0,25.016,26.653,1236,23,0,0,0.9984,0,0,0,0,0,0
exact,CSDVRP-S-n6-s2,S,6,2,base,VNS-9,0,,5,330.7872,334.9047,328.2873,2.4999,0.0,5.0,5.226,12512,3,0,0,0.8567,0,0,0,0,0,0
exact,CSDVRP-S-n8-s4,S,8,4,base,VNS,0,,5,359.1905,397.2233,357.0731,2.1174,0.0,5.0,5.215,9407,3,0,0,0.8793,0,0,0,0,0,0
main,CSDVRP-S-n15-s0,S,15,0,base,DRL-VNS,3,4,5,606.5233,666.3141,602.2712,4.2521,0.0,5.0,5.276,2970,5,0,0,0.9927,0,0,0,0,0,0
main,CSDVRP-S-n20-s1,S,20,1,base,Random-9,4,,6,785.2664,908.0268,780.5879,4.6785,0.0,6.0,6.436,3355,7,0,0,0.9833,0,0,0,0,0,0
main,CSDVRP-M-n50-s5,M,50,5,base,ALNS+,0,,15,1713.125,1904.3598,1613.5824,9.5427,90.0,15.0,15.263,1102,15,6,6,1.0,0,0,0,0,0,0
main,CSDVRP-M-n50-s1,M,50,1,base,VNS,0,,15,1520.6518,1718.5004,1515.2306,5.4212,0.0,15.0,15.448,1614,16,0,0,0.9915,0,0,0,0,0,0
exact,CSDVRP-S-n10-s3,S,10,3,base,DRL-ALNS,8,4,5,398.3226,456.2198,394.9219,3.4007,0.0,5.0,5.042,3799,3,0,0,0.9427,0,0,0,0,0,0
exact,CSDVRP-S-n10-s1,S,10,1,base,Marginal-9,2,3,5,394.7924,479.2322,392.2685,2.5239,0.0,5.0,5.012,5960,4,0,0,0.9253,0,0,0,0,0,0
main,CSDVRP-XL-n150-s2,XL,150,2,base,Roulette-9,2,,50,4076.7031,4545.4892,4059.009,17.6941,0.0,50.0,51.992,982,46,0,0,1.0,0,0,0,0,0,0
main,CSDVRP-S-n20-s2,S,20,2,base,DRL-ALNS,5,1,6,670.1283,732.8183,667.0092,3.1191,0.0,6.0,6.3,2147,7,0,0,0.9933,0,0,0,0,0,0
main,CSDVRP-S-n15-s5,S,15,5,base,DRL-VNS,5,1,5,666.5148,800.4223,662.7682,3.7467,0.0,5.0,5.666,3403,5,0,0,0.9993,0,0,0,0,0,0
main,CSDVRP-XL-n150-s1,XL,150,1,base,DRL-ALNS,0,1,50,4456.9312,4744.1508,4440.4353,16.496,0.0,50.031,54.049,514,50,0,0,0.9963,0,0,0,0,0,0
exact,CSDVRP-S-n6-s4,S,6,4,base,ALNS+,8,,5,307.1905,316.7228,305.135,2.0555,0.0,5.0,5.115,12236,3,0,0,0.906,0,0,0,0,0,0
main,CSDVRP-L-n75-s0,L,75,0,base,Marginal-9,3,4,25,2409.5216,2688.4285,2401.1797,8.3419,0.0,25.0,25.986,728,24,0,0,0.9984,0,0,0,0,0,0
main,CSDVRP-L-n75-s1,L,75,1,base,Roulette-9,0,,25,2103.1673,2408.8056,2065.7496,7.4177,30.0,25.016,26.633,831,23,2,2,1.0,0,0,0,0,0,0
main,CSDVRP-M-n30-s4,M,30,4,base,DRL-ALNS,8,4,10,959.5111,1151.8487,925.271,4.2401,30.0,10.0,10.39,2080,10,1,2,1.0,0,0,0,0,0,0
main,CSDVRP-L-n100-s5,L,100,5,base,DRL-VNS,4,5,35,2600.3066,3154.3549,2571.6204,13.6862,15.0,35.016,36.651,473,30,1,1,1.0,0,0,0,0,0,0
main,CSDVRP-S-n15-s1,S,15,1,base,VNS,8,,5,599.4153,675.8866,596.1341,3.2813,0.0,5.0,5.148,3344,6,0,0,0.9,0,0,0,0,0,0
main,CSDVRP-L-n75-s1,L,75,1,base,VNS-9,7,,25,2091.4591,2408.8056,2067.4431,9.0159,15.0,25.031,25.625,727,23,1,1,1.0,0,0,0,0,0,0
exact,CSDVRP-S-n8-s3,S,8,3,base,Roulette-9,6,,5,339.8466,351.7127,337.5902,2.2564,0.0,5.0,5.025,9858,3,0,0,0.9567,0,0,0,0,0,0
exact,CSDVRP-S-n12-s1,S,12,1,base,DRL-VNS,7,3,5,511.8119,602.7068,507.9062,3.9057,0.0,5.0,5.01,3302,4,0,0,0.994,0,0,0,0,0,0
main,CSDVRP-S-n15-s1,S,15,1,base,VNS,4,,5,590.7648,675.8866,586.7939,3.9709,0.0,5.0,5.203,3764,5,0,0,0.9987,0,0,0,0,0,0
main,CSDVRP-L-n100-s0,L,100,0,base,Random-9,6,,35,3131.4585,3458.8862,3117.5875,13.871,0.0,35.031,36.156,485,31,0,0,0.9996,0,0,0,0,0,0
main,CSDVRP-M-n30-s0,M,30,0,base,DRL-ALNS,4,5,10,1093.4502,1303.6377,1089.0437,4.4065,0.0,10.0,11.259,2018,11,0,0,0.997,0,0,0,0,0,0
main,CSDVRP-M-n50-s5,M,50,5,base,VNS,4,,15,1641.1318,1904.3598,1633.4042,7.7276,0.0,15.0,15.856,1861,16,0,0,0.998,0,0,0,0,0,0
main,CSDVRP-XL-n150-s5,XL,150,5,base,ALNS+,3,,50,4046.3086,4291.4727,4028.4053,17.9032,0.0,50.141,54.312,430,49,0,0,0.999,0,0,0,0,0,0
main,CSDVRP-L-n100-s3,L,100,3,base,Marginal-9,1,2,35,2762.0591,3095.0715,2706.9278,10.1314,45.0,35.031,37.207,485,31,2,3,1.0,0,0,0,0,0,0
main,CSDVRP-XL-n150-s0,XL,150,0,base,DRL-VNS,6,2,50,4453.5739,5021.4451,4394.7434,13.8306,45.0,50.031,51.696,1211,47,3,3,1.0,0,0,0,0,0,0
exact,CSDVRP-S-n12-s1,S,12,1,base,DRL-VNS,5,1,5,527.1742,602.7068,508.3795,3.7947,15.0,5.0,5.251,3756,4,1,1,1.0,0,0,0,0,0,0
exact,CSDVRP-S-n8-s5,S,8,5,base,DRL-ALNS,5,1,5,423.2126,427.0275,419.9371,3.2754,0.0,5.0,5.199,4167,3,0,0,0.894,0,0,0,0,0,0
exact,CSDVRP-S-n8-s4,S,8,4,base,DRL-ALNS,2,3,5,359.1905,397.2233,357.0731,2.1174,0.0,5.0,5.343,4148,3,0,0,0.8793,0,0,0,0,0,0
main,CSDVRP-S-n20-s0,S,20,0,base,VNS-9,2,,6,756.3441,835.2978,752.4896,3.8544,0.0,6.0,6.263,3318,7,0,0,0.9987,0,0,0,0,0,0
main,CSDVRP-M-n50-s4,M,50,4,base,DRL-ALNS,2,3,15,1724.4063,1919.2804,1715.4329,8.9734,0.0,15.0,15.506,802,16,0,0,0.997,0,0,0,0,0,0
main,CSDVRP-L-n100-s5,L,100,5,base,Marginal-9,8,4,35,2660.1612,3154.3549,2570.8741,14.2872,75.0,35.031,36.832,499,30,4,5,1.0,0,0,0,0,0,0
exact,CSDVRP-S-n6-s4,S,6,4,base,DRL-ALNS,8,4,5,307.1905,316.7228,305.135,2.0555,0.0,5.0,5.165,4371,3,0,0,0.906,0,0,0,0,0,0
main,CSDVRP-L-n100-s2,L,100,2,base,Marginal-9,0,1,35,2823.8397,3167.7225,2810.2494,13.5904,0.0,35.031,36.722,471,30,0,0,0.9976,0,0,0,0,0,0
exact,CSDVRP-S-n8-s5,S,8,5,base,ALNS+,2,,5,423.2126,427.0275,419.9371,3.2754,0.0,5.0,5.349,11053,3,0,0,0.894,0,0,0,0,0,0
main,CSDVRP-L-n75-s5,L,75,5,base,VNS,8,,25,2090.3686,2327.4464,2083.4687,6.8999,0.0,25.0,26.374,1167,23,0,0,0.9904,0,0,0,0,0,0
main,CSDVRP-XL-n150-s3,XL,150,3,base,DRL-VNS,9,5,50,3872.517,4237.9876,3856.4932,16.0237,0.0,50.016,52.782,954,44,0,0,1.0,0,0,0,0,0,0
exact,CSDVRP-S-n12-s1,S,12,1,base,Roulette-9,2,,5,527.1742,602.7068,508.3795,3.7947,15.0,5.0,5.19,7050,4,1,1,1.0,0,0,0,0,0,0
exact,CSDVRP-S-n6-s2,S,6,2,base,Random-9,6,,5,330.7872,334.9047,328.2873,2.4999,0.0,5.0,5.717,10641,3,0,0,0.8567,0,0,0,0,0,0
exact,CSDVRP-S-n6-s3,S,6,3,base,ALNS+,7,,5,230.2731,253.5784,228.5871,1.686,0.0,5.0,5.216,16106,2,0,0,0.9873,0,0,0,0,0,0
main,CSDVRP-L-n100-s0,L,100,0,base,ALNS+,2,,35,3299.4644,3458.8862,3284.2959,15.1685,0.0,35.047,36.653,292,35,0,0,0.996,0,0,0,0,0,0
main,CSDVRP-XL-n150-s4,XL,150,4,base,Marginal-9,8,4,50,3982.0024,4802.2805,3903.6134,18.389,60.0,50.125,50.77,852,46,4,4,1.0,0,0,0,0,0,0
main,CSDVRP-S-n20-s3,S,20,3,base,ALNS+,7,,6,712.9386,797.0264,707.8215,5.1171,0.0,6.0,6.062,2919,7,0,0,0.9707,0,0,0,0,0,0
main,CSDVRP-M-n30-s3,M,30,3,base,Fixed-small,8,,10,969.4487,1099.7766,965.9069,3.5418,0.0,10.0,10.239,2907,10,0,0,0.988,0,0,0,0,0,0
main,CSDVRP-S-n20-s2,S,20,2,base,Marginal-9,4,5,6,670.121,732.8183,667.0092,3.1118,0.0,6.0,6.18,2471,7,0,0,0.9933,0,0,0,0,0,0
main,CSDVRP-M-n30-s2,M,30,2,base,DRL-VNS,6,2,10,941.0511,1162.4183,938.3163,2.7347,0.0,10.0,10.178,1797,10,0,0,0.9865,0,0,0,0,0,0
main,CSDVRP-L-n75-s1,L,75,1,base,ALNS+,7,,25,2272.9677,2408.8056,2265.1068,7.8609,0.0,25.0,25.659,513,27,0,0,0.9964,0,0,0,0,0,0
main,CSDVRP-S-n15-s5,S,15,5,base,DRL-ALNS,2,3,5,684.6584,800.4223,665.8353,3.8231,15.0,5.0,5.036,2386,5,1,1,0.998,0,0,0,0,0,0
exact,CSDVRP-S-n8-s1,S,8,1,base,Roulette-9,8,,5,335.8429,376.3954,333.6723,2.1706,0.0,5.0,5.074,10067,3,0,0,0.9073,0,0,0,0,0,0
exact,CSDVRP-S-n6-s2,S,6,2,base,DRL-VNS,9,5,5,330.7872,334.9047,328.2873,2.4999,0.0,5.0,5.103,4269,3,0,0,0.8567,0,0,0,0,0,0
main,CSDVRP-S-n20-s3,S,20,3,base,ALNS+,8,,6,712.1611,797.0264,677.7674,4.3937,30.0,6.0,6.31,3008,7,2,2,1.0,0,0,0,0,0,0
main,CSDVRP-L-n75-s2,L,75,2,base,Random-9,4,,25,2095.5678,2442.0216,2086.5544,9.0133,0.0,25.0,26.389,621,23,0,0,0.9932,0,0,0,0,0,0
main,CSDVRP-S-n15-s1,S,15,1,base,Fixed-small,1,,5,600.6762,675.8866,597.4673,3.209,0.0,5.0,5.352,4131,6,0,0,0.9,0,0,0,0,0,0
main,CSDVRP-L-n75-s4,L,75,4,base,DRL-ALNS,0,1,25,2283.3047,2460.454,2274.677,8.6277,0.0,25.078,27.191,441,27,0,0,1.0,0,0,0,0,0,0
case,CSDVRP-CS-Riyadh,case,30,0,base,VNS-9,1,,30,424.5677,711.0291,419.1337,5.4341,0.0,30.0,30.719,10740,4,0,0,0.982,0,0,0,0,0,0
exact,CSDVRP-S-n10-s3,S,10,3,base,VNS-9,0,,5,398.3934,456.2198,394.9219,3.4715,0.0,5.0,5.029,11218,3,0,0,0.9427,0,0,0,0,0,0
case,CSDVRP-CS-Riyadh,case,30,0,base,DRL-VNS,2,3,30,416.3117,711.0291,411.6246,4.6871,0.0,30.0,30.322,8628,4,0,0,0.986,0,0,0,0,0,0
main,CSDVRP-L-n100-s3,L,100,3,base,Random-9,4,,35,2720.9037,3095.0715,2710.1807,10.723,0.0,35.0,36.55,331,31,0,0,0.9992,0,0,0,0,0,0
main,CSDVRP-L-n100-s3,L,100,3,base,Fixed-small,3,,35,2708.9927,3095.0715,2699.4407,9.552,0.0,35.016,35.735,761,31,0,0,1.0,0,0,0,0,0,0
main,CSDVRP-XL-n150-s1,XL,150,1,base,ALNS+,4,,50,4399.3286,4744.1508,4384.2729,15.0557,0.0,50.125,51.727,635,50,0,0,0.9993,0,0,0,0,0,0
exact,CSDVRP-S-n12-s2,S,12,2,base,ALNS+,1,,5,460.175,518.4642,458.0808,2.0942,0.0,5.0,5.05,12254,4,0,0,0.998,0,0,0,0,0,0
main,CSDVRP-S-n15-s1,S,15,1,base,VNS-9,4,,5,599.4153,675.8866,596.1341,3.2813,0.0,5.0,5.108,5567,6,0,0,0.9,0,0,0,0,0,0
main,CSDVRP-L-n75-s2,L,75,2,base,Fixed-small,3,,25,2121.8127,2442.0216,2084.0838,7.7289,30.0,25.0,26.319,1694,23,1,2,1.0,0,0,0,0,0,0
main,CSDVRP-L-n75-s3,L,75,3,base,DRL-ALNS,0,1,25,2188.8188,2332.9982,2179.2184,9.6004,0.0,25.0,25.364,766,24,0,0,0.9936,0,0,0,0,0,0
main,CSDVRP-XL-n150-s4,XL,150,4,base,VNS-9,6,,50,4044.8474,4802.2805,3821.0257,13.8217,210.0,50.125,50.623,1556,44,11,14,1.0,0,0,0,0,0,0
main,CSDVRP-XL-n150-s2,XL,150,2,base,Random-9,1,,50,4045.0875,4545.4892,4029.8634,15.2241,0.0,50.0,51.856,1433,46,0,0,1.0,0,0,0,0,0,0
exact,CSDVRP-S-n10-s1,S,10,1,base,ALNS+,1,,5,394.7924,479.2322,392.2685,2.5239,0.0,5.0,5.009,10608,4,0,0,0.9253,0,0,0,0,0,0
main,CSDVRP-L-n75-s4,L,75,4,base,Fixed-small,2,,25,2206.0187,2460.454,2198.2978,7.7209,0.0,25.0,25.97,1716,24,0,0,0.9996,0,0,0,0,0,0
exact,CSDVRP-S-n6-s3,S,6,3,base,VNS-9,5,,5,230.2731,253.5784,228.5871,1.686,0.0,5.0,5.399,26475,2,0,0,0.9873,0,0,0,0,0,0
exact,CSDVRP-S-n6-s2,S,6,2,base,ALNS+,0,,5,330.2083,334.9047,328.2873,1.921,0.0,5.0,5.044,15477,3,0,0,0.8567,0,0,0,0,0,0
exact,CSDVRP-S-n10-s4,S,10,4,base,VNS,3,,5,387.4582,460.8567,384.9244,2.5338,0.0,5.0,5.091,12776,3,0,0,0.98,0,0,0,0,0,0
main,CSDVRP-S-n20-s1,S,20,1,base,DRL-VNS,9,5,6,808.7667,908.0268,789.1391,4.6276,15.0,6.0,6.546,3208,7,1,1,1.0,0,0,0,0,0,0
main,CSDVRP-XL-n150-s0,XL,150,0,base,Marginal-9,9,5,50,4464.2081,5021.4451,4447.3995,16.8086,0.0,50.094,54.898,1259,47,0,0,0.9997,0,0,0,0,0,0
exact,CSDVRP-S-n12-s1,S,12,1,base,Roulette-9,5,,5,511.4838,602.7068,507.9062,3.5776,0.0,5.0,5.095,6673,4,0,0,0.994,0,0,0,0,0,0
exact,CSDVRP-S-n10-s5,S,10,5,base,Random-9,4,,5,454.5993,485.8354,450.6688,3.9305,0.0,5.0,5.123,8495,3,0,0,0.956,0,0,0,0,0,0
main,CSDVRP-L-n75-s5,L,75,5,base,VNS,6,,25,2083.6879,2327.4464,2075.6788,8.0091,0.0,25.0,25.636,1710,22,0,0,0.9992,0,0,0,0,0,0
main,CSDVRP-S-n15-s4,S,15,4,base,Roulette-9,5,,5,585.7427,624.2332,582.2908,3.4519,0.0,5.0,5.03,6667,6,0,0,0.9347,0,0,0,0,0,0
main,CSDVRP-L-n75-s2,L,75,2,base,Random-9,9,,25,2107.5956,2442.0216,2097.0201,10.5755,0.0,25.0,25.985,1038,23,0,0,0.994,0,0,0,0,0,0
main,CSDVRP-M-n50-s3,M,50,3,base,Fixed-small,4,,15,1399.8435,1746.7745,1393.2711,6.5725,0.0,15.0,15.121,2807,15,0,0,0.994,0,0,0,0,0,0
main,CSDVRP-L-n100-s3,L,100,3,base,DRL-VNS,7,3,35,2706.4682,3095.0715,2696.7953,9.6729,0.0,35.031,35.911,855,31,0,0,1.0,0,0,0,0,0,0
exact,CSDVRP-S-n10-s3,S,10,3,base,ALNS+,8,,5,398.3934,456.2198,394.9219,3.4715,0.0,5.0,5.002,13706,3,0,0,0.9427,0,0,0,0,0,0
main,CSDVRP-M-n30-s4,M,30,4,base,DRL-ALNS,5,1,10,926.1273,1151.8487,921.3091,4.8182,0.0,10.0,10.031,2723,10,0,0,0.99,0,0,0,0,0,0
exact,CSDVRP-S-n12-s1,S,12,1,base,Marginal-9,5,1,5,511.4838,602.7068,507.9062,3.5776,0.0,5.0,4.995,8828,4,0,0,0.994,0,0,0,0,0,0
exact,CSDVRP-S-n12-s3,S,12,3,base,Fixed-small,6,,5,522.5127,589.3086,503.6872,3.8254,15.0,5.0,5.045,11830,4,1,1,1.0,0,0,0,0,0,0
main,CSDVRP-M-n30-s3,M,30,3,base,ALNS+,7,,10,971.1649,1099.7766,965.9069,5.258,0.0,10.0,10.062,3922,10,0,0,0.988,0,0,0,0,0,0
main,CSDVRP-M-n30-s3,M,30,3,base,ALNS+,0,,10,970.0388,1099.7766,965.9069,4.1319,0.0,10.0,10.171,3763,10,0,0,0.988,0,0,0,0,0,0
main,CSDVRP-L-n100-s2,L,100,2,base,Random-9,4,,35,2787.561,3167.7225,2775.8542,11.7069,0.0,35.016,40.354,752,30,0,0,0.9964,0,0,0,0,0,0
main,CSDVRP-L-n100-s1,L,100,1,base,DRL-VNS,3,4,35,2643.4191,3146.4881,2632.5077,10.9114,0.0,35.031,36.435,485,29,0,0,0.9984,0,0,0,0,0,0
exact,CSDVRP-S-n10-s2,S,10,2,base,Roulette-9,2,,5,391.6922,436.4179,389.0812,2.6111,0.0,5.0,5.073,11194,3,0,0,0.9787,0,0,0,0,0,0
exact,CSDVRP-S-n8-s5,S,8,5,base,Fixed-small,3,,5,423.2126,427.0275,419.9371,3.2754,0.0,5.0,5.264,10362,3,0,0,0.894,0,0,0,0,0,0
main,CSDVRP-M-n30-s0,M,30,0,base,Fixed-small,7,,10,1137.9956,1303.6377,1103.1071,4.8885,30.0,10.0,11.107,3420,11,1,2,1.0,0,0,0,0,0,0
main,CSDVRP-S-n15-s0,S,15,0,base,Random-9,8,,5,606.5233,666.3141,602.2712,4.2521,0.0,5.0,5.482,6804,5,0,0,0.9927,0,0,0,0,0,0
main,CSDVRP-S-n15-s5,S,15,5,base,DRL-VNS,4,5,5,666.5148,800.4223,662.7682,3.7467,0.0,5.0,5.012,5039,5,0,0,0.9993,0,0,0,0,0,0
exact,CSDVRP-S-n12-s2,S,12,2,base,DRL-VNS,6,2,5,460.175,518.4642,458.0808,2.0942,0.0,5.0,4.996,6566,4,0,0,0.998,0,0,0,0,0,0
exact,CSDVRP-S-n10-s3,S,10,3,base,Marginal-9,1,2,5,398.3934,456.2198,394.9219,3.4715,0.0,5.0,5.045,14423,3,0,0,0.9427,0,0,0,0,0,0
main,CSDVRP-M-n30-s4,M,30,4,base,Marginal-9,5,1,10,926.5915,1151.8487,921.3091,5.2824,0.0,10.0,10.14,3671,10,0,0,0.99,0,0,0,0,0,0
main,CSDVRP-L-n75-s0,L,75,0,base,VNS-9,1,,25,2428.557,2688.4285,2403.728,9.8289,15.0,25.0,26.294,1048,24,1,1,1.0,0,0,0,0,0,0
main,CSDVRP-M-n50-s5,M,50,5,base,Random-9,9,,15,1638.6025,1904.3598,1630.9968,7.6057,0.0,15.0,15.676,1723,16,0,0,0.998,0,0,0,0,0,0
main,CSDVRP-XL-n150-s3,XL,150,3,base,DRL-VNS,6,2,50,3886.117,4237.9876,3870.2686,15.8483,0.0,50.0,52.897,1560,44,0,0,0.9987,0,0,0,0,0,0
exact,CSDVRP-S-n12-s2,S,12,2,base,ALNS+,6,,5,460.175,518.4642,458.0808,2.0942,0.0,5.0,5.009,12824,4,0,0,0.998,0,0,0,0,0,0
exact,CSDVRP-S-n12-s4,S,12,4,base,Fixed-small,5,,5,487.6731,536.3904,484.4937,3.1794,0.0,5.0,5.014,12738,4,0,0,0.9867,0,0,0,0,0,0
main,CSDVRP-L-n75-s2,L,75,2,base,DRL-VNS,4,5,25,2108.8509,2442.0216,2085.304,8.5469,15.0,25.0,26.456,1170,22,1,1,1.0,0,0,0,0,0,0
main,CSDVRP-L-n100-s3,L,100,3,base,VNS,7,,35,2731.5475,3095.0715,2691.2506,10.2969,30.0,35.062,36.744,927,31,1,2,1.0,0,0,0,0,0,0
main,CSDVRP-S-n15-s0,S,15,0,base,Marginal-9,6,2,5,606.5233,666.3141,602.2712,4.2521,0.0,5.0,5.011,6787,5,0,0,0.9927,0,0,0,0,0,0
exact,CSDVRP-S-n6-s2,S,6,2,base,ALNS+,3,,5,330.2083,334.9047,328.2873,1.921,0.0,5.0,4.996,17088,3,0,0,0.8567,0,0,0,0,0,0
case,CSDVRP-CS-Riyadh,case,30,0,base,VNS,2,,30,420.0991,711.0291,414.0897,6.0094,0.0,30.0,31.513,12871,4,0,0,0.982,0,0,0,0,0,0
exact,CSDVRP-S-n8-s4,S,8,4,base,DRL-ALNS,3,4,5,359.1905,397.2233,357.0731,2.1174,0.0,5.0,5.043,5994,3,0,0,0.8793,0,0,0,0,0,0
main,CSDVRP-S-n20-s4,S,20,4,base,DRL-ALNS,8,4,6,753.5885,798.0501,734.3419,4.2466,15.0,6.0,6.188,3588,7,1,1,1.0,0,0,0,0,0,0
exact,CSDVRP-S-n6-s1,S,6,1,base,VNS,2,,5,341.7876,362.2464,340.1093,1.6783,0.0,5.0,5.31,20807,3,0,0,0.926,0,0,0,0,0,0
exact,CSDVRP-S-n10-s5,S,10,5,base,VNS-9,1,,5,454.5993,485.8354,450.6688,3.9305,0.0,5.0,5.373,12751,3,0,0,0.956,0,0,0,0,0,0
exact,CSDVRP-S-n6-s2,S,6,2,base,ALNS+,2,,5,330.2083,334.9047,328.2873,1.921,0.0,5.0,5.263,16790,3,0,0,0.8567,0,0,0,0,0,0
main,CSDVRP-L-n100-s0,L,100,0,base,VNS-9,7,,35,3069.064,3458.8862,3042.1243,11.9397,15.0,35.016,36.255,704,32,1,1,1.0,0,0,0,0,0,0
main,CSDVRP-S-n20-s3,S,20,3,base,Marginal-9,4,5,6,691.2399,797.0264,687.1116,4.1284,0.0,6.0,6.084,4718,7,0,0,0.9707,0,0,0,0,0,0
main,CSDVRP-M-n30-s5,M,30,5,base,ALNS+,9,,10,1119.8883,1247.2838,1084.6448,5.2435,30.0,10.0,10.404,4454,10,1,2,1.0,0,0,0,0,0,0
exact,CSDVRP-S-n8-s4,S,8,4,base,VNS-9,2,,5,359.1905,397.2233,357.0731,2.1174,0.0,5.0,5.029,16340,3,0,0,0.8793,0,0,0,0,0,0
main,CSDVRP-S-n15-s0,S,15,0,base,VNS-9,5,,5,622.621,666.3141,603.3505,4.2704,15.0,5.0,5.045,6781,5,1,1,1.0,0,0,0,0,0,0
main,CSDVRP-L-n75-s1,L,75,1,base,Roulette-9,8,,25,2126.0589,2408.8056,2044.7345,6.3244,75.0,25.0,25.149,1302,23,4,5,1.0,0,0,0,0,0,0
main,CSDVRP-L-n100-s3,L,100,3,base,Marginal-9,7,3,35,2706.191,3095.0715,2696.3858,9.8052,0.0,35.016,35.252,728,31,0,0,1.0,0,0,0,0,0,0
main,CSDVRP-M-n30-s3,M,30,3,base,ALNS+,3,,10,971.177,1099.7766,966.2459,4.9311,0.0,10.0,10.017,4690,10,0,0,0.988,0,0,0,0,0,0
main,CSDVRP-M-n30-s1,M,30,1,base,Random-9,1,,10,1031.4688,1231.1888,1027.1043,4.3646,0.0,10.0,10.089,3326,10,0,0,0.98,0,0,0,0,0,0
main,CSDVRP-XL-n150-s0,XL,150,0,base,Roulette-9,5,,50,4407.266,5021.4451,4388.2571,19.009,0.0,50.0,50.259,1965,46,0,0,0.9997,0,0,0,0,0,0
main,CSDVRP-S-n20-s4,S,20,4,base,Marginal-9,1,2,6,719.4697,798.0501,715.5041,3.9656,0.0,6.0,6.065,5067,7,0,0,0.986,0,0,0,0,0,0
main,CSDVRP-L-n75-s3,L,75,3,base,Marginal-9,9,5,25,2098.0269,2332.9982,2076.4215,6.6054,15.0,25.0,25.108,1063,23,1,1,0.996,0,0,0,0,0,0
exact,CSDVRP-S-n8-s3,S,8,3,base,VNS-9,1,,5,339.8466,351.7127,337.5902,2.2564,0.0,5.0,5.013,17758,3,0,0,0.9567,0,0,0,0,0,0
exact,CSDVRP-S-n8-s4,S,8,4,base,DRL-VNS,9,5,5,359.1905,397.2233,357.0731,2.1174,0.0,5.0,4.995,7072,3,0,0,0.8793,0,0,0,0,0,0
exact,CSDVRP-S-n6-s2,S,6,2,base,DRL-VNS,4,5,5,330.2083,334.9047,328.2873,1.921,0.0,5.0,4.996,7694,3,0,0,0.8567,0,0,0,0,0,0
main,CSDVRP-M-n30-s0,M,30,0,base,Marginal-9,2,3,10,1092.964,1303.6377,1089.1614,3.8025,0.0,10.0,10.001,4042,11,0,0,0.997,0,0,0,0,0,0
main,CSDVRP-S-n20-s4,S,20,4,base,DRL-ALNS,4,5,6,719.4697,798.0501,715.5041,3.9656,0.0,6.0,6.01,3401,7,0,0,0.986,0,0,0,0,0,0
main,CSDVRP-L-n100-s3,L,100,3,base,Fixed-small,2,,35,2704.4766,3095.0715,2694.9655,9.5111,0.0,35.016,35.176,1248,31,0,0,1.0,0,0,0,0,0,0
main,CSDVRP-S-n15-s3,S,15,3,base,Marginal-9,8,4,5,601.4006,692.2972,597.8561,3.5445,0.0,5.0,5.023,6923,6,0,0,0.998,0,0,0,0,0,0
main,CSDVRP-S-n15-s3,S,15,3,base,Roulette-9,0,,5,601.4006,692.2972,597.8561,3.5445,0.0,5.0,5.016,6716,6,0,0,0.998,0,0,0,0,0,0
main,CSDVRP-S-n15-s0,S,15,0,base,Random-9,3,,5,606.5233,666.3141,602.2712,4.2521,0.0,5.0,5.014,7379,5,0,0,0.9927,0,0,0,0,0,0
main,CSDVRP-L-n100-s3,L,100,3,base,VNS-9,5,,35,2735.0054,3095.0715,2693.622,11.3834,30.0,35.0,35.098,666,31,1,2,1.0,0,0,0,0,0,0
main,CSDVRP-M-n50-s3,M,50,3,base,VNS,4,,15,1399.5391,1746.7745,1393.2711,6.268,0.0,15.0,15.059,2851,15,0,0,0.994,0,0,0,0,0,0
main,CSDVRP-M-n30-s5,M,30,5,base,Fixed-small,7,,10,1124.7416,1247.2838,1089.1239,5.6177,30.0,10.0,10.04,5488,10,1,2,1.0,0,0,0,0,0,0
main,CSDVRP-L-n100-s5,L,100,5,base,Random-9,7,,35,2596.9159,3154.3549,2570.6729,11.243,15.0,35.0,35.091,754,30,1,1,1.0,0,0,0,0,0,0
main,CSDVRP-S-n15-s0,S,15,0,base,VNS,9,,5,622.621,666.3141,603.3505,4.2704,15.0,5.0,5.015,6080,5,1,1,1.0,0,0,0,0,0,0
main,CSDVRP-XL-n150-s0,XL,150,0,base,ALNS+,5,,50,4651.62,5021.4451,4635.4884,16.1316,0.0,50.141,50.277,649,53,0,0,0.99,0,0,0,0,0,0
main,CSDVRP-M-n30-s1,M,30,1,base,Fixed-small,0,,10,1057.4225,1231.1888,1037.9499,4.4726,15.0,10.0,10.028,4944,10,1,1,1.0,0,0,0,0,0,0
main,CSDVRP-L-n75-s5,L,75,5,base,VNS,9,,25,2090.8291,2327.4464,2083.4687,7.3604,0.0,25.0,25.129,1648,23,0,0,0.9904,0,0,0,0,0,0
main,CSDVRP-L-n100-s5,L,100,5,base,Marginal-9,0,1,35,2647.0027,3154.3549,2589.8478,12.1548,45.0,35.0,35.216,651,31,2,3,1.0,0,0,0,0,0,0
main,CSDVRP-L-n100-s3,L,100,3,base,DRL-VNS,0,1,35,2710.1219,3095.0715,2699.4034,10.7185,0.0,35.0,35.337,740,31,0,0,0.9924,0,0,0,0,0,0
exact,CSDVRP-S-n12-s1,S,12,1,base,Fixed-small,4,,5,546.9826,602.7068,512.8082,4.1744,30.0,5.0,5.01,10764,4,2,2,1.0,0,0,0,0,0,0
exact,CSDVRP-S-n10-s1,S,10,1,base,Roulette-9,2,,5,394.7924,479.2322,392.2685,2.5239,0.0,5.0,5.014,8470,4,0,0,0.9253,0,0,0,0,0,0
exact,CSDVRP-S-n12-s1,S,12,1,base,Random-9,7,,5,546.6653,602.7068,512.8082,3.8571,30.0,5.0,5.045,9931,4,2,2,1.0,0,0,0,0,0,0
exact,CSDVRP-S-n6-s2,S,6,2,base,Marginal-9,3,4,5,330.7872,334.9047,328.2873,2.4999,0.0,5.0,5.029,18044,3,0,0,0.8567,0,0,0,0,0,0
main,CSDVRP-M-n50-s4,M,50,4,base,VNS-9,8,,15,1693.2042,1919.2804,1657.181,6.0232,30.0,15.0,15.031,1649,16,1,2,1.0,0,0,0,0,0,0
main,CSDVRP-L-n75-s3,L,75,3,base,VNS,1,,25,2078.6405,2332.9982,2072.0521,6.5884,0.0,25.0,25.034,1692,24,0,0,0.9956,0,0,0,0,0,0
exact,CSDVRP-S-n6-s2,S,6,2,base,VNS-9,6,,5,330.7872,334.9047,328.2873,2.4999,0.0,5.0,4.992,19276,3,0,0,0.8567,0,0,0,0,0,0
main,CSDVRP-L-n100-s2,L,100,2,base,VNS-9,0,,35,2813.9998,3167.7225,2802.6297,11.3702,0.0,35.0,35.039,718,30,0,0,0.9972,0,0,0,0,0,0
main,CSDVRP-L-n75-s2,L,75,2,base,VNS,9,,25,2096.3657,2442.0216,2086.5245,9.8413,0.0,25.0,25.037,1671,23,0,0,0.9932,0,0,0,0,0,0
main,CSDVRP-S-n15-s5,S,15,5,base,VNS-9,0,,5,666.5148,800.4223,662.7682,3.7467,0.0,5.0,4.996,8747,5,0,0,0.9993,0,0,0,0,0,0
exact,CSDVRP-S-n6-s5,S,6,5,base,DRL-ALNS,0,1,5,347.3173,347.7063,345.0582,2.2591,0.0,5.0,4.996,7038,3,0,0,0.9907,0,0,0,0,0,0
exact,CSDVRP-S-n12-s4,S,12,4,base,VNS,9,,5,487.5063,536.3904,484.4937,3.0126,0.0,5.0,5.015,8576,4,0,0,0.9867,0,0,0,0,0,0
main,CSDVRP-M-n30-s4,M,30,4,base,VNS-9,4,,10,926.1514,1151.8487,921.3091,4.8423,0.0,10.0,10.014,3778,10,0,0,0.99,0,0,0,0,0,0
main,CSDVRP-XL-n150-s5,XL,150,5,base,VNS,0,,50,3858.8458,4291.4727,3841.0148,17.831,0.0,50.0,50.305,1278,45,0,0,0.998,0,0,0,0,0,0
exact,CSDVRP-S-n6-s2,S,6,2,base,DRL-VNS,3,4,5,330.7872,334.9047,328.2873,2.4999,0.0,5.0,5.047,7724,3,0,0,0.8567,0,0,0,0,0,0
exact,CSDVRP-S-n12-s5,S,12,5,base,VNS-9,6,,5,521.0601,535.5205,517.6832,3.3769,0.0,5.0,4.998,9957,4,0,0,0.978,0,0,0,0,0,0
main,CSDVRP-S-n15-s1,S,15,1,base,Fixed-small,4,,5,600.6762,675.8866,597.4673,3.209,0.0,5.0,5.03,7090,6,0,0,0.9,0,0,0,0,0,0
exact,CSDVRP-S-n10-s2,S,10,2,base,Marginal-9,4,5,5,386.2368,436.4179,383.4745,2.7622,0.0,5.0,5.029,15353,3,0,0,0.9893,0,0,0,0,0,0
main,CSDVRP-XL-n150-s1,XL,150,1,base,DRL-VNS,9,5,50,4242.5286,4744.1508,4224.7546,17.774,0.0,50.0,50.15,1393,45,0,0,0.9963,0,0,0,0,0,0
main,CSDVRP-S-n15-s2,S,15,2,base,Roulette-9,2,,5,604.4369,645.109,602.0225,2.4144,0.0,5.0,4.984,6447,6,0,0,0.9953,0,0,0,0,0,0
main,CSDVRP-M-n30-s2,M,30,2,base,DRL-VNS,2,3,10,941.0551,1162.4183,938.3163,2.7388,0.0,10.0,10.016,3156,10,0,0,0.9865,0,0,0,0,0,0
main,CSDVRP-L-n75-s3,L,75,3,base,ALNS+,0,,25,2167.7907,2332.9982,2115.7806,7.01,45.0,25.0,25.029,944,24,2,3,1.0,0,0,0,0,0,0
exact,CSDVRP-S-n8-s5,S,8,5,base,Random-9,6,,5,423.2126,427.0275,419.9371,3.2754,0.0,5.0,4.995,14813,3,0,0,0.894,0,0,0,0,0,0
main,CSDVRP-S-n15-s2,S,15,2,base,Random-9,2,,5,604.4369,645.109,602.0225,2.4144,0.0,5.0,5.013,6627,6,0,0,0.9953,0,0,0,0,0,0
exact,CSDVRP-S-n10-s2,S,10,2,base,VNS,1,,5,386.2368,436.4179,383.4745,2.7622,0.0,5.0,4.997,14549,3,0,0,0.9893,0,0,0,0,0,0
main,CSDVRP-M-n30-s1,M,30,1,base,Fixed-small,9,,10,1092.606,1231.1888,1042.4793,5.1267,45.0,10.0,10.014,4289,10,2,3,1.0,0,0,0,0,0,0
exact,CSDVRP-S-n10-s2,S,10,2,base,Random-9,5,,5,391.6922,436.4179,389.0812,2.6111,0.0,5.0,5.046,16951,3,0,0,0.9787,0,0,0,0,0,0
main,CSDVRP-XL-n150-s2,XL,150,2,base,Random-9,9,,50,4045.631,4545.4892,4015.1024,15.5286,15.0,50.0,50.065,1452,46,1,1,1.0,0,0,0,0,0,0
exact,CSDVRP-S-n6-s3,S,6,3,base,DRL-ALNS,9,5,5,230.2731,253.5784,228.5871,1.686,0.0,5.0,4.991,7688,2,0,0,0.9873,0,0,0,0,0,0
main,CSDVRP-L-n100-s5,L,100,5,base,Marginal-9,3,4,35,2611.0609,3154.3549,2568.8328,12.2281,30.0,35.0,35.06,756,30,1,2,1.0,0,0,0,0,0,0
exact,CSDVRP-S-n6-s2,S,6,2,base,VNS-9,9,,5,330.7872,334.9047,328.2873,2.4999,0.0,5.0,4.999,18573,3,0,0,0.8567,0,0,0,0,0,0
main,CSDVRP-M-n50-s1,M,50,1,base,VNS,7,,15,1503.0397,1718.5004,1496.9025,6.1372,0.0,15.0,14.999,2847,15,0,0,0.9945,0,0,0,0,0,0
main,CSDVRP-S-n20-s4,S,20,4,base,Marginal-9,4,5,6,719.4697,798.0501,715.5041,3.9656,0.0,6.0,5.997,4221,7,0,0,0.986,0,0,0,0,0,0
main,CSDVRP-L-n100-s3,L,100,3,base,VNS,4,,35,2710.9739,3095.0715,2701.2503,9.7236,0.0,35.031,35.101,962,31,0,0,1.0,0,0,0,0,0,0
exact,CSDVRP-S-n12-s5,S,12,5,base,VNS,2,,5,521.0601,535.5205,517.6832,3.3769,0.0,5.0,5.003,8685,4,0,0,0.978,0,0,0,0,0,0
exact,CSDVRP-S-n10-s1,S,10,1,base,Random-9,1,,5,394.7924,479.2322,392.2685,2.5239,0.0,5.0,4.999,8920,4,0,0,0.9253,0,0,0,0,0,0
main,CSDVRP-M-n50-s1,M,50,1,base,Roulette-9,0,,15,1509.763,1718.5004,1489.0772,5.6859,15.0,15.0,15.019,1997,15,1,1,1.0,0,0,0,0,0,0
exact,CSDVRP-S-n6-s5,S,6,5,base,DRL-VNS,3,4,5,347.3173,347.7063,345.0582,2.2591,0.0,5.0,5.022,8308,3,0,0,0.9907,0,0,0,0,0,0
main,CSDVRP-XL-n150-s1,XL,150,1,base,Roulette-9,9,,50,4197.7463,4744.1508,4181.1841,16.5622,0.0,50.016,50.048,1837,45,0,0,0.9983,0,0,0,0,0,0
main,CSDVRP-S-n20-s0,S,20,0,base,VNS,4,,6,756.2207,835.2978,752.4896,3.7311,0.0,6.0,5.996,4253,7,0,0,0.9987,0,0,0,0,0,0
main,CSDVRP-M-n30-s2,M,30,2,base,DRL-ALNS,0,1,10,962.5091,1162.4183,929.197,3.3121,30.0,10.0,10.013,3098,10,2,2,1.0,0,0,0,0,0,0
main,CSDVRP-S-n20-s2,S,20,2,base,Marginal-9,0,1,6,670.121,732.8183,667.0092,3.1118,0.0,6.0,5.997,4535,7,0,0,0.9933,0,0,0,0,0,0
exact,CSDVRP-S-n12-s4,S,12,4,base,DRL-VNS,0,1,5,487.5063,536.3904,484.4937,3.0126,0.0,5.0,5.028,5676,4,0,0,0.9867,0,0,0,0,0,0
exact,CSDVRP-S-n10-s5,S,10,5,base,Random-9,7,,5,454.5993,485.8354,450.6688,3.9305,0.0,5.0,5.014,12692,3,0,0,0.956,0,0,0,0,0,0
main,CSDVRP-XL-n150-s2,XL,150,2,base,Fixed-small,9,,50,4090.947,4545.4892,4030.1339,15.8131,45.0,50.016,50.242,2322,46,2,3,1.0,0,0,0,0,0,0
main,CSDVRP-L-n75-s1,L,75,1,base,Roulette-9,1,,25,2142.2649,2408.8056,2014.8549,7.41,120.0,25.016,25.025,1292,22,7,8,1.0,0,0,0,0,0,0
main,CSDVRP-S-n15-s0,S,15,0,base,DRL-ALNS,9,5,5,634.7332,666.3141,629.952,4.7812,0.0,5.0,5.021,4129,6,0,0,0.9967,0,0,0,0,0,0
main,CSDVRP-M-n50-s2,M,50,2,base,Marginal-9,1,2,15,1468.5911,1677.4231,1462.0673,6.5238,0.0,15.0,15.039,1830,16,0,0,0.9985,0,0,0,0,0,0
main,CSDVRP-S-n20-s0,S,20,0,base,DRL-ALNS,1,2,6,756.2207,835.2978,752.4896,3.7311,0.0,6.0,6.036,3723,7,0,0,0.9987,0,0,0,0,0,0
main,CSDVRP-L-n100-s3,L,100,3,base,Roulette-9,6,,35,2722.8988,3095.0715,2712.7444,10.1544,0.0,35.047,35.205,741,31,0,0,0.9992,0,0,0,0,0,0
main,CSDVRP-L-n100-s2,L,100,2,base,Marginal-9,4,5,35,2793.2934,3167.7225,2781.5702,11.7232,0.0,35.0,35.107,672,30,0,0,0.996,0,0,0,0,0,0
main,CSDVRP-M-n50-s0,M,50,0,base,DRL-VNS,5,1,15,1711.3296,1986.2853,1703.9689,7.3608,0.0,15.0,15.011,1818,16,0,0,0.9995,0,0,0,0,0,0
main,CSDVRP-XL-n150-s3,XL,150,3,base,Fixed-small,8,,50,3863.5419,4237.9876,3849.8031,13.7388,0.0,50.0,50.199,2233,45,0,0,0.9987,0,0,0,0,0,0
main,CSDVRP-XL-n150-s1,XL,150,1,base,Random-9,9,,50,4290.611,4744.1508,4202.2155,13.3955,75.0,50.0,50.103,1574,46,3,5,1.0,0,0,0,0,0,0
main,CSDVRP-M-n50-s1,M,50,1,base,Roulette-9,4,,15,1518.7264,1718.5004,1513.1913,5.5352,0.0,15.0,15.06,1971,16,0,0,0.994,0,0,0,0,0,0
main,CSDVRP-S-n15-s5,S,15,5,base,DRL-ALNS,6,2,5,666.5148,800.4223,662.7682,3.7467,0.0,5.0,5.015,4521,5,0,0,0.9993,0,0,0,0,0,0
main,CSDVRP-XL-n150-s0,XL,150,0,base,Random-9,0,,50,4382.6796,5021.4451,4363.8598,18.8199,0.0,50.0,50.187,1698,47,0,0,0.9967,0,0,0,0,0,0
exact,CSDVRP-S-n10-s1,S,10,1,base,Marginal-9,5,1,5,394.7924,479.2322,392.2685,2.5239,0.0,5.0,4.994,9019,4,0,0,0.9253,0,0,0,0,0,0
main,CSDVRP-S-n15-s3,S,15,3,base,Fixed-small,9,,5,603.7428,692.2972,584.3633,4.3795,15.0,5.0,5.045,10009,5,1,1,1.0,0,0,0,0,0,0
main,CSDVRP-L-n100-s1,L,100,1,base,ALNS+,4,,35,2785.1608,3146.4881,2711.3052,13.8556,60.0,35.047,35.145,599,29,2,4,1.0,0,0,0,0,0,0
main,CSDVRP-XL-n150-s3,XL,150,3,base,Roulette-9,6,,50,3821.6607,4237.9876,3806.2164,15.4443,0.0,50.0,50.123,1689,44,0,0,0.9967,0,0,0,0,0,0
main,CSDVRP-L-n100-s5,L,100,5,base,VNS-9,3,,35,2666.2786,3154.3549,2609.1553,12.1234,45.0,35.016,35.061,736,31,2,3,1.0,0,0,0,0,0,0
main,CSDVRP-M-n50-s4,M,50,4,base,ALNS+,3,,15,1744.7244,1919.2804,1662.0292,7.6952,75.0,15.0,15.016,1622,16,4,5,1.0,0,0,0,0,0,0
main,CSDVRP-XL-n150-s3,XL,150,3,base,ALNS+,0,,50,3948.1665,4237.9876,3932.765,15.4015,0.0,50.125,50.205,696,48,0,0,0.9993,0,0,0,0,0,0
exact,CSDVRP-S-n8-s3,S,8,3,base,VNS-9,6,,5,339.8466,351.7127,337.5902,2.2564,0.0,5.0,5.014,17879,3,0,0,0.9567,0,0,0,0,0,0
main,CSDVRP-L-n75-s3,L,75,3,base,VNS-9,4,,25,2138.8752,2332.9982,2087.6073,6.2679,45.0,25.016,25.073,1177,24,2,3,1.0,0,0,0,0,0,0
exact,CSDVRP-S-n8-s2,S,8,2,base,Marginal-9,5,1,5,344.8888,398.3755,342.4078,2.481,0.0,5.0,5.002,16447,3,0,0,0.8753,0,0,0,0,0,0
exact,CSDVRP-S-n10-s1,S,10,1,base,Fixed-small,8,,5,394.7924,479.2322,392.2685,2.5239,0.0,5.0,4.998,9659,4,0,0,0.9253,0,0,0,0,0,0
main,CSDVRP-S-n15-s0,S,15,0,base,Marginal-9,4,5,5,606.5233,666.3141,602.2712,4.2521,0.0,5.0,5.029,7233,5,0,0,0.9927,0,0,0,0,0,0
main,CSDVRP-L-n75-s5,L,75,5,base,Marginal-9,2,3,25,2072.618,2327.4464,2065.4036,7.2144,0.0,25.0,25.038,1360,22,0,0,0.9992,0,0,0,0,0,0
main,CSDVRP-M-n50-s2,M,50,2,base,VNS-9,4,,15,1483.6689,1677.4231,1462.1572,6.5116,15.0,15.0,15.018,1756,16,1,1,1.0,0,0,0,0,0,0
exact,CSDVRP-S-n10-s4,S,10,4,base,VNS-9,1,,5,387.7762,460.8567,384.9244,2.8518,0.0,5.0,5.031,16759,3,0,0,0.98,0,0,0,0,0,0
main,CSDVRP-XL-n150-s3,XL,150,3,base,Random-9,9,,50,3858.8324,4237.9876,3843.2672,15.5651,0.0,50.016,50.078,1551,44,0,0,0.997,0,0,0,0,0,0
main,CSDVRP-XL-n150-s0,XL,150,0,base,VNS-9,3,,50,4440.615,5021.4451,4394.9023,15.7127,30.0,50.016,50.284,1661,47,2,2,1.0,0,0,0,0,0,0
main,CSDVRP-S-n20-s1,S,20,1,base,Random-9,2,,6,785.2664,908.0268,780.5879,4.6785,0.0,6.0,6.021,5138,7,0,0,0.9833,0,0,0,0,0,0
main,CSDVRP-M-n50-s3,M,50,3,base,DRL-ALNS,9,5,15,1469.6689,1746.7745,1403.7097,5.9592,60.0,15.0,15.03,1650,15,4,4,1.0,0,0,0,0,0,0
exact,CSDVRP-S-n6-s4,S,6,4,base,DRL-VNS,3,4,5,307.3738,316.7228,305.135,2.2389,0.0,5.0,4.996,7789,3,0,0,0.906,0,0,0,0,0,0
main,CSDVRP-M-n30-s5,M,30,5,base,Roulette-9,6,,10,1128.6575,1247.2838,1123.3823,5.2752,0.0,10.0,10.029,4356,10,0,0,0.9905,0,0,0,0,0,0
main,CSDVRP-L-n75-s0,L,75,0,base,DRL-ALNS,1,2,25,2482.1688,2688.4285,2471.0896,11.0792,0.0,25.016,25.084,864,25,0,0,0.9984,0,0,0,0,0,0
main,CSDVRP-XL-n150-s5,XL,150,5,base,Fixed-small,6,,50,3867.7186,4291.4727,3836.1246,16.594,15.0,50.0,50.134,2524,45,1,1,1.0,0,0,0,0,0,0
main,CSDVRP-M-n50-s4,M,50,4,base,Fixed-small,9,,15,1676.8278,1919.2804,1670.4495,6.3782,0.0,15.0,15.023,2811,17,0,0,0.984,0,0,0,0,0,0
exact,CSDVRP-S-n8-s2,S,8,2,base,VNS-9,8,,5,344.8888,398.3755,342.4078,2.481,0.0,5.0,5.014,17847,3,0,0,0.8753,0,0,0,0,0,0
exact,CSDVRP-S-n8-s3,S,8,3,base,Marginal-9,3,4,5,339.8466,351.7127,337.5902,2.2564,0.0,5.0,4.999,16974,3,0,0,0.9567,0,0,0,0,0,0
exact,CSDVRP-S-n12-s5,S,12,5,base,ALNS+,6,,5,521.0601,535.5205,517.6832,3.3769,0.0,5.0,5.013,10833,4,0,0,0.978,0,0,0,0,0,0
main,CSDVRP-L-n75-s2,L,75,2,base,DRL-VNS,7,3,25,2082.8428,2442.0216,2059.5524,8.2903,15.0,25.031,25.118,1349,22,1,1,1.0,0,0,0,0,0,0
main,CSDVRP-L-n100-s1,L,100,1,base,Roulette-9,3,,35,2644.9268,3146.4881,2633.0182,11.9086,0.0,35.031,35.082,806,29,0,0,0.9996,0,0,0,0,0,0
exact,CSDVRP-S-n8-s3,S,8,3,base,ALNS+,3,,5,339.8466,351.7127,337.5902,2.2564,0.0,5.0,5.01,16299,3,0,0,0.9567,0,0,0,0,0,0
exact,CSDVRP-S-n6-s1,S,6,1,base,VNS-9,1,,5,341.7876,362.2464,340.1093,1.6783,0.0,5.0,5.029,22619,3,0,0,0.926,0,0,0,0,0,0
exact,CSDVRP-S-n8-s5,S,8,5,base,VNS,3,,5,423.2126,427.0275,419.9371,3.2754,0.0,5.0,5.014,15154,3,0,0,0.894,0,0,0,0,0,0
main,CSDVRP-M-n30-s5,M,30,5,base,VNS-9,4,,10,1110.5322,1247.2838,1090.992,4.5402,15.0,10.0,10.001,4190,10,1,1,1.0,0,0,0,0,0,0
main,CSDVRP-L-n75-s2,L,75,2,base,VNS-9,1,,25,2082.7478,2442.0216,2058.4328,9.3149,15.0,25.0,25.01,1265,22,1,1,1.0,0,0,0,0,0,0
exact,CSDVRP-S-n10-s2,S,10,2,base,VNS,6,,5,386.2368,436.4179,383.4745,2.7622,0.0,5.0,4.999,14584,3,0,0,0.9893,0,0,0,0,0,0
exact,CSDVRP-S-n8-s4,S,8,4,base,VNS,8,,5,359.1905,397.2233,357.0731,2.1174,0.0,5.0,5.013,15019,3,0,0,0.8793,0,0,0,0,0,0
main,CSDVRP-S-n20-s1,S,20,1,base,DRL-VNS,6,2,6,808.7667,908.0268,789.1391,4.6276,15.0,6.0,5.996,3881,7,1,1,1.0,0,0,0,0,0,0
exact,CSDVRP-S-n8-s5,S,8,5,base,ALNS+,8,,5,423.2126,427.0275,419.9371,3.2754,0.0,5.0,5.014,16926,3,0,0,0.894,0,0,0,0,0,0
main,CSDVRP-M-n30-s4,M,30,4,base,Roulette-9,1,,10,925.7284,1151.8487,921.3091,4.4194,0.0,10.0,10.016,3824,10,0,0,0.99,0,0,0,0,0,0
exact,CSDVRP-S-n8-s1,S,8,1,base,VNS-9,2,,5,335.8429,376.3954,333.6723,2.1706,0.0,5.0,4.994,18699,3,0,0,0.9073,0,0,0,0,0,0
exact,CSDVRP-S-n8-s2,S,8,2,base,Marginal-9,8,4,5,344.8888,398.3755,342.4078,2.481,0.0,5.0,4.999,16919,3,0,0,0.8753,0,0,0,0,0,0
main,CSDVRP-L-n75-s2,L,75,2,base,DRL-VNS,2,3,25,2089.1454,2442.0216,2065.2461,8.8994,15.0,25.0,25.094,1304,22,1,1,1.0,0,0,0,0,0,0
main,CSDVRP-L-n75-s4,L,75,4,base,VNS,2,,25,2212.4717,2460.454,2204.1888,8.2829,0.0,25.0,25.032,1734,24,0,0,0.9996,0,0,0,0,0,0
main,CSDVRP-M-n50-s1,M,50,1,base,VNS-9,5,,15,1527.9275,1718.5004,1492.0613,5.8662,30.0,15.0,15.044,1847,15,2,2,1.0,0,0,0,0,0,0
main,CSDVRP-XL-n150-s4,XL,150,4,base,DRL-ALNS,6,2,50,4117.3234,4802.2805,4098.1117,19.2116,0.0,50.016,50.105,773,46,0,0,0.9947,0,0,0,0,0,0
main,CSDVRP-L-n100-s3,L,100,3,base,ALNS+,1,,35,2849.5395,3095.0715,2838.535,11.0045,0.0,35.031,35.093,554,35,0,0,0.9852,0,0,0,0,0,0
exact,CSDVRP-S-n8-s4,S,8,4,base,DRL-VNS,3,4,5,359.1905,397.2233,357.0731,2.1174,0.0,5.0,5.022,7243,3,0,0,0.8793,0,0,0,0,0,0
main,CSDVRP-S-n20-s3,S,20,3,base,VNS-9,4,,6,727.4957,797.0264,693.2198,4.2759,30.0,6.0,6.03,4768,7,2,2,0.9833,0,0,0,0,0,0
main,CSDVRP-XL-n150-s0,XL,150,0,base,Roulette-9,1,,50,4351.8899,5021.4451,4336.3423,15.5476,0.0,50.047,50.434,1997,46,0,0,0.9977,0,0,0,0,0,0
main,CSDVRP-L-n75-s5,L,75,5,base,VNS-9,9,,25,2109.5555,2327.4464,2087.4597,7.0958,15.0,25.0,25.064,1215,23,1,1,1.0,0,0,0,0,0,0
main,CSDVRP-L-n100-s2,L,100,2,base,VNS-9,1,,35,2793.7693,3167.7225,2783.3755,10.3939,0.0,35.0,35.195,822,30,0,0,0.9916,0,0,0,0,0,0
exact,CSDVRP-S-n10-s2,S,10,2,base,Roulette-9,1,,5,391.6922,436.4179,389.0812,2.6111,0.0,5.0,5.0,16318,3,0,0,0.9787,0,0,0,0,0,0
exact,CSDVRP-S-n10-s2,S,10,2,base,DRL-ALNS,9,5,5,386.2368,436.4179,383.4745,2.7622,0.0,5.0,5.017,6393,3,0,0,0.9893,0,0,0,0,0,0
main,CSDVRP-M-n50-s3,M,50,3,base,VNS-9,3,,15,1399.4327,1746.7745,1393.2711,6.1616,0.0,15.0,15.065,1964,15,0,0,0.994,0,0,0,0,0,0
main,CSDVRP-M-n50-s5,M,50,5,base,Marginal-9,5,1,15,1638.8484,1904.3598,1630.735,8.1134,0.0,15.0,15.041,1743,16,0,0,0.9985,0,0,0,0,0,0
exact,CSDVRP-S-n6-s5,S,6,5,base,DRL-ALNS,7,3,5,347.3173,347.7063,345.0582,2.2591,0.0,5.0,5.012,7139,3,0,0,0.9907,0,0,0,0,0,0
main,CSDVRP-XL-n150-s5,XL,150,5,base,VNS-9,8,,50,3931.7152,4291.4727,3854.5072,17.2079,60.0,50.016,50.11,1586,44,2,4,1.0,0,0,0,0,0,0
exact,CSDVRP-S-n10-s1,S,10,1,base,Fixed-small,3,,5,394.7924,479.2322,392.2685,2.5239,0.0,5.0,4.996,9353,4,0,0,0.9253,0,0,0,0,0,0
main,CSDVRP-XL-n150-s4,XL,150,4,base,Marginal-9,3,4,50,3977.8787,4802.2805,3859.3031,13.5756,105.0,50.0,50.058,1456,46,4,7,1.0,0,0,0,0,0,0
main,CSDVRP-S-n20-s0,S,20,0,base,DRL-VNS,7,3,6,756.2207,835.2978,752.4896,3.7311,0.0,6.0,6.012,3875,7,0,0,0.9987,0,0,0,0,0,0
main,CSDVRP-S-n15-s3,S,15,3,base,VNS,0,,5,601.4006,692.2972,597.8561,3.5445,0.0,5.0,5.03,6009,6,0,0,0.998,0,0,0,0,0,0
main,CSDVRP-L-n75-s4,L,75,4,base,ALNS+,8,,25,2273.642,2460.454,2265.2605,8.3816,0.0,25.0,25.087,919,27,0,0,0.998,0,0,0,0,0,0
main,CSDVRP-M-n30-s4,M,30,4,base,Fixed-small,3,,10,947.668,1151.8487,942.7083,4.9597,0.0,10.0,9.987,5419,10,0,0,0.994,0,0,0,0,0,0
main,CSDVRP-M-n30-s2,M,30,2,base,DRL-VNS,4,5,10,941.4918,1162.4183,938.3163,3.1755,0.0,10.0,10.027,2904,10,0,0,0.9865,0,0,0,0,0,0
main,CSDVRP-M-n50-s1,M,50,1,base,ALNS+,6,,15,1521.8591,1718.5004,1499.4516,7.4075,15.0,15.0,15.077,2006,15,1,1,1.0,0,0,0,0,0,0
exact,CSDVRP-S-n8-s1,S,8,1,base,DRL-VNS,1,2,5,335.8429,376.3954,333.6723,2.1706,0.0,5.0,5.027,7678,3,0,0,0.9073,0,0,0,0,0,0
case,CSDVRP-CS-Riyadh,case,30,0,base,DRL-ALNS,2,3,30,419.1801,711.0291,414.1168,5.0633,0.0,30.0,30.169,10310,4,0,0,0.99,0,0,0,0,0,0
main,CSDVRP-S-n20-s5,S,20,5,base,ALNS+,1,,6,763.1659,865.7,758.6853,4.4806,0.0,6.0,6.014,6358,7,0,0,0.9947,0,0,0,0,0,0
main,CSDVRP-XL-n150-s2,XL,150,2,base,DRL-VNS,5,1,50,4044.3852,4545.4892,4029.4229,14.9624,0.0,50.016,50.233,1569,46,0,0,0.9997,0,0,0,0,0,0
exact,CSDVRP-S-n12-s3,S,12,3,base,Marginal-9,0,1,5,522.4878,589.3086,503.6872,3.8005,15.0,5.0,5.025,11716,4,1,1,1.0,0,0,0,0,0,0
main,CSDVRP-M-n50-s1,M,50,1,base,DRL-VNS,9,5,15,1515.0455,1718.5004,1493.3116,6.7339,15.0,15.016,15.028,1803,15,1,1,1.0,0,0,0,0,0,0
exact,CSDVRP-S-n8-s1,S,8,1,base,ALNS+,5,,5,335.8429,376.3954,333.6723,2.1706,0.0,5.0,5.014,17783,3,0,0,0.9073,0,0,0,0,0,0
exact,CSDVRP-S-n12-s1,S,12,1,base,DRL-ALNS,7,3,5,511.4838,602.7068,507.9062,3.5776,0.0,5.0,5.029,4988,4,0,0,0.994,0,0,0,0,0,0
main,CSDVRP-L-n100-s5,L,100,5,base,Marginal-9,4,5,35,2685.7786,3154.3549,2568.8044,11.9742,105.0,35.031,35.17,645,30,4,7,1.0,0,0,0,0,0,0
exact,CSDVRP-S-n8-s5,S,8,5,base,Random-9,5,,5,423.2126,427.0275,419.9371,3.2754,0.0,5.0,4.997,15253,3,0,0,0.894,0,0,0,0,0,0
main,CSDVRP-M-n50-s1,M,50,1,base,VNS-9,7,,15,1518.6548,1718.5004,1483.1529,5.5019,30.0,15.0,15.046,1784,15,2,2,1.0,0,0,0,0,0,0
exact,CSDVRP-S-n8-s1,S,8,1,base,Roulette-9,2,,5,335.8429,376.3954,333.6723,2.1706,0.0,5.0,5.013,17914,3,0,0,0.9073,0,0,0,0,0,0
exact,CSDVRP-S-n6-s1,S,6,1,base,DRL-ALNS,8,4,5,341.7876,362.2464,340.1093,1.6783,0.0,5.0,4.999,7094,3,0,0,0.926,0,0,0,0,0,0
exact,CSDVRP-S-n6-s1,S,6,1,base,VNS-9,4,,5,341.7876,362.2464,340.1093,1.6783,0.0,5.0,5.014,22588,3,0,0,0.926,0,0,0,0,0,0
main,CSDVRP-M-n30-s3,M,30,3,base,DRL-VNS,1,2,10,970.8464,1099.7766,968.1897,2.6567,0.0,10.0,10.029,3254,10,0,0,0.9975,0,0,0,0,0,0
main,CSDVRP-L-n75-s0,L,75,0,base,Random-9,9,,25,2410.7293,2688.4285,2401.1797,9.5496,0.0,25.016,25.066,1148,24,0,0,0.9984,0,0,0,0,0,0
exact,CSDVRP-S-n12-s2,S,12,2,base,DRL-ALNS,9,5,5,460.175,518.4642,458.0808,2.0942,0.0,5.0,5.009,5683,4,0,0,0.998,0,0,0,0,0,0
main,CSDVRP-XL-n150-s4,XL,150,4,base,Random-9,2,,50,4014.8075,4802.2805,3897.4828,12.3247,105.0,50.016,50.199,1722,46,4,7,1.0,0,0,0,0,0,0
main,CSDVRP-S-n20-s2,S,20,2,base,Random-9,8,,6,670.121,732.8183,667.0092,3.1118,0.0,6.0,6.016,4941,7,0,0,0.9933,0,0,0,0,0,0
main,CSDVRP-L-n100-s0,L,100,0,base,VNS-9,1,,35,3112.9404,3458.8862,3041.5412,11.3992,60.0,35.031,35.122,681,31,2,4,1.0,0,0,0,0,0,0
main,CSDVRP-M-n30-s0,M,30,0,base,Random-9,9,,10,1093.0763,1303.6377,1088.8964,4.1799,0.0,10.0,9.998,3974,11,0,0,0.997,0,0,0,0,0,0
exact,CSDVRP-S-n12-s1,S,12,1,base,Fixed-small,5,,5,527.441,602.7068,508.6521,3.7889,15.0,5.0,5.012,10403,4,1,1,1.0,0,0,0,0,0,0
exact,CSDVRP-S-n10-s3,S,10,3,base,Marginal-9,7,3,5,398.3934,456.2198,394.9219,3.4715,0.0,5.0,5.014,13990,3,0,0,0.9427,0,0,0,0,0,0
main,CSDVRP-L-n75-s0,L,75,0,base,Random-9,5,,25,2409.7853,2688.4285,2401.1797,8.6056,0.0,25.0,25.116,1112,24,0,0,0.9984,0,0,0,0,0,0
main,CSDVRP-XL-n150-s1,XL,150,1,base,Marginal-9,3,4,50,4268.3252,4744.1508,4253.6499,14.6753,0.0,50.0,50.092,1518,46,0,0,0.999,0,0,0,0,0,0
main,CSDVRP-S-n15-s3,S,15,3,base,VNS,8,,5,601.4006,692.2972,597.8561,3.5445,0.0,5.0,5.005,6107,6,0,0,0.998,0,0,0,0,0,0
main,CSDVRP-L-n75-s2,L,75,2,base,Fixed-small,5,,25,2111.1142,2442.0216,2087.3587,8.7555,15.0,25.0,25.074,2012,23,1,1,0.9928,0,0,0,0,0,0
main,CSDVRP-XL-n150-s0,XL,150,0,base,DRL-ALNS,0,1,50,4608.8559,5021.4451,4591.6598,17.196,0.0,50.047,50.209,726,50,0,0,1.0,0,0,0,0,0,0
exact,CSDVRP-S-n8-s4,S,8,4,base,Random-9,0,,5,359.1905,397.2233,357.0731,2.1174,0.0,5.0,5.006,16551,3,0,0,0.8793,0,0,0,0,0,0
main,CSDVRP-M-n30-s4,M,30,4,base,DRL-VNS,0,1,10,926.1273,1151.8487,921.3091,4.8182,0.0,10.0,10.015,3161,10,0,0,0.99,0,0,0,0,0,0
exact,CSDVRP-S-n12-s5,S,12,5,base,Marginal-9,3,4,5,521.0601,535.5205,517.6832,3.3769,0.0,5.0,4.994,10012,4,0,0,0.978,0,0,0,0,0,0
main,CSDVRP-M-n30-s5,M,30,5,base,Roulette-9,0,,10,1113.7167,1247.2838,1094.2328,4.4838,15.0,10.0,10.03,3777,10,1,1,1.0,0,0,0,0,0,0
main,CSDVRP-L-n75-s2,L,75,2,base,Roulette-9,7,,25,2114.607,2442.0216,2074.2841,10.3229,30.0,25.0,25.029,1320,22,2,2,1.0,0,0,0,0,0,0
main,CSDVRP-L-n75-s3,L,75,3,base,Fixed-small,8,,25,2082.3482,2332.9982,2063.6581,3.6901,15.0,25.0,25.045,1943,23,1,1,0.9952,0,0,0,0,0,0
main,CSDVRP-S-n15-s4,S,15,4,base,ALNS+,7,,5,608.8196,624.2332,604.4146,4.4051,0.0,5.0,5.012,8002,6,0,0,0.9727,0,0,0,0,0,0
main,CSDVRP-L-n100-s2,L,100,2,base,DRL-ALNS,1,2,35,2901.1907,3167.7225,2888.5142,12.6765,0.0,35.078,35.158,599,32,0,0,0.996,0,0,0,0,0,0
exact,CSDVRP-S-n12-s2,S,12,2,base,Roulette-9,6,,5,460.175,518.4642,458.0808,2.0942,0.0,5.0,4.995,13540,4,0,0,0.998,0,0,0,0,0,0
main,CSDVRP-L-n100-s3,L,100,3,base,VNS-9,3,,35,2726.3746,3095.0715,2714.8738,11.5008,0.0,35.047,35.138,755,31,0,0,1.0,0,0,0,0,0,0
exact,CSDVRP-S-n10-s5,S,10,5,base,Random-9,0,,5,454.5993,485.8354,450.6688,3.9305,0.0,5.0,4.997,12999,3,0,0,0.956,0,0,0,0,0,0
exact,CSDVRP-S-n12-s1,S,12,1,base,VNS,3,,5,511.4838,602.7068,507.9062,3.5776,0.0,5.0,5.016,8847,4,0,0,0.994,0,0,0,0,0,0
main,CSDVRP-M-n30-s1,M,30,1,base,VNS-9,3,,10,1031.4688,1231.1888,1027.1043,4.3646,0.0,10.0,10.013,3556,10,0,0,0.98,0,0,0,0,0,0
exact,CSDVRP-S-n8-s4,S,8,4,base,DRL-ALNS,6,2,5,360.1059,397.2233,357.0731,3.0328,0.0,5.0,5.029,6537,3,0,0,0.8793,0,0,0,0,0,0
main,CSDVRP-M-n50-s1,M,50,1,base,Random-9,1,,15,1507.8715,1718.5004,1502.1886,5.6829,0.0,15.0,15.021,1892,15,0,0,0.995,0,0,0,0,0,0
main,CSDVRP-XL-n150-s2,XL,150,2,base,ALNS+,9,,50,4231.9594,4545.4892,4217.3484,14.6109,0.0,50.016,50.093,647,51,0,0,1.0,0,0,0,0,0,0
exact,CSDVRP-S-n6-s5,S,6,5,base,Marginal-9,9,5,5,347.3173,347.7063,345.0582,2.2591,0.0,5.0,5.005,23064,3,0,0,0.9907,0,0,0,0,0,0
exact,CSDVRP-S-n12-s5,S,12,5,base,Random-9,1,,5,521.0601,535.5205,517.6832,3.3769,0.0,5.0,4.999,9818,4,0,0,0.978,0,0,0,0,0,0
exact,CSDVRP-S-n12-s3,S,12,3,base,Roulette-9,6,,5,522.4878,589.3086,503.6872,3.8005,15.0,5.0,4.997,11725,4,1,1,1.0,0,0,0,0,0,0
main,CSDVRP-XL-n150-s4,XL,150,4,base,DRL-VNS,8,4,50,3919.6592,4802.2805,3903.3525,16.3067,0.0,50.0,50.078,1465,45,0,0,0.997,0,0,0,0,0,0
exact,CSDVRP-S-n10-s3,S,10,3,base,ALNS+,2,,5,398.3934,456.2198,394.9219,3.4715,0.0,5.0,4.995,15398,3,0,0,0.9427,0,0,0,0,0,0
main,CSDVRP-M-n30-s0,M,30,0,base,VNS,1,,10,1110.5416,1303.6377,1091.4559,4.0856,15.0,10.0,10.03,3626,11,1,1,0.997,0,0,0,0,0,0
case,CSDVRP-CS-Riyadh,case,30,0,base,Random-9,4,,30,423.9465,711.0291,419.1337,4.8128,0.0,30.0,30.109,15347,4,0,0,0.982,0,0,0,0,0,0
case,CSDVRP-CS-Riyadh,case,30,0,base,ALNS+,9,,30,416.3117,711.0291,411.6246,4.6871,0.0,30.0,30.167,18093,4,0,0,0.986,0,0,0,0,0,0
main,CSDVRP-XL-n150-s3,XL,150,3,base,DRL-VNS,8,4,50,3845.6445,4237.9876,3831.3269,14.3176,0.0,50.0,50.064,1326,44,0,0,0.998,0,0,0,0,0,0
main,CSDVRP-S-n15-s2,S,15,2,base,Roulette-9,5,,5,604.4369,645.109,602.0225,2.4144,0.0,5.0,4.992,6385,6,0,0,0.9953,0,0,0,0,0,0
main,CSDVRP-M-n30-s0,M,30,0,base,DRL-ALNS,9,5,10,1104.4811,1303.6377,1099.0907,5.3903,0.0,10.0,10.062,3158,11,0,0,0.997,0,0,0,0,0,0
exact,CSDVRP-S-n6-s4,S,6,4,base,VNS,4,,5,307.1905,316.7228,305.135,2.0555,0.0,5.0,5.029,18167,3,0,0,0.906,0,0,0,0,0,0
main,CSDVRP-S-n15-s3,S,15,3,base,Marginal-9,0,1,5,601.4006,692.2972,597.8561,3.5445,0.0,5.0,5.013,6664,6,0,0,0.998,0,0,0,0,0,0
main,CSDVRP-XL-n150-s0,XL,150,0,base,VNS-9,2,,50,4390.5099,5021.4451,4375.741,14.7689,0.0,50.016,50.188,1742,47,0,0,0.9993,0,0,0,0,0,0
exact,CSDVRP-S-n6-s4,S,6,4,base,Roulette-9,9,,5,307.3738,316.7228,305.135,2.2389,0.0,5.0,5.024,18357,3,0,0,0.906,0,0,0,0,0,0
main,CSDVRP-S-n15-s1,S,15,1,base,Roulette-9,1,,5,599.4153,675.8866,596.1341,3.2813,0.0,5.0,4.999,6383,6,0,0,0.9,0,0,0,0,0,0
main,CSDVRP-L-n75-s4,L,75,4,base,VNS,4,,25,2200.8438,2460.454,2194.1963,6.6475,0.0,25.0,25.104,1742,24,0,0,0.9996,0,0,0,0,0,0
exact,CSDVRP-S-n8-s2,S,8,2,base,Fixed-small,0,,5,344.8888,398.3755,342.4078,2.481,0.0,5.0,5.001,19260,3,0,0,0.8753,0,0,0,0,0,0
main,CSDVRP-XL-n150-s0,XL,150,0,base,VNS-9,8,,50,4448.6496,5021.4451,4401.6733,16.9764,30.0,50.0,50.117,1709,46,1,2,1.0,0,0,0,0,0,0
main,CSDVRP-M-n50-s4,M,50,4,base,Fixed-small,0,,15,1663.1825,1919.2804,1656.8734,6.3091,0.0,15.0,14.989,2407,16,0,0,0.9915,0,0,0,0,0,0
exact,CSDVRP-S-n6-s5,S,6,5,base,ALNS+,7,,5,347.3173,347.7063,345.0582,2.2591,0.0,5.0,5.027,22414,3,0,0,0.9907,0,0,0,0,0,0
exact,CSDVRP-S-n6-s4,S,6,4,base,Random-9,4,,5,307.3738,316.7228,305.135,2.2389,0.0,5.0,5.045,20031,3,0,0,0.906,0,0,0,0,0,0
main,CSDVRP-M-n50-s0,M,50,0,base,ALNS+,3,,15,1742.2094,1986.2853,1718.2914,8.918,15.0,15.0,15.017,1763,16,1,1,1.0,0,0,0,0,0,0
main,CSDVRP-S-n20-s1,S,20,1,base,VNS,4,,6,785.2664,908.0268,780.5879,4.6785,0.0,6.0,5.996,4379,7,0,0,0.9833,0,0,0,0,0,0
main,CSDVRP-M-n30-s1,M,30,1,base,DRL-VNS,7,3,10,1031.4688,1231.1888,1027.1043,4.3646,0.0,10.0,10.043,3135,10,0,0,0.98,0,0,0,0,0,0
main,CSDVRP-S-n20-s5,S,20,5,base,Marginal-9,2,3,6,763.1659,865.7,758.6853,4.4806,0.0,6.0,6.028,5924,7,0,0,0.9947,0,0,0,0,0,0
main,CSDVRP-M-n30-s5,M,30,5,base,VNS,8,,10,1112.8701,1247.2838,1093.0142,4.8559,15.0,10.0,10.032,3982,10,1,1,1.0,0,0,0,0,0,0
exact,CSDVRP-S-n10-s2,S,10,2,base,ALNS+,1,,5,386.4164,436.4179,383.4745,2.9419,0.0,5.0,4.995,17130,3,0,0,0.9893,0,0,0,0,0,0
main,CSDVRP-M-n50-s4,M,50,4,base,DRL-ALNS,9,5,15,1754.1477,1919.2804,1684.9152,9.2326,60.0,15.0,15.076,1296,16,3,4,1.0,0,0,0,0,0,0
main,CSDVRP-S-n20-s4,S,20,4,base,Roulette-9,7,,6,719.4697,798.0501,715.5041,3.9656,0.0,6.0,6.06,4871,7,0,0,0.986,0,0,0,0,0,0
main,CSDVRP-M-n50-s4,M,50,4,base,Random-9,2,,15,1641.5854,1919.2804,1635.398,6.1874,0.0,15.0,15.016,1842,16,0,0,0.998,0,0,0,0,0,0
exact,CSDVRP-S-n10-s3,S,10,3,base,DRL-VNS,9,5,5,398.3934,456.2198,394.9219,3.4715,0.0,5.0,5.01,6571,3,0,0,0.9427,0,0,0,0,0,0
exact,CSDVRP-S-n10-s5,S,10,5,base,Roulette-9,5,,5,454.5993,485.8354,450.6688,3.9305,0.0,5.0,5.015,12607,3,0,0,0.956,0,0,0,0,0,0
main,CSDVRP-S-n20-s4,S,20,4,base,ALNS+,3,,6,719.4697,798.0501,715.5041,3.9656,0.0,6.0,6.03,6315,7,0,0,0.986,0,0,0,0,0,0
main,CSDVRP-XL-n150-s1,XL,150,1,base,VNS,1,,50,4187.8347,4744.1508,4171.1501,16.6846,0.0,50.016,50.243,1498,45,0,0,0.9997,0,0,0,0,0,0
main,CSDVRP-S-n15-s5,S,15,5,base,VNS-9,6,,5,666.5148,800.4223,662.7682,3.7467,0.0,5.0,5.298,8611,5,0,0,0.9993,0,0,0,0,0,0
exact,CSDVRP-S-n12-s4,S,12,4,base,DRL-ALNS,1,2,5,487.5063,536.3904,484.4937,3.0126,0.0,5.0,5.03,5123,4,0,0,0.9867,0,0,0,0,0,0
main,CSDVRP-M-n50-s4,M,50,4,base,DRL-ALNS,4,5,15,1686.6129,1919.2804,1678.6769,7.936,0.0,15.016,15.033,1412,16,0,0,1.0,0,0,0,0,0,0
main,CSDVRP-S-n20-s1,S,20,1,base,ALNS+,6,,6,785.6837,908.0268,780.5879,5.0957,0.0,6.0,6.057,5246,7,0,0,0.9833,0,0,0,0,0,0
main,CSDVRP-M-n30-s4,M,30,4,base,DRL-ALNS,3,4,10,926.1514,1151.8487,921.3091,4.8423,0.0,10.0,10.045,3385,10,0,0,0.99,0,0,0,0,0,0
main,CSDVRP-L-n75-s0,L,75,0,base,DRL-ALNS,8,4,25,2499.2804,2688.4285,2487.1827,12.0977,0.0,25.016,25.117,840,26,0,0,0.9984,0,0,0,0,0,0
exact,CSDVRP-S-n10-s1,S,10,1,base,Random-9,5,,5,394.7924,479.2322,392.2685,2.5239,0.0,5.0,4.988,8868,4,0,0,0.9253,0,0,0,0,0,0
main,CSDVRP-M-n30-s1,M,30,1,base,VNS,8,,10,1049.5075,1231.1888,1030.777,3.7305,15.0,10.0,9.999,3951,10,1,1,1.0,0,0,0,0,0,0
exact,CSDVRP-S-n6-s3,S,6,3,base,Marginal-9,4,5,5,230.2731,253.5784,228.5871,1.686,0.0,5.0,5.027,28531,2,0,0,0.9873,0,0,0,0,0,0
main,CSDVRP-M-n30-s5,M,30,5,base,DRL-ALNS,5,1,10,1127.314,1247.2838,1092.2244,5.0896,30.0,10.0,10.034,3044,10,1,2,1.0,0,0,0,0,0,0
main,CSDVRP-S-n20-s1,S,20,1,base,Random-9,9,,6,785.2664,908.0268,780.5879,4.6785,0.0,6.0,5.995,5154,7,0,0,0.9833,0,0,0,0,0,0
main,CSDVRP-XL-n150-s0,XL,150,0,base,DRL-ALNS,1,2,50,4498.2801,5021.4451,4480.3916,17.8885,0.0,50.0,50.156,760,46,0,0,1.0,0,0,0,0,0,0
exact,CSDVRP-S-n6-s4,S,6,4,base,VNS,2,,5,307.1905,316.7228,305.135,2.0555,0.0,5.0,4.995,18643,3,0,0,0.906,0,0,0,0,0,0
main,CSDVRP-XL-n150-s5,XL,150,5,base,Random-9,2,,50,3904.9669,4291.4727,3871.742,18.225,15.0,50.0,50.072,1582,45,1,1,1.0,0,0,0,0,0,0
main,CSDVRP-L-n100-s2,L,100,2,base,Fixed-small,5,,35,2797.5345,3167.7225,2787.2602,10.2743,0.0,35.016,35.064,1347,30,0,0,0.9916,0,0,0,0,0,0
exact,CSDVRP-S-n8-s5,S,8,5,base,VNS-9,4,,5,423.2126,427.0275,419.9371,3.2754,0.0,5.0,4.997,15234,3,0,0,0.894,0,0,0,0,0,0
main,CSDVRP-M-n30-s2,M,30,2,base,ALNS+,0,,10,958.9045,1162.4183,910.0988,3.8058,45.0,10.0,10.031,4947,9,3,3,1.0,0,0,0,0,0,0
main,CSDVRP-S-n15-s5,S,15,5,base,Marginal-9,2,3,5,666.5148,800.4223,662.7682,3.7467,0.0,5.0,5.044,9253,5,0,0,0.9993,0,0,0,0,0,0
exact,CSDVRP-S-n8-s4,S,8,4,base,VNS-9,6,,5,359.1905,397.2233,357.0731,2.1174,0.0,5.0,5.045,16971,3,0,0,0.8793,0,0,0,0,0,0
main,CSDVRP-XL-n150-s3,XL,150,3,base,DRL-ALNS,6,2,50,3968.9023,4237.9876,3949.4278,19.4745,0.0,50.0,50.098,767,44,0,0,0.9983,0,0,0,0,0,0
main,CSDVRP-L-n75-s0,L,75,0,base,DRL-VNS,3,4,25,2408.2382,2688.4285,2400.1362,8.102,0.0,25.0,25.072,1135,24,0,0,0.9984,0,0,0,0,0,0
main,CSDVRP-M-n30-s1,M,30,1,base,VNS,2,,10,1031.4688,1231.1888,1027.1043,4.3646,0.0,10.0,10.089,3902,10,0,0,0.98,0,0,0,0,0,0
main,CSDVRP-XL-n150-s4,XL,150,4,base,VNS,6,,50,3918.4462,4802.2805,3872.7102,15.736,30.0,50.125,50.329,1486,45,1,2,1.0,0,0,0,0,0,0
exact,CSDVRP-S-n8-s3,S,8,3,base,DRL-ALNS,1,2,5,339.8466,351.7127,337.5902,2.2564,0.0,5.0,5.024,6508,3,0,0,0.9567,0,0,0,0,0,0
exact,CSDVRP-S-n10-s1,S,10,1,base,DRL-VNS,1,2,5,394.7924,479.2322,392.2685,2.5239,0.0,5.0,4.997,5191,4,0,0,0.9253,0,0,0,0,0,0
exact,CSDVRP-S-n10-s5,S,10,5,base,Roulette-9,7,,5,454.5993,485.8354,450.6688,3.9305,0.0,5.0,5.03,12618,3,0,0,0.956,0,0,0,0,0,0
exact,CSDVRP-S-n10-s4,S,10,4,base,VNS-9,7,,5,387.4582,460.8567,384.9244,2.5338,0.0,5.0,5.029,16864,3,0,0,0.98,0,0,0,0,0,0
main,CSDVRP-S-n20-s1,S,20,1,base,VNS-9,3,,6,785.2664,908.0268,780.5879,4.6785,0.0,6.0,6.015,5163,7,0,0,0.9833,0,0,0,0,0,0
exact,CSDVRP-S-n10-s1,S,10,1,base,Fixed-small,4,,5,394.7924,479.2322,392.2685,2.5239,0.0,5.0,5.043,9826,4,0,0,0.9253,0,0,0,0,0,0
main,CSDVRP-M-n50-s1,M,50,1,base,Fixed-small,2,,15,1525.9608,1718.5004,1505.4401,5.5207,15.0,15.0,15.015,3049,16,1,1,1.0,0,0,0,0,0,0
main,CSDVRP-XL-n150-s2,XL,150,2,base,ALNS+,1,,50,4224.3581,4545.4892,4209.583,14.7751,0.0,50.016,50.053,643,51,0,0,1.0,0,0,0,0,0,0
main,CSDVRP-S-n20-s4,S,20,4,base,VNS-9,5,,6,719.4697,798.0501,715.5041,3.9656,0.0,6.0,5.989,5075,7,0,0,0.986,0,0,0,0,0,0
main,CSDVRP-S-n20-s5,S,20,5,base,DRL-ALNS,7,3,6,763.1659,865.7,758.6853,4.4806,0.0,6.0,6.012,3835,7,0,0,0.9947,0,0,0,0,0,0
main,CSDVRP-XL-n150-s0,XL,150,0,base,DRL-ALNS,8,4,50,4523.1769,5021.4451,4506.1646,17.0123,0.0,50.016,50.147,920,49,0,0,0.9997,0,0,0,0,0,0
main,CSDVRP-M-n50-s0,M,50,0,base,DRL-ALNS,3,4,15,1730.859,1986.2853,1708.3098,7.5492,15.0,15.0,15.021,1699,16,1,1,1.0,0,0,0,0,0,0
main,CSDVRP-XL-n150-s1,XL,150,1,base,Random-9,0,,50,4236.0848,4744.1508,4203.2524,17.8324,15.0,50.016,50.138,1666,45,1,1,0.9993,0,0,0,0,0,0
exact,CSDVRP-S-n8-s1,S,8,1,base,Fixed-small,1,,5,335.8429,376.3954,333.6723,2.1706,0.0,5.0,5.059,19262,3,0,0,0.9073,0,0,0,0,0,0
exact,CSDVRP-S-n6-s2,S,6,2,base,DRL-VNS,5,1,5,330.7872,334.9047,328.2873,2.4999,0.0,5.0,5.044,7610,3,0,0,0.8567,0,0,0,0,0,0
main,CSDVRP-L-n75-s4,L,75,4,base,DRL-VNS,1,2,25,2205.8718,2460.454,2198.638,7.2338,0.0,25.0,25.117,1110,24,0,0,0.998,0,0,0,0,0,0
exact,CSDVRP-S-n6-s1,S,6,1,base,VNS,0,,5,341.7876,362.2464,340.1093,1.6783,0.0,5.0,5.003,21672,3,0,0,0.926,0,0,0,0,0,0
main,CSDVRP-L-n100-s1,L,100,1,base,Fixed-small,8,,35,2715.5469,3146.4881,2631.2484,9.2985,75.0,35.0,35.144,1289,29,3,5,1.0,0,0,0,0,0,0
main,CSDVRP-M-n50-s1,M,50,1,base,Roulette-9,2,,15,1506.4284,1718.5004,1500.4211,6.0073,0.0,15.0,15.013,2072,15,0,0,0.995,0,0,0,0,0,0
main,CSDVRP-L-n100-s2,L,100,2,base,VNS,9,,35,2801.1435,3167.7225,2790.0958,11.0478,0.0,35.031,35.113,926,30,0,0,0.9972,0,0,0,0,0,0
main,CSDVRP-XL-n150-s3,XL,150,3,base,ALNS+,1,,50,3867.7742,4237.9876,3851.0412,16.733,0.0,50.016,50.116,671,44,0,0,0.9973,0,0,0,0,0,0
main,CSDVRP-L-n75-s3,L,75,3,base,Marginal-9,4,5,25,2082.088,2332.9982,2076.3094,5.7785,0.0,25.016,25.079,1082,24,0,0,0.9956,0,0,0,0,0,0
exact,CSDVRP-S-n6-s1,S,6,1,base,DRL-VNS,2,3,5,341.7876,362.2464,340.1093,1.6783,0.0,5.0,5.002,8153,3,0,0,0.926,0,0,0,0,0,0
exact,CSDVRP-S-n8-s1,S,8,1,base,Random-9,6,,5,335.8429,376.3954,333.6723,2.1706,0.0,5.0,4.999,18561,3,0,0,0.9073,0,0,0,0,0,0
exact,CSDVRP-S-n8-s1,S,8,1,base,Roulette-9,4,,5,335.8429,376.3954,333.6723,2.1706,0.0,5.0,5.0,17875,3,0,0,0.9073,0,0,0,0,0,0
main,CSDVRP-M-n30-s1,M,30,1,base,Random-9,4,,10,1050.3053,1231.1888,1031.6902,3.6151,15.0,10.0,10.015,3490,10,1,1,1.0,0,0,0,0,0,0
main,CSDVRP-M-n30-s0,M,30,0,base,Fixed-small,8,,10,1093.2446,1303.6377,1088.8964,4.3482,0.0,10.0,10.028,4757,11,0,0,0.997,0,0,0,0,0,0
main,CSDVRP-M-n30-s4,M,30,4,base,DRL-ALNS,6,2,10,926.0755,1151.8487,921.3091,4.7665,0.0,10.0,10.001,3075,10,0,0,0.99,0,0,0,0,0,0
main,CSDVRP-S-n15-s3,S,15,3,base,DRL-ALNS,4,5,5,601.4006,692.2972,597.8561,3.5445,0.0,5.0,5.011,4465,6,0,0,0.998,0,0,0,0,0,0
main,CSDVRP-L-n100-s2,L,100,2,base,Roulette-9,5,,35,2804.0166,3167.7225,2792.648,11.3686,0.0,35.0,35.15,849,30,0,0,0.9916,0,0,0,0,0,0
exact,CSDVRP-S-n10-s3,S,10,3,base,VNS-9,2,,5,398.3226,456.2198,394.9219,3.4007,0.0,5.0,5.017,14575,3,0,0,0.9427,0,0,0,0,0,0
main,CSDVRP-S-n15-s1,S,15,1,base,DRL-VNS,2,3,5,599.6997,675.8866,596.1341,3.5656,0.0,5.0,4.997,4342,6,0,0,0.9,0,0,0,0,0,0
main,CSDVRP-L-n100-s4,L,100,4,base,ALNS+,3,,35,3101.9068,3371.4529,3044.2379,12.6689,45.0,35.016,35.13,517,33,2,3,1.0,0,0,0,0,0,0
case,CSDVRP-CS-Riyadh,case,30,0,base,DRL-ALNS,7,3,30,416.4868,711.0291,411.6246,4.8621,0.0,30.0,30.068,11711,4,0,0,0.986,0,0,0,0,0,0
exact,CSDVRP-S-n8-s3,S,8,3,base,DRL-VNS,3,4,5,339.8466,351.7127,337.5902,2.2564,0.0,5.0,5.013,7523,3,0,0,0.9567,0,0,0,0,0,0
main,CSDVRP-M-n30-s2,M,30,2,base,DRL-VNS,3,4,10,942.3768,1162.4183,938.3163,4.0605,0.0,10.0,10.044,3200,10,0,0,0.9865,0,0,0,0,0,0
main,CSDVRP-L-n100-s4,L,100,4,base,Marginal-9,2,3,35,2939.2343,3371.4529,2926.5611,12.6732,0.0,35.0,35.137,796,31,0,0,1.0,0,0,0,0,0,0
exact,CSDVRP-S-n6-s4,S,6,4,base,ALNS+,9,,5,307.1905,316.7228,305.135,2.0555,0.0,5.0,4.998,19698,3,0,0,0.906,0,0,0,0,0,0
main,CSDVRP-XL-n150-s4,XL,150,4,base,Fixed-small,4,,50,3900.8395,4802.2805,3784.1527,11.6868,105.0,50.0,50.115,2573,45,5,7,1.0,0,0,0,0,0,0
exact,CSDVRP-S-n8-s5,S,8,5,base,VNS-9,5,,5,423.2126,427.0275,419.9371,3.2754,0.0,5.0,4.989,15100,3,0,0,0.894,0,0,0,0,0,0
exact,CSDVRP-S-n10-s4,S,10,4,base,DRL-VNS,9,5,5,387.4582,460.8567,384.9244,2.5338,0.0,5.0,5.044,7065,3,0,0,0.98,0,0,0,0,0,0
main,CSDVRP-S-n20-s3,S,20,3,base,Roulette-9,3,,6,691.1397,797.0264,687.1116,4.0281,0.0,6.0,6.012,5158,7,0,0,0.9707,0,0,0,0,0,0
main,CSDVRP-M-n50-s2,M,50,2,base,Roulette-9,8,,15,1467.6315,1677.4231,1462.0673,5.5642,0.0,15.0,15.034,1914,16,0,0,0.9985,0,0,0,0,0,0
main,CSDVRP-L-n75-s1,L,75,1,base,DRL-VNS,8,4,25,2129.9235,2408.8056,2119.5986,10.325,0.0,25.0,25.083,980,23,0,0,1.0,0,0,0,0,0,0
main,CSDVRP-L-n75-s5,L,75,5,base,Roulette-9,2,,25,2094.5916,2327.4464,2087.0905,7.5011,0.0,25.0,25.034,1246,23,0,0,0.9992,0,0,0,0,0,0
exact,CSDVRP-S-n10-s2,S,10,2,base,Fixed-small,3,,5,401.0886,436.4179,398.071,3.0176,0.0,5.0,4.995,17859,3,0,0,0.9867,0,0,0,0,0,0
exact,CSDVRP-S-n10-s2,S,10,2,base,Random-9,1,,5,391.6922,436.4179,389.0812,2.6111,0.0,5.0,5.0,16865,3,0,0,0.9787,0,0,0,0,0,0
main,CSDVRP-L-n100-s2,L,100,2,base,Marginal-9,8,4,35,2801.805,3167.7225,2790.7033,11.1017,0.0,35.031,35.11,784,30,0,0,0.9972,0,0,0,0,0,0
main,CSDVRP-S-n20-s4,S,20,4,base,Random-9,1,,6,719.4697,798.0501,715.5041,3.9656,0.0,6.0,5.994,4712,7,0,0,0.986,0,0,0,0,0,0
exact,CSDVRP-S-n6-s4,S,6,4,base,VNS,7,,5,307.1905,316.7228,305.135,2.0555,0.0,5.0,5.014,17961,3,0,0,0.906,0,0,0,0,0,0
main,CSDVRP-S-n20-s0,S,20,0,base,Fixed-small,0,,6,784.7513,835.2978,781.7371,3.0142,0.0,6.0,6.014,5771,8,0,0,0.9987,0,0,0,0,0,0
main,CSDVRP-S-n15-s5,S,15,5,base,VNS,9,,5,666.5148,800.4223,662.7682,3.7467,0.0,5.0,5.013,7624,5,0,0,0.9993,0,0,0,0,0,0
exact,CSDVRP-S-n6-s1,S,6,1,base,VNS,3,,5,341.7876,362.2464,340.1093,1.6783,0.0,5.0,5.013,21785,3,0,0,0.926,0,0,0,0,0,0
main,CSDVRP-L-n100-s0,L,100,0,base,DRL-VNS,9,5,35,3146.5663,3458.8862,3074.8139,11.7524,60.0,35.016,35.132,659,31,2,4,1.0,0,0,0,0,0,0
exact,CSDVRP-S-n10-s2,S,10,2,base,Marginal-9,3,4,5,391.6922,436.4179,389.0812,2.6111,0.0,5.0,4.987,16615,3,0,0,0.9787,0,0,0,0,0,0
main,CSDVRP-XL-n150-s1,XL,150,1,base,Roulette-9,6,,50,4292.7196,4744.1508,4188.1834,14.5362,90.0,50.0,50.1,1749,44,4,6,1.0,0,0,0,0,0,0
main,CSDVRP-L-n75-s1,L,75,1,base,Marginal-9,4,5,25,2106.1423,2408.8056,2081.9467,9.1956,15.0,25.0,25.024,988,23,1,1,1.0,0,0,0,0,0,0
exact,CSDVRP-S-n8-s1,S,8,1,base,ALNS+,7,,5,336.0973,376.3954,333.6723,2.425,0.0,5.0,4.994,18468,3,0,0,0.9073,0,0,0,0,0,0
exact,CSDVRP-S-n10-s1,S,10,1,base,VNS-9,1,,5,394.7924,479.2322,392.2685,2.5239,0.0,5.0,4.998,9195,4,0,0,0.9253,0,0,0,0,0,0
exact,CSDVRP-S-n6-s4,S,6,4,base,DRL-ALNS,7,3,5,307.1905,316.7228,305.135,2.0555,0.0,5.0,5.046,6658,3,0,0,0.906,0,0,0,0,0,0
exact,CSDVRP-S-n12-s5,S,12,5,base,VNS-9,5,,5,521.0601,535.5205,517.6832,3.3769,0.0,5.0,4.998,10220,4,0,0,0.978,0,0,0,0,0,0
case,CSDVRP-CS-Riyadh,case,30,0,base,Fixed-small,7,,30,420.8407,711.0291,415.2538,5.5869,0.0,30.0,30.026,18687,4,0,0,0.982,0,0,0,0,0,0
main,CSDVRP-L-n75-s4,L,75,4,base,VNS-9,6,,25,2201.6778,2460.454,2194.3912,7.2866,0.0,25.0,25.097,1037,24,0,0,0.998,0,0,0,0,0,0
main,CSDVRP-L-n75-s1,L,75,1,base,VNS-9,4,,25,2081.5801,2408.8056,2058.461,8.1191,15.0,25.0,25.041,1074,23,1,1,1.0,0,0,0,0,0,0
exact,CSDVRP-S-n6-s3,S,6,3,base,Fixed-small,2,,5,230.2731,253.5784,228.5871,1.686,0.0,5.0,4.997,30026,2,0,0,0.9873,0,0,0,0,0,0
main,CSDVRP-L-n75-s5,L,75,5,base,Roulette-9,9,,25,2100.2065,2327.4464,2092.1315,8.0749,0.0,25.0,25.051,1249,23,0,0,0.9984,0,0,0,0,0,0
main,CSDVRP-L-n75-s0,L,75,0,base,VNS-9,8,,25,2436.5362,2688.4285,2426.8447,9.6915,0.0,25.0,25.039,1090,24,0,0,0.9984,0,0,0,0,0,0
main,CSDVRP-XL-n150-s5,XL,150,5,base,DRL-VNS,7,3,50,3897.239,4291.4727,3881.8052,15.4338,0.0,50.016,50.097,1655,45,0,0,0.999,0,0,0,0,0,0
main,CSDVRP-S-n20-s0,S,20,0,base,DRL-ALNS,6,2,6,788.6007,835.2978,784.6197,3.981,0.0,6.0,6.006,3508,8,0,0,0.9987,0,0,0,0,0,0
main,CSDVRP-M-n50-s1,M,50,1,base,VNS-9,2,,15,1564.0553,1718.5004,1527.647,6.4082,30.0,15.0,15.038,1784,16,1,2,1.0,0,0,0,0,0,0
main,CSDVRP-M-n30-s0,M,30,0,base,ALNS+,4,,10,1104.8076,1303.6377,1099.0907,5.7169,0.0,10.0,9.993,4023,11,0,0,0.997,0,0,0,0,0,0
main,CSDVRP-XL-n150-s0,XL,150,0,base,VNS,0,,50,4331.987,5021.4451,4314.5781,17.4089,0.0,50.141,50.197,1592,46,0,0,0.9997,0,0,0,0,0,0
exact,CSDVRP-S-n8-s5,S,8,5,base,DRL-ALNS,4,5,5,423.2126,427.0275,419.9371,3.2754,0.0,5.0,4.998,6154,3,0,0,0.894,0,0,0,0,0,0
main,CSDVRP-M-n30-s5,M,30,5,base,DRL-ALNS,6,2,10,1127.0222,1247.2838,1092.2244,4.7978,30.0,10.0,10.031,3234,10,1,2,1.0,0,0,0,0,0,0
main,CSDVRP-M-n30-s4,M,30,4,base,DRL-VNS,9,5,10,926.1514,1151.8487,921.3091,4.8423,0.0,10.0,10.042,3302,10,0,0,0.99,0,0,0,0,0,0
exact,CSDVRP-S-n10-s1,S,10,1,base,DRL-VNS,5,1,5,394.7924,479.2322,392.2685,2.5239,0.0,5.0,5.028,5286,4,0,0,0.9253,0,0,0,0,0,0
main,CSDVRP-S-n15-s3,S,15,3,base,Roulette-9,1,,5,601.4006,692.2972,597.8561,3.5445,0.0,5.0,5.013,8526,6,0,0,0.998,0,0,0,0,0,0
exact,CSDVRP-S-n8-s1,S,8,1,base,Marginal-9,8,4,5,335.8429,376.3954,333.6723,2.1706,0.0,5.0,4.998,18100,3,0,0,0.9073,0,0,0,0,0,0
exact,CSDVRP-S-n8-s1,S,8,1,base,ALNS+,0,,5,335.8429,376.3954,333.6723,2.1706,0.0,5.0,5.0,18392,3,0,0,0.9073,0,0,0,0,0,0
main,CSDVRP-M-n30-s5,M,30,5,base,Fixed-small,0,,10,1134.7939,1247.2838,1129.9651,4.8289,0.0,10.0,10.031,5149,11,0,0,0.962,0,0,0,0,0,0
main,CSDVRP-M-n30-s4,M,30,4,base,VNS-9,9,,10,926.1273,1151.8487,921.3091,4.8182,0.0,10.0,10.043,3987,10,0,0,0.99,0,0,0,0,0,0
main,CSDVRP-M-n30-s5,M,30,5,base,ALNS+,4,,10,1109.7477,1247.2838,1089.7734,4.9743,15.0,10.0,10.015,4391,10,1,1,1.0,0,0,0,0,0,0
main,CSDVRP-L-n75-s5,L,75,5,base,ALNS+,8,,25,2174.1642,2327.4464,2164.1941,9.9701,0.0,25.0,25.082,1037,23,0,0,0.9876,0,0,0,0,0,0
main,CSDVRP-XL-n150-s4,XL,150,4,base,VNS-9,5,,50,3971.0704,4802.2805,3823.0949,12.9754,135.0,50.0,50.102,1708,44,5,9,1.0,0,0,0,0,0,0
exact,CSDVRP-S-n6-s1,S,6,1,base,Roulette-9,7,,5,341.7876,362.2464,340.1093,1.6783,0.0,5.0,5.011,21195,3,0,0,0.926,0,0,0,0,0,0
main,CSDVRP-L-n75-s2,L,75,2,base,Random-9,5,,25,2096.7275,2442.0216,2056.2466,10.4809,30.0,25.0,25.116,1195,22,2,2,1.0,0,0,0,0,0,0
main,CSDVRP-M-n30-s5,M,30,5,base,ALNS+,5,,10,1119.8883,1247.2838,1084.6448,5.2435,30.0,10.0,10.037,4750,10,1,2,1.0,0,0,0,0,0,0
main,CSDVRP-L-n75-s0,L,75,0,base,Fixed-small,0,,25,2410.5494,2688.4285,2401.1797,9.3697,0.0,25.0,25.09,2024,24,0,0,0.9984,0,0,0,0,0,0
main,CSDVRP-L-n75-s0,L,75,0,base,ALNS+,4,,25,2502.2005,2688.4285,2489.3951,12.8054,0.0,25.0,25.06,855,24,0,0,0.9996,0,0,0,0,0,0
main,CSDVRP-XL-n150-s0,XL,150,0,base,Fixed-small,1,,50,4384.6592,5021.4451,4311.8204,12.8388,60.0,50.016,50.191,2576,47,2,4,1.0,0,0,0,0,0,0
exact,CSDVRP-S-n12-s1,S,12,1,base,Fixed-small,6,,5,546.9826,602.7068,512.8082,4.1744,30.0,5.0,4.994,10921,4,2,2,1.0,0,0,0,0,0,0
exact,CSDVRP-S-n8-s5,S,8,5,base,Marginal-9,1,2,5,423.2126,427.0275,419.9371,3.2754,0.0,5.0,5.03,14528,3,0,0,0.894,0,0,0,0,0,0
exact,CSDVRP-S-n10-s1,S,10,1,base,DRL-ALNS,6,2,5,394.7924,479.2322,392.2685,2.5239,0.0,5.0,4.997,5155,4,0,0,0.9253,0,0,0,0,0,0
main,CSDVRP-L-n100-s4,L,100,4,base,ALNS+,2,,35,3133.8206,3371.4529,3073.5825,15.2381,45.0,35.047,35.17,509,33,2,3,1.0,0,0,0,0,0,0
main,CSDVRP-M-n50-s4,M,50,4,base,VNS-9,9,,15,1650.7822,1919.2804,1644.9518,5.8304,0.0,15.0,15.205,1992,17,0,0,0.984,0,0,0,0,0,0
exact,CSDVRP-S-n10-s2,S,10,2,base,VNS,5,,5,386.2368,436.4179,383.4745,2.7622,0.0,5.0,5.01,14757,3,0,0,0.9893,0,0,0,0,0,0
main,CSDVRP-XL-n150-s0,XL,150,0,base,Random-9,7,,50,4429.1016,5021.4451,4383.5535,15.5481,30.0,50.0,50.162,1685,47,1,2,1.0,0,0,0,0,0,0
exact,CSDVRP-S-n8-s3,S,8,3,base,ALNS+,4,,5,339.8466,351.7127,337.5902,2.2564,0.0,5.0,5.022,16398,3,0,0,0.9567,0,0,0,0,0,0
main,CSDVRP-XL-n150-s5,XL,150,5,base,DRL-ALNS,4,5,50,4053.7891,4291.4727,4036.3661,17.423,0.0,50.031,50.394,865,49,0,0,0.999,0,0,0,0,0,0
main,CSDVRP-L-n75-s0,L,75,0,base,ALNS+,7,,25,2492.479,2688.4285,2480.7062,11.7728,0.0,25.0,25.012,850,26,0,0,0.9984,0,0,0,0,0,0
exact,CSDVRP-S-n12-s4,S,12,4,base,DRL-VNS,1,2,5,487.6731,536.3904,484.4937,3.1794,0.0,5.0,4.992,5898,4,0,0,0.9867,0,0,0,0,0,0
main,CSDVRP-L-n75-s4,L,75,4,base,VNS-9,7,,25,2223.2943,2460.454,2215.1073,8.187,0.0,25.016,25.236,1047,24,0,0,0.998,0,0,0,0,0,0
main,CSDVRP-L-n75-s1,L,75,1,base,Random-9,1,,25,2137.5034,2408.8056,2098.3523,9.1512,30.0,25.016,25.089,1045,23,2,2,1.0,0,0,0,0,0,0
main,CSDVRP-XL-n150-s3,XL,150,3,base,ALNS+,2,,50,3988.0042,4237.9876,3971.6847,16.3195,0.0,50.016,50.166,648,48,0,0,0.9953,0,0,0,0,0,0
main,CSDVRP-M-n50-s4,M,50,4,base,Roulette-9,5,,15,1650.114,1919.2804,1643.9568,6.1572,0.0,15.0,15.036,2039,16,0,0,0.984,0,0,0,0,0,0
exact,CSDVRP-S-n6-s4,S,6,4,base,Roulette-9,3,,5,307.3738,316.7228,305.135,2.2389,0.0,5.0,4.992,18698,3,0,0,0.906,0,0,0,0,0,0
main,CSDVRP-M-n50-s0,M,50,0,base,Random-9,1,,15,1713.3649,1986.2853,1705.7308,7.634,0.0,15.016,15.068,1892,16,0,0,0.986,0,0,0,0,0,0
exact,CSDVRP-S-n10-s1,S,10,1,base,Marginal-9,0,1,5,394.7924,479.2322,392.2685,2.5239,0.0,5.0,5.005,9287,4,0,0,0.9253,0,0,0,0,0,0
main,CSDVRP-XL-n150-s4,XL,150,4,base,Fixed-small,2,,50,3976.3615,4802.2805,3799.8315,11.53,165.0,50.0,50.097,2769,45,7,11,1.0,0,0,0,0,0,0
main,CSDVRP-S-n20-s4,S,20,4,base,DRL-VNS,4,5,6,719.4697,798.0501,715.5041,3.9656,0.0,6.0,6.022,3451,7,0,0,0.986,0,0,0,0,0,0
main,CSDVRP-M-n30-s2,M,30,2,base,ALNS+,1,,10,956.466,1162.4183,892.7685,3.6975,60.0,10.0,9.999,5271,9,4,4,1.0,0,0,0,0,0,0
main,CSDVRP-XL-n150-s2,XL,150,2,base,Fixed-small,6,,50,3997.2188,4545.4892,3983.1092,14.1096,0.0,50.016,50.107,2365,46,0,0,1.0,0,0,0,0,0,0
exact,CSDVRP-S-n6-s1,S,6,1,base,Fixed-small,8,,5,341.7876,362.2464,340.1093,1.6783,0.0,5.0,5.013,22482,3,0,0,0.926,0,0,0,0,0,0
main,CSDVRP-L-n100-s4,L,100,4,base,Roulette-9,9,,35,2953.8797,3371.4529,2912.5463,11.3334,30.0,35.016,35.103,781,31,1,2,1.0,0,0,0,0,0,0
exact,CSDVRP-S-n12-s2,S,12,2,base,Roulette-9,1,,5,460.175,518.4642,458.0808,2.0942,0.0,5.0,5.016,13531,4,0,0,0.998,0,0,0,0,0,0
main,CSDVRP-L-n75-s1,L,75,1,base,Fixed-small,0,,25,2116.8037,2408.8056,2050.1867,6.617,60.0,25.0,25.071,2093,23,3,4,1.0,0,0,0,0,0,0
main,CSDVRP-M-n30-s4,M,30,4,base,ALNS+,6,,10,926.1685,1151.8487,921.3091,4.8594,0.0,10.0,10.051,4369,10,0,0,0.99,0,0,0,0,0,0
exact,CSDVRP-S-n6-s1,S,6,1,base,Random-9,5,,5,341.7876,362.2464,340.1093,1.6783,0.0,5.0,5.013,22323,3,0,0,0.926,0,0,0,0,0,0
main,CSDVRP-M-n50-s2,M,50,2,base,Fixed-small,2,,15,1484.649,1677.4231,1463.1968,6.4522,15.0,15.0,15.003,2361,16,1,1,1.0,0,0,0,0,0,0
main,CSDVRP-L-n75-s0,L,75,0,base,Marginal-9,9,5,25,2410.7993,2688.4285,2401.28,9.5194,0.0,25.0,25.065,1023,24,0,0,0.9984,0,0,0,0,0,0
exact,CSDVRP-S-n12-s2,S,12,2,base,ALNS+,2,,5,460.175,518.4642,458.0808,2.0942,0.0,5.0,5.003,13650,4,0,0,0.998,0,0,0,0,0,0
main,CSDVRP-S-n20-s5,S,20,5,base,VNS,3,,6,763.1659,865.7,758.6853,4.4806,0.0,6.0,6.016,4646,7,0,0,0.9947,0,0,0,0,0,0
exact,CSDVRP-S-n10-s3,S,10,3,base,DRL-ALNS,6,2,5,398.3934,456.2198,394.9219,3.4715,0.0,5.0,5.028,6133,3,0,0,0.9427,0,0,0,0,0,0
main,CSDVRP-L-n100-s2,L,100,2,base,DRL-VNS,2,3,35,2794.343,3167.7225,2768.7715,10.5715,15.0,35.031,35.154,835,30,1,1,1.0,0,0,0,0,0,0
exact,CSDVRP-S-n6-s5,S,6,5,base,DRL-VNS,2,3,5,347.3173,347.7063,345.0582,2.2591,0.0,5.0,5.025,8489,3,0,0,0.9907,0,0,0,0,0,0
main,CSDVRP-M-n30-s1,M,30,1,base,ALNS+,0,,10,1070.5755,1231.1888,1036.7268,3.8487,30.0,10.0,10.093,4365,10,2,2,1.0,0,0,0,0,0,0
main,CSDVRP-L-n75-s2,L,75,2,base,Roulette-9,3,,25,2082.7199,2442.0216,2057.8884,9.8315,15.0,25.0,25.041,1292,22,1,1,1.0,0,0,0,0,0,0
exact,CSDVRP-S-n8-s5,S,8,5,base,DRL-ALNS,2,3,5,423.2126,427.0275,419.9371,3.2754,0.0,5.0,5.002,6177,3,0,0,0.894,0,0,0,0,0,0
main,CSDVRP-S-n15-s0,S,15,0,base,VNS-9,3,,5,606.5233,666.3141,602.2712,4.2521,0.0,5.0,5.045,7598,5,0,0,0.9927,0,0,0,0,0,0
exact,CSDVRP-S-n12-s4,S,12,4,base,ALNS+,0,,5,487.5063,536.3904,484.4937,3.0126,0.0,5.0,5.013,11963,4,0,0,0.9867,0,0,0,0,0,0
exact,CSDVRP-S-n6-s2,S,6,2,base,DRL-VNS,8,4,5,330.7872,334.9047,328.2873,2.4999,0.0,5.0,4.998,7552,3,0,0,0.8567,0,0,0,0,0,0
exact,CSDVRP-S-n12-s2,S,12,2,base,VNS-9,6,,5,460.175,518.4642,458.0808,2.0942,0.0,5.0,4.997,14103,4,0,0,0.998,0,0,0,0,0,0
main,CSDVRP-S-n20-s5,S,20,5,base,DRL-ALNS,1,2,6,763.1659,865.7,758.6853,4.4806,0.0,6.0,5.998,3883,7,0,0,0.9947,0,0,0,0,0,0
main,CSDVRP-L-n75-s1,L,75,1,base,DRL-ALNS,8,4,25,2141.3356,2408.8056,2059.7704,6.5652,75.0,25.016,25.071,951,23,4,5,1.0,0,0,0,0,0,0
main,CSDVRP-M-n30-s4,M,30,4,base,VNS-9,1,,10,925.7284,1151.8487,921.3091,4.4194,0.0,10.0,10.02,3990,10,0,0,0.99,0,0,0,0,0,0
main,CSDVRP-S-n15-s1,S,15,1,base,ALNS+,8,,5,590.7648,675.8866,586.7939,3.9709,0.0,5.0,5.012,8137,5,0,0,0.9987,0,0,0,0,0,0
exact,CSDVRP-S-n10-s3,S,10,3,base,DRL-ALNS,1,2,5,398.3934,456.2198,394.9219,3.4715,0.0,5.0,5.045,6188,3,0,0,0.9427,0,0,0,0,0,0
main,CSDVRP-M-n30-s4,M,30,4,base,Fixed-small,6,,10,958.1827,1151.8487,923.5739,4.6088,30.0,10.0,10.015,5311,10,2,2,1.0,0,0,0,0,0,0
exact,CSDVRP-S-n8-s2,S,8,2,base,Roulette-9,4,,5,344.8888,398.3755,342.4078,2.481,0.0,5.0,5.012,16720,3,0,0,0.8753,0,0,0,0,0,0
main,CSDVRP-S-n20-s5,S,20,5,base,Marginal-9,0,1,6,763.1659,865.7,758.6853,4.4806,0.0,6.0,6.014,5702,7,0,0,0.9947,0,0,0,0,0,0
main,CSDVRP-L-n75-s1,L,75,1,base,ALNS+,4,,25,2184.9651,2408.8056,2055.5709,9.3943,120.0,25.078,25.146,989,22,6,8,1.0,0,0,0,0,0,0
exact,CSDVRP-S-n12-s4,S,12,4,base,DRL-VNS,8,4,5,487.5063,536.3904,484.4937,3.0126,0.0,5.0,4.99,6058,4,0,0,0.9867,0,0,0,0,0,0
exact,CSDVRP-S-n6-s5,S,6,5,base,DRL-ALNS,6,2,5,347.3173,347.7063,345.0582,2.2591,0.0,5.0,5.029,7247,3,0,0,0.9907,0,0,0,0,0,0
exact,CSDVRP-S-n12-s5,S,12,5,base,DRL-ALNS,4,5,5,521.0601,535.5205,517.6832,3.3769,0.0,5.0,5.046,5015,4,0,0,0.978,0,0,0,0,0,0
main,CSDVRP-S-n15-s3,S,15,3,base,Fixed-small,6,,5,604.0607,692.2972,584.3633,4.6974,15.0,5.0,4.998,10198,5,1,1,1.0,0,0,0,0,0,0
exact,CSDVRP-S-n10-s1,S,10,1,base,ALNS+,7,,5,394.7924,479.2322,392.2685,2.5239,0.0,5.0,5.013,11701,4,0,0,0.9253,0,0,0,0,0,0
main,CSDVRP-L-n100-s3,L,100,3,base,DRL-VNS,8,4,35,2701.8428,3095.0715,2690.9472,10.8956,0.0,35.016,35.134,659,31,0,0,1.0,0,0,0,0,0,0
exact,CSDVRP-S-n10-s3,S,10,3,base,ALNS+,9,,5,398.3226,456.2198,394.9219,3.4007,0.0,5.0,5.001,15530,3,0,0,0.9427,0,0,0,0,0,0
main,CSDVRP-S-n20-s0,S,20,0,base,VNS-9,9,,6,756.2207,835.2978,752.4896,3.7311,0.0,6.0,6.0,5051,7,0,0,0.9987,0,0,0,0,0,0
exact,CSDVRP-S-n8-s1,S,8,1,base,DRL-VNS,2,3,5,335.8429,376.3954,333.6723,2.1706,0.0,5.0,5.027,7633,3,0,0,0.9073,0,0,0,0,0,0
main,CSDVRP-M-n30-s2,M,30,2,base,Fixed-small,0,,10,945.4146,1162.4183,941.8287,3.5859,0.0,10.0,10.014,4511,10,0,0,0.9865,0,0,0,0,0,0
main,CSDVRP-L-n100-s0,L,100,0,base,Roulette-9,9,,35,3111.2954,3458.8862,3097.741,13.5544,0.0,35.0,35.091,721,32,0,0,0.996,0,0,0,0,0,0
exact,CSDVRP-S-n10-s5,S,10,5,base,DRL-ALNS,8,4,5,454.5993,485.8354,450.6688,3.9305,0.0,5.0,4.998,5933,3,0,0,0.956,0,0,0,0,0,0
main,CSDVRP-XL-n150-s0,XL,150,0,base,Fixed-small,9,,50,4317.4445,5021.4451,4286.6222,15.8222,15.0,50.0,50.083,2859,46,1,1,1.0,0,0,0,0,0,0
case,CSDVRP-CS-Riyadh,case,30,0,base,DRL-VNS,9,5,30,421.4768,711.0291,415.2631,6.2137,0.0,30.0,30.068,10350,4,0,0,0.982,0,0,0,0,0,0
main,CSDVRP-L-n100-s1,L,100,1,base,VNS,3,,35,2649.9067,3146.4881,2640.018,9.8887,0.0,35.016,35.027,994,29,0,0,0.9996,0,0,0,0,0,0
exact,CSDVRP-S-n10-s4,S,10,4,base,DRL-VNS,3,4,5,387.4582,460.8567,384.9244,2.5338,0.0,5.0,5.029,7309,3,0,0,0.98,0,0,0,0,0,0
main,CSDVRP-S-n20-s5,S,20,5,base,VNS-9,6,,6,763.1659,865.7,758.6853,4.4806,0.0,6.0,6.013,5952,7,0,0,0.9947,0,0,0,0,0,0
main,CSDVRP-S-n15-s2,S,15,2,base,ALNS+,0,,5,604.4369,645.109,602.0225,2.4144,0.0,5.0,5.015,7365,6,0,0,0.9953,0,0,0,0,0,0
main,CSDVRP-M-n30-s0,M,30,0,base,VNS,3,,10,1092.964,1303.6377,1089.1614,3.8025,0.0,10.0,10.108,3804,11,0,0,0.997,0,0,0,0,0,0
exact,CSDVRP-S-n8-s1,S,8,1,base,DRL-ALNS,7,3,5,335.8429,376.3954,333.6723,2.1706,0.0,5.0,4.997,6632,3,0,0,0.9073,0,0,0,0,0,0
main,CSDVRP-L-n75-s4,L,75,4,base,VNS-9,0,,25,2210.4425,2460.454,2203.3409,7.1016,0.0,25.016,25.091,984,24,0,0,0.998,0,0,0,0,0,0
exact,CSDVRP-S-n12-s2,S,12,2,base,Random-9,0,,5,460.175,518.4642,458.0808,2.0942,0.0,5.0,5.014,13857,4,0,0,0.998,0,0,0,0,0,0
exact,CSDVRP-S-n6-s4,S,6,4,base,Random-9,2,,5,307.3738,316.7228,305.135,2.2389,0.0,5.0,4.999,19483,3,0,0,0.906,0,0,0,0,0,0
main,CSDVRP-M-n30-s2,M,30,2,base,Roulette-9,2,,10,958.5215,1162.4183,940.1226,3.3989,15.0,10.0,10.03,3576,10,1,1,0.9865,0,0,0,0,0,0
main,CSDVRP-L-n100-s4,L,100,4,base,Marginal-9,1,2,35,2965.5845,3371.4529,2955.1431,10.4414,0.0,35.031,35.116,816,31,0,0,0.9996,0,0,0,0,0,0
main,CSDVRP-XL-n150-s5,XL,150,5,base,ALNS+,7,,50,4042.1441,4291.4727,4024.2648,17.8793,0.0,50.031,50.218,686,49,0,0,0.999,0,0,0,0,0,0
main,CSDVRP-L-n100-s5,L,100,5,base,ALNS+,4,,35,2746.3604,3154.3549,2643.4997,12.8607,90.0,35.047,35.089,532,31,3,6,1.0,0,0,0,0,0,0
exact,CSDVRP-S-n10-s4,S,10,4,base,DRL-ALNS,8,4,5,387.7762,460.8567,384.9244,2.8518,0.0,5.0,4.99,6412,3,0,0,0.98,0,0,0,0,0,0
exact,CSDVRP-S-n6-s2,S,6,2,base,Roulette-9,3,,5,330.7872,334.9047,328.2873,2.4999,0.0,5.0,5.013,18571,3,0,0,0.8567,0,0,0,0,0,0
exact,CSDVRP-S-n6-s3,S,6,3,base,VNS-9,3,,5,230.2731,253.5784,228.5871,1.686,0.0,5.0,5.029,29837,2,0,0,0.9873,0,0,0,0,0,0
main,CSDVRP-XL-n150-s2,XL,150,2,base,ALNS+,3,,50,4233.9996,4545.4892,4219.8302,14.1694,0.0,50.016,50.203,638,51,0,0,1.0,0,0,0,0,0,0
exact,CSDVRP-S-n6-s5,S,6,5,base,VNS,1,,5,347.3173,347.7063,345.0582,2.2591,0.0,5.0,5.028,20204,3,0,0,0.9907,0,0,0,0,0,0
exact,CSDVRP-S-n10-s5,S,10,5,base,Random-9,8,,5,454.5993,485.8354,450.6688,3.9305,0.0,5.0,4.997,12940,3,0,0,0.956,0,0,0,0,0,0
main,CSDVRP-S-n15-s0,S,15,0,base,Marginal-9,1,2,5,606.5233,666.3141,602.2712,4.2521,0.0,5.0,4.999,7106,5,0,0,0.9927,0,0,0,0,0,0
exact,CSDVRP-S-n12-s4,S,12,4,base,DRL-ALNS,9,5,5,487.5063,536.3904,484.4937,3.0126,0.0,5.0,5.015,5099,4,0,0,0.9867,0,0,0,0,0,0
main,CSDVRP-L-n75-s1,L,75,1,base,Roulette-9,2,,25,2114.6984,2408.8056,2062.1126,7.5858,45.0,25.0,25.097,1196,23,3,3,1.0,0,0,0,0,0,0
main,CSDVRP-L-n100-s3,L,100,3,base,DRL-ALNS,7,3,35,2847.0481,3095.0715,2836.1694,10.8787,0.0,35.0,35.033,479,35,0,0,0.982,0,0,0,0,0,0
main,CSDVRP-XL-n150-s2,XL,150,2,base,VNS,3,,50,4078.3498,4545.4892,4017.6787,15.6711,45.0,50.016,50.086,1366,45,2,3,1.0,0,0,0,0,0,0
main,CSDVRP-XL-n150-s1,XL,150,1,base,ALNS+,9,,50,4381.8083,4744.1508,4364.3268,17.4814,0.0,50.047,50.233,629,47,0,0,0.9963,0,0,0,0,0,0
exact,CSDVRP-S-n6-s4,S,6,4,base,Marginal-9,0,1,5,307.3738,316.7228,305.135,2.2389,0.0,5.0,4.99,19081,3,0,0,0.906,0,0,0,0,0,0
main,CSDVRP-S-n15-s3,S,15,3,base,Fixed-small,3,,5,603.7428,692.2972,584.3633,4.3795,15.0,5.0,5.014,9957,5,1,1,1.0,0,0,0,0,0,0
exact,CSDVRP-S-n8-s2,S,8,2,base,DRL-ALNS,1,2,5,344.8888,398.3755,342.4078,2.481,0.0,5.0,5.03,6516,3,0,0,0.8753,0,0,0,0,0,0
exact,CSDVRP-S-n6-s3,S,6,3,base,DRL-VNS,2,3,5,230.2731,253.5784,228.5871,1.686,0.0,5.0,4.995,8902,2,0,0,0.9873,0,0,0,0,0,0
exact,CSDVRP-S-n10-s3,S,10,3,base,Fixed-small,6,,5,398.3934,456.2198,394.9219,3.4715,0.0,5.0,4.998,16646,3,0,0,0.9427,0,0,0,0,0,0
main,CSDVRP-L-n100-s4,L,100,4,base,DRL-ALNS,3,4,35,3153.5629,3371.4529,3140.3389,13.2239,0.0,35.062,35.132,511,36,0,0,0.9976,0,0,0,0,0,0
main,CSDVRP-S-n15-s1,S,15,1,base,VNS,1,,5,590.7648,675.8866,586.7939,3.9709,0.0,5.0,4.99,6246,5,0,0,0.9987,0,0,0,0,0,0
main,CSDVRP-L-n75-s1,L,75,1,base,Roulette-9,7,,25,2093.3429,2408.8056,2041.4565,6.8865,45.0,25.016,25.033,1210,23,2,3,1.0,0,0,0,0,0,0
main,CSDVRP-XL-n150-s3,XL,150,3,base,Marginal-9,5,1,50,3849.4481,4237.9876,3835.2492,14.1988,0.0,50.016,50.213,1431,45,0,0,0.9997,0,0,0,0,0,0
main,CSDVRP-L-n75-s3,L,75,3,base,Marginal-9,1,2,25,2110.716,2332.9982,2089.8778,5.8382,15.0,25.016,25.131,1188,24,1,1,1.0,0,0,0,0,0,0
main,CSDVRP-S-n15-s2,S,15,2,base,Fixed-small,8,,5,604.4369,645.109,602.0225,2.4144,0.0,5.0,5.019,8430,6,0,0,0.9953,0,0,0,0,0,0
main,CSDVRP-M-n30-s5,M,30,5,base,VNS,0,,10,1128.6575,1247.2838,1123.3823,5.2752,0.0,10.0,10.048,4474,10,0,0,0.9905,0,0,0,0,0,0
main,CSDVRP-L-n100-s3,L,100,3,base,Random-9,5,,35,2716.4827,3095.0715,2705.7566,10.7261,0.0,35.016,35.129,727,31,0,0,0.9976,0,0,0,0,0,0
exact,CSDVRP-S-n12-s3,S,12,3,base,VNS,9,,5,522.4878,589.3086,503.6872,3.8005,15.0,5.0,5.036,9945,4,1,1,1.0,0,0,0,0,0,0
main,CSDVRP-XL-n150-s5,XL,150,5,base,Random-9,9,,50,3945.5134,4291.4727,3929.2826,16.2308,0.0,50.078,50.171,1480,46,0,0,0.999,0,0,0,0,0,0
exact,CSDVRP-S-n10-s5,S,10,5,base,Random-9,5,,5,454.5993,485.8354,450.6688,3.9305,0.0,5.0,5.011,13018,3,0,0,0.956,0,0,0,0,0,0
main,CSDVRP-S-n20-s1,S,20,1,base,DRL-VNS,4,5,6,785.2664,908.0268,780.5879,4.6785,0.0,6.0,6.013,3542,7,0,0,0.9833,0,0,0,0,0,0
main,CSDVRP-L-n100-s1,L,100,1,base,Marginal-9,5,1,35,2690.5609,3146.4881,2632.9693,12.5916,45.0,35.062,35.106,720,29,3,3,1.0,0,0,0,0,0,0
main,CSDVRP-L-n100-s1,L,100,1,base,Random-9,8,,35,2680.7094,3146.4881,2669.295,11.4144,0.0,35.047,35.131,719,29,0,0,0.9984,0,0,0,0,0,0
exact,CSDVRP-S-n12-s1,S,12,1,base,Random-9,4,,5,511.8119,602.7068,507.9062,3.9057,0.0,5.0,5.008,9756,4,0,0,0.994,0,0,0,0,0,0
exact,CSDVRP-S-n6-s2,S,6,2,base,DRL-VNS,6,2,5,330.7872,334.9047,328.2873,2.4999,0.0,5.0,5.027,7616,3,0,0,0.8567,0,0,0,0,0,0
main,CSDVRP-L-n100-s0,L,100,0,base,Random-9,1,,35,3115.511,3458.8862,3058.2084,12.3026,45.0,35.031,35.102,598,31,2,3,1.0,0,0,0,0,0,0
exact,CSDVRP-S-n8-s4,S,8,4,base,VNS-9,1,,5,359.1905,397.2233,357.0731,2.1174,0.0,5.0,5.003,16852,3,0,0,0.8793,0,0,0,0,0,0
exact,CSDVRP-S-n6-s4,S,6,4,base,DRL-VNS,2,3,5,307.3738,316.7228,305.135,2.2389,0.0,5.0,5.027,7736,3,0,0,0.906,0,0,0,0,0,0
main,CSDVRP-S-n20-s0,S,20,0,base,DRL-VNS,6,2,6,756.2207,835.2978,752.4896,3.7311,0.0,6.0,6.0,3898,7,0,0,0.9987,0,0,0,0,0,0
exact,CSDVRP-S-n8-s5,S,8,5,base,ALNS+,4,,5,423.5509,427.0275,419.9371,3.6138,0.0,5.0,5.027,16554,3,0,0,0.894,0,0,0,0,0,0
main,CSDVRP-XL-n150-s5,XL,150,5,base,Marginal-9,3,4,50,3940.0104,4291.4727,3923.9284,16.082,0.0,50.016,50.243,1463,46,0,0,0.9993,0,0,0,0,0,0
exact,CSDVRP-S-n8-s3,S,8,3,base,Fixed-small,3,,5,339.8466,351.7127,337.5902,2.2564,0.0,5.0,4.987,18540,3,0,0,0.9567,0,0,0,0,0,0
main,CSDVRP-L-n100-s5,L,100,5,base,Marginal-9,7,3,35,2569.7394,3154.3549,2558.2768,11.4626,0.0,35.016,35.152,786,30,0,0,0.9988,0,0,0,0,0,0
main,CSDVRP-XL-n150-s3,XL,150,3,base,Roulette-9,7,,50,3809.5071,4237.9876,3794.001,15.5061,0.0,50.031,50.188,1784,44,0,0,0.9983,0,0,0,0,0,0
main,CSDVRP-M-n50-s4,M,50,4,base,VNS,9,,15,1655.6668,1919.2804,1648.9781,6.6887,0.0,15.0,15.046,2572,16,0,0,0.9915,0,0,0,0,0,0
exact,CSDVRP-S-n12-s2,S,12,2,base,Random-9,6,,5,460.175,518.4642,458.0808,2.0942,0.0,5.0,5.027,13916,4,0,0,0.998,0,0,0,0,0,0
main,CSDVRP-L-n100-s4,L,100,4,base,Roulette-9,0,,35,2923.7173,3371.4529,2910.5189,13.1985,0.0,35.031,35.113,823,31,0,0,1.0,0,0,0,0,0,0
exact,CSDVRP-S-n8-s5,S,8,5,base,VNS,2,,5,423.2126,427.0275,419.9371,3.2754,0.0,5.0,4.991,15189,3,0,0,0.894,0,0,0,0,0,0
main,CSDVRP-L-n100-s2,L,100,2,base,ALNS+,6,,35,2942.5056,3167.7225,2929.9237,12.5819,0.0,35.0,35.08,560,33,0,0,0.9776,0,0,0,0,0,0
exact,CSDVRP-S-n12-s4,S,12,4,base,VNS-9,9,,5,487.5063,536.3904,484.4937,3.0126,0.0,5.0,5.025,11516,4,0,0,0.9867,0,0,0,0,0,0
main,CSDVRP-XL-n150-s2,XL,150,2,base,DRL-VNS,3,4,50,4050.9143,4545.4892,4036.7914,14.1229,0.0,50.016,50.124,1360,46,0,0,1.0,0,0,0,0,0,0
main,CSDVRP-L-n100-s4,L,100,4,base,VNS,7,,35,2941.7048,3371.4529,2883.8335,12.8713,45.0,35.047,35.166,987,30,3,3,1.0,0,0,0,0,0,0
main,CSDVRP-M-n30-s0,M,30,0,base,VNS-9,7,,10,1137.8273,1303.6377,1103.1071,4.7202,30.0,10.0,10.003,3963,11,1,2,1.0,0,0,0,0,0,0
main,CSDVRP-S-n20-s1,S,20,1,base,DRL-VNS,5,1,6,785.2664,908.0268,780.5879,4.6785,0.0,6.0,5.993,3599,7,0,0,0.9833,0,0,0,0,0,0
main,CSDVRP-S-n20-s3,S,20,3,base,Marginal-9,3,4,6,691.2399,797.0264,687.1116,4.1284,0.0,6.0,6.029,5358,7,0,0,0.9707,0,0,0,0,0,0
main,CSDVRP-S-n15-s4,S,15,4,base,VNS,2,,5,602.9731,624.2332,584.1074,3.8657,15.0,5.0,5.014,6787,5,1,1,1.0,0,0,0,0,0,0
main,CSDVRP-M-n50-s1,M,50,1,base,VNS,2,,15,1543.1321,1718.5004,1522.8438,5.2884,15.0,15.0,14.998,2640,16,1,1,0.9915,0,0,0,0,0,0
main,CSDVRP-XL-n150-s2,XL,150,2,base,DRL-VNS,8,4,50,4072.5528,4545.4892,4029.4253,13.1274,30.0,50.016,50.188,1367,46,1,2,1.0,0,0,0,0,0,0
exact,CSDVRP-S-n8-s4,S,8,4,base,VNS-9,9,,5,359.1905,397.2233,357.0731,2.1174,0.0,5.0,4.992,16475,3,0,0,0.8793,0,0,0,0,0,0
main,CSDVRP-S-n15-s2,S,15,2,base,Roulette-9,3,,5,604.4369,645.109,602.0225,2.4144,0.0,5.0,5.046,6785,6,0,0,0.9953,0,0,0,0,0,0
exact,CSDVRP-S-n10-s4,S,10,4,base,Marginal-9,9,5,5,387.4582,460.8567,384.9244,2.5338,0.0,5.0,4.998,15557,3,0,0,0.98,0,0,0,0,0,0
exact,CSDVRP-S-n12-s5,S,12,5,base,Random-9,2,,5,521.0601,535.5205,517.6832,3.3769,0.0,5.0,5.045,10200,4,0,0,0.978,0,0,0,0,0,0
main,CSDVRP-M-n50-s5,M,50,5,base,Fixed-small,5,,15,1680.5418,1904.3598,1642.7286,7.8131,30.0,15.0,15.096,2706,16,1,2,1.0,0,0,0,0,0,0
main,CSDVRP-L-n75-s0,L,75,0,base,Random-9,0,,25,2409.5646,2688.4285,2401.1797,8.3849,0.0,25.0,25.057,1148,24,0,0,0.9984,0,0,0,0,0,0
exact,CSDVRP-S-n10-s1,S,10,1,base,VNS-9,8,,5,394.7924,479.2322,392.2685,2.5239,0.0,5.0,4.997,9205,4,0,0,0.9253,0,0,0,0,0,0
main,CSDVRP-L-n100-s3,L,100,3,base,Marginal-9,6,2,35,2706.7806,3095.0715,2695.0725,11.7081,0.0,35.016,35.077,770,31,0,0,1.0,0,0,0,0,0,0
main,CSDVRP-M-n50-s2,M,50,2,base,DRL-ALNS,5,1,15,1524.273,1677.4231,1472.0095,7.2635,45.0,15.0,15.098,1545,16,2,3,1.0,0,0,0,0,0,0
main,CSDVRP-XL-n150-s3,XL,150,3,base,Roulette-9,3,,50,3816.4226,4237.9876,3800.887,15.5356,0.0,50.0,50.097,1758,44,0,0,1.0,0,0,0,0,0,0
main,CSDVRP-L-n100-s3,L,100,3,base,Random-9,1,,35,2755.1055,3095.0715,2728.8301,11.2754,15.0,35.0,35.041,776,31,1,1,1.0,0,0,0,0,0,0
exact,CSDVRP-S-n12-s2,S,12,2,base,VNS-9,8,,5,460.175,518.4642,458.0808,2.0942,0.0,5.0,4.988,13906,4,0,0,0.998,0,0,0,0,0,0
exact,CSDVRP-S-n6-s5,S,6,5,base,Fixed-small,1,,5,347.3173,347.7063,345.0582,2.2591,0.0,5.0,4.997,24592,3,0,0,0.9907,0,0,0,0,0,0
main,CSDVRP-XL-n150-s5,XL,150,5,base,Fixed-small,9,,50,3945.7813,4291.4727,3900.3316,15.4497,30.0,50.016,50.085,2374,45,2,2,1.0,0,0,0,0,0,0
main,CSDVRP-L-n75-s5,L,75,5,base,VNS-9,7,,25,2082.235,2327.4464,2073.4761,8.7589,0.0,25.0,25.086,1183,22,0,0,0.9992,0,0,0,0,0,0
exact,CSDVRP-S-n12-s3,S,12,3,base,Fixed-small,8,,5,522.5127,589.3086,503.6872,3.8254,15.0,5.0,5.025,13398,4,1,1,1.0,0,0,0,0,0,0
main,CSDVRP-M-n50-s4,M,50,4,base,Random-9,0,,15,1660.2968,1919.2804,1637.8058,7.491,15.0,15.0,15.03,1889,16,1,1,1.0,0,0,0,0,0,0
main,CSDVRP-S-n20-s4,S,20,4,base,VNS-9,1,,6,719.4697,798.0501,715.5041,3.9656,0.0,6.0,6.045,4750,7,0,0,0.986,0,0,0,0,0,0
main,CSDVRP-L-n75-s1,L,75,1,base,Random-9,0,,25,2145.8922,2408.8056,2064.1531,6.7391,75.0,25.016,25.062,1088,23,3,5,0.9984,0,0,0,0,0,0
main,CSDVRP-XL-n150-s1,XL,150,1,base,DRL-ALNS,7,3,50,4350.8921,4744.1508,4333.8948,16.9973,0.0,50.078,50.169,742,47,0,0,0.9963,0,0,0,0,0,0
main,CSDVRP-L-n75-s2,L,75,2,base,ALNS+,3,,25,2244.8783,2442.0216,2115.2946,9.5837,120.0,25.016,25.122,1000,22,6,8,1.0,0,0,0,0,0,0
main,CSDVRP-M-n50-s3,M,50,3,base,Roulette-9,2,,15,1398.8779,1746.7745,1392.5811,6.2968,0.0,15.0,15.014,2001,15,0,0,0.994,0,0,0,0,0,0
main,CSDVRP-L-n100-s4,L,100,4,base,DRL-ALNS,1,2,35,3049.8516,3371.4529,3035.2028,14.6488,0.0,35.031,35.118,526,34,0,0,0.9952,0,0,0,0,0,0
main,CSDVRP-S-n20-s3,S,20,3,base,Fixed-small,7,,6,691.556,797.0264,687.1116,4.4444,0.0,6.0,5.986,7183,7,0,0,0.9707,0,0,0,0,0,0
main,CSDVRP-L-n100-s4,L,100,4,base,ALNS+,0,,35,3025.2371,3371.4529,3010.1322,15.1049,0.0,35.047,35.169,520,31,0,0,0.9988,0,0,0,0,0,0
main,CSDVRP-S-n20-s0,S,20,0,base,Roulette-9,5,,6,756.2207,835.2978,752.4896,3.7311,0.0,6.0,5.999,5069,7,0,0,0.9987,0,0,0,0,0,0
case,CSDVRP-CS-Riyadh,case,30,0,base,DRL-VNS,6,2,30,417.2954,711.0291,411.6246,5.6707,0.0,30.0,30.181,13946,4,0,0,0.986,0,0,0,0,0,0
main,CSDVRP-XL-n150-s3,XL,150,3,base,VNS-9,4,,50,3894.0591,4237.9876,3876.5784,17.4806,0.0,50.0,50.126,1633,44,0,0,0.998,0,0,0,0,0,0
main,CSDVRP-S-n20-s2,S,20,2,base,VNS,7,,6,670.121,732.8183,667.0092,3.1118,0.0,6.0,6.026,3996,7,0,0,0.9933,0,0,0,0,0,0
exact,CSDVRP-S-n10-s4,S,10,4,base,ALNS+,4,,5,387.4582,460.8567,384.9244,2.5338,0.0,5.0,5.012,16266,3,0,0,0.98,0,0,0,0,0,0
main,CSDVRP-M-n30-s5,M,30,5,base,VNS,5,,10,1124.1591,1247.2838,1089.2219,4.9372,30.0,10.0,10.035,4237,10,1,2,1.0,0,0,0,0,0,0
exact,CSDVRP-S-n8-s5,S,8,5,base,Roulette-9,0,,5,423.2126,427.0275,419.9371,3.2754,0.0,5.0,4.993,14562,3,0,0,0.894,0,0,0,0,0,0
main,CSDVRP-M-n50-s5,M,50,5,base,Fixed-small,0,,15,1662.4063,1904.3598,1625.6744,6.7318,30.0,15.0,15.021,2518,16,2,2,1.0,0,0,0,0,0,0
exact,CSDVRP-S-n6-s4,S,6,4,base,DRL-VNS,6,2,5,307.3738,316.7228,305.135,2.2389,0.0,5.0,5.022,7768,3,0,0,0.906,0,0,0,0,0,0
main,CSDVRP-M-n50-s4,M,50,4,base,DRL-VNS,0,1,15,1663.8788,1919.2804,1656.8734,7.0054,0.0,15.0,15.044,1448,16,0,0,0.9915,0,0,0,0,0,0
main,CSDVRP-L-n75-s2,L,75,2,base,DRL-ALNS,6,2,25,2196.0455,2442.0216,2183.6492,12.3963,0.0,25.016,25.131,933,22,0,0,0.9904,0,0,0,0,0,0
exact,CSDVRP-S-n6-s4,S,6,4,base,VNS-9,1,,5,307.3738,316.7228,305.135,2.2389,0.0,5.0,5.004,19876,3,0,0,0.906,0,0,0,0,0,0
main,CSDVRP-L-n100-s1,L,100,1,base,VNS-9,8,,35,2692.5212,3146.4881,2651.1661,11.3551,30.0,35.0,35.094,798,29,1,2,1.0,0,0,0,0,0,0
main,CSDVRP-S-n20-s4,S,20,4,base,Fixed-small,0,,6,741.252,798.0501,736.5071,4.745,0.0,6.0,6.013,5182,7,0,0,0.986,0,0,0,0,0,0
main,CSDVRP-L-n75-s4,L,75,4,base,DRL-VNS,8,4,25,2202.4435,2460.454,2194.5222,7.9213,0.0,25.016,25.054,1009,24,0,0,0.998,0,0,0,0,0,0
exact,CSDVRP-S-n6-s5,S,6,5,base,Random-9,1,,5,347.3173,347.7063,345.0582,2.2591,0.0,5.0,4.985,24528,3,0,0,0.9907,0,0,0,0,0,0
main,CSDVRP-S-n15-s1,S,15,1,base,Random-9,1,,5,599.4153,675.8866,596.1341,3.2813,0.0,5.0,5.015,6448,6,0,0,0.9,0,0,0,0,0,0
main,CSDVRP-M-n30-s4,M,30,4,base,VNS,5,,10,926.5915,1151.8487,921.3091,5.2824,0.0,10.0,9.999,3801,10,0,0,0.99,0,0,0,0,0,0
main,CSDVRP-XL-n150-s1,XL,150,1,base,DRL-VNS,3,4,50,4233.8297,4744.1508,4203.1097,15.72,15.0,50.016,50.176,1455,45,1,1,1.0,0,0,0,0,0,0
case,CSDVRP-CS-Riyadh,case,30,0,base,VNS-9,2,,30,420.0991,711.0291,414.0897,6.0094,0.0,30.0,30.081,13561,4,0,0,0.982,0,0,0,0,0,0
main,CSDVRP-L-n75-s3,L,75,3,base,Random-9,1,,25,2079.4525,2332.9982,2072.0521,7.4004,0.0,25.016,25.016,1145,24,0,0,0.9956,0,0,0,0,0,0
main,CSDVRP-XL-n150-s4,XL,150,4,base,VNS,7,,50,3896.749,4802.2805,3853.6641,13.0849,30.0,50.0,50.088,1455,45,1,2,1.0,0,0,0,0,0,0
main,CSDVRP-M-n50-s5,M,50,5,base,Random-9,0,,15,1632.7627,1904.3598,1595.4517,7.311,30.0,15.0,15.013,1922,15,2,2,1.0,0,0,0,0,0,0
main,CSDVRP-S-n20-s5,S,20,5,base,Fixed-small,0,,6,763.2502,865.7,758.6853,4.5649,0.0,6.0,5.998,7884,7,0,0,0.9947,0,0,0,0,0,0
main,CSDVRP-XL-n150-s0,XL,150,0,base,Marginal-9,1,2,50,4408.8126,5021.4451,4363.9142,14.8984,30.0,50.0,50.109,1777,47,1,2,1.0,0,0,0,0,0,0
exact,CSDVRP-S-n6-s3,S,6,3,base,Fixed-small,6,,5,230.2731,253.5784,228.5871,1.686,0.0,5.0,4.996,30119,2,0,0,0.9873,0,0,0,0,0,0
main,CSDVRP-M-n50-s2,M,50,2,base,DRL-VNS,6,2,15,1467.8485,1677.4231,1462.0673,5.7812,0.0,15.0,15.052,1721,16,0,0,0.9985,0,0,0,0,0,0
main,CSDVRP-XL-n150-s2,XL,150,2,base,DRL-ALNS,9,5,50,4216.0045,4545.4892,4198.5576,17.4469,0.0,50.031,50.148,876,50,0,0,1.0,0,0,0,0,0,0
main,CSDVRP-S-n20-s2,S,20,2,base,DRL-ALNS,0,1,6,670.145,732.8183,667.0092,3.1358,0.0,6.0,6.013,3418,7,0,0,0.9933,0,0,0,0,0,0
main,CSDVRP-S-n15-s2,S,15,2,base,VNS,9,,5,604.4369,645.109,602.0225,2.4144,0.0,5.0,5.011,5244,6,0,0,0.9953,0,0,0,0,0,0
main,CSDVRP-XL-n150-s5,XL,150,5,base,ALNS+,9,,50,3974.4728,4291.4727,3955.3177,19.1551,0.0,50.047,50.111,676,47,0,0,0.999,0,0,0,0,0,0
exact,CSDVRP-S-n10-s3,S,10,3,base,Fixed-small,7,,5,398.3934,456.2198,394.9219,3.4715,0.0,5.0,4.993,16559,3,0,0,0.9427,0,0,0,0,0,0
main,CSDVRP-L-n100-s0,L,100,0,base,Fixed-small,4,,35,3087.0002,3458.8862,3073.3411,13.6591,0.0,35.016,35.073,1376,31,0,0,0.9988,0,0,0,0,0,0
main,CSDVRP-M-n30-s4,M,30,4,base,Fixed-small,1,,10,925.7043,1151.8487,921.3091,4.3952,0.0,10.0,10.052,5596,10,0,0,0.99,0,0,0,0,0,0
exact,CSDVRP-S-n8-s1,S,8,1,base,Roulette-9,7,,5,335.8429,376.3954,333.6723,2.1706,0.0,5.0,5.009,17792,3,0,0,0.9073,0,0,0,0,0,0
main,CSDVRP-M-n50-s4,M,50,4,base,VNS,2,,15,1650.4317,1919.2804,1643.9568,6.4749,0.0,15.0,15.03,2866,16,0,0,0.984,0,0,0,0,0,0
main,CSDVRP-L-n100-s0,L,100,0,base,VNS-9,8,,35,3133.6603,3458.8862,3042.1779,16.4824,75.0,35.031,35.117,727,31,3,5,1.0,0,0,0,0,0,0
exact,CSDVRP-S-n6-s3,S,6,3,base,DRL-VNS,5,1,5,230.2731,253.5784,228.5871,1.686,0.0,5.0,4.987,9094,2,0,0,0.9873,0,0,0,0,0,0
exact,CSDVRP-S-n8-s4,S,8,4,base,DRL-VNS,5,1,5,359.1905,397.2233,357.0731,2.1174,0.0,5.0,4.996,7191,3,0,0,0.8793,0,0,0,0,0,0
main,CSDVRP-M-n30-s4,M,30,4,base,VNS-9,5,,10,926.1273,1151.8487,921.3091,4.8182,0.0,10.0,10.017,3966,10,0,0,0.99,0,0,0,0,0,0
main,CSDVRP-L-n75-s2,L,75,2,base,VNS-9,4,,25,2141.381,2442.0216,2117.1969,9.1842,15.0,25.0,25.046,1185,23,1,1,1.0,0,0,0,0,0,0
exact,CSDVRP-S-n6-s2,S,6,2,base,VNS,0,,5,330.2083,334.9047,328.2873,1.921,0.0,5.0,5.026,16454,3,0,0,0.8567,0,0,0,0,0,0
main,CSDVRP-L-n75-s4,L,75,4,base,Marginal-9,5,1,25,2201.4324,2460.454,2194.3912,7.0411,0.0,25.047,25.076,991,24,0,0,0.998,0,0,0,0,0,0
main,CSDVRP-M-n30-s0,M,30,0,base,VNS-9,5,,10,1092.964,1303.6377,1089.1614,3.8025,0.0,10.0,10.031,3954,11,0,0,0.997,0,0,0,0,0,0
exact,CSDVRP-S-n6-s2,S,6,2,base,VNS,7,,5,330.2083,334.9047,328.2873,1.921,0.0,5.0,5.043,16541,3,0,0,0.8567,0,0,0,0,0,0
exact,CSDVRP-S-n10-s4,S,10,4,base,Random-9,0,,5,387.4582,460.8567,384.9244,2.5338,0.0,5.0,4.998,16584,3,0,0,0.98,0,0,0,0,0,0
main,CSDVRP-S-n15-s1,S,15,1,base,Marginal-9,9,5,5,590.7648,675.8866,586.7939,3.9709,0.0,5.0,5.014,6230,5,0,0,0.9987,0,0,0,0,0,0
main,CSDVRP-L-n100-s0,L,100,0,base,DRL-ALNS,5,1,35,3183.2588,3458.8862,3167.0738,16.185,0.0,35.125,35.151,468,31,0,0,1.0,0,0,0,0,0,0
main,CSDVRP-M-n30-s3,M,30,3,base,VNS-9,2,,10,969.1696,1099.7766,965.9069,3.2627,0.0,10.0,10.019,3978,10,0,0,0.988,0,0,0,0,0,0
main,CSDVRP-M-n30-s3,M,30,3,base,Roulette-9,5,,10,981.4568,1099.7766,963.276,3.1808,15.0,10.0,10.046,4170,10,1,1,0.9985,0,0,0,0,0,0
main,CSDVRP-XL-n150-s3,XL,150,3,base,VNS,2,,50,3794.6289,4237.9876,3776.151,18.4778,0.0,50.0,50.126,1635,43,0,0,0.9983,0,0,0,0,0,0
main,CSDVRP-L-n100-s0,L,100,0,base,VNS-9,4,,35,3092.6626,3458.8862,3079.4149,13.2477,0.0,35.0,35.08,710,31,0,0,1.0,0,0,0,0,0,0
main,CSDVRP-M-n30-s1,M,30,1,base,VNS,5,,10,1031.4688,1231.1888,1027.1043,4.3646,0.0,10.0,10.022,3751,10,0,0,0.98,0,0,0,0,0,0
exact,CSDVRP-S-n6-s3,S,6,3,base,Random-9,2,,5,230.2731,253.5784,228.5871,1.686,0.0,5.0,4.995,29976,2,0,0,0.9873,0,0,0,0,0,0
exact,CSDVRP-S-n8-s3,S,8,3,base,VNS,5,,5,339.8466,351.7127,337.5902,2.2564,0.0,5.0,5.014,13999,3,0,0,0.9567,0,0,0,0,0,0
exact,CSDVRP-S-n6-s3,S,6,3,base,VNS-9,8,,5,230.2731,253.5784,228.5871,1.686,0.0,5.0,5.029,29822,2,0,0,0.9873,0,0,0,0,0,0
exact,CSDVRP-S-n12-s1,S,12,1,base,ALNS+,1,,5,527.1742,602.7068,508.3795,3.7947,15.0,5.0,4.999,11266,4,1,1,0.9587,0,0,0,0,0,0
exact,CSDVRP-S-n6-s1,S,6,1,base,Fixed-small,5,,5,341.7876,362.2464,340.1093,1.6783,0.0,5.0,5.029,22413,3,0,0,0.926,0,0,0,0,0,0
exact,CSDVRP-S-n10-s2,S,10,2,base,DRL-VNS,8,4,5,386.2368,436.4179,383.4745,2.7622,0.0,5.0,4.997,7088,3,0,0,0.9893,0,0,0,0,0,0
main,CSDVRP-S-n20-s1,S,20,1,base,ALNS+,7,,6,816.205,908.0268,781.7007,4.5043,30.0,6.0,5.997,5393,7,2,2,1.0,0,0,0,0,0,0
main,CSDVRP-XL-n150-s0,XL,150,0,base,Roulette-9,3,,50,4344.9273,5021.4451,4326.7418,18.1855,0.0,50.0,50.155,1941,46,0,0,0.9987,0,0,0,0,0,0
main,CSDVRP-L-n75-s4,L,75,4,base,Random-9,9,,25,2208.1287,2460.454,2199.6405,8.4882,0.0,25.0,25.031,997,24,0,0,0.9996,0,0,0,0,0,0
exact,CSDVRP-S-n6-s5,S,6,5,base,VNS-9,3,,5,347.3173,347.7063,345.0582,2.2591,0.0,5.0,4.994,24763,3,0,0,0.9907,0,0,0,0,0,0
main,CSDVRP-M-n30-s1,M,30,1,base,VNS-9,0,,10,1031.4688,1231.1888,1027.1043,4.3646,0.0,10.0,10.047,3315,10,0,0,0.98,0,0,0,0,0,0
main,CSDVRP-XL-n150-s0,XL,150,0,base,VNS-9,9,,50,4432.1754,5021.4451,4400.3303,16.8451,15.0,50.016,50.217,1709,46,1,1,1.0,0,0,0,0,0,0
main,CSDVRP-M-n50-s4,M,50,4,base,Roulette-9,7,,15,1646.6874,1919.2804,1639.8957,6.7918,0.0,15.0,15.045,1873,16,0,0,1.0,0,0,0,0,0,0
main,CSDVRP-M-n50-s1,M,50,1,base,Marginal-9,1,2,15,1498.6303,1718.5004,1477.1339,6.4964,15.0,15.0,15.078,2029,15,1,1,1.0,0,0,0,0,0,0
main,CSDVRP-S-n20-s0,S,20,0,base,VNS,5,,6,756.2207,835.2978,752.4896,3.7311,0.0,6.0,6.04,4285,7,0,0,0.9987,0,0,0,0,0,0
exact,CSDVRP-S-n8-s1,S,8,1,base,VNS-9,8,,5,335.8429,376.3954,333.6723,2.1706,0.0,5.0,5.029,18994,3,0,0,0.9073,0,0,0,0,0,0
main,CSDVRP-S-n15-s0,S,15,0,base,VNS,5,,5,606.9046,666.3141,602.2712,4.6334,0.0,5.0,5.03,6214,5,0,0,0.9927,0,0,0,0,0,0
exact,CSDVRP-S-n10-s5,S,10,5,base,VNS,3,,5,454.5993,485.8354,450.6688,3.9305,0.0,5.0,4.998,10758,3,0,0,0.956,0,0,0,0,0,0
main,CSDVRP-XL-n150-s0,XL,150,0,base,DRL-VNS,0,1,50,4389.1812,5021.4451,4375.3576,13.8236,0.0,50.016,50.13,1632,47,0,0,0.9983,0,0,0,0,0,0
exact,CSDVRP-S-n8-s2,S,8,2,base,DRL-VNS,9,5,5,344.8888,398.3755,342.4078,2.481,0.0,5.0,5.003,7232,3,0,0,0.8753,0,0,0,0,0,0
main,CSDVRP-M-n50-s1,M,50,1,base,DRL-VNS,4,5,15,1518.9279,1718.5004,1513.1913,5.7366,0.0,15.0,15.113,1531,16,0,0,0.994,0,0,0,0,0,0
main,CSDVRP-S-n20-s2,S,20,2,base,Marginal-9,1,2,6,670.121,732.8183,667.0092,3.1118,0.0,6.0,5.99,5046,7,0,0,0.9933,0,0,0,0,0,0
main,CSDVRP-S-n20-s0,S,20,0,base,Roulette-9,8,,6,756.3441,835.2978,752.4896,3.8544,0.0,6.0,6.047,5102,7,0,0,0.9987,0,0,0,0,0,0
exact,CSDVRP-S-n10-s2,S,10,2,base,Random-9,9,,5,391.6922,436.4179,389.0812,2.6111,0.0,5.0,5.011,17421,3,0,0,0.9787,0,0,0,0,0,0
exact,CSDVRP-S-n8-s5,S,8,5,base,Roulette-9,4,,5,423.2126,427.0275,419.9371,3.2754,0.0,5.0,4.998,14663,3,0,0,0.894,0,0,0,0,0,0
main,CSDVRP-S-n20-s3,S,20,3,base,ALNS+,1,,6,696.8532,797.0264,677.4457,4.4075,15.0,6.0,6.078,6005,7,1,1,1.0,0,0,0,0,0,0
main,CSDVRP-L-n75-s5,L,75,5,base,VNS,0,,25,2091.2977,2327.4464,2083.4687,7.829,0.0,25.0,25.062,1660,23,0,0,0.9904,0,0,0,0,0,0
exact,CSDVRP-S-n8-s1,S,8,1,base,Marginal-9,3,4,5,357.4079,376.3954,340.1754,2.2325,15.0,5.0,4.996,17789,3,1,1,1.0,0,0,0,0,0,0
exact,CSDVRP-S-n6-s1,S,6,1,base,DRL-ALNS,9,5,5,341.7876,362.2464,340.1093,1.6783,0.0,5.0,4.997,6927,3,0,0,0.926,0,0,0,0,0,0
main,CSDVRP-L-n100-s2,L,100,2,base,ALNS+,0,,35,2886.1264,3167.7225,2874.2913,11.8351,0.0,35.0,35.072,554,31,0,0,0.9916,0,0,0,0,0,0
exact,CSDVRP-S-n6-s4,S,6,4,base,VNS,8,,5,307.1905,316.7228,305.135,2.0555,0.0,5.0,5.035,18723,3,0,0,0.906,0,0,0,0,0,0
main,CSDVRP-XL-n150-s2,XL,150,2,base,ALNS+,2,,50,4231.9594,4545.4892,4217.3484,14.6109,0.0,50.047,50.292,660,51,0,0,1.0,0,0,0,0,0,0
main,CSDVRP-L-n100-s5,L,100,5,base,DRL-VNS,3,4,35,2592.3572,3154.3549,2580.1379,12.2193,0.0,35.016,35.136,723,30,0,0,0.9992,0,0,0,0,0,0
case,CSDVRP-CS-Riyadh,case,30,0,base,Random-9,6,,30,416.4868,711.0291,411.6246,4.8621,0.0,30.0,30.11,15454,4,0,0,0.986,0,0,0,0,0,0
main,CSDVRP-L-n100-s1,L,100,1,base,Fixed-small,5,,35,2663.2081,3146.4881,2651.9228,11.2853,0.0,35.0,35.106,1206,29,0,0,0.9996,0,0,0,0,0,0
main,CSDVRP-M-n50-s5,M,50,5,base,DRL-VNS,1,2,15,1624.3255,1904.3598,1615.8499,8.4756,0.0,15.0,15.047,1808,15,0,0,1.0,0,0,0,0,0,0
main,CSDVRP-XL-n150-s1,XL,150,1,base,VNS,7,,50,4248.1752,4744.1508,4171.7378,16.4374,60.0,50.031,50.123,1431,45,2,4,1.0,0,0,0,0,0,0
exact,CSDVRP-S-n6-s5,S,6,5,base,DRL-VNS,7,3,5,347.3173,347.7063,345.0582,2.2591,0.0,5.0,4.99,8437,3,0,0,0.9907,0,0,0,0,0,0
main,CSDVRP-M-n30-s5,M,30,5,base,ALNS+,2,,10,1119.8883,1247.2838,1084.6448,5.2435,30.0,10.0,10.031,4731,10,1,2,1.0,0,0,0,0,0,0
main,CSDVRP-M-n30-s2,M,30,2,base,DRL-ALNS,6,2,10,959.5887,1162.4183,896.5476,3.0411,60.0,10.0,9.997,3344,9,4,4,1.0,0,0,0,0,0,0
main,CSDVRP-M-n30-s3,M,30,3,base,ALNS+,2,,10,981.4303,1099.7766,963.276,3.1544,15.0,10.0,10.032,4767,10,1,1,1.0,0,0,0,0,0,0
exact,CSDVRP-S-n6-s5,S,6,5,base,ALNS+,1,,5,347.3173,347.7063,345.0582,2.2591,0.0,5.0,5.011,22179,3,0,0,0.9907,0,0,0,0,0,0
main,CSDVRP-M-n50-s0,M,50,0,base,Random-9,4,,15,1716.3192,1986.2853,1708.8212,7.498,0.0,15.0,15.051,1889,16,0,0,0.997,0,0,0,0,0,0
exact,CSDVRP-S-n10-s5,S,10,5,base,VNS-9,6,,5,454.5993,485.8354,450.6688,3.9305,0.0,5.0,5.007,12961,3,0,0,0.956,0,0,0,0,0,0
exact,CSDVRP-S-n12-s3,S,12,3,base,DRL-ALNS,2,3,5,522.4878,589.3086,503.6872,3.8005,15.0,5.0,5.03,5369,4,1,1,1.0,0,0,0,0,0,0
exact,CSDVRP-S-n8-s1,S,8,1,base,DRL-ALNS,4,5,5,335.8429,376.3954,333.6723,2.1706,0.0,5.0,5.061,6730,3,0,0,0.9073,0,0,0,0,0,0
exact,CSDVRP-S-n12-s4,S,12,4,base,Roulette-9,6,,5,487.5063,536.3904,484.4937,3.0126,0.0,5.0,5.012,11056,4,0,0,0.9867,0,0,0,0,0,0
exact,CSDVRP-S-n12-s2,S,12,2,base,Roulette-9,8,,5,460.175,518.4642,458.0808,2.0942,0.0,5.0,5.015,13477,4,0,0,0.998,0,0,0,0,0,0
main,CSDVRP-M-n50-s4,M,50,4,base,VNS-9,1,,15,1648.3928,1919.2804,1642.0919,6.3008,0.0,15.0,15.015,1896,17,0,0,0.995,0,0,0,0,0,0
exact,CSDVRP-S-n6-s1,S,6,1,base,Roulette-9,0,,5,341.7876,362.2464,340.1093,1.6783,0.0,5.0,5.011,21140,3,0,0,0.926,0,0,0,0,0,0
main,CSDVRP-S-n15-s3,S,15,3,base,VNS-9,4,,5,601.4006,692.2972,597.8561,3.5445,0.0,5.0,4.999,7027,6,0,0,0.998,0,0,0,0,0,0
main,CSDVRP-S-n20-s0,S,20,0,base,Roulette-9,6,,6,756.2207,835.2978,752.4896,3.7311,0.0,6.0,6.001,4951,7,0,0,0.9987,0,0,0,0,0,0
main,CSDVRP-S-n20-s2,S,20,2,base,DRL-ALNS,6,2,6,678.4047,732.8183,673.7857,4.619,0.0,6.0,5.995,3422,7,0,0,0.9933,0,0,0,0,0,0
main,CSDVRP-L-n100-s4,L,100,4,base,DRL-ALNS,9,5,35,3043.7533,3371.4529,2970.1707,13.5826,60.0,35.0,35.067,495,31,3,4,1.0,0,0,0,0,0,0
main,CSDVRP-S-n20-s0,S,20,0,base,VNS,9,,6,756.2207,835.2978,752.4896,3.7311,0.0,6.0,5.993,4351,7,0,0,0.9987,0,0,0,0,0,0
main,CSDVRP-L-n75-s0,L,75,0,base,Fixed-small,8,,25,2461.9257,2688.4285,2453.4417,8.4841,0.0,25.0,25.076,1935,25,0,0,0.9984,0,0,0,0,0,0
main,CSDVRP-L-n75-s4,L,75,4,base,VNS-9,4,,25,2207.8614,2460.454,2200.6658,7.1956,0.0,25.031,25.106,1044,24,0,0,0.9996,0,0,0,0,0,0
exact,CSDVRP-S-n8-s3,S,8,3,base,ALNS+,5,,5,339.8466,351.7127,337.5902,2.2564,0.0,5.0,5.013,16254,3,0,0,0.9567,0,0,0,0,0,0
main,CSDVRP-S-n15-s4,S,15,4,base,ALNS+,2,,5,606.3303,624.2332,601.9721,4.3582,0.0,5.0,5.014,8015,5,0,0,0.9993,0,0,0,0,0,0
main,CSDVRP-S-n15-s3,S,15,3,base,DRL-ALNS,6,2,5,601.7995,692.2972,597.8561,3.9435,0.0,5.0,5.014,4665,6,0,0,0.998,0,0,0,0,0,0
main,CSDVRP-M-n30-s5,M,30,5,base,ALNS+,8,,10,1119.8883,1247.2838,1084.6448,5.2435,30.0,10.0,10.015,4667,10,1,2,1.0,0,0,0,0,0,0
exact,CSDVRP-S-n6-s5,S,6,5,base,VNS-9,7,,5,347.3173,347.7063,345.0582,2.2591,0.0,5.0,5.028,24911,3,0,0,0.9907,0,0,0,0,0,0
main,CSDVRP-S-n20-s3,S,20,3,base,Random-9,1,,6,691.2399,797.0264,687.1116,4.1284,0.0,6.0,5.998,5179,7,0,0,0.9707,0,0,0,0,0,0
main,CSDVRP-L-n75-s5,L,75,5,base,DRL-VNS,9,5,25,2088.5603,2327.4464,2079.5751,8.9852,0.0,25.0,25.03,1066,22,0,0,0.9984,0,0,0,0,0,0
main,CSDVRP-L-n100-s0,L,100,0,base,Roulette-9,4,,35,3073.5527,3458.8862,3031.5391,12.0136,30.0,35.047,35.185,817,31,1,2,1.0,0,0,0,0,0,0
main,CSDVRP-M-n30-s3,M,30,3,base,Random-9,4,,10,970.8464,1099.7766,968.1897,2.6567,0.0,10.0,9.995,3703,10,0,0,0.9975,0,0,0,0,0,0
main,CSDVRP-S-n15-s1,S,15,1,base,VNS-9,3,,5,599.4153,675.8866,596.1341,3.2813,0.0,5.0,5.012,6844,6,0,0,0.9,0,0,0,0,0,0
main,CSDVRP-L-n100-s0,L,100,0,base,Fixed-small,3,,35,3065.4168,3458.8862,3023.1309,12.2859,30.0,35.031,35.157,1221,31,1,2,1.0,0,0,0,0,0,0
main,CSDVRP-M-n50-s0,M,50,0,base,Marginal-9,0,1,15,1711.6063,1986.2853,1704.3668,7.2395,0.0,15.0,15.03,1969,16,0,0,0.994,0,0,0,0,0,0
main,CSDVRP-XL-n150-s2,XL,150,2,base,DRL-ALNS,7,3,50,4222.9559,4545.4892,4207.0722,15.8837,0.0,50.156,50.262,768,48,0,0,1.0,0,0,0,0,0,0
exact,CSDVRP-S-n10-s3,S,10,3,base,Random-9,8,,5,398.3934,456.2198,394.9219,3.4715,0.0,5.0,4.995,15478,3,0,0,0.9427,0,0,0,0,0,0
main,CSDVRP-L-n75-s5,L,75,5,base,Marginal-9,7,3,25,2097.0357,2327.4464,2089.6605,7.3752,0.0,25.0,25.045,1257,23,0,0,1.0,0,0,0,0,0,0
main,CSDVRP-L-n100-s0,L,100,0,base,Fixed-small,8,,35,3080.5302,3458.8862,3024.4397,11.0905,45.0,35.0,35.101,1361,31,2,3,1.0,0,0,0,0,0,0
main,CSDVRP-M-n50-s1,M,50,1,base,VNS-9,8,,15,1529.0609,1718.5004,1508.2411,5.8199,15.0,15.0,15.052,2096,15,1,1,1.0,0,0,0,0,0,0
main,CSDVRP-M-n30-s0,M,30,0,base,DRL-ALNS,7,3,10,1106.5518,1303.6377,1100.755,5.7967,0.0,10.0,10.061,3071,11,0,0,0.997,0,0,0,0,0,0
exact,CSDVRP-S-n12-s3,S,12,3,base,VNS-9,9,,5,522.4878,589.3086,503.6872,3.8005,15.0,5.0,5.012,12698,4,1,1,1.0,0,0,0,0,0,0
main,CSDVRP-L-n75-s2,L,75,2,base,VNS-9,7,,25,2110.1987,2442.0216,2071.3273,8.8714,30.0,25.016,25.147,1311,22,2,2,1.0,0,0,0,0,0,0
exact,CSDVRP-S-n12-s2,S,12,2,base,VNS,6,,5,460.175,518.4642,458.0808,2.0942,0.0,5.0,4.989,11881,4,0,0,0.998,0,0,0,0,0,0
main,CSDVRP-S-n20-s4,S,20,4,base,Roulette-9,5,,6,719.4697,798.0501,715.5041,3.9656,0.0,6.0,6.062,5012,7,0,0,0.986,0,0,0,0,0,0
main,CSDVRP-L-n75-s4,L,75,4,base,Fixed-small,6,,25,2201.3415,2460.454,2194.5079,6.8336,0.0,25.0,25.038,1885,24,0,0,0.998,0,0,0,0,0,0
main,CSDVRP-L-n100-s5,L,100,5,base,Fixed-small,1,,35,2663.2859,3154.3549,2548.748,9.5379,105.0,35.016,35.356,1410,30,4,7,1.0,0,0,0,0,0,0
exact,CSDVRP-S-n8-s2,S,8,2,base,Random-9,9,,5,344.8888,398.3755,342.4078,2.481,0.0,5.0,5.005,19426,3,0,0,0.8753,0,0,0,0,0,0
exact,CSDVRP-S-n6-s5,S,6,5,base,Marginal-9,0,1,5,347.3173,347.7063,345.0582,2.2591,0.0,5.0,5.092,26188,3,0,0,0.9907,0,0,0,0,0,0
main,CSDVRP-XL-n150-s0,XL,150,0,base,Marginal-9,2,3,50,4396.3872,5021.4451,4323.3249,13.0623,60.0,50.031,50.157,1890,47,2,4,1.0,0,0,0,0,0,0
main,CSDVRP-S-n15-s2,S,15,2,base,DRL-ALNS,9,5,5,604.4369,645.109,602.0225,2.4144,0.0,5.0,5.072,4278,6,0,0,0.9953,0,0,0,0,0,0
exact,CSDVRP-S-n8-s2,S,8,2,base,Random-9,0,,5,344.8888,398.3755,342.4078,2.481,0.0,5.0,5.014,19415,3,0,0,0.8753,0,0,0,0,0,0
main,CSDVRP-S-n20-s0,S,20,0,base,Random-9,7,,6,756.3441,835.2978,752.4896,3.8544,0.0,6.0,5.998,5493,7,0,0,0.9987,0,0,0,0,0,0
main,CSDVRP-XL-n150-s4,XL,150,4,base,Roulette-9,9,,50,3972.7416,4802.2805,3899.4275,13.3141,60.0,50.016,50.322,1913,46,4,4,1.0,0,0,0,0,0,0
exact,CSDVRP-S-n10-s5,S,10,5,base,VNS-9,0,,5,454.5993,485.8354,450.6688,3.9305,0.0,5.0,5.003,14502,3,0,0,0.956,0,0,0,0,0,0
main,CSDVRP-M-n50-s4,M,50,4,base,ALNS+,1,,15,1711.5568,1919.2804,1629.0322,7.5246,75.0,15.0,15.045,1912,16,4,5,1.0,0,0,0,0,0,0
exact,CSDVRP-S-n6-s2,S,6,2,base,DRL-VNS,7,3,5,330.7872,334.9047,328.2873,2.4999,0.0,5.0,4.995,8341,3,0,0,0.8567,0,0,0,0,0,0
case,CSDVRP-CS-Riyadh,case,30,0,base,ALNS+,7,,30,425.2586,711.0291,419.4874,5.7712,0.0,30.0,30.044,15414,4,0,0,0.964,0,0,0,0,0,0
main,CSDVRP-L-n75-s1,L,75,1,base,Fixed-small,2,,25,2097.9943,2408.8056,2046.1034,6.8908,45.0,25.0,25.036,2391,23,2,3,1.0,0,0,0,0,0,0
main,CSDVRP-XL-n150-s3,XL,150,3,base,Fixed-small,2,,50,3822.4949,4237.9876,3808.9543,13.5405,0.0,50.0,50.279,2734,44,0,0,0.9993,0,0,0,0,0,0
exact,CSDVRP-S-n10-s3,S,10,3,base,Roulette-9,8,,5,398.3226,456.2198,394.9219,3.4007,0.0,5.0,4.991,15492,3,0,0,0.9427,0,0,0,0,0,0
exact,CSDVRP-S-n6-s1,S,6,1,base,Random-9,2,,5,341.7876,362.2464,340.1093,1.6783,0.0,5.0,5.031,24726,3,0,0,0.926,0,0,0,0,0,0
exact,CSDVRP-S-n10-s4,S,10,4,base,DRL-VNS,8,4,5,387.4582,460.8567,384.9244,2.5338,0.0,5.0,5.012,8072,3,0,0,0.98,0,0,0,0,0,0
exact,CSDVRP-S-n8-s4,S,8,4,base,DRL-VNS,6,2,5,359.1905,397.2233,357.0731,2.1174,0.0,5.0,5.028,7990,3,0,0,0.8793,0,0,0,0,0,0
exact,CSDVRP-S-n6-s4,S,6,4,base,Random-9,9,,5,307.3738,316.7228,305.135,2.2389,0.0,5.0,5.0,21860,3,0,0,0.906,0,0,0,0,0,0
main,CSDVRP-S-n15-s2,S,15,2,base,Random-9,9,,5,604.4369,645.109,602.0225,2.4144,0.0,5.0,5.091,7589,6,0,0,0.9953,0,0,0,0,0,0
main,CSDVRP-M-n50-s4,M,50,4,base,Random-9,9,,15,1641.0197,1919.2804,1619.6874,6.3322,15.0,15.0,15.11,1855,16,1,1,1.0,0,0,0,0,0,0
main,CSDVRP-L-n75-s2,L,75,2,base,DRL-VNS,3,4,25,2106.481,2442.0216,2097.3881,9.0929,0.0,25.0,25.052,1247,22,0,0,0.9992,0,0,0,0,0,0
main,CSDVRP-L-n75-s5,L,75,5,base,Fixed-small,5,,25,2094.204,2327.4464,2087.0905,7.1136,0.0,25.0,25.018,2149,23,0,0,0.9992,0,0,0,0,0,0
main,CSDVRP-S-n15-s3,S,15,3,base,DRL-VNS,6,2,5,613.8658,692.2972,595.8443,3.0215,15.0,5.0,5.012,5904,5,1,1,1.0,0,0,0,0,0,0
main,CSDVRP-M-n30-s1,M,30,1,base,Random-9,3,,10,1031.4688,1231.1888,1027.1043,4.3646,0.0,10.0,10.03,3590,10,0,0,0.98,0,0,0,0,0,0
main,CSDVRP-S-n20-s2,S,20,2,base,VNS-9,2,,6,670.1283,732.8183,667.0092,3.1191,0.0,6.0,6.045,5412,7,0,0,0.9933,0,0,0,0,0,0
exact,CSDVRP-S-n12-s1,S,12,1,base,VNS,1,,5,511.4838,602.7068,507.9062,3.5776,0.0,5.0,4.998,9557,4,0,0,0.994,0,0,0,0,0,0
exact,CSDVRP-S-n10-s2,S,10,2,base,ALNS+,5,,5,386.2368,436.4179,383.4745,2.7622,0.0,5.0,5.014,18309,3,0,0,0.9893,0,0,0,0,0,0
main,CSDVRP-L-n100-s0,L,100,0,base,Roulette-9,5,,35,3040.2286,3458.8862,3028.0621,12.1665,0.0,35.0,35.032,948,31,0,0,0.9988,0,0,0,0,0,0
exact,CSDVRP-S-n12-s3,S,12,3,base,Random-9,6,,5,522.4878,589.3086,503.6872,3.8005,15.0,5.0,4.995,13300,4,1,1,1.0,0,0,0,0,0,0
main,CSDVRP-M-n50-s4,M,50,4,base,VNS,6,,15,1666.5777,1919.2804,1660.114,6.4637,0.0,15.0,15.141,3228,16,0,0,1.0,0,0,0,0,0,0
exact,CSDVRP-S-n10-s5,S,10,5,base,Fixed-small,3,,5,454.5993,485.8354,450.6688,3.9305,0.0,5.0,5.027,16191,3,0,0,0.956,0,0,0,0,0,0
main,CSDVRP-L-n75-s4,L,75,4,base,VNS,8,,25,2214.5575,2460.454,2191.1223,8.4352,15.0,25.0,25.129,2110,24,1,1,1.0,0,0,0,0,0,0
main,CSDVRP-M-n50-s0,M,50,0,base,DRL-VNS,2,3,15,1734.8601,1986.2853,1713.0202,6.8399,15.0,15.0,15.046,2354,16,1,1,0.9855,0,0,0,0,0,0
exact,CSDVRP-S-n8-s4,S,8,4,base,VNS-9,8,,5,359.1905,397.2233,357.0731,2.1174,0.0,5.0,5.005,20835,3,0,0,0.8793,0,0,0,0,0,0
main,CSDVRP-L-n100-s1,L,100,1,base,Marginal-9,7,3,35,2644.8389,3146.4881,2634.7992,10.0397,0.0,35.0,35.074,1028,29,0,0,0.9996,0,0,0,0,0,0
main,CSDVRP-L-n100-s4,L,100,4,base,DRL-VNS,9,5,35,2964.6189,3371.4529,2922.5729,12.046,30.0,35.016,35.112,915,31,1,2,1.0,0,0,0,0,0,0
main,CSDVRP-L-n75-s4,L,75,4,base,Roulette-9,1,,25,2201.6498,2460.454,2194.5079,7.1418,0.0,25.047,25.171,1475,24,0,0,0.998,0,0,0,0,0,0
exact,CSDVRP-S-n6-s2,S,6,2,base,ALNS+,5,,5,330.2083,334.9047,328.2873,1.921,0.0,5.0,4.995,23272,3,0,0,0.8567,0,0,0,0,0,0
main,CSDVRP-S-n15-s0,S,15,0,base,ALNS+,7,,5,632.1187,666.3141,627.0923,5.0263,0.0,5.0,5.013,10740,5,0,0,0.9967,0,0,0,0,0,0
main,CSDVRP-S-n15-s4,S,15,4,base,DRL-ALNS,1,2,5,602.9731,624.2332,584.1074,3.8657,15.0,5.0,5.014,5784,5,1,1,1.0,0,0,0,0,0,0
main,CSDVRP-L-n100-s0,L,100,0,base,DRL-VNS,4,5,35,3080.4524,3458.8862,3037.3129,13.1396,30.0,35.0,35.163,889,31,1,2,1.0,0,0,0,0,0,0
exact,CSDVRP-S-n6-s5,S,6,5,base,VNS-9,6,,5,347.3173,347.7063,345.0582,2.2591,0.0,5.0,4.989,32058,3,0,0,0.9907,0,0,0,0,0,0
main,CSDVRP-L-n75-s0,L,75,0,base,DRL-VNS,1,2,25,2437.3049,2688.4285,2413.3424,8.9624,15.0,25.016,25.095,1510,24,1,1,1.0,0,0,0,0,0,0
exact,CSDVRP-S-n10-s5,S,10,5,base,Marginal-9,0,1,5,454.5993,485.8354,450.6688,3.9305,0.0,5.0,5.041,15975,3,0,0,0.956,0,0,0,0,0,0
exact,CSDVRP-S-n10-s4,S,10,4,base,Fixed-small,1,,5,387.4582,460.8567,384.9244,2.5338,0.0,5.0,4.999,23184,3,0,0,0.98,0,0,0,0,0,0
main,CSDVRP-L-n75-s1,L,75,1,base,DRL-VNS,7,3,25,2093.2945,2408.8056,2071.3163,6.9781,15.0,25.016,25.086,1574,23,1,1,1.0,0,0,0,0,0,0
exact,CSDVRP-S-n6-s3,S,6,3,base,VNS,4,,5,230.2731,253.5784,228.5871,1.686,0.0,5.0,5.018,37434,2,0,0,0.9873,0,0,0,0,0,0
main,CSDVRP-L-n75-s1,L,75,1,base,Fixed-small,5,,25,2095.4348,2408.8056,2044.3617,6.073,45.0,25.0,25.075,2493,23,3,3,1.0,0,0,0,0,0,0
main,CSDVRP-L-n75-s3,L,75,3,base,Roulette-9,1,,25,2116.3202,2332.9982,2034.9094,6.4108,75.0,25.0,25.068,1589,23,3,5,1.0,0,0,0,0,0,0
main,CSDVRP-L-n75-s2,L,75,2,base,DRL-VNS,6,2,25,2103.5178,2442.0216,2093.8568,9.661,0.0,25.0,25.042,1550,23,0,0,0.9936,0,0,0,0,0,0
main,CSDVRP-M-n50-s5,M,50,5,base,Marginal-9,8,4,15,1612.4171,1904.3598,1603.3995,9.0176,0.0,15.0,15.041,2631,15,0,0,0.9985,0,0,0,0,0,0
main,CSDVRP-L-n75-s1,L,75,1,base,DRL-VNS,2,3,25,2115.6892,2408.8056,2049.2401,6.4491,60.0,25.0,25.168,1491,23,2,4,1.0,0,0,0,0,0,0
exact,CSDVRP-S-n8-s1,S,8,1,base,Random-9,0,,5,335.8429,376.3954,333.6723,2.1706,0.0,5.0,5.046,23269,3,0,0,0.9073,0,0,0,0,0,0
main,CSDVRP-M-n30-s3,M,30,3,base,Fixed-small,2,,10,981.7094,1099.7766,963.276,3.4334,15.0,10.0,10.155,6476,10,1,1,1.0,0,0,0,0,0,0
exact,CSDVRP-S-n8-s2,S,8,2,base,Roulette-9,0,,5,344.8888,398.3755,342.4078,2.481,0.0,5.0,5.279,21347,3,0,0,0.8753,0,0,0,0,0,0
main,CSDVRP-S-n15-s2,S,15,2,base,VNS,8,,5,604.4369,645.109,602.0225,2.4144,0.0,5.0,5.36,6756,6,0,0,0.9953,0,0,0,0,0,0
main,CSDVRP-M-n30-s5,M,30,5,base,Fixed-small,5,,10,1125.2179,1247.2838,1089.1217,6.0962,30.0,10.0,10.264,6691,10,1,2,1.0,0,0,0,0,0,0
main,CSDVRP-L-n75-s4,L,75,4,base,DRL-ALNS,4,5,25,2263.8879,2460.454,2255.1911,8.6968,0.0,25.0,25.288,964,24,0,0,0.998,0,0,0,0,0,0
exact,CSDVRP-S-n10-s5,S,10,5,base,Fixed-small,7,,5,454.5993,485.8354,450.6688,3.9305,0.0,5.0,5.02,16796,3,0,0,0.956,0,0,0,0,0,0
main,CSDVRP-L-n100-s0,L,100,0,base,VNS,6,,35,3058.8869,3458.8862,3045.3973,13.4896,0.0,35.031,35.298,1002,31,0,0,0.9988,0,0,0,0,0,0
main,CSDVRP-L-n75-s0,L,75,0,base,Fixed-small,7,,25,2461.5452,2688.4285,2453.4417,8.1036,0.0,25.0,25.197,2152,25,0,0,0.9984,0,0,0,0,0,0
exact,CSDVRP-S-n12-s5,S,12,5,base,Marginal-9,7,3,5,521.0601,535.5205,517.6832,3.3769,0.0,5.0,5.092,11747,4,0,0,0.978,0,0,0,0,0,0
exact,CSDVRP-S-n8-s4,S,8,4,base,Roulette-9,0,,5,360.1059,397.2233,357.0731,3.0328,0.0,5.0,5.03,17685,3,0,0,0.8793,0,0,0,0,0,0
exact,CSDVRP-S-n8-s4,S,8,4,base,Random-9,2,,5,359.1905,397.2233,357.0731,2.1174,0.0,5.0,5.077,18787,3,0,0,0.8793,0,0,0,0,0,0
main,CSDVRP-L-n75-s4,L,75,4,base,DRL-VNS,2,3,25,2220.7543,2460.454,2198.381,7.3734,15.0,25.0,25.11,1202,24,1,1,1.0,0,0,0,0,0,0
main,CSDVRP-S-n15-s0,S,15,0,base,DRL-ALNS,1,2,5,632.1793,666.3141,627.0923,5.0869,0.0,5.0,5.025,4480,5,0,0,0.9967,0,0,0,0,0,0
exact,CSDVRP-S-n6-s4,S,6,4,base,DRL-VNS,1,2,5,307.3738,316.7228,305.135,2.2389,0.0,5.0,5.075,8780,3,0,0,0.906,0,0,0,0,0,0
main,CSDVRP-L-n100-s0,L,100,0,base,Random-9,9,,35,3104.9386,3458.8862,3091.932,13.0066,0.0,35.0,35.605,756,32,0,0,0.996,0,0,0,0,0,0
exact,CSDVRP-S-n8-s1,S,8,1,base,DRL-ALNS,3,4,5,335.8429,376.3954,333.6723,2.1706,0.0,5.0,5.157,6966,3,0,0,0.9073,0,0,0,0,0,0
exact,CSDVRP-S-n12-s4,S,12,4,base,Fixed-small,9,,5,487.6731,536.3904,484.4937,3.1794,0.0,5.0,4.998,14557,4,0,0,0.9867,0,0,0,0,0,0
main,CSDVRP-XL-n150-s1,XL,150,1,base,Marginal-9,1,2,50,4240.5982,4744.1508,4194.7584,15.8398,30.0,50.062,55.484,1831,45,2,2,1.0,0,0,0,0,0,0
case,CSDVRP-CS-Riyadh,case,30,0,base,DRL-ALNS,6,2,30,420.8407,711.0291,415.2538,5.5869,0.0,30.0,45.983,9491,4,0,0,0.982,0,0,0,0,0,0
main,CSDVRP-L-n75-s1,L,75,1,base,Fixed-small,9,,25,2108.0785,2408.8056,2041.2009,6.8776,60.0,25.0,50.435,2159,23,3,4,1.0,0,0,0,0,0,0
exact,CSDVRP-S-n6-s4,S,6,4,base,VNS-9,0,,5,307.3738,316.7228,305.135,2.2389,0.0,5.0,9.961,19003,3,0,0,0.906,0,0,0,0,0,0
main,CSDVRP-M-n50-s0,M,50,0,base,Fixed-small,1,,15,1711.2824,1986.2853,1703.9689,7.3136,0.0,15.0,30.27,2934,16,0,0,0.9995,0,0,0,0,0,0
main,CSDVRP-L-n100-s4,L,100,4,base,Marginal-9,3,4,35,2958.9831,3371.4529,2946.25,12.7331,0.0,35.031,70.055,752,31,0,0,0.9996,0,0,0,0,0,0
main,CSDVRP-M-n30-s3,M,30,3,base,VNS-9,0,,10,969.1696,1099.7766,965.9069,3.2627,0.0,10.0,20.403,3924,10,0,0,0.988,0,0,0,0,0,0
main,CSDVRP-M-n50-s1,M,50,1,base,ALNS+,2,,15,1570.7544,1718.5004,1504.0211,6.7333,60.0,15.0,30.14,2031,15,4,4,1.0,0,0,0,0,0,0
main,CSDVRP-M-n30-s3,M,30,3,base,Fixed-small,3,,10,969.4487,1099.7766,965.9069,3.5418,0.0,10.0,19.808,5229,10,0,0,0.988,0,0,0,0,0,0
main,CSDVRP-L-n75-s5,L,75,5,base,ALNS+,3,,25,2188.4542,2327.4464,2178.7606,9.6936,0.0,25.0,50.21,1060,24,0,0,0.9984,0,0,0,0,0,0
main,CSDVRP-L-n100-s0,L,100,0,base,Marginal-9,6,2,35,3081.2672,3458.8862,3068.3281,12.9391,0.0,35.031,70.679,726,31,0,0,0.996,0,0,0,0,0,0
main,CSDVRP-S-n20-s5,S,20,5,base,DRL-ALNS,2,3,6,763.1659,865.7,758.6853,4.4806,0.0,6.0,12.021,3658,7,0,0,0.9947,0,0,0,0,0,0
main,CSDVRP-L-n75-s4,L,75,4,base,DRL-ALNS,9,5,25,2283.3344,2460.454,2274.677,8.6574,0.0,25.031,50.644,738,27,0,0,1.0,0,0,0,0,0,0
exact,CSDVRP-S-n8-s3,S,8,3,base,VNS-9,2,,5,339.8466,351.7127,337.5902,2.2564,0.0,5.0,10.024,17404,3,0,0,0.9567,0,0,0,0,0,0
main,CSDVRP-M-n50-s2,M,50,2,base,Marginal-9,0,1,15,1467.993,1677.4231,1461.7612,6.2318,0.0,15.0,30.024,1716,16,0,0,0.9985,0,0,0,0,0,0
main,CSDVRP-XL-n150-s5,XL,150,5,base,Marginal-9,7,3,50,3923.2849,4291.4727,3875.2545,18.0305,30.0,50.016,100.431,1537,45,1,2,1.0,0,0,0,0,0,0
exact,CSDVRP-S-n6-s5,S,6,5,base,Fixed-small,3,,5,347.3173,347.7063,345.0582,2.2591,0.0,5.0,10.037,23863,3,0,0,0.9907,0,0,0,0,0,0
exact,CSDVRP-S-n12-s1,S,12,1,base,DRL-VNS,9,5,5,511.8119,602.7068,507.9062,3.9057,0.0,5.0,10.075,5229,4,0,0,0.994,0,0,0,0,0,0
main,CSDVRP-S-n15-s4,S,15,4,base,Random-9,4,,5,585.7427,624.2332,582.2908,3.4519,0.0,5.0,10.06,6874,6,0,0,0.9347,0,0,0,0,0,0
main,CSDVRP-XL-n150-s0,XL,150,0,base,DRL-ALNS,3,4,50,4451.5662,5021.4451,4432.2614,19.3048,0.0,50.062,101.004,942,47,0,0,0.9997,0,0,0,0,0,0
