suite,instance,size_class,n,inst_seed,config,method,run,policy_seed,budget_s,Z_best,Z_init,routing,emission,split,cpu_s,wall_s,iters,routes,split_customers,extra_visits,max_util,demand_viol,cap_viol,n1_viol,n2_viol,dup_visit_viol,zero_qty_stops
main,CSDVRP-M-n50-s1,M,50,1,base,Fixed-small,0,,15,1541.7156,1718.5004,1505.9656,5.75,30.0,15.0,15.345,2693,16,2,2,1.0,0,0,0,0,0,0
exact,CSDVRP-S-n10-s4,S,10,4,base,Fixed-small,2,,5,387.4582,460.8567,384.9244,2.5338,0.0,5.0,5.025,16453,3,0,0,0.98,0,0,0,0,0,0
main,CSDVRP-L-n75-s5,L,75,5,base,ALNS+,2,,25,2185.2514,2327.4464,2175.5578,9.6936,0.0,25.0,26.926,863,24,0,0,0.9984,0,0,0,0,0,0
main,CSDVRP-M-n50-s5,M,50,5,base,DRL-ALNS,8,4,15,1694.5376,1904.3598,1610.4326,9.1049,75.0,15.0,15.551,1423,15,5,5,1.0,0,0,0,0,0,0
exact,CSDVRP-S-n8-s5,S,8,5,base,VNS,0,,5,423.2126,427.0275,419.9371,3.2754,0.0,5.0,5.34,11352,3,0,0,0.894,0,0,0,0,0,0
main,CSDVRP-L-n75-s0,L,75,0,base,ALNS+,1,,25,2518.3099,2688.4285,2506.4352,11.8748,0.0,25.031,28.419,673,26,0,0,0.9984,0,0,0,0,0,0
exact,CSDVRP-S-n10-s4,S,10,4,base,ALNS+,9,,5,387.4582,460.8567,384.9244,2.5338,0.0,5.0,5.872,14570,3,0,0,0.98,0,0,0,0,0,0
exact,CSDVRP-S-n8-s5,S,8,5,base,DRL-VNS,4,5,5,423.2126,427.0275,419.9371,3.2754,0.0,5.0,5.771,5312,3,0,0,0.894,0,0,0,0,0,0
exact,CSDVRP-S-n8-s2,S,8,2,base,Fixed-small,6,,5,344.8888,398.3755,342.4078,2.481,0.0,5.0,5.122,15508,3,0,0,0.8753,0,0,0,0,0,0
exact,CSDVRP-S-n10-s5,S,10,5,base,DRL-ALNS,1,2,5,454.5993,485.8354,450.6688,3.9305,0.0,5.0,5.119,4841,3,0,0,0.956,0,0,0,0,0,0
case,CSDVRP-CS-Riyadh,case,30,0,base,VNS-9,6,,30,423.9465,711.0291,419.1337,4.8128,0.0,30.0,30.491,13235,4,0,0,0.982,0,0,0,0,0,0
exact,CSDVRP-S-n6-s1,S,6,1,base,ALNS+,2,,5,341.7876,362.2464,340.1093,1.6783,0.0,5.0,5.122,19122,3,0,0,0.926,0,0,0,0,0,0
main,CSDVRP-XL-n150-s1,XL,150,1,base,DRL-ALNS,2,3,50,4327.6081,4744.1508,4306.8706,20.7376,0.0,50.0,51.378,570,44,0,0,0.9973,0,0,0,0,0,0
main,CSDVRP-XL-n150-s4,XL,150,4,base,ALNS+,0,,50,4241.3899,4802.2805,4228.2556,13.1343,0.0,50.062,51.359,613,55,0,0,0.988,0,0,0,0,0,0
exact,CSDVRP-S-n10-s2,S,10,2,base,Marginal-9,6,2,5,391.6922,436.4179,389.0812,2.6111,0.0,5.0,5.032,15440,3,0,0,0.9787,0,0,0,0,0,0
main,CSDVRP-S-n20-s1,S,20,1,base,Fixed-small,8,,6,785.539,908.0268,780.5879,4.9511,0.0,6.0,6.184,6909,7,0,0,0.9833,0,0,0,0,0,0
exact,CSDVRP-S-n10-s1,S,10,1,base,VNS,6,,5,394.7924,479.2322,392.2685,2.5239,0.0,5.0,5.046,7933,4,0,0,0.9253,0,0,0,0,0,0
main,CSDVRP-M-n50-s5,M,50,5,base,Fixed-small,7,,15,1642.3344,1904.3598,1635.7386,6.5958,0.0,15.0,15.504,2460,16,0,0,1.0,0,0,0,0,0,0
main,CSDVRP-L-n75-s3,L,75,3,base,DRL-VNS,3,4,25,2092.4411,2332.9982,2057.167,5.2741,30.0,25.016,25.512,970,23,2,2,1.0,0,0,0,0,0,0
main,CSDVRP-S-n15-s0,S,15,0,base,Marginal-9,5,1,5,606.5233,666.3141,602.2712,4.2521,0.0,5.0,5.032,6513,5,0,0,0.9927,0,0,0,0,0,0
main,CSDVRP-S-n20-s2,S,20,2,base,ALNS+,6,,6,689.6266,732.8183,671.2586,3.3681,15.0,6.0,6.046,4596,7,1,1,1.0,0,0,0,0,0,0
main,CSDVRP-XL-n150-s5,XL,150,5,base,ALNS+,2,,50,4045.4175,4291.4727,4027.6249,17.7926,0.0,50.078,51.577,611,49,0,0,0.999,0,0,0,0,0,0
main,CSDVRP-L-n100-s0,L,100,0,base,ALNS+,8,,35,3229.0283,3458.8862,3153.2716,15.7567,60.0,35.0,36.274,431,31,2,4,1.0,0,0,0,0,0,0
exact,CSDVRP-S-n12-s5,S,12,5,base,ALNS+,2,,5,521.0601,535.5205,517.6832,3.3769,0.0,5.0,5.295,9040,4,0,0,0.978,0,0,0,0,0,0
main,CSDVRP-S-n15-s0,S,15,0,base,VNS-9,1,,5,622.621,666.3141,603.3505,4.2704,15.0,5.0,5.281,5975,5,1,1,1.0,0,0,0,0,0,0
main,CSDVRP-M-n30-s0,M,30,0,base,ALNS+,1,,10,1101.1526,1303.6377,1095.1716,5.981,0.0,10.0,10.762,2906,11,0,0,0.997,0,0,0,0,0,0
main,CSDVRP-L-n100-s4,L,100,4,base,VNS-9,7,,35,2953.3681,3371.4529,2940.7348,12.6333,0.0,35.016,35.744,657,31,0,0,0.996,0,0,0,0,0,0
main,CSDVRP-L-n100-s1,L,100,1,base,Random-9,3,,35,2650.0715,3146.4881,2637.0755,12.9959,0.0,35.0,35.846,670,29,0,0,0.998,0,0,0,0,0,0
exact,CSDVRP-S-n12-s4,S,12,4,base,VNS-9,8,,5,487.5063,536.3904,484.4937,3.0126,0.0,5.0,5.121,10118,4,0,0,0.9867,0,0,0,0,0,0
main,CSDVRP-S-n20-s1,S,20,1,base,Marginal-9,7,3,6,785.2664,908.0268,780.5879,4.6785,0.0,6.0,6.077,4642,7,0,0,0.9833,0,0,0,0,0,0
exact,CSDVRP-S-n8-s1,S,8,1,base,VNS,9,,5,335.8429,376.3954,333.6723,2.1706,0.0,5.0,5.059,14969,3,0,0,0.9073,0,0,0,0,0,0
main,CSDVRP-M-n50-s3,M,50,3,base,Marginal-9,5,1,15,1399.2446,1746.7745,1392.5811,6.6635,0.0,15.0,15.219,1665,15,0,0,0.994,0,0,0,0,0,0
main,CSDVRP-M-n30-s4,M,30,4,base,ALNS+,8,,10,928.3228,1151.8487,923.7214,4.6014,0.0,10.0,10.076,3299,10,0,0,0.9885,0,0,0,0,0,0
exact,CSDVRP-S-n6-s2,S,6,2,base,Random-9,9,,5,330.7872,334.9047,328.2873,2.4999,0.0,5.0,5.105,15286,3,0,0,0.8567,0,0,0,0,0,0
exact,CSDVRP-S-n10-s2,S,10,2,base,VNS-9,7,,5,386.2368,436.4179,383.4745,2.7622,0.0,5.0,5.061,11574,3,0,0,0.9893,0,0,0,0,0,0
main,CSDVRP-L-n75-s2,L,75,2,base,VNS,2,,25,2110.4215,2442.0216,2099.7094,10.712,0.0,25.0,28.516,1308,22,0,0,0.9992,0,0,0,0,0,0
main,CSDVRP-S-n20-s1,S,20,1,base,DRL-ALNS,1,2,6,795.4406,908.0268,790.2337,5.2069,0.0,6.0,6.556,2433,7,0,0,0.9807,0,0,0,0,0,0
main,CSDVRP-L-n100-s5,L,100,5,base,DRL-ALNS,9,5,35,2752.4857,3154.3549,2736.2779,16.2077,0.0,35.078,37.391,388,32,0,0,0.996,0,0,0,0,0,0
exact,CSDVRP-S-n6-s1,S,6,1,base,Marginal-9,4,5,5,341.7876,362.2464,340.1093,1.6783,0.0,5.0,5.205,16330,3,0,0,0.926,0,0,0,0,0,0
main,CSDVRP-L-n100-s1,L,100,1,base,Roulette-9,1,,35,2722.9042,3146.4881,2667.2333,10.6709,45.0,35.016,38.379,674,29,2,3,1.0,0,0,0,0,0,0
main,CSDVRP-S-n15-s2,S,15,2,base,VNS-9,3,,5,604.4369,645.109,602.0225,2.4144,0.0,5.0,5.147,5592,6,0,0,0.9953,0,0,0,0,0,0
exact,CSDVRP-S-n6-s4,S,6,4,base,Marginal-9,2,3,5,307.1905,316.7228,305.135,2.0555,0.0,5.0,5.637,14930,3,0,0,0.906,0,0,0,0,0,0
main,CSDVRP-M-n30-s3,M,30,3,base,Marginal-9,1,2,10,969.1696,1099.7766,965.9069,3.2627,0.0,10.0,10.61,3358,10,0,0,0.988,0,0,0,0,0,0
exact,CSDVRP-S-n12-s1,S,12,1,base,Fixed-small,3,,5,546.9826,602.7068,512.8082,4.1744,30.0,5.0,5.227,8323,4,2,2,1.0,0,0,0,0,0,0
main,CSDVRP-L-n75-s4,L,75,4,base,Marginal-9,7,3,25,2204.2815,2460.454,2197.3744,6.9072,0.0,25.0,26.491,881,24,0,0,0.998,0,0,0,0,0,0
case,CSDVRP-CS-Riyadh,case,30,0,base,Fixed-small,2,,30,418.9315,711.0291,414.1168,4.8147,0.0,30.0,32.895,18832,4,0,0,0.99,0,0,0,0,0,0
main,CSDVRP-XL-n150-s4,XL,150,4,base,ALNS+,6,,50,4114.2138,4802.2805,4096.2686,17.9453,0.0,50.062,54.554,542,49,0,0,0.9993,0,0,0,0,0,0
exact,CSDVRP-S-n10-s4,S,10,4,base,Marginal-9,2,3,5,387.4582,460.8567,384.9244,2.5338,0.0,5.0,5.204,12437,3,0,0,0.98,0,0,0,0,0,0
exact,CSDVRP-S-n12-s1,S,12,1,base,Marginal-9,3,4,5,511.4838,602.7068,507.9062,3.5776,0.0,5.0,5.53,8247,4,0,0,0.994,0,0,0,0,0,0
exact,CSDVRP-S-n10-s4,S,10,4,base,DRL-ALNS,5,1,5,387.4582,460.8567,384.9244,2.5338,0.0,5.0,5.212,5426,3,0,0,0.98,0,0,0,0,0,0
main,CSDVRP-M-n30-s5,M,30,5,base,VNS-9,0,,10,1128.6575,1247.2838,1123.3823,5.2752,0.0,10.0,10.803,1298,10,0,0,0.9905,0,0,0,0,0,0
exact,CSDVRP-S-n10-s4,S,10,4,base,Marginal-9,0,1,5,387.4582,460.8567,384.9244,2.5338,0.0,5.0,5.143,6857,3,0,0,0.98,0,0,0,0,0,0
main,CSDVRP-XL-n150-s2,XL,150,2,base,DRL-VNS,0,1,50,4079.3219,4545.4892,4063.5351,15.7867,0.0,50.047,51.109,1024,45,0,0,1.0,0,0,0,0,0,0
main,CSDVRP-L-n75-s3,L,75,3,base,Fixed-small,5,,25,2102.3202,2332.9982,2095.7516,6.5687,0.0,25.0,25.364,1153,24,0,0,0.998,0,0,0,0,0,0
main,CSDVRP-XL-n150-s3,XL,150,3,base,VNS-9,5,,50,3846.8534,4237.9876,3831.0542,15.7993,0.0,50.031,51.974,1102,44,0,0,0.9977,0,0,0,0,0,0
exact,CSDVRP-S-n12-s4,S,12,4,base,DRL-ALNS,0,1,5,487.5063,536.3904,484.4937,3.0126,0.0,5.0,5.078,3553,4,0,0,0.9867,0,0,0,0,0,0
exact,CSDVRP-S-n6-s2,S,6,2,base,ALNS+,1,,5,330.2083,334.9047,328.2873,1.921,0.0,5.0,5.011,12311,3,0,0,0.8567,0,0,0,0,0,0
main,CSDVRP-S-n20-s1,S,20,1,base,ALNS+,5,,6,809.1585,908.0268,789.1391,5.0194,15.0,6.0,6.078,3295,7,1,1,1.0,0,0,0,0,0,0
exact,CSDVRP-S-n10-s5,S,10,5,base,VNS-9,4,,5,454.5993,485.8354,450.6688,3.9305,0.0,5.0,5.027,9081,3,0,0,0.956,0,0,0,0,0,0
exact,CSDVRP-S-n10-s3,S,10,3,base,Random-9,5,,5,398.3934,456.2198,394.9219,3.4715,0.0,5.0,5.028,10081,3,0,0,0.9427,0,0,0,0,0,0
main,CSDVRP-S-n20-s3,S,20,3,base,ALNS+,9,,6,725.1336,797.0264,690.0476,5.086,30.0,6.0,6.56,3527,7,2,2,1.0,0,0,0,0,0,0
main,CSDVRP-S-n15-s4,S,15,4,base,Fixed-small,8,,5,605.9389,624.2332,601.9721,3.9668,0.0,5.0,5.09,4261,5,0,0,0.9993,0,0,0,0,0,0
main,CSDVRP-M-n30-s1,M,30,1,base,VNS-9,8,,10,1049.5643,1231.1888,1030.777,3.7874,15.0,10.0,10.307,1771,10,1,1,1.0,0,0,0,0,0,0
exact,CSDVRP-S-n12-s1,S,12,1,base,DRL-ALNS,6,2,5,511.4838,602.7068,507.9062,3.5776,0.0,5.0,5.074,3450,4,0,0,0.994,0,0,0,0,0,0
main,CSDVRP-L-n100-s4,L,100,4,base,Fixed-small,4,,35,2954.8923,3371.4529,2914.0518,10.8405,30.0,35.016,35.157,828,31,1,2,1.0,0,0,0,0,0,0
main,CSDVRP-XL-n150-s4,XL,150,4,base,VNS-9,4,,50,3946.1855,4802.2805,3841.4263,14.7592,90.0,50.016,52.984,1065,46,4,6,1.0,0,0,0,0,0,0
main,CSDVRP-S-n20-s2,S,20,2,base,Fixed-small,9,,6,670.145,732.8183,667.0092,3.1358,0.0,6.0,7.5,2325,7,0,0,0.9933,0,0,0,0,0,0
exact,CSDVRP-S-n6-s1,S,6,1,base,Random-9,1,,5,341.7876,362.2464,340.1093,1.6783,0.0,5.0,5.367,10780,3,0,0,0.926,0,0,0,0,0,0
main,CSDVRP-XL-n150-s4,XL,150,4,base,DRL-VNS,5,1,50,3885.793,4802.2805,3842.0624,13.7307,30.0,50.094,51.314,1023,46,2,2,1.0,0,0,0,0,0,0
main,CSDVRP-S-n15-s4,S,15,4,base,Fixed-small,7,,5,605.9389,624.2332,601.9721,3.9668,0.0,5.0,5.036,6701,5,0,0,0.9993,0,0,0,0,0,0
main,CSDVRP-M-n30-s0,M,30,0,base,Roulette-9,4,,10,1110.5416,1303.6377,1091.4559,4.0856,15.0,10.0,10.514,2553,11,1,1,0.997,0,0,0,0,0,0
main,CSDVRP-M-n30-s4,M,30,4,base,DRL-VNS,8,4,10,946.0963,1151.8487,942.0879,4.0085,0.0,10.0,11.592,2075,10,0,0,0.9925,0,0,0,0,0,0
main,CSDVRP-S-n20-s2,S,20,2,base,VNS-9,7,,6,670.121,732.8183,667.0092,3.1118,0.0,6.0,6.118,3183,7,0,0,0.9933,0,0,0,0,0,0
main,CSDVRP-S-n15-s5,S,15,5,base,Random-9,5,,5,666.5148,800.4223,662.7682,3.7467,0.0,5.0,5.044,5712,5,0,0,0.9993,0,0,0,0,0,0
main,CSDVRP-S-n15-s1,S,15,1,base,DRL-ALNS,0,1,5,590.7648,675.8866,586.7939,3.9709,0.0,5.0,5.108,2688,5,0,0,0.9987,0,0,0,0,0,0
main,CSDVRP-S-n15-s4,S,15,4,base,Marginal-9,7,3,5,585.7427,624.2332,582.2908,3.4519,0.0,5.0,5.121,4990,6,0,0,0.9347,0,0,0,0,0,0
main,CSDVRP-XL-n150-s3,XL,150,3,base,Marginal-9,8,4,50,3844.1128,4237.9876,3829.0938,15.019,0.0,50.016,52.264,986,44,0,0,0.9993,0,0,0,0,0,0
main,CSDVRP-M-n30-s3,M,30,3,base,VNS-9,4,,10,969.1696,1099.7766,965.9069,3.2627,0.0,10.0,10.757,2603,10,0,0,0.988,0,0,0,0,0,0
exact,CSDVRP-S-n6-s5,S,6,5,base,VNS,4,,5,347.3173,347.7063,345.0582,2.2591,0.0,5.0,5.059,13687,3,0,0,0.9907,0,0,0,0,0,0
main,CSDVRP-L-n75-s0,L,75,0,base,DRL-VNS,5,1,25,2409.0602,2688.4285,2401.1964,7.8638,0.0,25.031,25.458,736,24,0,0,0.9984,0,0,0,0,0,0
main,CSDVRP-S-n15-s0,S,15,0,base,DRL-ALNS,5,1,5,623.2977,666.3141,603.7658,4.5319,15.0,5.0,5.066,2582,5,1,1,1.0,0,0,0,0,0,0
main,CSDVRP-M-n30-s5,M,30,5,base,Marginal-9,5,1,10,1123.6249,1247.2838,1118.3425,5.2824,0.0,10.0,10.546,2044,10,0,0,0.9895,0,0,0,0,0,0
main,CSDVRP-M-n30-s3,M,30,3,base,Fixed-small,9,,10,969.4487,1099.7766,965.9069,3.5418,0.0,10.0,10.215,3369,10,0,0,0.988,0,0,0,0,0,0
exact,CSDVRP-S-n10-s4,S,10,4,base,DRL-VNS,1,2,5,387.4582,460.8567,384.9244,2.5338,0.0,5.0,5.159,4663,3,0,0,0.98,0,0,0,0,0,0
exact,CSDVRP-S-n6-s5,S,6,5,base,Fixed-small,6,,5,347.3173,347.7063,345.0582,2.2591,0.0,5.0,5.076,12915,3,0,0,0.9907,0,0,0,0,0,0
exact,CSDVRP-S-n10-s2,S,10,2,base,DRL-ALNS,1,2,5,386.2368,436.4179,383.4745,2.7622,0.0,5.0,5.37,4138,3,0,0,0.9893,0,0,0,0,0,0
case,CSDVRP-CS-Riyadh,case,30,0,base,Fixed-small,0,,30,423.9465,711.0291,419.1337,4.8128,0.0,30.0,30.34,14652,4,0,0,0.982,0,0,0,0,0,0
main,CSDVRP-S-n20-s4,S,20,4,base,ALNS+,4,,6,719.79,798.0501,715.8422,3.9478,0.0,6.0,6.076,4429,7,0,0,0.986,0,0,0,0,0,0
exact,CSDVRP-S-n10-s5,S,10,5,base,DRL-VNS,6,2,5,454.5993,485.8354,450.6688,3.9305,0.0,5.0,5.01,4342,3,0,0,0.956,0,0,0,0,0,0
case,CSDVRP-CS-Riyadh,case,30,0,base,DRL-ALNS,8,4,30,420.3688,711.0291,414.0897,6.279,0.0,30.0,30.517,7698,4,0,0,0.982,0,0,0,0,0,0
exact,CSDVRP-S-n12-s5,S,12,5,base,ALNS+,7,,5,521.0601,535.5205,517.6832,3.3769,0.0,5.0,5.101,7406,4,0,0,0.978,0,0,0,0,0,0
exact,CSDVRP-S-n12-s4,S,12,4,base,ALNS+,9,,5,487.5063,536.3904,484.4937,3.0126,0.0,5.0,5.044,7399,4,0,0,0.9867,0,0,0,0,0,0
main,CSDVRP-S-n20-s3,S,20,3,base,VNS-9,0,,6,706.2654,797.0264,687.1154,4.15,15.0,6.0,6.126,2909,7,1,1,0.9707,0,0,0,0,0,0
main,CSDVRP-L-n75-s2,L,75,2,base,DRL-ALNS,8,4,25,2249.8192,2442.0216,2238.8923,10.927,0.0,25.0,25.721,518,25,0,0,0.9908,0,0,0,0,0,0
main,CSDVRP-S-n20-s1,S,20,1,base,VNS-9,0,,6,808.7667,908.0268,789.1391,4.6276,15.0,6.0,6.02,3352,7,1,1,1.0,0,0,0,0,0,0
main,CSDVRP-XL-n150-s1,XL,150,1,base,DRL-ALNS,3,4,50,4481.6785,4744.1508,4467.4611,14.2174,0.0,50.016,50.588,612,52,0,0,0.9993,0,0,0,0,0,0
exact,CSDVRP-S-n8-s1,S,8,1,base,Marginal-9,7,3,5,335.8429,376.3954,333.6723,2.1706,0.0,5.0,5.077,12186,3,0,0,0.9073,0,0,0,0,0,0
main,CSDVRP-L-n100-s2,L,100,2,base,Fixed-small,7,,35,2813.5081,3167.7225,2787.1147,11.3934,15.0,35.016,35.335,943,30,1,1,1.0,0,0,0,0,0,0
main,CSDVRP-L-n75-s1,L,75,1,base,DRL-VNS,9,5,25,2126.9421,2408.8056,2044.1385,7.8036,75.0,25.031,25.193,758,23,4,5,1.0,0,0,0,0,0,0
main,CSDVRP-L-n100-s2,L,100,2,base,Roulette-9,4,,35,2801.4536,3167.7225,2791.2554,10.1982,0.0,35.078,35.855,586,30,0,0,0.9972,0,0,0,0,0,0
main,CSDVRP-S-n15-s4,S,15,4,base,Fixed-small,1,,5,586.0528,624.2332,582.2908,3.762,0.0,5.0,5.087,6108,6,0,0,0.9347,0,0,0,0,0,0
main,CSDVRP-M-n30-s2,M,30,2,base,DRL-VNS,8,4,10,941.7654,1162.4183,938.3163,3.4491,0.0,10.0,10.218,2172,10,0,0,0.9865,0,0,0,0,0,0
main,CSDVRP-M-n50-s3,M,50,3,base,DRL-ALNS,2,3,15,1493.257,1746.7745,1469.8619,8.3951,15.0,15.0,15.429,1043,16,1,1,0.9995,0,0,0,0,0,0
exact,CSDVRP-S-n10-s5,S,10,5,base,Fixed-small,1,,5,454.5993,485.8354,450.6688,3.9305,0.0,5.0,5.202,10123,3,0,0,0.956,0,0,0,0,0,0
main,CSDVRP-XL-n150-s1,XL,150,1,base,VNS,0,,50,4293.6898,4744.1508,4202.3276,16.3622,75.0,50.0,50.529,1003,44,3,5,1.0,0,0,0,0,0,0
case,CSDVRP-CS-Riyadh,case,30,0,base,ALNS+,8,,30,416.4868,711.0291,411.6246,4.8621,0.0,30.0,30.241,12749,4,0,0,0.986,0,0,0,0,0,0
main,CSDVRP-S-n15-s4,S,15,4,base,ALNS+,0,,5,603.4648,624.2332,584.1074,4.3574,15.0,5.0,5.092,5418,5,1,1,1.0,0,0,0,0,0,0
exact,CSDVRP-S-n8-s3,S,8,3,base,Fixed-small,5,,5,339.8466,351.7127,337.5902,2.2564,0.0,5.0,5.105,12998,3,0,0,0.9567,0,0,0,0,0,0
exact,CSDVRP-S-n8-s4,S,8,4,base,DRL-VNS,4,5,5,359.1905,397.2233,357.0731,2.1174,0.0,5.0,5.058,4880,3,0,0,0.8793,0,0,0,0,0,0
main,CSDVRP-L-n100-s0,L,100,0,base,Roulette-9,8,,35,3145.2663,3458.8862,3116.2181,14.0482,15.0,35.062,35.606,479,32,1,1,1.0,0,0,0,0,0,0
main,CSDVRP-XL-n150-s5,XL,150,5,base,VNS-9,6,,50,3938.7136,4291.4727,3891.5503,17.1633,30.0,50.031,50.823,1016,45,1,2,1.0,0,0,0,0,0,0
main,CSDVRP-L-n100-s3,L,100,3,base,VNS-9,9,,35,2726.6117,3095.0715,2714.9244,11.6873,0.0,35.031,35.556,505,31,0,0,1.0,0,0,0,0,0,0
main,CSDVRP-S-n15-s5,S,15,5,base,DRL-VNS,2,3,5,666.5148,800.4223,662.7682,3.7467,0.0,5.0,5.054,3627,5,0,0,0.9993,0,0,0,0,0,0
exact,CSDVRP-S-n6-s1,S,6,1,base,VNS,5,,5,341.7876,362.2464,340.1093,1.6783,0.0,5.0,5.041,14803,3,0,0,0.926,0,0,0,0,0,0
main,CSDVRP-L-n100-s1,L,100,1,base,VNS-9,9,,35,2717.2045,3146.4881,2646.0566,11.1479,60.0,35.0,35.579,572,29,3,4,1.0,0,0,0,0,0,0
main,CSDVRP-S-n20-s5,S,20,5,base,Marginal-9,8,4,6,763.1659,865.7,758.6853,4.4806,0.0,6.0,6.087,3926,7,0,0,0.9947,0,0,0,0,0,0
exact,CSDVRP-S-n6-s4,S,6,4,base,Roulette-9,8,,5,307.3738,316.7228,305.135,2.2389,0.0,5.0,5.029,12294,3,0,0,0.906,0,0,0,0,0,0
main,CSDVRP-L-n75-s0,L,75,0,base,VNS-9,9,,25,2409.9252,2688.4285,2401.1964,8.7288,0.0,25.047,25.306,790,24,0,0,0.9984,0,0,0,0,0,0
case,CSDVRP-CS-Riyadh,case,30,0,base,Fixed-small,5,,30,432.3807,711.0291,426.5787,5.8021,0.0,30.0,31.233,11690,4,0,0,0.984,0,0,0,0,0,0
main,CSDVRP-M-n30-s1,M,30,1,base,DRL-VNS,0,1,10,1032.4823,1231.1888,1027.1043,5.378,0.0,10.0,11.195,1864,10,0,0,0.98,0,0,0,0,0,0
main,CSDVRP-L-n100-s4,L,100,4,base,VNS-9,1,,35,2975.1676,3371.4529,2903.3446,11.8231,60.0,35.047,37.661,499,31,3,4,1.0,0,0,0,0,0,0
main,CSDVRP-M-n50-s0,M,50,0,base,DRL-VNS,6,2,15,1716.4106,1986.2853,1708.8212,7.5894,0.0,15.0,16.16,1184,16,0,0,0.997,0,0,0,0,0,0
main,CSDVRP-S-n20-s0,S,20,0,base,Marginal-9,8,4,6,756.2207,835.2978,752.4896,3.7311,0.0,6.0,6.669,3048,7,0,0,0.9987,0,0,0,0,0,0
exact,CSDVRP-S-n8-s4,S,8,4,base,Random-9,8,,5,359.1905,397.2233,357.0731,2.1174,0.0,5.0,5.401,10929,3,0,0,0.8793,0,0,0,0,0,0
main,CSDVRP-M-n50-s3,M,50,3,base,Roulette-9,8,,15,1398.7831,1746.7745,1392.5811,6.202,0.0,15.0,16.33,1350,15,0,0,0.994,0,0,0,0,0,0
exact,CSDVRP-S-n8-s3,S,8,3,base,VNS,2,,5,339.8466,351.7127,337.5902,2.2564,0.0,5.0,5.01,9376,3,0,0,0.9567,0,0,0,0,0,0
main,CSDVRP-L-n75-s1,L,75,1,base,VNS-9,1,,25,2116.6852,2408.8056,2048.7574,7.9278,60.0,25.0,25.725,720,23,3,4,1.0,0,0,0,0,0,0
main,CSDVRP-M-n50-s1,M,50,1,base,Random-9,8,,15,1518.9279,1718.5004,1513.1913,5.7366,0.0,15.0,15.229,1238,16,0,0,0.994,0,0,0,0,0,0
exact,CSDVRP-S-n8-s2,S,8,2,base,ALNS+,7,,5,344.8888,398.3755,342.4078,2.481,0.0,5.0,5.052,11914,3,0,0,0.8753,0,0,0,0,0,0
exact,CSDVRP-S-n6-s4,S,6,4,base,ALNS+,4,,5,307.1905,316.7228,305.135,2.0555,0.0,5.0,5.026,12909,3,0,0,0.906,0,0,0,0,0,0
main,CSDVRP-XL-n150-s2,XL,150,2,base,DRL-ALNS,6,2,50,4145.7101,4545.4892,4129.6913,16.0189,0.0,50.188,50.655,504,48,0,0,1.0,0,0,0,0,0,0
exact,CSDVRP-S-n10-s4,S,10,4,base,Random-9,4,,5,387.4582,460.8567,384.9244,2.5338,0.0,5.0,4.995,11090,3,0,0,0.98,0,0,0,0,0,0
exact,CSDVRP-S-n12-s2,S,12,2,base,Fixed-small,7,,5,475.9776,518.4642,473.3356,2.642,0.0,5.0,5.044,7829,5,0,0,0.9853,0,0,0,0,0,0
main,CSDVRP-L-n75-s2,L,75,2,base,ALNS+,2,,25,2202.0578,2442.0216,2162.8656,9.1923,30.0,25.016,25.369,587,23,1,2,1.0,0,0,0,0,0,0
exact,CSDVRP-S-n10-s1,S,10,1,base,Random-9,4,,5,394.7924,479.2322,392.2685,2.5239,0.0,5.0,4.984,5659,4,0,0,0.9253,0,0,0,0,0,0
exact,CSDVRP-S-n10-s2,S,10,2,base,Marginal-9,2,3,5,391.6922,436.4179,389.0812,2.6111,0.0,5.0,5.046,11151,3,0,0,0.9787,0,0,0,0,0,0
exact,CSDVRP-S-n10-s1,S,10,1,base,VNS,7,,5,394.7924,479.2322,392.2685,2.5239,0.0,5.0,5.122,5884,4,0,0,0.9253,0,0,0,0,0,0
main,CSDVRP-S-n20-s5,S,20,5,base,Random-9,5,,6,763.1659,865.7,758.6853,4.4806,0.0,6.0,6.06,3611,7,0,0,0.9947,0,0,0,0,0,0
main,CSDVRP-M-n30-s2,M,30,2,base,DRL-ALNS,8,4,10,956.295,1162.4183,892.7685,3.5265,60.0,10.0,10.406,2561,9,4,4,1.0,0,0,0,0,0,0
exact,CSDVRP-S-n10-s5,S,10,5,base,Marginal-9,9,5,5,454.5993,485.8354,450.6688,3.9305,0.0,5.0,5.602,7952,3,0,0,0.956,0,0,0,0,0,0
main,CSDVRP-M-n50-s3,M,50,3,base,Fixed-small,1,,15,1415.5504,1746.7745,1394.2089,6.3414,15.0,15.0,17.063,2287,15,1,1,1.0,0,0,0,0,0,0
main,CSDVRP-L-n100-s4,L,100,4,base,Random-9,6,,35,3005.4359,3371.4529,2961.0249,14.411,30.0,35.062,38.934,454,31,1,2,1.0,0,0,0,0,0,0
main,CSDVRP-XL-n150-s4,XL,150,4,base,VNS,4,,50,3934.4023,4802.2805,3858.5416,15.8607,60.0,50.016,51.022,1018,44,3,4,1.0,0,0,0,0,0,0
exact,CSDVRP-S-n12-s1,S,12,1,base,DRL-VNS,6,2,5,511.4838,602.7068,507.9062,3.5776,0.0,5.0,5.102,3845,4,0,0,0.994,0,0,0,0,0,0
exact,CSDVRP-S-n10-s3,S,10,3,base,ALNS+,6,,5,398.3226,456.2198,394.9219,3.4007,0.0,5.0,5.104,9955,3,0,0,0.9427,0,0,0,0,0,0
exact,CSDVRP-S-n10-s2,S,10,2,base,DRL-VNS,3,4,5,391.6922,436.4179,389.0812,2.6111,0.0,5.0,5.073,4873,3,0,0,0.9787,0,0,0,0,0,0
main,CSDVRP-S-n20-s0,S,20,0,base,DRL-VNS,2,3,6,756.2207,835.2978,752.4896,3.7311,0.0,6.0,6.087,2523,7,0,0,0.9987,0,0,0,0,0,0
main,CSDVRP-L-n75-s4,L,75,4,base,DRL-VNS,6,2,25,2211.0869,2460.454,2202.4531,8.6337,0.0,25.0,25.374,759,24,0,0,0.9996,0,0,0,0,0,0
exact,CSDVRP-S-n8-s3,S,8,3,base,ALNS+,2,,5,339.8466,351.7127,337.5902,2.2564,0.0,5.0,5.181,11326,3,0,0,0.9567,0,0,0,0,0,0
main,CSDVRP-M-n30-s2,M,30,2,base,VNS,7,,10,941.8994,1162.4183,938.9579,2.9414,0.0,10.0,10.076,2589,10,0,0,0.9865,0,0,0,0,0,0
exact,CSDVRP-S-n10-s2,S,10,2,base,Roulette-9,5,,5,386.2368,436.4179,383.4745,2.7622,0.0,5.0,5.043,10397,3,0,0,0.9893,0,0,0,0,0,0
main,CSDVRP-S-n20-s3,S,20,3,base,Fixed-small,8,,6,714.5796,797.0264,695.6625,3.9171,15.0,6.0,6.059,5046,7,1,1,1.0,0,0,0,0,0,0
main,CSDVRP-L-n100-s0,L,100,0,base,DRL-VNS,3,4,35,3140.8664,3458.8862,3128.4221,12.4443,0.0,35.016,35.483,455,31,0,0,0.9996,0,0,0,0,0,0
main,CSDVRP-S-n15-s3,S,15,3,base,Roulette-9,3,,5,601.4006,692.2972,597.8561,3.5445,0.0,5.0,5.024,4758,6,0,0,0.998,0,0,0,0,0,0
exact,CSDVRP-S-n6-s1,S,6,1,base,DRL-ALNS,2,3,5,341.7876,362.2464,340.1093,1.6783,0.0,5.0,5.092,4717,3,0,0,0.926,0,0,0,0,0,0
main,CSDVRP-L-n75-s2,L,75,2,base,VNS,8,,25,2100.7018,2442.0216,2090.8803,9.8215,0.0,25.0,25.264,1136,23,0,0,0.9928,0,0,0,0,0,0
main,CSDVRP-S-n20-s4,S,20,4,base,ALNS+,7,,6,719.4719,798.0501,715.5041,3.9678,0.0,6.0,6.121,4324,7,0,0,0.986,0,0,0,0,0,0
main,CSDVRP-L-n100-s5,L,100,5,base,DRL-ALNS,0,1,35,2722.0193,3154.3549,2707.4798,14.5395,0.0,35.0,35.406,328,33,0,0,0.9988,0,0,0,0,0,0
main,CSDVRP-S-n15-s1,S,15,1,base,Roulette-9,7,,5,599.4153,675.8866,596.1341,3.2813,0.0,5.0,5.04,4317,6,0,0,0.9,0,0,0,0,0,0
main,CSDVRP-L-n100-s5,L,100,5,base,VNS-9,7,,35,2695.2104,3154.3549,2578.8944,11.3161,105.0,35.031,35.434,532,30,4,7,1.0,0,0,0,0,0,0
exact,CSDVRP-S-n12-s2,S,12,2,base,Roulette-9,2,,5,460.175,518.4642,458.0808,2.0942,0.0,5.0,5.105,9109,4,0,0,0.998,0,0,0,0,0,0
main,CSDVRP-L-n100-s4,L,100,4,base,VNS,5,,35,2970.5762,3371.4529,2927.142,13.4342,30.0,35.031,35.378,664,31,1,2,0.9988,0,0,0,0,0,0
main,CSDVRP-S-n20-s3,S,20,3,base,VNS,0,,6,713.9772,797.0264,679.9333,4.0439,30.0,6.0,6.104,2632,7,2,2,1.0,0,0,0,0,0,0
main,CSDVRP-S-n15-s2,S,15,2,base,Marginal-9,1,2,5,604.4369,645.109,602.0225,2.4144,0.0,5.0,5.367,3941,6,0,0,0.9953,0,0,0,0,0,0
main,CSDVRP-L-n75-s4,L,75,4,base,Marginal-9,4,5,25,2205.8585,2460.454,2196.2733,9.5852,0.0,25.0,25.321,546,24,0,0,0.9996,0,0,0,0,0,0
main,CSDVRP-L-n75-s0,L,75,0,base,Roulette-9,3,,25,2409.5986,2688.4285,2401.1797,8.4189,0.0,25.0,25.493,763,24,0,0,0.9984,0,0,0,0,0,0
main,CSDVRP-L-n100-s4,L,100,4,base,Roulette-9,4,,35,2956.245,3371.4529,2928.039,13.2061,15.0,35.031,35.381,499,31,1,1,1.0,0,0,0,0,0,0
exact,CSDVRP-S-n12-s4,S,12,4,base,ALNS+,1,,5,487.5063,536.3904,484.4937,3.0126,0.0,5.0,5.106,6915,4,0,0,0.9867,0,0,0,0,0,0
main,CSDVRP-L-n100-s0,L,100,0,base,VNS,2,,35,3073.6756,3458.8862,3029.5992,14.0764,30.0,35.016,35.761,547,31,1,2,1.0,0,0,0,0,0,0
exact,CSDVRP-S-n8-s2,S,8,2,base,VNS-9,9,,5,344.8888,398.3755,342.4078,2.481,0.0,5.0,5.122,10470,3,0,0,0.8753,0,0,0,0,0,0
main,CSDVRP-L-n100-s5,L,100,5,base,Random-9,9,,35,2596.4576,3154.3549,2582.3336,14.1239,0.0,35.094,35.789,479,30,0,0,0.9976,0,0,0,0,0,0
exact,CSDVRP-S-n12-s5,S,12,5,base,Fixed-small,2,,5,521.1985,535.5205,517.6832,3.5154,0.0,5.0,5.124,7409,4,0,0,0.978,0,0,0,0,0,0
main,CSDVRP-S-n15-s1,S,15,1,base,DRL-ALNS,9,5,5,591.4635,675.8866,586.7939,4.6695,0.0,5.0,5.091,2558,5,0,0,0.9987,0,0,0,0,0,0
main,CSDVRP-S-n15-s3,S,15,3,base,Roulette-9,8,,5,601.4006,692.2972,597.8561,3.5445,0.0,5.0,5.232,3790,6,0,0,0.998,0,0,0,0,0,0
exact,CSDVRP-S-n8-s5,S,8,5,base,ALNS+,3,,5,423.2126,427.0275,419.9371,3.2754,0.0,5.0,5.182,9536,3,0,0,0.894,0,0,0,0,0,0
main,CSDVRP-S-n15-s2,S,15,2,base,DRL-VNS,8,4,5,605.1369,645.109,602.0225,3.1144,0.0,5.0,5.546,2662,6,0,0,0.9953,0,0,0,0,0,0
main,CSDVRP-S-n15-s3,S,15,3,base,Fixed-small,2,,5,620.2788,692.2972,600.902,4.3767,15.0,5.0,5.601,5018,6,1,1,1.0,0,0,0,0,0,0
exact,CSDVRP-S-n6-s1,S,6,1,base,Fixed-small,9,,5,341.7876,362.2464,340.1093,1.6783,0.0,5.0,5.278,13015,3,0,0,0.926,0,0,0,0,0,0
exact,CSDVRP-S-n6-s3,S,6,3,base,ALNS+,9,,5,230.2731,253.5784,228.5871,1.686,0.0,5.0,5.247,14949,2,0,0,0.9873,0,0,0,0,0,0
main,CSDVRP-XL-n150-s1,XL,150,1,base,Roulette-9,5,,50,4207.8576,4744.1508,4192.7555,15.1021,0.0,50.0,51.626,1171,45,0,0,0.9997,0,0,0,0,0,0
exact,CSDVRP-S-n6-s3,S,6,3,base,Fixed-small,9,,5,230.2731,253.5784,228.5871,1.686,0.0,5.0,5.039,21287,2,0,0,0.9873,0,0,0,0,0,0
main,CSDVRP-M-n30-s5,M,30,5,base,DRL-VNS,6,2,10,1119.8883,1247.2838,1084.6448,5.2435,30.0,10.0,10.026,2363,10,1,2,1.0,0,0,0,0,0,0
main,CSDVRP-L-n100-s0,L,100,0,base,VNS-9,3,,35,3115.3963,3458.8862,3041.5189,13.8774,60.0,35.078,37.118,368,31,2,4,1.0,0,0,0,0,0,0
main,CSDVRP-XL-n150-s5,XL,150,5,base,VNS,4,,50,3918.4441,4291.4727,3900.2109,18.2332,0.0,50.062,50.922,604,45,0,0,0.9987,0,0,0,0,0,0
main,CSDVRP-M-n30-s4,M,30,4,base,Random-9,9,,10,946.4331,1151.8487,942.0879,4.3452,0.0,10.0,10.304,2779,10,0,0,0.9925,0,0,0,0,0,0
main,CSDVRP-M-n50-s5,M,50,5,base,Marginal-9,9,5,15,1622.6316,1904.3598,1614.6589,7.9727,0.0,15.0,15.208,1392,16,0,0,0.998,0,0,0,0,0,0
exact,CSDVRP-S-n12-s3,S,12,3,base,DRL-VNS,4,5,5,522.4878,589.3086,503.6872,3.8005,15.0,5.0,5.034,4576,4,1,1,1.0,0,0,0,0,0,0
main,CSDVRP-M-n30-s1,M,30,1,base,Roulette-9,2,,10,1062.0993,1231.1888,1042.7696,4.3298,15.0,10.0,11.348,3256,10,1,1,0.9725,0,0,0,0,0,0
exact,CSDVRP-S-n6-s3,S,6,3,base,VNS-9,2,,5,230.2731,253.5784,228.5871,1.686,0.0,5.0,5.225,26402,2,0,0,0.9873,0,0,0,0,0,0
main,CSDVRP-S-n20-s2,S,20,2,base,Fixed-small,6,,6,670.1377,732.8183,667.0092,3.1285,0.0,6.0,6.155,5578,7,0,0,0.9933,0,0,0,0,0,0
main,CSDVRP-S-n15-s3,S,15,3,base,Fixed-small,4,,5,620.1998,692.2972,600.902,4.2978,15.0,5.0,5.514,7780,6,1,1,1.0,0,0,0,0,0,0
main,CSDVRP-L-n75-s3,L,75,3,base,VNS-9,6,,25,2116.6711,2332.9982,2095.6751,5.996,15.0,25.0,25.751,934,24,1,1,1.0,0,0,0,0,0,0
exact,CSDVRP-S-n6-s4,S,6,4,base,Roulette-9,4,,5,307.1905,316.7228,305.135,2.0555,0.0,5.0,5.71,14904,3,0,0,0.906,0,0,0,0,0,0
main,CSDVRP-L-n75-s1,L,75,1,base,VNS,1,,25,2110.0606,2408.8056,2043.4288,6.6318,60.0,25.0,25.895,1607,23,3,4,1.0,0,0,0,0,0,0
main,CSDVRP-M-n30-s2,M,30,2,base,ALNS+,7,,10,949.0845,1162.4183,930.9031,3.1814,15.0,10.0,10.147,4117,10,1,1,1.0,0,0,0,0,0,0
case,CSDVRP-CS-Riyadh,case,30,0,base,VNS-9,9,,30,420.0991,711.0291,414.0897,6.0094,0.0,30.0,30.34,12002,4,0,0,0.982,0,0,0,0,0,0
main,CSDVRP-XL-n150-s5,XL,150,5,base,VNS,2,,50,3890.8819,4291.4727,3872.4817,18.4002,0.0,50.031,52.419,1107,46,0,0,0.998,0,0,0,0,0,0
exact,CSDVRP-S-n8-s5,S,8,5,base,Random-9,3,,5,423.2126,427.0275,419.9371,3.2754,0.0,5.0,5.199,13539,3,0,0,0.894,0,0,0,0,0,0
main,CSDVRP-L-n75-s0,L,75,0,base,DRL-ALNS,5,1,25,2482.1289,2688.4285,2470.4813,11.6477,0.0,25.0,25.592,643,25,0,0,0.9984,0,0,0,0,0,0
main,CSDVRP-S-n20-s0,S,20,0,base,DRL-VNS,9,5,6,756.3441,835.2978,752.4896,3.8544,0.0,6.0,6.93,2633,7,0,0,0.9987,0,0,0,0,0,0
main,CSDVRP-M-n30-s2,M,30,2,base,ALNS+,2,,10,955.9354,1162.4183,892.7685,3.1669,60.0,10.0,10.498,3914,9,4,4,1.0,0,0,0,0,0,0
main,CSDVRP-M-n30-s5,M,30,5,base,Random-9,5,,10,1123.8872,1247.2838,1118.3403,5.5469,0.0,10.0,10.263,3397,10,0,0,0.9895,0,0,0,0,0,0
exact,CSDVRP-S-n12-s1,S,12,1,base,ALNS+,9,,5,511.4838,602.7068,507.9062,3.5776,0.0,5.0,6.044,9871,4,0,0,0.994,0,0,0,0,0,0
exact,CSDVRP-S-n8-s1,S,8,1,base,VNS,8,,5,335.8429,376.3954,333.6723,2.1706,0.0,5.0,6.171,14131,3,0,0,0.9073,0,0,0,0,0,0
main,CSDVRP-S-n15-s0,S,15,0,base,ALNS+,3,,5,634.7332,666.3141,629.952,4.7812,0.0,5.0,5.326,6697,6,0,0,0.9967,0,0,0,0,0,0
main,CSDVRP-S-n15-s2,S,15,2,base,ALNS+,5,,5,605.297,645.109,602.0225,3.2744,0.0,5.0,5.389,6620,6,0,0,0.9953,0,0,0,0,0,0
exact,CSDVRP-S-n10-s3,S,10,3,base,Fixed-small,9,,5,398.3934,456.2198,394.9219,3.4715,0.0,5.0,5.669,13682,3,0,0,0.9427,0,0,0,0,0,0
main,CSDVRP-M-n50-s0,M,50,0,base,Marginal-9,6,2,15,1708.0964,1986.2853,1699.1272,8.9692,0.0,15.0,15.918,1554,16,0,0,0.9865,0,0,0,0,0,0
case,CSDVRP-CS-Riyadh,case,30,0,base,Marginal-9,2,3,30,416.3117,711.0291,411.6246,4.6871,0.0,30.0,32.918,11607,4,0,0,0.986,0,0,0,0,0,0
main,CSDVRP-XL-n150-s5,XL,150,5,base,VNS-9,1,,50,3936.4203,4291.4727,3918.3159,18.1044,0.0,50.016,52.035,1283,46,0,0,0.999,0,0,0,0,0,0
main,CSDVRP-S-n15-s1,S,15,1,base,DRL-VNS,6,2,5,599.4153,675.8866,596.1341,3.2813,0.0,5.0,5.034,3598,6,0,0,0.9,0,0,0,0,0,0
main,CSDVRP-L-n75-s2,L,75,2,base,VNS,0,,25,2092.9512,2442.0216,2054.3908,8.5604,30.0,25.0,26.53,1538,22,2,2,1.0,0,0,0,0,0,0
exact,CSDVRP-S-n10-s1,S,10,1,base,DRL-VNS,8,4,5,412.7783,479.2322,395.3076,2.4708,15.0,5.0,5.388,4879,4,1,1,0.9433,0,0,0,0,0,0
case,CSDVRP-CS-Riyadh,case,30,0,base,DRL-VNS,4,5,30,421.0594,711.0291,415.2538,5.8056,0.0,30.0,30.838,9065,4,0,0,0.982,0,0,0,0,0,0
main,CSDVRP-M-n50-s3,M,50,3,base,Roulette-9,9,,15,1398.6023,1746.7745,1392.5811,6.0212,0.0,15.0,15.328,1770,15,0,0,0.994,0,0,0,0,0,0
main,CSDVRP-S-n20-s3,S,20,3,base,DRL-ALNS,1,2,6,690.3266,797.0264,671.6629,3.6637,15.0,6.0,6.306,2703,7,1,1,1.0,0,0,0,0,0,0
exact,CSDVRP-S-n8-s3,S,8,3,base,Marginal-9,6,2,5,339.8466,351.7127,337.5902,2.2564,0.0,5.0,5.091,13197,3,0,0,0.9567,0,0,0,0,0,0
main,CSDVRP-L-n75-s4,L,75,4,base,Roulette-9,8,,25,2202.3026,2460.454,2194.5222,7.7804,0.0,25.031,28.385,964,24,0,0,0.998,0,0,0,0,0,0
exact,CSDVRP-S-n10-s1,S,10,1,base,Random-9,2,,5,394.7924,479.2322,392.2685,2.5239,0.0,5.0,5.845,6922,4,0,0,0.9253,0,0,0,0,0,0
exact,CSDVRP-S-n12-s2,S,12,2,base,Random-9,7,,5,460.175,518.4642,458.0808,2.0942,0.0,5.0,5.746,9692,4,0,0,0.998,0,0,0,0,0,0
main,CSDVRP-M-n30-s0,M,30,0,base,VNS,4,,10,1092.9389,1303.6377,1089.1614,3.7775,0.0,10.0,10.591,2319,11,0,0,0.997,0,0,0,0,0,0
main,CSDVRP-M-n50-s0,M,50,0,base,Roulette-9,4,,15,1704.7994,1986.2853,1698.6227,6.1767,0.0,15.0,15.583,1596,16,0,0,0.991,0,0,0,0,0,0
main,CSDVRP-XL-n150-s2,XL,150,2,base,Fixed-small,2,,50,4034.9537,4545.4892,3993.1386,11.8151,30.0,50.0,53.784,2045,46,1,2,1.0,0,0,0,0,0,0
exact,CSDVRP-S-n12-s3,S,12,3,base,DRL-ALNS,1,2,5,522.4878,589.3086,503.6872,3.8005,15.0,5.0,5.639,5191,4,1,1,1.0,0,0,0,0,0,0
main,CSDVRP-M-n30-s2,M,30,2,base,Fixed-small,8,,10,941.3908,1162.4183,938.3163,3.0744,0.0,10.0,10.517,4538,10,0,0,0.9865,0,0,0,0,0,0
main,CSDVRP-XL-n150-s0,XL,150,0,base,DRL-VNS,2,3,50,4376.8388,5021.4451,4361.7653,15.0735,0.0,50.0,53.346,1609,47,0,0,0.9997,0,0,0,0,0,0
exact,CSDVRP-S-n6-s1,S,6,1,base,VNS-9,2,,5,341.7876,362.2464,340.1093,1.6783,0.0,5.0,5.535,18640,3,0,0,0.926,0,0,0,0,0,0
exact,CSDVRP-S-n8-s4,S,8,4,base,ALNS+,6,,5,359.1905,397.2233,357.0731,2.1174,0.0,5.0,5.624,14712,3,0,0,0.8793,0,0,0,0,0,0
main,CSDVRP-XL-n150-s2,XL,150,2,base,VNS,4,,50,4021.5198,4545.4892,4005.0091,16.5107,0.0,50.109,51.47,1366,45,0,0,1.0,0,0,0,0,0,0
main,CSDVRP-M-n50-s1,M,50,1,base,Fixed-small,6,,15,1557.01,1718.5004,1521.0114,5.9986,30.0,15.0,16.148,2695,16,1,2,1.0,0,0,0,0,0,0
main,CSDVRP-S-n20-s5,S,20,5,base,DRL-ALNS,0,1,6,763.1659,865.7,758.6853,4.4806,0.0,6.0,6.888,3304,7,0,0,0.9947,0,0,0,0,0,0
main,CSDVRP-M-n50-s2,M,50,2,base,VNS,8,,15,1471.2989,1677.4231,1465.5918,5.7072,0.0,15.0,15.203,2422,16,0,0,0.9985,0,0,0,0,0,0
main,CSDVRP-XL-n150-s5,XL,150,5,base,Fixed-small,3,,50,3952.7126,4291.4727,3922.1721,15.5405,15.0,50.0,52.979,2135,46,1,1,1.0,0,0,0,0,0,0
main,CSDVRP-M-n30-s4,M,30,4,base,ALNS+,5,,10,926.1273,1151.8487,921.3091,4.8182,0.0,10.0,10.592,4122,10,0,0,0.99,0,0,0,0,0,0
main,CSDVRP-S-n15-s2,S,15,2,base,Fixed-small,0,,5,618.9784,645.109,601.4965,2.4819,15.0,5.0,5.388,7741,6,1,1,1.0,0,0,0,0,0,0
main,CSDVRP-M-n50-s0,M,50,0,base,ALNS+,4,,15,1744.5511,1986.2853,1733.4887,11.0624,0.0,15.0,15.691,1440,16,0,0,0.9995,0,0,0,0,0,0
main,CSDVRP-L-n100-s0,L,100,0,base,DRL-ALNS,2,3,35,3299.4644,3458.8862,3284.2959,15.1685,0.0,35.0,36.367,455,35,0,0,0.996,0,0,0,0,0,0
main,CSDVRP-M-n50-s3,M,50,3,base,ALNS+,0,,15,1439.84,1746.7745,1403.6509,6.1891,30.0,15.0,15.492,1976,15,2,2,1.0,0,0,0,0,0,0
main,CSDVRP-M-n50-s1,M,50,1,base,DRL-ALNS,5,1,15,1529.8584,1718.5004,1477.0354,7.823,45.0,15.0,15.053,1581,15,3,3,1.0,0,0,0,0,0,0
main,CSDVRP-XL-n150-s3,XL,150,3,base,Random-9,6,,50,3875.4654,4237.9876,3859.2306,16.2348,0.0,50.0,50.67,1568,44,0,0,0.999,0,0,0,0,0,0
main,CSDVRP-XL-n150-s1,XL,150,1,base,ALNS+,1,,50,4456.6408,4744.1508,4442.4594,14.1815,0.0,50.141,50.333,704,52,0,0,0.9963,0,0,0,0,0,0
exact,CSDVRP-S-n8-s2,S,8,2,base,DRL-ALNS,3,4,5,344.8888,398.3755,342.4078,2.481,0.0,5.0,5.001,6360,3,0,0,0.8753,0,0,0,0,0,0
main,CSDVRP-S-n20-s4,S,20,4,base,DRL-VNS,5,1,6,719.4697,798.0501,715.5041,3.9656,0.0,6.0,6.123,3437,7,0,0,0.986,0,0,0,0,0,0
main,CSDVRP-S-n20-s4,S,20,4,base,DRL-VNS,0,1,6,719.4697,798.0501,715.5041,3.9656,0.0,6.0,6.45,3493,7,0,0,0.986,0,0,0,0,0,0
exact,CSDVRP-S-n8-s1,S,8,1,base,ALNS+,4,,5,335.8429,376.3954,333.6723,2.1706,0.0,5.0,5.202,17896,3,0,0,0.9073,0,0,0,0,0,0
case,CSDVRP-CS-Riyadh,case,30,0,base,ALNS+,4,,30,417.2954,711.0291,411.6246,5.6707,0.0,30.0,30.323,18794,4,0,0,0.986,0,0,0,0,0,0
exact,CSDVRP-S-n6-s4,S,6,4,base,ALNS+,6,,5,307.1905,316.7228,305.135,2.0555,0.0,5.0,5.061,19993,3,0,0,0.906,0,0,0,0,0,0
exact,CSDVRP-S-n12-s5,S,12,5,base,DRL-ALNS,1,2,5,521.0601,535.5205,517.6832,3.3769,0.0,5.0,5.029,5025,4,0,0,0.978,0,0,0,0,0,0
main,CSDVRP-S-n15-s4,S,15,4,base,Random-9,9,,5,585.7427,624.2332,582.2908,3.4519,0.0,5.0,4.998,7285,6,0,0,0.9347,0,0,0,0,0,0
main,CSDVRP-XL-n150-s0,XL,150,0,base,DRL-VNS,8,4,50,4349.8291,5021.4451,4332.1905,17.6386,0.0,50.016,50.332,1473,47,0,0,0.9987,0,0,0,0,0,0
main,CSDVRP-M-n30-s3,M,30,3,base,Marginal-9,6,2,10,970.8464,1099.7766,968.1897,2.6567,0.0,10.0,10.043,3508,10,0,0,0.9975,0,0,0,0,0,0
main,CSDVRP-M-n30-s5,M,30,5,base,Random-9,9,,10,1124.0678,1247.2838,1089.2196,4.8482,30.0,10.0,10.039,4119,10,1,2,1.0,0,0,0,0,0,0
main,CSDVRP-M-n50-s0,M,50,0,base,DRL-ALNS,8,4,15,1716.4405,1986.2853,1693.1668,8.2737,15.0,15.0,15.02,1677,16,1,1,1.0,0,0,0,0,0,0
main,CSDVRP-M-n50-s3,M,50,3,base,DRL-VNS,2,3,15,1398.7698,1746.7745,1392.5811,6.1887,0.0,15.0,15.102,1936,15,0,0,0.994,0,0,0,0,0,0
exact,CSDVRP-S-n12-s4,S,12,4,base,Marginal-9,4,5,5,487.5063,536.3904,484.4937,3.0126,0.0,5.0,5.072,10516,4,0,0,0.9867,0,0,0,0,0,0
main,CSDVRP-S-n20-s4,S,20,4,base,Random-9,4,,6,719.4697,798.0501,715.5041,3.9656,0.0,6.0,6.03,4696,7,0,0,0.986,0,0,0,0,0,0
main,CSDVRP-L-n75-s2,L,75,2,base,Roulette-9,6,,25,2113.3553,2442.0216,2089.9665,8.3888,15.0,25.0,25.121,1352,22,1,1,1.0,0,0,0,0,0,0
main,CSDVRP-XL-n150-s1,XL,150,1,base,ALNS+,8,,50,4492.0442,4744.1508,4478.4287,13.6155,0.0,50.094,50.45,685,52,0,0,0.9993,0,0,0,0,0,0
exact,CSDVRP-S-n6-s2,S,6,2,base,Roulette-9,2,,5,330.7872,334.9047,328.2873,2.4999,0.0,5.0,5.0,18239,3,0,0,0.8567,0,0,0,0,0,0
main,CSDVRP-XL-n150-s0,XL,150,0,base,VNS-9,5,,50,4449.3943,5021.4451,4373.775,15.6194,60.0,50.0,50.739,1480,47,2,4,1.0,0,0,0,0,0,0
exact,CSDVRP-S-n6-s4,S,6,4,base,DRL-ALNS,3,4,5,307.1905,316.7228,305.135,2.0555,0.0,5.0,5.021,6323,3,0,0,0.906,0,0,0,0,0,0
main,CSDVRP-S-n20-s4,S,20,4,base,VNS-9,0,,6,719.4697,798.0501,715.5041,3.9656,0.0,6.0,6.092,4548,7,0,0,0.986,0,0,0,0,0,0
main,CSDVRP-S-n15-s5,S,15,5,base,ALNS+,2,,5,668.8667,800.4223,664.0584,4.8083,0.0,5.0,5.075,7773,6,0,0,0.998,0,0,0,0,0,0
main,CSDVRP-M-n30-s1,M,30,1,base,ALNS+,2,,10,1059.0669,1231.1888,1039.332,4.7348,15.0,10.0,10.108,3967,10,1,1,1.0,0,0,0,0,0,0
exact,CSDVRP-S-n6-s4,S,6,4,base,Random-9,1,,5,307.3738,316.7228,305.135,2.2389,0.0,5.0,5.091,19029,3,0,0,0.906,0,0,0,0,0,0
exact,CSDVRP-S-n12-s2,S,12,2,base,ALNS+,3,,5,460.175,518.4642,458.0808,2.0942,0.0,5.0,5.077,13026,4,0,0,0.998,0,0,0,0,0,0
exact,CSDVRP-S-n12-s3,S,12,3,base,VNS,8,,5,522.4878,589.3086,503.6872,3.8005,15.0,5.0,5.122,9409,4,1,1,1.0,0,0,0,0,0,0
main,CSDVRP-S-n20-s3,S,20,3,base,Random-9,7,,6,703.6958,797.0264,684.6426,4.0532,15.0,6.0,6.046,4988,7,1,1,1.0,0,0,0,0,0,0
exact,CSDVRP-S-n10-s3,S,10,3,base,VNS,3,,5,398.3226,456.2198,394.9219,3.4007,0.0,5.0,5.06,12431,3,0,0,0.9427,0,0,0,0,0,0
main,CSDVRP-S-n15-s1,S,15,1,base,ALNS+,6,,5,590.7648,675.8866,586.7939,3.9709,0.0,5.0,5.029,7568,5,0,0,0.9987,0,0,0,0,0,0
main,CSDVRP-S-n20-s4,S,20,4,base,DRL-VNS,7,3,6,719.4697,798.0501,715.5041,3.9656,0.0,6.0,6.031,3594,7,0,0,0.986,0,0,0,0,0,0
exact,CSDVRP-S-n8-s4,S,8,4,base,Fixed-small,6,,5,359.1905,397.2233,357.0731,2.1174,0.0,5.0,5.026,16851,3,0,0,0.8793,0,0,0,0,0,0
main,CSDVRP-L-n75-s0,L,75,0,base,ALNS+,6,,25,2497.6429,2688.4285,2485.7983,11.8446,0.0,25.0,25.221,844,26,0,0,0.9984,0,0,0,0,0,0
main,CSDVRP-M-n50-s5,M,50,5,base,DRL-VNS,7,3,15,1648.7597,1904.3598,1626.2814,7.4783,15.0,15.0,15.182,1801,16,1,1,1.0,0,0,0,0,0,0
exact,CSDVRP-S-n6-s5,S,6,5,base,DRL-ALNS,5,1,5,347.3173,347.7063,345.0582,2.2591,0.0,5.0,4.996,7011,3,0,0,0.9907,0,0,0,0,0,0
exact,CSDVRP-S-n12-s4,S,12,4,base,Roulette-9,2,,5,487.5063,536.3904,484.4937,3.0126,0.0,5.0,5.046,10857,4,0,0,0.9867,0,0,0,0,0,0
exact,CSDVRP-S-n10-s4,S,10,4,base,Fixed-small,8,,5,387.4582,460.8567,384.9244,2.5338,0.0,5.0,4.996,17704,3,0,0,0.98,0,0,0,0,0,0
main,CSDVRP-S-n15-s0,S,15,0,base,DRL-VNS,2,3,5,606.5233,666.3141,602.2712,4.2521,0.0,5.0,5.029,4654,5,0,0,0.9927,0,0,0,0,0,0
exact,CSDVRP-S-n10-s5,S,10,5,base,DRL-ALNS,3,4,5,454.5993,485.8354,450.6688,3.9305,0.0,5.0,5.03,5846,3,0,0,0.956,0,0,0,0,0,0
main,CSDVRP-L-n75-s0,L,75,0,base,Fixed-small,3,,25,2410.3552,2688.4285,2401.1797,9.1755,0.0,25.0,25.102,2080,24,0,0,0.9984,0,0,0,0,0,0
main,CSDVRP-XL-n150-s4,XL,150,4,base,ALNS+,3,,50,4158.1507,4802.2805,4007.5956,15.5551,135.0,50.188,50.533,677,47,6,9,0.997,0,0,0,0,0,0
main,CSDVRP-S-n20-s0,S,20,0,base,Roulette-9,2,,6,756.3441,835.2978,752.4896,3.8544,0.0,6.0,6.045,4806,7,0,0,0.9987,0,0,0,0,0,0
exact,CSDVRP-S-n6-s4,S,6,4,base,Marginal-9,1,2,5,307.3738,316.7228,305.135,2.2389,0.0,5.0,5.046,18171,3,0,0,0.906,0,0,0,0,0,0
exact,CSDVRP-S-n12-s4,S,12,4,base,VNS-9,3,,5,487.5063,536.3904,484.4937,3.0126,0.0,5.0,4.998,11107,4,0,0,0.9867,0,0,0,0,0,0
main,CSDVRP-L-n75-s3,L,75,3,base,Fixed-small,7,,25,2100.6221,2332.9982,2094.8951,5.727,0.0,25.0,25.27,1607,24,0,0,0.9956,0,0,0,0,0,0
main,CSDVRP-S-n15-s0,S,15,0,base,Random-9,0,,5,606.5233,666.3141,602.2712,4.2521,0.0,5.0,5.008,7229,5,0,0,0.9927,0,0,0,0,0,0
main,CSDVRP-S-n15-s3,S,15,3,base,DRL-ALNS,9,5,5,613.8579,692.2972,595.8443,3.0136,15.0,5.0,4.997,4479,5,1,1,1.0,0,0,0,0,0,0
main,CSDVRP-M-n50-s3,M,50,3,base,Fixed-small,2,,15,1398.7698,1746.7745,1392.5811,6.1887,0.0,15.0,15.048,3624,15,0,0,0.994,0,0,0,0,0,0
exact,CSDVRP-S-n10-s5,S,10,5,base,DRL-ALNS,2,3,5,454.5993,485.8354,450.6688,3.9305,0.0,5.0,5.041,5688,3,0,0,0.956,0,0,0,0,0,0
main,CSDVRP-M-n50-s0,M,50,0,base,Marginal-9,2,3,15,1712.966,1986.2853,1705.7308,7.2352,0.0,15.0,15.015,1969,16,0,0,0.986,0,0,0,0,0,0
exact,CSDVRP-S-n10-s3,S,10,3,base,VNS-9,6,,5,398.3934,456.2198,394.9219,3.4715,0.0,5.0,4.996,14622,3,0,0,0.9427,0,0,0,0,0,0
main,CSDVRP-M-n50-s4,M,50,4,base,Marginal-9,6,2,15,1641.4634,1919.2804,1635.398,6.0654,0.0,15.0,15.138,2181,16,0,0,0.998,0,0,0,0,0,0
exact,CSDVRP-S-n6-s1,S,6,1,base,ALNS+,4,,5,341.7876,362.2464,340.1093,1.6783,0.0,5.0,5.046,21513,3,0,0,0.926,0,0,0,0,0,0
main,CSDVRP-S-n15-s3,S,15,3,base,ALNS+,4,,5,613.8579,692.2972,595.8443,3.0136,15.0,5.0,5.107,9599,5,1,1,1.0,0,0,0,0,0,0
main,CSDVRP-L-n100-s3,L,100,3,base,DRL-VNS,5,1,35,2683.918,3095.0715,2673.5776,10.3404,0.0,35.0,35.283,726,31,0,0,1.0,0,0,0,0,0,0
exact,CSDVRP-S-n6-s1,S,6,1,base,DRL-VNS,7,3,5,341.7876,362.2464,340.1093,1.6783,0.0,5.0,5.023,7985,3,0,0,0.926,0,0,0,0,0,0
main,CSDVRP-S-n15-s2,S,15,2,base,Fixed-small,5,,5,618.8087,645.109,601.4965,2.3122,15.0,5.0,5.014,8263,6,1,1,1.0,0,0,0,0,0,0
exact,CSDVRP-S-n12-s2,S,12,2,base,VNS,9,,5,460.175,518.4642,458.0808,2.0942,0.0,5.0,5.015,10956,4,0,0,0.998,0,0,0,0,0,0
exact,CSDVRP-S-n8-s2,S,8,2,base,ALNS+,1,,5,344.8888,398.3755,342.4078,2.481,0.0,5.0,5.027,17194,3,0,0,0.8753,0,0,0,0,0,0
exact,CSDVRP-S-n10-s3,S,10,3,base,Random-9,1,,5,398.3934,456.2198,394.9219,3.4715,0.0,5.0,5.03,14319,3,0,0,0.9427,0,0,0,0,0,0
main,CSDVRP-M-n30-s0,M,30,0,base,DRL-ALNS,6,2,10,1123.3318,1303.6377,1103.19,5.1419,15.0,10.0,10.054,3096,11,1,1,1.0,0,0,0,0,0,0
main,CSDVRP-XL-n150-s5,XL,150,5,base,Random-9,6,,50,3928.5338,4291.4727,3866.4558,17.078,45.0,50.062,50.256,1582,44,2,3,1.0,0,0,0,0,0,0
exact,CSDVRP-S-n6-s3,S,6,3,base,VNS,2,,5,230.2731,253.5784,228.5871,1.686,0.0,5.0,5.029,28147,2,0,0,0.9873,0,0,0,0,0,0
main,CSDVRP-S-n20-s2,S,20,2,base,DRL-VNS,8,4,6,670.121,732.8183,667.0092,3.1118,0.0,6.0,5.997,3603,7,0,0,0.9933,0,0,0,0,0,0
main,CSDVRP-S-n15-s2,S,15,2,base,VNS-9,7,,5,604.4369,645.109,602.0225,2.4144,0.0,5.0,5.061,6643,6,0,0,0.9953,0,0,0,0,0,0
exact,CSDVRP-S-n10-s5,S,10,5,base,DRL-VNS,0,1,5,454.5993,485.8354,450.6688,3.9305,0.0,5.0,5.028,6221,3,0,0,0.956,0,0,0,0,0,0
main,CSDVRP-XL-n150-s5,XL,150,5,base,ALNS+,5,,50,4051.2033,4291.4727,4032.6209,18.5824,0.0,50.016,50.177,674,49,0,0,0.999,0,0,0,0,0,0
main,CSDVRP-S-n15-s5,S,15,5,base,Marginal-9,0,1,5,666.5148,800.4223,662.7682,3.7467,0.0,5.0,5.006,8259,5,0,0,0.9993,0,0,0,0,0,0
main,CSDVRP-M-n50-s0,M,50,0,base,ALNS+,2,,15,1733.0415,1986.2853,1721.8813,11.1602,0.0,15.0,15.172,1829,16,0,0,0.9995,0,0,0,0,0,0
exact,CSDVRP-S-n12-s1,S,12,1,base,Fixed-small,9,,5,527.441,602.7068,508.6521,3.7889,15.0,5.0,5.059,10638,4,1,1,1.0,0,0,0,0,0,0
exact,CSDVRP-S-n6-s2,S,6,2,base,Marginal-9,4,5,5,330.7872,334.9047,328.2873,2.4999,0.0,5.0,5.028,17728,3,0,0,0.8567,0,0,0,0,0,0
main,CSDVRP-XL-n150-s3,XL,150,3,base,DRL-ALNS,8,4,50,3897.4862,4237.9876,3880.0333,17.4529,0.0,50.031,50.407,911,45,0,0,0.9967,0,0,0,0,0,0
main,CSDVRP-S-n20-s5,S,20,5,base,VNS,9,,6,763.1659,865.7,758.6853,4.4806,0.0,6.0,6.027,4493,7,0,0,0.9947,0,0,0,0,0,0
main,CSDVRP-M-n50-s3,M,50,3,base,Fixed-small,6,,15,1411.1142,1746.7745,1390.8285,5.2857,15.0,15.0,15.047,3005,15,1,1,1.0,0,0,0,0,0,0
main,CSDVRP-S-n15-s5,S,15,5,base,VNS-9,7,,5,666.5148,800.4223,662.7682,3.7467,0.0,5.0,5.058,8811,5,0,0,0.9993,0,0,0,0,0,0
exact,CSDVRP-S-n12-s3,S,12,3,base,ALNS+,3,,5,522.4878,589.3086,503.6872,3.8005,15.0,5.0,5.029,11539,4,1,1,1.0,0,0,0,0,0,0
main,CSDVRP-S-n20-s4,S,20,4,base,Fixed-small,5,,6,719.4719,798.0501,715.5041,3.9678,0.0,6.0,6.061,6816,7,0,0,0.986,0,0,0,0,0,0
main,CSDVRP-M-n50-s4,M,50,4,base,VNS-9,0,,15,1652.2622,1919.2804,1644.4712,7.7911,0.0,15.0,15.081,1786,16,0,0,0.998,0,0,0,0,0,0
main,CSDVRP-S-n15-s0,S,15,0,base,Random-9,9,,5,606.5233,666.3141,602.2712,4.2521,0.0,5.0,4.993,7229,5,0,0,0.9927,0,0,0,0,0,0
main,CSDVRP-S-n15-s4,S,15,4,base,Marginal-9,3,4,5,585.7427,624.2332,582.2908,3.4519,0.0,5.0,5.014,6941,6,0,0,0.9347,0,0,0,0,0,0
exact,CSDVRP-S-n10-s5,S,10,5,base,Random-9,6,,5,454.5993,485.8354,450.6688,3.9305,0.0,5.0,5.013,12643,3,0,0,0.956,0,0,0,0,0,0
exact,CSDVRP-S-n6-s2,S,6,2,base,Random-9,7,,5,330.7872,334.9047,328.2873,2.4999,0.0,5.0,5.03,19265,3,0,0,0.8567,0,0,0,0,0,0
exact,CSDVRP-S-n12-s4,S,12,4,base,VNS-9,4,,5,487.5063,536.3904,484.4937,3.0126,0.0,5.0,5.013,11122,4,0,0,0.9867,0,0,0,0,0,0
main,CSDVRP-L-n100-s4,L,100,4,base,VNS-9,6,,35,2927.8035,3371.4529,2914.193,13.6106,0.0,35.0,35.268,764,31,0,0,1.0,0,0,0,0,0,0
main,CSDVRP-L-n75-s0,L,75,0,base,DRL-VNS,0,1,25,2409.7585,2688.4285,2401.1797,8.5788,0.0,25.0,25.374,1133,24,0,0,0.9984,0,0,0,0,0,0
exact,CSDVRP-S-n8-s3,S,8,3,base,Roulette-9,3,,5,339.8466,351.7127,337.5902,2.2564,0.0,5.0,5.083,17104,3,0,0,0.9567,0,0,0,0,0,0
exact,CSDVRP-S-n12-s1,S,12,1,base,Marginal-9,6,2,5,511.4838,602.7068,507.9062,3.5776,0.0,5.0,5.046,10030,4,0,0,0.994,0,0,0,0,0,0
exact,CSDVRP-S-n12-s2,S,12,2,base,Fixed-small,4,,5,475.9776,518.4642,473.3356,2.642,0.0,5.0,5.046,11742,5,0,0,0.9853,0,0,0,0,0,0
exact,CSDVRP-S-n12-s4,S,12,4,base,VNS-9,6,,5,487.5063,536.3904,484.4937,3.0126,0.0,5.0,5.029,11615,4,0,0,0.9867,0,0,0,0,0,0
main,CSDVRP-XL-n150-s0,XL,150,0,base,Marginal-9,5,1,50,4446.2198,5021.4451,4412.6572,18.5626,15.0,50.016,50.414,1646,47,1,1,0.9997,0,0,0,0,0,0
exact,CSDVRP-S-n8-s4,S,8,4,base,VNS,6,,5,359.1905,397.2233,357.0731,2.1174,0.0,5.0,5.035,14899,3,0,0,0.8793,0,0,0,0,0,0
main,CSDVRP-S-n15-s4,S,15,4,base,VNS-9,9,,5,585.7427,624.2332,582.2908,3.4519,0.0,5.0,5.014,7386,6,0,0,0.9347,0,0,0,0,0,0
exact,CSDVRP-S-n12-s5,S,12,5,base,Marginal-9,4,5,5,521.0601,535.5205,517.6832,3.3769,0.0,5.0,5.046,9320,4,0,0,0.978,0,0,0,0,0,0
main,CSDVRP-S-n20-s4,S,20,4,base,ALNS+,0,,6,719.4697,798.0501,715.5041,3.9656,0.0,6.0,6.061,6459,7,0,0,0.986,0,0,0,0,0,0
main,CSDVRP-M-n50-s1,M,50,1,base,Marginal-9,3,4,15,1526.1728,1718.5004,1505.4401,5.7327,15.0,15.0,15.139,1812,16,1,1,1.0,0,0,0,0,0,0
main,CSDVRP-M-n50-s2,M,50,2,base,DRL-VNS,0,1,15,1471.369,1677.4231,1465.5918,5.7772,0.0,15.0,15.057,1752,16,0,0,0.9985,0,0,0,0,0,0
exact,CSDVRP-S-n10-s4,S,10,4,base,ALNS+,6,,5,387.4582,460.8567,384.9244,2.5338,0.0,5.0,5.013,16184,3,0,0,0.98,0,0,0,0,0,0
main,CSDVRP-L-n100-s4,L,100,4,base,VNS-9,3,,35,2981.8771,3371.4529,2925.9875,10.8895,45.0,35.016,35.238,729,31,2,3,1.0,0,0,0,0,0,0
exact,CSDVRP-S-n8-s3,S,8,3,base,VNS,9,,5,339.8466,351.7127,337.5902,2.2564,0.0,5.0,5.007,13958,3,0,0,0.9567,0,0,0,0,0,0
main,CSDVRP-M-n50-s1,M,50,1,base,ALNS+,0,,15,1550.6965,1718.5004,1526.2903,9.4062,15.0,15.0,15.11,1912,15,1,1,1.0,0,0,0,0,0,0
main,CSDVRP-S-n20-s0,S,20,0,base,VNS-9,5,,6,756.2207,835.2978,752.4896,3.7311,0.0,6.0,6.09,4956,7,0,0,0.9987,0,0,0,0,0,0
main,CSDVRP-L-n75-s3,L,75,3,base,VNS,2,,25,2115.7556,2332.9982,2079.4643,6.2914,30.0,25.0,25.27,1857,23,1,2,1.0,0,0,0,0,0,0
main,CSDVRP-L-n75-s0,L,75,0,base,Roulette-9,0,,25,2451.2825,2688.4285,2412.777,8.5055,30.0,25.016,25.074,1174,24,1,2,0.9984,0,0,0,0,0,0
main,CSDVRP-L-n100-s2,L,100,2,base,Fixed-small,3,,35,2800.9177,3167.7225,2790.4814,10.4363,0.0,35.0,35.073,1338,30,0,0,0.9916,0,0,0,0,0,0
exact,CSDVRP-S-n8-s3,S,8,3,base,VNS-9,9,,5,339.8466,351.7127,337.5902,2.2564,0.0,5.0,5.104,17972,3,0,0,0.9567,0,0,0,0,0,0
exact,CSDVRP-S-n6-s2,S,6,2,base,Random-9,2,,5,330.7872,334.9047,328.2873,2.4999,0.0,5.0,5.092,19139,3,0,0,0.8567,0,0,0,0,0,0
exact,CSDVRP-S-n12-s5,S,12,5,base,VNS-9,1,,5,521.0601,535.5205,517.6832,3.3769,0.0,5.0,5.061,10054,4,0,0,0.978,0,0,0,0,0,0
exact,CSDVRP-S-n6-s1,S,6,1,base,VNS,1,,5,341.7876,362.2464,340.1093,1.6783,0.0,5.0,5.045,21599,3,0,0,0.926,0,0,0,0,0,0
exact,CSDVRP-S-n10-s4,S,10,4,base,Marginal-9,7,3,5,387.7762,460.8567,384.9244,2.8518,0.0,5.0,5.015,15878,3,0,0,0.98,0,0,0,0,0,0
main,CSDVRP-L-n100-s5,L,100,5,base,Roulette-9,0,,35,2602.0126,3154.3549,2558.5866,13.426,30.0,35.047,35.284,771,30,1,2,1.0,0,0,0,0,0,0
main,CSDVRP-XL-n150-s2,XL,150,2,base,Roulette-9,1,,50,4046.8602,4545.4892,4001.1424,15.7178,30.0,50.047,50.192,1712,45,1,2,1.0,0,0,0,0,0,0
main,CSDVRP-S-n20-s5,S,20,5,base,VNS-9,4,,6,763.1659,865.7,758.6853,4.4806,0.0,6.0,6.031,5848,7,0,0,0.9947,0,0,0,0,0,0
main,CSDVRP-L-n75-s4,L,75,4,base,Roulette-9,5,,25,2201.78,2460.454,2194.182,7.598,0.0,25.0,25.126,1053,24,0,0,0.9996,0,0,0,0,0,0
main,CSDVRP-L-n100-s5,L,100,5,base,VNS-9,1,,35,2562.3248,3154.3549,2549.4676,12.8571,0.0,35.031,35.153,819,30,0,0,0.9988,0,0,0,0,0,0
exact,CSDVRP-S-n6-s1,S,6,1,base,Marginal-9,3,4,5,341.7876,362.2464,340.1093,1.6783,0.0,5.0,4.995,21554,3,0,0,0.926,0,0,0,0,0,0
main,CSDVRP-M-n50-s5,M,50,5,base,VNS,0,,15,1623.4999,1904.3598,1614.4771,9.0228,0.0,15.0,14.999,2915,15,0,0,1.0,0,0,0,0,0,0
main,CSDVRP-S-n15-s4,S,15,4,base,Marginal-9,1,2,5,585.7427,624.2332,582.2908,3.4519,0.0,5.0,4.998,7376,6,0,0,0.9347,0,0,0,0,0,0
main,CSDVRP-S-n20-s0,S,20,0,base,DRL-VNS,1,2,6,756.2207,835.2978,752.4896,3.7311,0.0,6.0,5.996,3873,7,0,0,0.9987,0,0,0,0,0,0
main,CSDVRP-L-n100-s5,L,100,5,base,ALNS+,9,,35,2767.0527,3154.3549,2692.6287,14.424,60.0,35.016,35.209,530,33,3,4,1.0,0,0,0,0,0,0
main,CSDVRP-L-n75-s3,L,75,3,base,VNS,6,,25,2129.6731,2332.9982,2093.945,5.7281,30.0,25.0,25.244,1686,24,1,2,1.0,0,0,0,0,0,0
main,CSDVRP-M-n30-s0,M,30,0,base,ALNS+,8,,10,1155.98,1303.6377,1135.7568,5.2232,15.0,10.0,10.076,4146,12,1,1,1.0,0,0,0,0,0,0
main,CSDVRP-S-n15-s1,S,15,1,base,Marginal-9,3,4,5,599.4153,675.8866,596.1341,3.2813,0.0,5.0,5.009,6558,6,0,0,0.9,0,0,0,0,0,0
main,CSDVRP-XL-n150-s2,XL,150,2,base,ALNS+,7,,50,4238.4953,4545.4892,4223.6758,14.8195,0.0,50.0,50.299,667,51,0,0,1.0,0,0,0,0,0,0
main,CSDVRP-S-n20-s1,S,20,1,base,DRL-ALNS,0,1,6,785.6729,908.0268,780.5879,5.085,0.0,6.0,6.025,3515,7,0,0,0.9833,0,0,0,0,0,0
exact,CSDVRP-S-n8-s3,S,8,3,base,Fixed-small,1,,5,339.8466,351.7127,337.5902,2.2564,0.0,5.0,5.029,18572,3,0,0,0.9567,0,0,0,0,0,0
main,CSDVRP-L-n75-s5,L,75,5,base,Random-9,2,,25,2095.3417,2327.4464,2087.1741,8.1676,0.0,25.0,25.129,1175,23,0,0,0.9964,0,0,0,0,0,0
main,CSDVRP-M-n50-s0,M,50,0,base,DRL-VNS,3,4,15,1707.5545,1986.2853,1700.9035,6.651,0.0,15.0,15.07,1975,16,0,0,0.9865,0,0,0,0,0,0
exact,CSDVRP-S-n10-s2,S,10,2,base,VNS,2,,5,386.2368,436.4179,383.4745,2.7622,0.0,5.0,5.011,14634,3,0,0,0.9893,0,0,0,0,0,0
main,CSDVRP-S-n20-s5,S,20,5,base,Random-9,3,,6,763.1659,865.7,758.6853,4.4806,0.0,6.0,6.0,5925,7,0,0,0.9947,0,0,0,0,0,0
main,CSDVRP-S-n20-s2,S,20,2,base,Random-9,9,,6,670.121,732.8183,667.0092,3.1118,0.0,6.0,6.044,4954,7,0,0,0.9933,0,0,0,0,0,0
main,CSDVRP-M-n50-s5,M,50,5,base,Roulette-9,1,,15,1632.3975,1904.3598,1624.8472,7.5503,0.0,15.0,15.178,1955,16,0,0,0.998,0,0,0,0,0,0
exact,CSDVRP-S-n6-s5,S,6,5,base,VNS,6,,5,347.3173,347.7063,345.0582,2.2591,0.0,5.0,5.005,20129,3,0,0,0.9907,0,0,0,0,0,0
main,CSDVRP-M-n50-s5,M,50,5,base,Marginal-9,4,5,15,1611.9906,1904.3598,1603.3995,8.5911,0.0,15.0,15.048,1711,15,0,0,0.9985,0,0,0,0,0,0
exact,CSDVRP-S-n8-s1,S,8,1,base,Random-9,1,,5,335.8429,376.3954,333.6723,2.1706,0.0,5.0,5.041,18892,3,0,0,0.9073,0,0,0,0,0,0
main,CSDVRP-M-n50-s2,M,50,2,base,VNS,7,,15,1468.1625,1677.4231,1461.7612,6.4012,0.0,15.0,15.002,2612,16,0,0,0.9985,0,0,0,0,0,0
main,CSDVRP-XL-n150-s0,XL,150,0,base,Roulette-9,6,,50,4379.0858,5021.4451,4332.923,16.1628,30.0,50.0,50.275,1823,47,1,2,0.9967,0,0,0,0,0,0
main,CSDVRP-M-n50-s2,M,50,2,base,Fixed-small,7,,15,1468.4873,1677.4231,1462.0673,6.42,0.0,15.0,15.155,2635,16,0,0,0.9985,0,0,0,0,0,0
main,CSDVRP-M-n50-s4,M,50,4,base,Roulette-9,4,,15,1641.8836,1919.2804,1635.6131,6.2705,0.0,15.0,15.046,2196,16,0,0,0.9785,0,0,0,0,0,0
main,CSDVRP-M-n50-s2,M,50,2,base,Random-9,0,,15,1468.6611,1677.4231,1462.0673,6.5938,0.0,15.0,15.062,1807,16,0,0,0.9985,0,0,0,0,0,0
exact,CSDVRP-S-n8-s5,S,8,5,base,VNS,6,,5,423.2126,427.0275,419.9371,3.2754,0.0,5.0,5.009,15114,3,0,0,0.894,0,0,0,0,0,0
main,CSDVRP-S-n20-s1,S,20,1,base,Random-9,8,,6,785.2664,908.0268,780.5879,4.6785,0.0,6.0,6.046,5240,7,0,0,0.9833,0,0,0,0,0,0
main,CSDVRP-S-n20-s0,S,20,0,base,Fixed-small,7,,6,784.7513,835.2978,781.7371,3.0142,0.0,6.0,5.997,5778,8,0,0,0.9987,0,0,0,0,0,0
main,CSDVRP-M-n50-s5,M,50,5,base,DRL-VNS,2,3,15,1636.9769,1904.3598,1629.4282,7.5488,0.0,15.0,15.074,1843,16,0,0,1.0,0,0,0,0,0,0
main,CSDVRP-XL-n150-s3,XL,150,3,base,DRL-ALNS,1,2,50,3875.0242,4237.9876,3857.648,17.3762,0.0,50.141,50.394,824,43,0,0,0.9993,0,0,0,0,0,0
main,CSDVRP-S-n15-s0,S,15,0,base,DRL-VNS,5,1,5,606.5233,666.3141,602.2712,4.2521,0.0,5.0,5.037,4618,5,0,0,0.9927,0,0,0,0,0,0
main,CSDVRP-L-n75-s0,L,75,0,base,VNS,9,,25,2410.4462,2688.4285,2401.1797,9.2665,0.0,25.016,25.104,1673,24,0,0,0.9984,0,0,0,0,0,0
main,CSDVRP-M-n50-s1,M,50,1,base,ALNS+,1,,15,1559.9956,1718.5004,1479.3079,5.6878,75.0,15.0,15.066,2076,15,4,5,1.0,0,0,0,0,0,0
main,CSDVRP-L-n100-s4,L,100,4,base,Fixed-small,3,,35,2932.4476,3371.4529,2892.3764,10.0713,30.0,35.016,35.264,1229,30,2,2,1.0,0,0,0,0,0,0
main,CSDVRP-S-n20-s4,S,20,4,base,DRL-ALNS,1,2,6,741.2498,798.0501,736.5071,4.7428,0.0,6.0,6.106,3632,7,0,0,0.986,0,0,0,0,0,0
exact,CSDVRP-S-n6-s2,S,6,2,base,Fixed-small,5,,5,330.7872,334.9047,328.2873,2.4999,0.0,5.0,5.011,19404,3,0,0,0.8567,0,0,0,0,0,0
exact,CSDVRP-S-n12-s1,S,12,1,base,DRL-ALNS,0,1,5,511.4838,602.7068,507.9062,3.5776,0.0,5.0,5.044,5107,4,0,0,0.994,0,0,0,0,0,0
main,CSDVRP-M-n50-s1,M,50,1,base,ALNS+,4,,15,1553.4618,1718.5004,1502.4168,6.045,45.0,15.0,15.111,1998,15,3,3,1.0,0,0,0,0,0,0
main,CSDVRP-M-n30-s3,M,30,3,base,DRL-ALNS,6,2,10,969.5566,1099.7766,965.9069,3.6497,0.0,10.0,10.076,3240,10,0,0,0.988,0,0,0,0,0,0
main,CSDVRP-S-n15-s2,S,15,2,base,Random-9,8,,5,604.4369,645.109,602.0225,2.4144,0.0,5.0,5.012,6734,6,0,0,0.9953,0,0,0,0,0,0
main,CSDVRP-XL-n150-s1,XL,150,1,base,VNS-9,6,,50,4349.0913,4744.1508,4212.7674,16.3239,120.0,50.0,50.425,1629,45,5,8,1.0,0,0,0,0,0,0
main,CSDVRP-M-n30-s5,M,30,5,base,DRL-ALNS,0,1,10,1120.8311,1247.2838,1085.5258,5.3053,30.0,10.0,10.039,3084,10,2,2,1.0,0,0,0,0,0,0
main,CSDVRP-L-n100-s2,L,100,2,base,Random-9,0,,35,2806.1998,3167.7225,2794.6366,11.5633,0.0,35.047,35.195,785,30,0,0,0.9972,0,0,0,0,0,0
exact,CSDVRP-S-n8-s5,S,8,5,base,DRL-VNS,5,1,5,423.2126,427.0275,419.9371,3.2754,0.0,5.0,5.047,7021,3,0,0,0.894,0,0,0,0,0,0
main,CSDVRP-L-n100-s1,L,100,1,base,Roulette-9,2,,35,2705.823,3146.4881,2650.3925,10.4305,45.0,35.0,35.376,847,29,3,3,1.0,0,0,0,0,0,0
main,CSDVRP-XL-n150-s1,XL,150,1,base,Random-9,8,,50,4239.1585,4744.1508,4226.1421,13.0163,0.0,50.0,50.294,1594,46,0,0,1.0,0,0,0,0,0,0
main,CSDVRP-S-n20-s3,S,20,3,base,Roulette-9,0,,6,690.5413,797.0264,671.6629,3.8783,15.0,6.0,6.117,5258,7,1,1,1.0,0,0,0,0,0,0
exact,CSDVRP-S-n12-s3,S,12,3,base,DRL-VNS,1,2,5,522.4878,589.3086,503.6872,3.8005,15.0,5.0,5.075,6191,4,1,1,1.0,0,0,0,0,0,0
exact,CSDVRP-S-n10-s5,S,10,5,base,DRL-ALNS,0,1,5,454.5993,485.8354,450.6688,3.9305,0.0,5.0,5.06,5786,3,0,0,0.956,0,0,0,0,0,0
main,CSDVRP-M-n30-s1,M,30,1,base,DRL-ALNS,4,5,10,1070.8402,1231.1888,1036.6469,4.1934,30.0,10.0,10.078,3025,10,2,2,1.0,0,0,0,0,0,0
main,CSDVRP-S-n15-s5,S,15,5,base,VNS-9,9,,5,666.5148,800.4223,662.7682,3.7467,0.0,5.0,5.013,8993,5,0,0,0.9993,0,0,0,0,0,0
main,CSDVRP-XL-n150-s5,XL,150,5,base,ALNS+,0,,50,4021.4291,4291.4727,4002.9179,18.5112,0.0,50.016,50.327,676,48,0,0,0.999,0,0,0,0,0,0
exact,CSDVRP-S-n6-s2,S,6,2,base,Marginal-9,7,3,5,330.7872,334.9047,328.2873,2.4999,0.0,5.0,5.028,18302,3,0,0,0.8567,0,0,0,0,0,0
main,CSDVRP-XL-n150-s0,XL,150,0,base,Fixed-small,7,,50,4390.0111,5021.4451,4330.5478,14.4633,45.0,50.0,50.145,2605,47,2,3,1.0,0,0,0,0,0,0
main,CSDVRP-L-n75-s5,L,75,5,base,Random-9,5,,25,2090.8291,2327.4464,2083.4687,7.3604,0.0,25.0,25.122,1153,23,0,0,0.9904,0,0,0,0,0,0
main,CSDVRP-XL-n150-s4,XL,150,4,base,VNS-9,1,,50,3986.6905,4802.2805,3853.8534,12.8372,120.0,50.016,50.284,1686,45,6,8,1.0,0,0,0,0,0,0
main,CSDVRP-S-n20-s0,S,20,0,base,DRL-ALNS,9,5,6,756.3441,835.2978,752.4896,3.8544,0.0,6.0,6.05,3458,7,0,0,0.9987,0,0,0,0,0,0
main,CSDVRP-S-n15-s5,S,15,5,base,VNS-9,2,,5,666.5148,800.4223,662.7682,3.7467,0.0,5.0,5.028,9120,5,0,0,0.9993,0,0,0,0,0,0
main,CSDVRP-L-n100-s4,L,100,4,base,Marginal-9,7,3,35,2924.0424,3371.4529,2912.3417,11.7008,0.0,35.047,35.357,814,31,0,0,1.0,0,0,0,0,0,0
main,CSDVRP-L-n100-s2,L,100,2,base,Marginal-9,1,2,35,2795.2714,3167.7225,2783.2467,12.0247,0.0,35.016,35.116,788,30,0,0,0.9916,0,0,0,0,0,0
exact,CSDVRP-S-n6-s5,S,6,5,base,Roulette-9,9,,5,347.3173,347.7063,345.0582,2.2591,0.0,5.0,5.052,23178,3,0,0,0.9907,0,0,0,0,0,0
main,CSDVRP-M-n30-s5,M,30,5,base,Random-9,6,,10,1130.5672,1247.2838,1095.8069,4.7603,30.0,10.0,10.14,4482,10,2,2,1.0,0,0,0,0,0,0
main,CSDVRP-L-n75-s4,L,75,4,base,Fixed-small,5,,25,2201.1814,2460.454,2194.1963,6.9851,0.0,25.0,25.246,1523,24,0,0,0.9996,0,0,0,0,0,0
exact,CSDVRP-S-n10-s4,S,10,4,base,Fixed-small,0,,5,387.4582,460.8567,384.9244,2.5338,0.0,5.0,5.077,18406,3,0,0,0.98,0,0,0,0,0,0
main,CSDVRP-L-n75-s2,L,75,2,base,VNS-9,0,,25,2093.1839,2442.0216,2068.9935,9.1903,15.0,25.0,25.109,1284,22,1,1,1.0,0,0,0,0,0,0
main,CSDVRP-S-n15-s5,S,15,5,base,Roulette-9,0,,5,666.5148,800.4223,662.7682,3.7467,0.0,5.0,4.997,8757,5,0,0,0.9993,0,0,0,0,0,0
main,CSDVRP-M-n30-s3,M,30,3,base,Roulette-9,2,,10,970.8464,1099.7766,968.1897,2.6567,0.0,10.0,10.048,3713,10,0,0,0.9975,0,0,0,0,0,0
main,CSDVRP-L-n100-s4,L,100,4,base,Fixed-small,2,,35,2947.0776,3371.4529,2922.8375,9.2401,15.0,35.0,35.338,1271,31,1,1,1.0,0,0,0,0,0,0
main,CSDVRP-L-n75-s2,L,75,2,base,VNS,7,,25,2124.8,2442.0216,2115.4339,9.3661,0.0,25.0,25.125,1633,22,0,0,0.9988,0,0,0,0,0,0
main,CSDVRP-M-n30-s2,M,30,2,base,Roulette-9,1,,10,941.0511,1162.4183,938.3163,2.7347,0.0,10.0,10.044,3598,10,0,0,0.9865,0,0,0,0,0,0
main,CSDVRP-M-n50-s2,M,50,2,base,Random-9,5,,15,1471.369,1677.4231,1465.5918,5.7772,0.0,15.0,15.123,1934,16,0,0,0.9985,0,0,0,0,0,0
main,CSDVRP-XL-n150-s0,XL,150,0,base,DRL-VNS,4,5,50,4451.3329,5021.4451,4405.3979,15.935,30.0,50.031,50.327,1525,47,1,2,1.0,0,0,0,0,0,0
exact,CSDVRP-S-n10-s5,S,10,5,base,Fixed-small,5,,5,454.5993,485.8354,450.6688,3.9305,0.0,5.0,5.042,14896,3,0,0,0.956,0,0,0,0,0,0
main,CSDVRP-S-n20-s2,S,20,2,base,VNS,0,,6,670.121,732.8183,667.0092,3.1118,0.0,6.0,6.012,3947,7,0,0,0.9933,0,0,0,0,0,0
main,CSDVRP-M-n30-s1,M,30,1,base,DRL-ALNS,9,5,10,1049.5384,1231.1888,1030.777,3.7614,15.0,10.0,10.015,2896,10,1,1,1.0,0,0,0,0,0,0
main,CSDVRP-XL-n150-s2,XL,150,2,base,VNS,6,,50,4030.8749,4545.4892,4015.6404,15.2344,0.0,50.0,50.27,1473,45,0,0,1.0,0,0,0,0,0,0
exact,CSDVRP-S-n8-s4,S,8,4,base,Marginal-9,0,1,5,360.1059,397.2233,357.0731,3.0328,0.0,5.0,5.021,16055,3,0,0,0.8793,0,0,0,0,0,0
main,CSDVRP-S-n15-s5,S,15,5,base,Random-9,9,,5,666.5148,800.4223,662.7682,3.7467,0.0,5.0,5.014,8839,5,0,0,0.9993,0,0,0,0,0,0
main,CSDVRP-L-n75-s5,L,75,5,base,VNS,3,,25,2091.676,2327.4464,2085.1563,6.5197,0.0,25.0,25.21,1921,22,0,0,0.9956,0,0,0,0,0,0
main,CSDVRP-XL-n150-s3,XL,150,3,base,Roulette-9,1,,50,3849.3444,4237.9876,3833.9597,15.3847,0.0,50.0,50.238,1667,44,0,0,0.9997,0,0,0,0,0,0
exact,CSDVRP-S-n6-s5,S,6,5,base,Marginal-9,6,2,5,347.3173,347.7063,345.0582,2.2591,0.0,5.0,4.998,23360,3,0,0,0.9907,0,0,0,0,0,0
exact,CSDVRP-S-n12-s3,S,12,3,base,DRL-VNS,9,5,5,522.4878,589.3086,503.6872,3.8005,15.0,5.0,5.03,5986,4,1,1,1.0,0,0,0,0,0,0
main,CSDVRP-XL-n150-s4,XL,150,4,base,Random-9,0,,50,4076.6814,4802.2805,3898.7721,12.9093,165.0,50.0,50.449,1607,45,7,11,1.0,0,0,0,0,0,0
main,CSDVRP-S-n20-s3,S,20,3,base,Fixed-small,0,,6,730.1927,797.0264,696.4671,3.7256,30.0,6.0,6.029,6951,7,2,2,1.0,0,0,0,0,0,0
main,CSDVRP-S-n20-s5,S,20,5,base,VNS,0,,6,763.1659,865.7,758.6853,4.4806,0.0,6.0,6.046,4700,7,0,0,0.9947,0,0,0,0,0,0
main,CSDVRP-S-n20-s1,S,20,1,base,DRL-ALNS,9,5,6,818.6214,908.0268,783.941,4.6803,30.0,6.0,6.045,3344,7,2,2,1.0,0,0,0,0,0,0
exact,CSDVRP-S-n10-s4,S,10,4,base,ALNS+,1,,5,387.4582,460.8567,384.9244,2.5338,0.0,5.0,4.998,16386,3,0,0,0.98,0,0,0,0,0,0
main,CSDVRP-S-n15-s5,S,15,5,base,Marginal-9,3,4,5,666.5148,800.4223,662.7682,3.7467,0.0,5.0,5.06,9055,5,0,0,0.9993,0,0,0,0,0,0
exact,CSDVRP-S-n6-s5,S,6,5,base,Random-9,2,,5,347.3173,347.7063,345.0582,2.2591,0.0,5.0,5.013,24742,3,0,0,0.9907,0,0,0,0,0,0
main,CSDVRP-L-n100-s1,L,100,1,base,VNS-9,3,,35,2711.7592,3146.4881,2656.5982,10.1611,45.0,35.016,35.142,710,29,2,3,1.0,0,0,0,0,0,0
main,CSDVRP-M-n30-s0,M,30,0,base,VNS,7,,10,1092.964,1303.6377,1089.1614,3.8025,0.0,10.0,10.077,3724,11,0,0,0.997,0,0,0,0,0,0
main,CSDVRP-S-n15-s0,S,15,0,base,Fixed-small,9,,5,606.5233,666.3141,602.2712,4.2521,0.0,5.0,5.026,9133,5,0,0,0.9927,0,0,0,0,0,0
exact,CSDVRP-S-n10-s4,S,10,4,base,VNS-9,8,,5,387.4582,460.8567,384.9244,2.5338,0.0,5.0,4.997,16846,3,0,0,0.98,0,0,0,0,0,0
main,CSDVRP-L-n100-s4,L,100,4,base,VNS-9,0,,35,2969.8026,3371.4529,2928.4518,11.3508,30.0,35.016,35.174,765,31,2,2,1.0,0,0,0,0,0,0
exact,CSDVRP-S-n8-s1,S,8,1,base,ALNS+,9,,5,335.8429,376.3954,333.6723,2.1706,0.0,5.0,5.008,18119,3,0,0,0.9073,0,0,0,0,0,0
main,CSDVRP-S-n15-s0,S,15,0,base,Fixed-small,7,,5,623.0023,666.3141,603.3505,4.6517,15.0,5.0,5.062,7398,5,1,1,1.0,0,0,0,0,0,0
exact,CSDVRP-S-n8-s1,S,8,1,base,DRL-VNS,9,5,5,335.8429,376.3954,333.6723,2.1706,0.0,5.0,5.012,7499,3,0,0,0.9073,0,0,0,0,0,0
main,CSDVRP-S-n15-s0,S,15,0,base,Roulette-9,6,,5,606.5233,666.3141,602.2712,4.2521,0.0,5.0,5.014,7376,5,0,0,0.9927,0,0,0,0,0,0
exact,CSDVRP-S-n10-s1,S,10,1,base,VNS,3,,5,394.7924,479.2322,392.2685,2.5239,0.0,5.0,4.997,9061,4,0,0,0.9253,0,0,0,0,0,0
main,CSDVRP-M-n50-s4,M,50,4,base,Roulette-9,9,,15,1648.0971,1919.2804,1641.408,6.6891,0.0,15.0,15.077,1793,16,0,0,0.9925,0,0,0,0,0,0
main,CSDVRP-XL-n150-s4,XL,150,4,base,Fixed-small,5,,50,3842.5121,4802.2805,3768.9088,13.6034,60.0,50.0,50.323,2844,45,3,4,1.0,0,0,0,0,0,0
exact,CSDVRP-S-n10-s1,S,10,1,base,Random-9,6,,5,394.7924,479.2322,392.2685,2.5239,0.0,5.0,5.0,9048,4,0,0,0.9253,0,0,0,0,0,0
main,CSDVRP-M-n30-s5,M,30,5,base,VNS,1,,10,1128.8684,1247.2838,1123.3823,5.4862,0.0,10.0,10.062,4305,10,0,0,0.9905,0,0,0,0,0,0
exact,CSDVRP-S-n6-s4,S,6,4,base,VNS-9,3,,5,307.3738,316.7228,305.135,2.2389,0.0,5.0,5.011,19652,3,0,0,0.906,0,0,0,0,0,0
main,CSDVRP-L-n75-s0,L,75,0,base,VNS-9,3,,25,2408.6437,2688.4285,2400.1362,8.5075,0.0,25.0,25.048,1121,24,0,0,0.9984,0,0,0,0,0,0
exact,CSDVRP-S-n8-s4,S,8,4,base,Roulette-9,6,,5,359.1905,397.2233,357.0731,2.1174,0.0,5.0,5.058,16183,3,0,0,0.8793,0,0,0,0,0,0
main,CSDVRP-XL-n150-s3,XL,150,3,base,ALNS+,6,,50,3973.3453,4237.9876,3957.3102,16.0351,0.0,50.0,50.346,675,48,0,0,0.9987,0,0,0,0,0,0
exact,CSDVRP-S-n12-s1,S,12,1,base,Marginal-9,0,1,5,546.6849,602.7068,512.8082,3.8767,30.0,5.0,5.008,10007,4,2,2,1.0,0,0,0,0,0,0
main,CSDVRP-S-n20-s3,S,20,3,base,DRL-VNS,3,4,6,709.2782,797.0264,704.645,4.6332,0.0,6.0,6.059,4034,7,0,0,0.994,0,0,0,0,0,0
exact,CSDVRP-S-n12-s1,S,12,1,base,Marginal-9,9,5,5,511.8119,602.7068,507.9062,3.9057,0.0,5.0,5.013,9766,4,0,0,0.994,0,0,0,0,0,0
exact,CSDVRP-S-n12-s1,S,12,1,base,VNS-9,2,,5,527.1742,602.7068,508.3795,3.7947,15.0,5.0,5.001,10918,4,1,1,1.0,0,0,0,0,0,0
main,CSDVRP-M-n30-s5,M,30,5,base,Fixed-small,9,,10,1125.2179,1247.2838,1089.1217,6.0962,30.0,10.0,10.032,5578,10,1,2,1.0,0,0,0,0,0,0
main,CSDVRP-XL-n150-s2,XL,150,2,base,ALNS+,8,,50,4185.184,4545.4892,4171.444,13.74,0.0,50.062,50.292,616,49,0,0,1.0,0,0,0,0,0,0
main,CSDVRP-S-n15-s4,S,15,4,base,VNS,7,,5,585.7427,624.2332,582.2908,3.4519,0.0,5.0,5.061,5908,6,0,0,0.9347,0,0,0,0,0,0
main,CSDVRP-S-n20-s0,S,20,0,base,DRL-VNS,0,1,6,756.2207,835.2978,752.4896,3.7311,0.0,6.0,6.029,3604,7,0,0,0.9987,0,0,0,0,0,0
exact,CSDVRP-S-n6-s1,S,6,1,base,DRL-ALNS,7,3,5,341.7876,362.2464,340.1093,1.6783,0.0,5.0,4.996,6884,3,0,0,0.926,0,0,0,0,0,0
main,CSDVRP-XL-n150-s2,XL,150,2,base,DRL-VNS,1,2,50,4058.7402,4545.4892,4030.9936,12.7466,15.0,50.0,50.235,1726,46,1,1,1.0,0,0,0,0,0,0
main,CSDVRP-XL-n150-s1,XL,150,1,base,VNS,5,,50,4312.0798,4744.1508,4233.9368,18.143,60.0,50.0,50.472,1463,45,2,4,1.0,0,0,0,0,0,0
main,CSDVRP-M-n30-s3,M,30,3,base,VNS,7,,10,969.1696,1099.7766,965.9069,3.2627,0.0,10.0,10.083,4248,10,0,0,0.988,0,0,0,0,0,0
exact,CSDVRP-S-n10-s5,S,10,5,base,DRL-ALNS,7,3,5,454.5993,485.8354,450.6688,3.9305,0.0,5.0,5.027,5738,3,0,0,0.956,0,0,0,0,0,0
main,CSDVRP-S-n20-s3,S,20,3,base,DRL-ALNS,7,3,6,691.7775,797.0264,671.6629,5.1145,15.0,6.0,6.062,3512,7,1,1,1.0,0,0,0,0,0,0
main,CSDVRP-XL-n150-s4,XL,150,4,base,VNS,3,,50,3868.351,4802.2805,3796.4623,11.8887,60.0,50.031,50.264,1431,46,4,4,1.0,0,0,0,0,0,0
main,CSDVRP-XL-n150-s3,XL,150,3,base,VNS-9,9,,50,3868.3546,4237.9876,3822.4402,15.9144,30.0,50.031,50.342,1546,44,1,2,0.9973,0,0,0,0,0,0
exact,CSDVRP-S-n10-s3,S,10,3,base,DRL-VNS,8,4,5,398.3934,456.2198,394.9219,3.4715,0.0,5.0,5.054,6878,3,0,0,0.9427,0,0,0,0,0,0
main,CSDVRP-L-n75-s4,L,75,4,base,ALNS+,7,,25,2214.4069,2460.454,2205.4296,8.9773,0.0,25.031,25.116,795,24,0,0,0.9996,0,0,0,0,0,0
main,CSDVRP-S-n20-s2,S,20,2,base,Roulette-9,3,,6,670.121,732.8183,667.0092,3.1118,0.0,6.0,6.039,4933,7,0,0,0.9933,0,0,0,0,0,0
main,CSDVRP-L-n75-s5,L,75,5,base,Roulette-9,5,,25,2097.973,2327.4464,2089.3953,8.5777,0.0,25.0,25.144,1253,23,0,0,0.9992,0,0,0,0,0,0
main,CSDVRP-S-n15-s3,S,15,3,base,Roulette-9,9,,5,613.8579,692.2972,595.8443,3.0136,15.0,5.0,4.99,9042,5,1,1,1.0,0,0,0,0,0,0
main,CSDVRP-L-n100-s5,L,100,5,base,Fixed-small,7,,35,2589.4732,3154.3549,2547.7835,11.6897,30.0,35.0,35.178,1350,30,2,2,1.0,0,0,0,0,0,0
main,CSDVRP-M-n30-s1,M,30,1,base,ALNS+,3,,10,1073.9635,1231.1888,1038.7376,5.2258,30.0,10.0,10.123,3997,10,2,2,1.0,0,0,0,0,0,0
exact,CSDVRP-S-n12-s3,S,12,3,base,DRL-VNS,6,2,5,522.4878,589.3086,503.6872,3.8005,15.0,5.0,5.082,6235,4,1,1,1.0,0,0,0,0,0,0
exact,CSDVRP-S-n12-s4,S,12,4,base,Random-9,1,,5,487.5063,536.3904,484.4937,3.0126,0.0,5.0,4.998,11401,4,0,0,0.9867,0,0,0,0,0,0
main,CSDVRP-S-n15-s0,S,15,0,base,Marginal-9,0,1,5,606.5233,666.3141,602.2712,4.2521,0.0,5.0,5.045,7244,5,0,0,0.9927,0,0,0,0,0,0
main,CSDVRP-XL-n150-s1,XL,150,1,base,VNS-9,2,,50,4265.1672,4744.1508,4190.3982,14.769,60.0,50.0,50.678,1600,45,3,4,1.0,0,0,0,0,0,0
main,CSDVRP-M-n50-s2,M,50,2,base,Fixed-small,1,,15,1484.2579,1677.4231,1463.1968,6.0612,15.0,15.0,15.313,2336,16,1,1,1.0,0,0,0,0,0,0
exact,CSDVRP-S-n8-s1,S,8,1,base,Fixed-small,5,,5,335.8429,376.3954,333.6723,2.1706,0.0,5.0,5.065,18818,3,0,0,0.9073,0,0,0,0,0,0
main,CSDVRP-M-n50-s5,M,50,5,base,Marginal-9,1,2,15,1611.5018,1904.3598,1603.3995,8.1023,0.0,15.0,15.097,2083,15,0,0,0.9985,0,0,0,0,0,0
exact,CSDVRP-S-n10-s1,S,10,1,base,Roulette-9,3,,5,394.7924,479.2322,392.2685,2.5239,0.0,5.0,5.023,8724,4,0,0,0.9253,0,0,0,0,0,0
main,CSDVRP-M-n50-s2,M,50,2,base,VNS-9,0,,15,1502.4292,1677.4231,1480.7505,6.6786,15.0,15.0,15.098,1755,16,1,1,1.0,0,0,0,0,0,0
main,CSDVRP-L-n75-s4,L,75,4,base,DRL-ALNS,5,1,25,2262.9461,2460.454,2253.5847,9.3613,0.0,25.0,25.088,799,24,0,0,0.998,0,0,0,0,0,0
exact,CSDVRP-S-n6-s3,S,6,3,base,Fixed-small,0,,5,230.2731,253.5784,228.5871,1.686,0.0,5.0,4.996,30128,2,0,0,0.9873,0,0,0,0,0,0
main,CSDVRP-M-n30-s4,M,30,4,base,Marginal-9,2,3,10,926.1273,1151.8487,921.3091,4.8182,0.0,10.0,10.123,4068,10,0,0,0.99,0,0,0,0,0,0
exact,CSDVRP-S-n8-s2,S,8,2,base,VNS,2,,5,344.8888,398.3755,342.4078,2.481,0.0,5.0,5.029,14967,3,0,0,0.8753,0,0,0,0,0,0
exact,CSDVRP-S-n12-s3,S,12,3,base,DRL-ALNS,7,3,5,522.4878,589.3086,503.6872,3.8005,15.0,5.0,5.046,5343,4,1,1,1.0,0,0,0,0,0,0
exact,CSDVRP-S-n8-s1,S,8,1,base,Fixed-small,8,,5,357.4079,376.3954,340.1754,2.2325,15.0,5.0,5.045,19192,3,1,1,1.0,0,0,0,0,0,0
exact,CSDVRP-S-n12-s2,S,12,2,base,VNS,0,,5,460.175,518.4642,458.0808,2.0942,0.0,5.0,5.045,11310,4,0,0,0.998,0,0,0,0,0,0
exact,CSDVRP-S-n6-s2,S,6,2,base,DRL-VNS,0,1,5,330.7872,334.9047,328.2873,2.4999,0.0,5.0,5.091,7702,3,0,0,0.8567,0,0,0,0,0,0
exact,CSDVRP-S-n12-s2,S,12,2,base,DRL-VNS,5,1,5,460.175,518.4642,458.0808,2.0942,0.0,5.0,5.027,6453,4,0,0,0.998,0,0,0,0,0,0
main,CSDVRP-L-n100-s5,L,100,5,base,DRL-ALNS,5,1,35,2739.6555,3154.3549,2663.8683,15.7871,60.0,35.094,35.221,477,30,2,4,0.9976,0,0,0,0,0,0
exact,CSDVRP-S-n12-s3,S,12,3,base,Fixed-small,4,,5,522.5127,589.3086,503.6872,3.8254,15.0,5.0,5.04,13411,4,1,1,1.0,0,0,0,0,0,0
main,CSDVRP-S-n20-s0,S,20,0,base,Marginal-9,4,5,6,756.3441,835.2978,752.4896,3.8544,0.0,6.0,6.124,4664,7,0,0,0.9987,0,0,0,0,0,0
case,CSDVRP-CS-Riyadh,case,30,0,base,Marginal-9,5,1,30,420.1501,711.0291,414.0897,6.0604,0.0,30.0,30.199,12010,4,0,0,0.982,0,0,0,0,0,0
main,CSDVRP-L-n100-s5,L,100,5,base,VNS,2,,35,2565.5486,3154.3549,2538.3793,12.1693,15.0,35.0,35.139,982,30,1,1,0.9984,0,0,0,0,0,0
exact,CSDVRP-S-n10-s3,S,10,3,base,Fixed-small,1,,5,398.3934,456.2198,394.9219,3.4715,0.0,5.0,5.011,16644,3,0,0,0.9427,0,0,0,0,0,0
main,CSDVRP-S-n20-s1,S,20,1,base,DRL-ALNS,8,4,6,785.4801,908.0268,780.5879,4.8922,0.0,6.0,6.218,3745,7,0,0,0.9833,0,0,0,0,0,0
exact,CSDVRP-S-n8-s2,S,8,2,base,Roulette-9,5,,5,344.8888,398.3755,342.4078,2.481,0.0,5.0,5.06,16631,3,0,0,0.8753,0,0,0,0,0,0
main,CSDVRP-S-n15-s5,S,15,5,base,Random-9,1,,5,666.5148,800.4223,662.7682,3.7467,0.0,5.0,4.998,8811,5,0,0,0.9993,0,0,0,0,0,0
exact,CSDVRP-S-n8-s2,S,8,2,base,Marginal-9,2,3,5,344.8888,398.3755,342.4078,2.481,0.0,5.0,5.03,17051,3,0,0,0.8753,0,0,0,0,0,0
main,CSDVRP-S-n15-s4,S,15,4,base,ALNS+,8,,5,605.9951,624.2332,601.9721,4.023,0.0,5.0,5.044,8233,5,0,0,0.9993,0,0,0,0,0,0
main,CSDVRP-S-n20-s2,S,20,2,base,VNS,2,,6,670.121,732.8183,667.0092,3.1118,0.0,6.0,6.017,3809,7,0,0,0.9933,0,0,0,0,0,0
main,CSDVRP-XL-n150-s0,XL,150,0,base,Random-9,2,,50,4403.7688,5021.4451,4370.8744,17.8945,15.0,50.016,50.292,1717,46,1,1,1.0,0,0,0,0,0,0
main,CSDVRP-S-n20-s5,S,20,5,base,VNS-9,8,,6,763.1659,865.7,758.6853,4.4806,0.0,6.0,6.075,6083,7,0,0,0.9947,0,0,0,0,0,0
main,CSDVRP-S-n20-s2,S,20,2,base,Fixed-small,8,,6,670.1377,732.8183,667.0092,3.1285,0.0,6.0,6.218,6450,7,0,0,0.9933,0,0,0,0,0,0
main,CSDVRP-S-n15-s4,S,15,4,base,VNS,9,,5,585.7427,624.2332,582.2908,3.4519,0.0,5.0,5.012,5974,6,0,0,0.9347,0,0,0,0,0,0
main,CSDVRP-M-n30-s4,M,30,4,base,VNS-9,2,,10,926.1685,1151.8487,921.3091,4.8594,0.0,10.0,10.045,4057,10,0,0,0.99,0,0,0,0,0,0
main,CSDVRP-M-n50-s2,M,50,2,base,DRL-ALNS,4,5,15,1500.0918,1677.4231,1492.0917,8.0001,0.0,15.0,15.086,1579,16,0,0,0.9985,0,0,0,0,0,0
exact,CSDVRP-S-n10-s1,S,10,1,base,DRL-ALNS,7,3,5,394.7924,479.2322,392.2685,2.5239,0.0,5.0,5.035,5033,4,0,0,0.9253,0,0,0,0,0,0
main,CSDVRP-L-n100-s5,L,100,5,base,Roulette-9,9,,35,2656.0273,3154.3549,2599.6675,11.3598,45.0,35.0,35.276,823,30,2,3,1.0,0,0,0,0,0,0
main,CSDVRP-M-n50-s3,M,50,3,base,Fixed-small,3,,15,1400.2633,1746.7745,1393.2711,6.9923,0.0,15.0,15.101,3277,15,0,0,0.994,0,0,0,0,0,0
main,CSDVRP-S-n20-s5,S,20,5,base,ALNS+,3,,6,763.1659,865.7,758.6853,4.4806,0.0,6.0,6.055,6534,7,0,0,0.9947,0,0,0,0,0,0
main,CSDVRP-XL-n150-s1,XL,150,1,base,VNS-9,3,,50,4301.1808,4744.1508,4213.2374,12.9434,75.0,50.078,50.311,1637,46,3,5,1.0,0,0,0,0,0,0
exact,CSDVRP-S-n12-s5,S,12,5,base,DRL-VNS,8,4,5,521.0601,535.5205,517.6832,3.3769,0.0,5.0,5.042,5718,4,0,0,0.978,0,0,0,0,0,0
main,CSDVRP-S-n20-s2,S,20,2,base,ALNS+,3,,6,670.3654,732.8183,667.0092,3.3562,0.0,6.0,6.06,5389,7,0,0,0.9933,0,0,0,0,0,0
main,CSDVRP-XL-n150-s3,XL,150,3,base,ALNS+,7,,50,3934.4698,4237.9876,3917.2129,17.2569,0.0,50.0,50.263,682,44,0,0,0.9953,0,0,0,0,0,0
exact,CSDVRP-S-n10-s3,S,10,3,base,Fixed-small,5,,5,398.3934,456.2198,394.9219,3.4715,0.0,5.0,5.015,16628,3,0,0,0.9427,0,0,0,0,0,0
exact,CSDVRP-S-n6-s1,S,6,1,base,Fixed-small,4,,5,341.7876,362.2464,340.1093,1.6783,0.0,5.0,4.998,22337,3,0,0,0.926,0,0,0,0,0,0
exact,CSDVRP-S-n10-s5,S,10,5,base,VNS,9,,5,454.5993,485.8354,450.6688,3.9305,0.0,5.0,4.998,10687,3,0,0,0.956,0,0,0,0,0,0
main,CSDVRP-L-n75-s4,L,75,4,base,DRL-ALNS,6,2,25,2229.8946,2460.454,2221.1871,8.7075,0.0,25.0,25.143,814,25,0,0,0.998,0,0,0,0,0,0
exact,CSDVRP-S-n6-s2,S,6,2,base,Fixed-small,4,,5,330.7872,334.9047,328.2873,2.4999,0.0,5.0,5.009,19428,3,0,0,0.8567,0,0,0,0,0,0
main,CSDVRP-S-n15-s1,S,15,1,base,VNS-9,9,,5,599.4153,675.8866,596.1341,3.2813,0.0,5.0,5.03,6554,6,0,0,0.9,0,0,0,0,0,0
main,CSDVRP-M-n50-s5,M,50,5,base,Fixed-small,8,,15,1659.3703,1904.3598,1637.1837,7.1866,15.0,15.0,15.014,2804,16,1,1,1.0,0,0,0,0,0,0
main,CSDVRP-M-n30-s2,M,30,2,base,Roulette-9,6,,10,941.0551,1162.4183,938.3163,2.7388,0.0,10.0,10.063,3462,10,0,0,0.9865,0,0,0,0,0,0
main,CSDVRP-S-n20-s2,S,20,2,base,VNS,9,,6,670.121,732.8183,667.0092,3.1118,0.0,6.0,6.01,3785,7,0,0,0.9933,0,0,0,0,0,0
main,CSDVRP-S-n20-s4,S,20,4,base,Roulette-9,0,,6,719.4697,798.0501,715.5041,3.9656,0.0,6.0,6.014,4650,7,0,0,0.986,0,0,0,0,0,0
exact,CSDVRP-S-n8-s2,S,8,2,base,Marginal-9,1,2,5,344.8888,398.3755,342.4078,2.481,0.0,5.0,5.059,17841,3,0,0,0.8753,0,0,0,0,0,0
exact,CSDVRP-S-n6-s4,S,6,4,base,Random-9,0,,5,307.3738,316.7228,305.135,2.2389,0.0,5.0,5.108,19914,3,0,0,0.906,0,0,0,0,0,0
exact,CSDVRP-S-n10-s5,S,10,5,base,Marginal-9,6,2,5,454.5993,485.8354,450.6688,3.9305,0.0,5.0,5.014,12915,3,0,0,0.956,0,0,0,0,0,0
main,CSDVRP-S-n15-s2,S,15,2,base,DRL-VNS,7,3,5,604.4369,645.109,602.0225,2.4144,0.0,5.0,5.045,4459,6,0,0,0.9953,0,0,0,0,0,0
main,CSDVRP-M-n30-s0,M,30,0,base,VNS-9,6,,10,1093.0763,1303.6377,1088.8964,4.1799,0.0,10.0,10.059,4016,11,0,0,0.997,0,0,0,0,0,0
exact,CSDVRP-S-n6-s5,S,6,5,base,Marginal-9,5,1,5,347.3173,347.7063,345.0582,2.2591,0.0,5.0,5.014,23277,3,0,0,0.9907,0,0,0,0,0,0
exact,CSDVRP-S-n12-s1,S,12,1,base,DRL-VNS,3,4,5,511.4838,602.7068,507.9062,3.5776,0.0,5.0,5.028,5667,4,0,0,0.994,0,0,0,0,0,0
exact,CSDVRP-S-n12-s3,S,12,3,base,VNS-9,0,,5,522.4878,589.3086,503.6872,3.8005,15.0,5.0,5.014,12269,4,1,1,1.0,0,0,0,0,0,0
main,CSDVRP-L-n100-s3,L,100,3,base,Marginal-9,5,1,35,2742.5864,3095.0715,2703.0122,9.5742,30.0,35.094,35.277,733,31,2,2,1.0,0,0,0,0,0,0
main,CSDVRP-S-n20-s2,S,20,2,base,VNS,4,,6,670.121,732.8183,667.0092,3.1118,0.0,6.0,6.124,3989,7,0,0,0.9933,0,0,0,0,0,0
main,CSDVRP-M-n30-s1,M,30,1,base,DRL-VNS,8,4,10,1031.4688,1231.1888,1027.1043,4.3646,0.0,10.0,10.123,3080,10,0,0,0.98,0,0,0,0,0,0
exact,CSDVRP-S-n8-s2,S,8,2,base,Fixed-small,3,,5,344.8888,398.3755,342.4078,2.481,0.0,5.0,5.012,19183,3,0,0,0.8753,0,0,0,0,0,0
main,CSDVRP-M-n30-s2,M,30,2,base,Marginal-9,7,3,10,941.0551,1162.4183,938.3163,2.7388,0.0,10.0,10.047,3784,10,0,0,0.9865,0,0,0,0,0,0
main,CSDVRP-M-n50-s5,M,50,5,base,Roulette-9,6,,15,1606.5902,1904.3598,1597.9554,8.6348,0.0,15.0,15.031,2076,15,0,0,0.995,0,0,0,0,0,0
main,CSDVRP-S-n15-s5,S,15,5,base,ALNS+,7,,5,675.3233,800.4223,670.5069,4.8163,0.0,5.0,5.01,8188,6,0,0,0.998,0,0,0,0,0,0
main,CSDVRP-L-n100-s4,L,100,4,base,Random-9,2,,35,2943.1008,3371.4529,2929.4255,13.6753,0.0,35.016,35.223,754,31,0,0,0.9992,0,0,0,0,0,0
exact,CSDVRP-S-n12-s5,S,12,5,base,Marginal-9,0,1,5,521.0601,535.5205,517.6832,3.3769,0.0,5.0,5.008,9652,4,0,0,0.978,0,0,0,0,0,0
exact,CSDVRP-S-n12-s3,S,12,3,base,ALNS+,2,,5,522.4878,589.3086,503.6872,3.8005,15.0,5.0,5.03,11979,4,1,1,1.0,0,0,0,0,0,0
main,CSDVRP-M-n50-s2,M,50,2,base,Roulette-9,0,,15,1468.4173,1677.4231,1462.0673,6.35,0.0,15.0,15.114,1878,16,0,0,0.9985,0,0,0,0,0,0
main,CSDVRP-XL-n150-s2,XL,150,2,base,VNS-9,0,,50,4096.7902,4545.4892,4066.0267,15.7636,15.0,50.031,50.251,1619,45,1,1,1.0,0,0,0,0,0,0
main,CSDVRP-S-n15-s5,S,15,5,base,Roulette-9,1,,5,666.5148,800.4223,662.7682,3.7467,0.0,5.0,4.987,8612,5,0,0,0.9993,0,0,0,0,0,0
main,CSDVRP-L-n75-s3,L,75,3,base,Roulette-9,2,,25,2107.1966,2332.9982,2085.5325,6.664,15.0,25.0,25.152,1320,24,1,1,1.0,0,0,0,0,0,0
main,CSDVRP-L-n100-s1,L,100,1,base,VNS-9,5,,35,2670.2675,3146.4881,2657.205,13.0625,0.0,35.047,35.173,750,29,0,0,0.9996,0,0,0,0,0,0
main,CSDVRP-L-n100-s5,L,100,5,base,DRL-VNS,8,4,35,2595.9747,3154.3549,2583.0521,12.9226,0.0,35.047,35.276,732,30,0,0,0.9988,0,0,0,0,0,0
main,CSDVRP-L-n75-s4,L,75,4,base,Fixed-small,3,,25,2209.728,2460.454,2202.6203,7.1077,0.0,25.0,25.108,1904,24,0,0,0.9996,0,0,0,0,0,0
exact,CSDVRP-S-n6-s5,S,6,5,base,DRL-VNS,6,2,5,347.3173,347.7063,345.0582,2.2591,0.0,5.0,5.043,8429,3,0,0,0.9907,0,0,0,0,0,0
exact,CSDVRP-S-n6-s2,S,6,2,base,Marginal-9,6,2,5,330.7872,334.9047,328.2873,2.4999,0.0,5.0,4.998,17697,3,0,0,0.8567,0,0,0,0,0,0
main,CSDVRP-L-n100-s1,L,100,1,base,Fixed-small,2,,35,2661.162,3146.4881,2635.5674,10.5947,15.0,35.0,35.155,1131,29,1,1,1.0,0,0,0,0,0,0
main,CSDVRP-M-n50-s5,M,50,5,base,ALNS+,9,,15,1711.3669,1904.3598,1612.661,8.7059,90.0,15.0,15.051,2058,15,5,6,1.0,0,0,0,0,0,0
main,CSDVRP-M-n30-s1,M,30,1,base,DRL-ALNS,5,1,10,1039.6204,1231.1888,1033.5401,6.0802,0.0,10.0,10.055,2745,10,0,0,0.988,0,0,0,0,0,0
main,CSDVRP-L-n75-s0,L,75,0,base,Roulette-9,1,,25,2409.7475,2688.4285,2401.1797,8.5678,0.0,25.0,25.177,1195,24,0,0,0.9984,0,0,0,0,0,0
main,CSDVRP-S-n20-s2,S,20,2,base,DRL-VNS,3,4,6,670.121,732.8183,667.0092,3.1118,0.0,6.0,6.02,3801,7,0,0,0.9933,0,0,0,0,0,0
exact,CSDVRP-S-n8-s3,S,8,3,base,DRL-VNS,2,3,5,339.8466,351.7127,337.5902,2.2564,0.0,5.0,5.075,7316,3,0,0,0.9567,0,0,0,0,0,0
exact,CSDVRP-S-n12-s5,S,12,5,base,VNS-9,4,,5,521.0601,535.5205,517.6832,3.3769,0.0,5.0,5.029,10183,4,0,0,0.978,0,0,0,0,0,0
exact,CSDVRP-S-n8-s4,S,8,4,base,ALNS+,0,,5,360.1059,397.2233,357.0731,3.0328,0.0,5.0,5.029,17122,3,0,0,0.8793,0,0,0,0,0,0
main,CSDVRP-XL-n150-s3,XL,150,3,base,DRL-ALNS,4,5,50,3915.5955,4237.9876,3898.6567,16.9388,0.0,50.0,50.175,914,47,0,0,0.9963,0,0,0,0,0,0
main,CSDVRP-L-n100-s1,L,100,1,base,Roulette-9,9,,35,2654.6647,3146.4881,2645.2158,9.4489,0.0,35.094,35.279,825,29,0,0,0.9996,0,0,0,0,0,0
main,CSDVRP-S-n15-s4,S,15,4,base,Fixed-small,5,,5,586.0528,624.2332,582.2908,3.762,0.0,5.0,5.024,9517,6,0,0,0.9347,0,0,0,0,0,0
main,CSDVRP-S-n20-s0,S,20,0,base,VNS-9,3,,6,756.2207,835.2978,752.4896,3.7311,0.0,6.0,6.046,5063,7,0,0,0.9987,0,0,0,0,0,0
main,CSDVRP-M-n50-s2,M,50,2,base,ALNS+,6,,15,1553.4993,1677.4231,1545.5155,7.9838,0.0,15.0,15.062,1889,18,0,0,0.9985,0,0,0,0,0,0
main,CSDVRP-S-n15-s5,S,15,5,base,Roulette-9,4,,5,666.5148,800.4223,662.7682,3.7467,0.0,5.0,5.012,8614,5,0,0,0.9993,0,0,0,0,0,0
main,CSDVRP-M-n50-s3,M,50,3,base,ALNS+,9,,15,1428.308,1746.7745,1391.7664,6.5417,30.0,15.0,15.06,2083,15,2,2,1.0,0,0,0,0,0,0
exact,CSDVRP-S-n10-s4,S,10,4,base,Roulette-9,9,,5,387.4582,460.8567,384.9244,2.5338,0.0,5.0,4.997,15953,3,0,0,0.98,0,0,0,0,0,0
exact,CSDVRP-S-n12-s4,S,12,4,base,Marginal-9,2,3,5,487.5063,536.3904,484.4937,3.0126,0.0,5.0,5.06,11253,4,0,0,0.9867,0,0,0,0,0,0
case,CSDVRP-CS-Riyadh,case,30,0,base,Marginal-9,3,4,30,416.3117,711.0291,411.6246,4.6871,0.0,30.0,30.203,15289,4,0,0,0.986,0,0,0,0,0,0
main,CSDVRP-M-n50-s5,M,50,5,base,Marginal-9,0,1,15,1632.272,1904.3598,1624.8472,7.4248,0.0,15.0,15.046,1860,16,0,0,0.998,0,0,0,0,0,0
main,CSDVRP-M-n30-s1,M,30,1,base,Random-9,9,,10,1091.9803,1231.1888,1042.4793,4.501,45.0,10.0,10.013,3107,10,2,3,1.0,0,0,0,0,0,0
main,CSDVRP-S-n15-s3,S,15,3,base,VNS-9,6,,5,601.7995,692.2972,597.8561,3.9435,0.0,5.0,5.01,7016,6,0,0,0.998,0,0,0,0,0,0
exact,CSDVRP-S-n10-s3,S,10,3,base,VNS,5,,5,398.3226,456.2198,394.9219,3.4007,0.0,5.0,5.013,12955,3,0,0,0.9427,0,0,0,0,0,0
exact,CSDVRP-S-n6-s4,S,6,4,base,Fixed-small,6,,5,307.3738,316.7228,305.135,2.2389,0.0,5.0,4.999,19777,3,0,0,0.906,0,0,0,0,0,0
main,CSDVRP-L-n75-s4,L,75,4,base,Random-9,8,,25,2215.6762,2460.454,2193.1151,7.5611,15.0,25.0,25.168,1090,24,1,1,1.0,0,0,0,0,0,0
main,CSDVRP-S-n15-s4,S,15,4,base,ALNS+,5,,5,603.4484,624.2332,584.1074,4.341,15.0,5.0,4.985,8395,5,1,1,1.0,0,0,0,0,0,0
main,CSDVRP-L-n100-s4,L,100,4,base,VNS-9,4,,35,2947.646,3371.4529,2889.9663,12.6797,45.0,35.0,35.128,818,30,3,3,1.0,0,0,0,0,0,0
exact,CSDVRP-S-n10-s4,S,10,4,base,Fixed-small,6,,5,387.4582,460.8567,384.9244,2.5338,0.0,5.0,4.993,18183,3,0,0,0.98,0,0,0,0,0,0
main,CSDVRP-S-n20-s3,S,20,3,base,ALNS+,0,,6,690.3257,797.0264,671.6629,3.6628,15.0,6.0,5.999,6093,7,1,1,1.0,0,0,0,0,0,0
main,CSDVRP-M-n50-s3,M,50,3,base,DRL-VNS,4,5,15,1411.2761,1746.7745,1390.8285,5.4476,15.0,15.0,15.137,1727,15,1,1,1.0,0,0,0,0,0,0
main,CSDVRP-M-n50-s2,M,50,2,base,VNS-9,1,,15,1471.369,1677.4231,1465.5918,5.7772,0.0,15.016,15.046,1987,16,0,0,0.9985,0,0,0,0,0,0
main,CSDVRP-L-n100-s1,L,100,1,base,Fixed-small,7,,35,2674.9669,3146.4881,2650.1094,9.8575,15.0,35.0,35.144,1463,29,1,1,1.0,0,0,0,0,0,0
main,CSDVRP-L-n100-s1,L,100,1,base,VNS,2,,35,2654.6504,3146.4881,2629.8163,9.8342,15.0,35.0,35.164,1005,29,1,1,1.0,0,0,0,0,0,0
exact,CSDVRP-S-n10-s1,S,10,1,base,Random-9,8,,5,394.7924,479.2322,392.2685,2.5239,0.0,5.0,5.028,8935,4,0,0,0.9253,0,0,0,0,0,0
main,CSDVRP-S-n20-s4,S,20,4,base,Roulette-9,8,,6,719.4697,798.0501,715.5041,3.9656,0.0,6.0,6.047,4703,7,0,0,0.986,0,0,0,0,0,0
exact,CSDVRP-S-n10-s3,S,10,3,base,DRL-VNS,3,4,5,398.3934,456.2198,394.9219,3.4715,0.0,5.0,5.01,6845,3,0,0,0.9427,0,0,0,0,0,0
main,CSDVRP-L-n100-s4,L,100,4,base,Random-9,1,,35,2974.9677,3371.4529,2933.2032,11.7645,30.0,35.0,35.147,761,31,1,2,1.0,0,0,0,0,0,0
exact,CSDVRP-S-n12-s5,S,12,5,base,Fixed-small,7,,5,521.1985,535.5205,517.6832,3.5154,0.0,5.0,4.989,12561,4,0,0,0.978,0,0,0,0,0,0
main,CSDVRP-S-n15-s2,S,15,2,base,DRL-ALNS,0,1,5,604.4369,645.109,602.0225,2.4144,0.0,5.0,5.06,3917,6,0,0,0.9953,0,0,0,0,0,0
exact,CSDVRP-S-n8-s4,S,8,4,base,ALNS+,5,,5,359.1905,397.2233,357.0731,2.1174,0.0,5.0,5.076,17527,3,0,0,0.8793,0,0,0,0,0,0
exact,CSDVRP-S-n6-s1,S,6,1,base,Roulette-9,6,,5,341.7876,362.2464,340.1093,1.6783,0.0,5.0,5.014,21068,3,0,0,0.926,0,0,0,0,0,0
main,CSDVRP-M-n50-s5,M,50,5,base,Marginal-9,6,2,15,1654.667,1904.3598,1616.1019,8.5651,30.0,15.0,15.064,1856,15,1,2,1.0,0,0,0,0,0,0
main,CSDVRP-L-n75-s5,L,75,5,base,VNS-9,2,,25,2115.8132,2327.4464,2094.5938,6.2194,15.0,25.016,25.102,1203,23,1,1,1.0,0,0,0,0,0,0
main,CSDVRP-M-n30-s4,M,30,4,base,VNS,1,,10,926.1273,1151.8487,921.3091,4.8182,0.0,10.0,10.033,3872,10,0,0,0.99,0,0,0,0,0,0
main,CSDVRP-S-n15-s5,S,15,5,base,Fixed-small,3,,5,666.5148,800.4223,662.7682,3.7467,0.0,5.0,5.011,10147,5,0,0,0.9993,0,0,0,0,0,0
main,CSDVRP-L-n100-s5,L,100,5,base,Roulette-9,7,,35,2646.0827,3154.3549,2559.6661,11.4166,75.0,35.031,35.293,817,30,3,5,1.0,0,0,0,0,0,0
main,CSDVRP-M-n50-s0,M,50,0,base,VNS,7,,15,1714.4066,1986.2853,1707.1557,7.2509,0.0,15.0,15.002,2815,16,0,0,0.9865,0,0,0,0,0,0
exact,CSDVRP-S-n12-s1,S,12,1,base,VNS-9,5,,5,511.8119,602.7068,507.9062,3.9057,0.0,5.0,5.028,9867,4,0,0,0.994,0,0,0,0,0,0
main,CSDVRP-L-n100-s4,L,100,4,base,Marginal-9,0,1,35,2950.8433,3371.4529,2937.3673,13.476,0.0,35.047,35.172,687,31,0,0,0.9976,0,0,0,0,0,0
main,CSDVRP-L-n75-s4,L,75,4,base,ALNS+,6,,25,2283.9324,2460.454,2275.7111,8.2213,0.0,25.0,25.203,913,27,0,0,0.998,0,0,0,0,0,0
case,CSDVRP-CS-Riyadh,case,30,0,base,DRL-VNS,1,2,30,420.3178,711.0291,414.0897,6.2281,0.0,30.0,30.226,11554,4,0,0,0.982,0,0,0,0,0,0
main,CSDVRP-L-n75-s4,L,75,4,base,ALNS+,9,,25,2258.1896,2460.454,2248.3983,9.7913,0.0,25.031,25.268,882,24,0,0,1.0,0,0,0,0,0,0
main,CSDVRP-L-n75-s5,L,75,5,base,Marginal-9,3,4,25,2094.4888,2327.4464,2087.0905,7.3983,0.0,25.0,25.188,1137,23,0,0,0.9992,0,0,0,0,0,0
main,CSDVRP-L-n75-s0,L,75,0,base,Roulette-9,4,,25,2409.3456,2688.4285,2401.1797,8.1659,0.0,25.0,25.153,1271,24,0,0,0.9984,0,0,0,0,0,0
main,CSDVRP-M-n30-s2,M,30,2,base,Fixed-small,4,,10,945.4966,1162.4183,941.9985,3.4981,0.0,10.0,10.038,3515,10,0,0,0.9865,0,0,0,0,0,0
exact,CSDVRP-S-n8-s1,S,8,1,base,Fixed-small,9,,5,357.4079,376.3954,340.1754,2.2325,15.0,5.0,5.028,19241,3,1,1,1.0,0,0,0,0,0,0
exact,CSDVRP-S-n6-s3,S,6,3,base,Random-9,3,,5,230.2731,253.5784,228.5871,1.686,0.0,5.0,5.06,30602,2,0,0,0.9873,0,0,0,0,0,0
exact,CSDVRP-S-n12-s2,S,12,2,base,DRL-ALNS,7,3,5,460.175,518.4642,458.0808,2.0942,0.0,5.0,4.999,5681,4,0,0,0.998,0,0,0,0,0,0
exact,CSDVRP-S-n8-s4,S,8,4,base,ALNS+,4,,5,359.1905,397.2233,357.0731,2.1174,0.0,5.0,5.076,17064,3,0,0,0.8793,0,0,0,0,0,0
main,CSDVRP-S-n20-s3,S,20,3,base,Roulette-9,1,,6,711.4958,797.0264,677.4605,4.0353,30.0,6.0,6.062,5169,7,2,2,1.0,0,0,0,0,0,0
main,CSDVRP-S-n20-s4,S,20,4,base,Marginal-9,5,1,6,719.4697,798.0501,715.5041,3.9656,0.0,6.0,6.044,4704,7,0,0,0.986,0,0,0,0,0,0
main,CSDVRP-L-n100-s2,L,100,2,base,Roulette-9,0,,35,2803.8602,3167.7225,2793.156,10.7042,0.0,35.0,35.124,774,30,0,0,0.9972,0,0,0,0,0,0
main,CSDVRP-S-n15-s2,S,15,2,base,Fixed-small,7,,5,618.8087,645.109,601.4965,2.3122,15.0,5.0,5.044,8734,6,1,1,1.0,0,0,0,0,0,0
exact,CSDVRP-S-n10-s1,S,10,1,base,VNS-9,9,,5,394.7924,479.2322,392.2685,2.5239,0.0,5.0,5.029,9401,4,0,0,0.9253,0,0,0,0,0,0
main,CSDVRP-S-n15-s5,S,15,5,base,Marginal-9,8,4,5,666.5148,800.4223,662.7682,3.7467,0.0,5.0,4.999,9004,5,0,0,0.9993,0,0,0,0,0,0
exact,CSDVRP-S-n6-s5,S,6,5,base,ALNS+,8,,5,347.3173,347.7063,345.0582,2.2591,0.0,5.0,5.028,22539,3,0,0,0.9907,0,0,0,0,0,0
main,CSDVRP-M-n50-s2,M,50,2,base,Random-9,7,,15,1468.4173,1677.4231,1462.0673,6.35,0.0,15.0,15.115,1801,16,0,0,0.9985,0,0,0,0,0,0
main,CSDVRP-S-n15-s2,S,15,2,base,Roulette-9,6,,5,604.4369,645.109,602.0225,2.4144,0.0,5.0,5.007,6786,6,0,0,0.9953,0,0,0,0,0,0
main,CSDVRP-XL-n150-s0,XL,150,0,base,Fixed-small,8,,50,4335.4334,5021.4451,4304.4545,15.9789,15.0,50.0,51.117,2639,46,1,1,0.9977,0,0,0,0,0,0
main,CSDVRP-M-n30-s2,M,30,2,base,DRL-ALNS,4,5,10,949.9985,1162.4183,945.8288,4.1696,0.0,10.0,10.051,3532,10,0,0,0.9865,0,0,0,0,0,0
main,CSDVRP-S-n20-s0,S,20,0,base,ALNS+,6,,6,756.3441,835.2978,752.4896,3.8544,0.0,6.0,6.012,5914,7,0,0,0.9987,0,0,0,0,0,0
main,CSDVRP-M-n50-s1,M,50,1,base,DRL-ALNS,3,4,15,1528.1087,1718.5004,1477.1606,5.9482,45.0,15.0,15.172,1938,15,3,3,1.0,0,0,0,0,0,0
exact,CSDVRP-S-n10-s5,S,10,5,base,VNS,5,,5,454.5993,485.8354,450.6688,3.9305,0.0,5.0,4.996,10777,3,0,0,0.956,0,0,0,0,0,0
exact,CSDVRP-S-n6-s5,S,6,5,base,Random-9,0,,5,347.3173,347.7063,345.0582,2.2591,0.0,5.0,5.015,24633,3,0,0,0.9907,0,0,0,0,0,0
main,CSDVRP-M-n50-s1,M,50,1,base,Fixed-small,9,,15,1519.167,1718.5004,1513.1913,5.9758,0.0,15.0,15.115,3478,16,0,0,0.994,0,0,0,0,0,0
main,CSDVRP-S-n20-s2,S,20,2,base,Marginal-9,9,5,6,670.1283,732.8183,667.0092,3.1191,0.0,6.0,6.036,4357,7,0,0,0.9933,0,0,0,0,0,0
main,CSDVRP-L-n75-s5,L,75,5,base,ALNS+,4,,25,2170.4477,2327.4464,2158.2636,12.1841,0.0,25.016,26.32,1035,22,0,0,0.9972,0,0,0,0,0,0
main,CSDVRP-L-n100-s1,L,100,1,base,Marginal-9,4,5,35,2672.1927,3146.4881,2660.7791,11.4136,0.0,35.016,35.243,668,29,0,0,0.998,0,0,0,0,0,0
exact,CSDVRP-S-n6-s2,S,6,2,base,Fixed-small,0,,5,330.7872,334.9047,328.2873,2.4999,0.0,5.0,4.993,18839,3,0,0,0.8567,0,0,0,0,0,0
main,CSDVRP-S-n20-s3,S,20,3,base,Random-9,6,,6,691.2399,797.0264,687.1116,4.1284,0.0,6.0,6.062,5251,7,0,0,0.9707,0,0,0,0,0,0
exact,CSDVRP-S-n12-s5,S,12,5,base,Random-9,8,,5,521.0601,535.5205,517.6832,3.3769,0.0,5.0,5.028,10156,4,0,0,0.978,0,0,0,0,0,0
main,CSDVRP-M-n30-s2,M,30,2,base,Fixed-small,9,,10,945.7392,1162.4183,941.8287,3.9105,0.0,10.0,10.061,4499,10,0,0,0.9865,0,0,0,0,0,0
exact,CSDVRP-S-n6-s5,S,6,5,base,Roulette-9,2,,5,347.3173,347.7063,345.0582,2.2591,0.0,5.0,5.014,22739,3,0,0,0.9907,0,0,0,0,0,0
main,CSDVRP-L-n75-s3,L,75,3,base,VNS,0,,25,2122.7798,2332.9982,2086.8311,5.9487,30.0,25.016,25.214,1640,24,1,2,1.0,0,0,0,0,0,0
main,CSDVRP-S-n20-s0,S,20,0,base,Fixed-small,9,,6,784.7513,835.2978,781.7371,3.0142,0.0,6.0,6.047,5818,8,0,0,0.9987,0,0,0,0,0,0
exact,CSDVRP-S-n6-s3,S,6,3,base,VNS,0,,5,230.2731,253.5784,228.5871,1.686,0.0,5.0,5.061,28919,2,0,0,0.9873,0,0,0,0,0,0
exact,CSDVRP-S-n10-s5,S,10,5,base,Marginal-9,8,4,5,454.5993,485.8354,450.6688,3.9305,0.0,5.0,5.03,12871,3,0,0,0.956,0,0,0,0,0,0
exact,CSDVRP-S-n12-s2,S,12,2,base,Marginal-9,6,2,5,460.175,518.4642,458.0808,2.0942,0.0,5.0,5.03,14011,4,0,0,0.998,0,0,0,0,0,0
main,CSDVRP-L-n75-s1,L,75,1,base,VNS,0,,25,2081.0396,2408.8056,2029.1143,6.9253,45.0,25.0,25.078,1752,23,2,3,1.0,0,0,0,0,0,0
main,CSDVRP-M-n50-s3,M,50,3,base,DRL-VNS,3,4,15,1399.0742,1746.7745,1392.5811,6.4932,0.0,15.0,15.085,1854,15,0,0,0.994,0,0,0,0,0,0
main,CSDVRP-L-n75-s4,L,75,4,base,ALNS+,4,,25,2229.2669,2460.454,2220.8724,8.3945,0.0,25.062,25.252,888,24,0,0,0.9996,0,0,0,0,0,0
main,CSDVRP-L-n100-s0,L,100,0,base,VNS,5,,35,3073.5555,3458.8862,3031.896,11.6595,30.0,35.0,35.112,816,31,1,2,1.0,0,0,0,0,0,0
main,CSDVRP-XL-n150-s1,XL,150,1,base,DRL-ALNS,6,2,50,4476.5555,4744.1508,4461.8541,14.7014,0.0,50.0,50.324,743,52,0,0,0.9993,0,0,0,0,0,0
main,CSDVRP-M-n30-s3,M,30,3,base,Roulette-9,3,,10,970.8464,1099.7766,968.1897,2.6567,0.0,10.0,10.072,3628,10,0,0,0.9975,0,0,0,0,0,0
main,CSDVRP-S-n20-s2,S,20,2,base,DRL-VNS,1,2,6,670.121,732.8183,667.0092,3.1118,0.0,6.0,6.106,3871,7,0,0,0.9933,0,0,0,0,0,0
exact,CSDVRP-S-n10-s1,S,10,1,base,Roulette-9,5,,5,394.7924,479.2322,392.2685,2.5239,0.0,5.0,4.997,9071,4,0,0,0.9253,0,0,0,0,0,0
main,CSDVRP-S-n20-s5,S,20,5,base,Roulette-9,3,,6,763.1659,865.7,758.6853,4.4806,0.0,6.0,6.013,5877,7,0,0,0.9947,0,0,0,0,0,0
main,CSDVRP-XL-n150-s4,XL,150,4,base,VNS-9,7,,50,4009.6746,4802.2805,3831.1023,13.5723,165.0,50.016,50.421,1660,45,6,11,1.0,0,0,0,0,0,0
main,CSDVRP-L-n75-s4,L,75,4,base,Fixed-small,7,,25,2202.0872,2460.454,2194.5079,7.5793,0.0,25.0,25.224,1477,24,0,0,0.998,0,0,0,0,0,0
main,CSDVRP-L-n75-s4,L,75,4,base,Random-9,3,,25,2228.7661,2460.454,2206.7503,7.0158,15.0,25.0,25.037,1018,24,1,1,0.998,0,0,0,0,0,0
main,CSDVRP-M-n30-s4,M,30,4,base,DRL-ALNS,4,5,10,926.1273,1151.8487,921.3091,4.8182,0.0,10.0,10.171,3093,10,0,0,0.99,0,0,0,0,0,0
main,CSDVRP-M-n30-s4,M,30,4,base,Marginal-9,1,2,10,926.6379,1151.8487,921.3091,5.3288,0.0,10.0,10.001,4065,10,0,0,0.99,0,0,0,0,0,0
main,CSDVRP-S-n15-s1,S,15,1,base,DRL-ALNS,3,4,5,599.6997,675.8866,596.1341,3.5656,0.0,5.0,5.011,4381,6,0,0,0.9,0,0,0,0,0,0
main,CSDVRP-XL-n150-s2,XL,150,2,base,Fixed-small,3,,50,4092.6228,4545.4892,3975.0874,12.5354,105.0,50.016,50.223,2668,45,5,7,1.0,0,0,0,0,0,0
main,CSDVRP-XL-n150-s0,XL,150,0,base,Marginal-9,6,2,50,4409.8621,5021.4451,4394.7994,15.0628,0.0,50.016,50.259,1708,47,0,0,0.9997,0,0,0,0,0,0
main,CSDVRP-M-n30-s2,M,30,2,base,Random-9,2,,10,941.0551,1162.4183,938.3163,2.7388,0.0,10.0,10.011,3842,10,0,0,0.9865,0,0,0,0,0,0
exact,CSDVRP-S-n8-s2,S,8,2,base,Marginal-9,6,2,5,344.8888,398.3755,342.4078,2.481,0.0,5.0,5.029,17642,3,0,0,0.8753,0,0,0,0,0,0
exact,CSDVRP-S-n12-s4,S,12,4,base,Roulette-9,7,,5,487.5063,536.3904,484.4937,3.0126,0.0,5.0,5.044,10968,4,0,0,0.9867,0,0,0,0,0,0
exact,CSDVRP-S-n10-s4,S,10,4,base,Fixed-small,9,,5,387.4582,460.8567,384.9244,2.5338,0.0,5.0,4.999,18148,3,0,0,0.98,0,0,0,0,0,0
exact,CSDVRP-S-n12-s5,S,12,5,base,Marginal-9,2,3,5,521.0601,535.5205,517.6832,3.3769,0.0,5.0,5.044,10249,4,0,0,0.978,0,0,0,0,0,0
exact,CSDVRP-S-n6-s5,S,6,5,base,VNS,3,,5,347.3173,347.7063,345.0582,2.2591,0.0,5.0,5.109,20540,3,0,0,0.9907,0,0,0,0,0,0
main,CSDVRP-S-n15-s0,S,15,0,base,Roulette-9,8,,5,622.9311,666.3141,603.6481,4.283,15.0,5.0,5.044,6961,5,1,1,1.0,0,0,0,0,0,0
main,CSDVRP-S-n20-s5,S,20,5,base,ALNS+,8,,6,763.1659,865.7,758.6853,4.4806,0.0,6.0,5.998,6458,7,0,0,0.9947,0,0,0,0,0,0
main,CSDVRP-XL-n150-s0,XL,150,0,base,Marginal-9,8,4,50,4446.4866,5021.4451,4355.1625,16.324,75.0,50.016,50.291,1586,47,3,5,1.0,0,0,0,0,0,0
main,CSDVRP-S-n15-s4,S,15,4,base,VNS-9,4,,5,585.7427,624.2332,582.2908,3.4519,0.0,5.0,5.034,7520,6,0,0,0.9347,0,0,0,0,0,0
exact,CSDVRP-S-n10-s3,S,10,3,base,DRL-ALNS,5,1,5,398.3934,456.2198,394.9219,3.4715,0.0,5.0,5.044,6164,3,0,0,0.9427,0,0,0,0,0,0
exact,CSDVRP-S-n8-s3,S,8,3,base,DRL-ALNS,6,2,5,339.8466,351.7127,337.5902,2.2564,0.0,5.0,5.077,6657,3,0,0,0.9567,0,0,0,0,0,0
exact,CSDVRP-S-n12-s5,S,12,5,base,Marginal-9,6,2,5,521.0601,535.5205,517.6832,3.3769,0.0,5.0,5.076,10257,4,0,0,0.978,0,0,0,0,0,0
exact,CSDVRP-S-n10-s2,S,10,2,base,DRL-VNS,1,2,5,391.6922,436.4179,389.0812,2.6111,0.0,5.0,5.013,7392,3,0,0,0.9787,0,0,0,0,0,0
main,CSDVRP-L-n75-s2,L,75,2,base,VNS,3,,25,2126.7978,2442.0216,2102.7805,9.0172,15.0,25.0,25.126,1805,22,1,1,1.0,0,0,0,0,0,0
main,CSDVRP-XL-n150-s2,XL,150,2,base,Random-9,3,,50,4152.0332,4545.4892,4047.8835,14.1497,90.0,50.016,50.312,1583,46,4,6,1.0,0,0,0,0,0,0
exact,CSDVRP-S-n8-s2,S,8,2,base,Roulette-9,1,,5,344.8888,398.3755,342.4078,2.481,0.0,5.0,5.01,16756,3,0,0,0.8753,0,0,0,0,0,0
main,CSDVRP-L-n100-s4,L,100,4,base,DRL-VNS,6,2,35,2947.0609,3371.4529,2920.2298,11.8311,15.0,35.016,35.299,809,31,1,1,1.0,0,0,0,0,0,0
exact,CSDVRP-S-n10-s3,S,10,3,base,Random-9,4,,5,398.3226,456.2198,394.9219,3.4007,0.0,5.0,5.007,14902,3,0,0,0.9427,0,0,0,0,0,0
main,CSDVRP-L-n100-s2,L,100,2,base,VNS,3,,35,2831.3762,3167.7225,2790.3891,10.9871,30.0,35.0,35.188,1001,30,1,2,1.0,0,0,0,0,0,0
main,CSDVRP-S-n20-s1,S,20,1,base,DRL-VNS,7,3,6,785.2664,908.0268,780.5879,4.6785,0.0,6.0,6.025,3933,7,0,0,0.9833,0,0,0,0,0,0
main,CSDVRP-XL-n150-s4,XL,150,4,base,Roulette-9,7,,50,3985.0126,4802.2805,3852.207,12.8056,120.0,50.078,50.263,1942,44,6,8,1.0,0,0,0,0,0,0
exact,CSDVRP-S-n10-s4,S,10,4,base,ALNS+,8,,5,387.4582,460.8567,384.9244,2.5338,0.0,5.0,5.045,16332,3,0,0,0.98,0,0,0,0,0,0
exact,CSDVRP-S-n6-s1,S,6,1,base,DRL-VNS,8,4,5,341.7876,362.2464,340.1093,1.6783,0.0,5.0,5.073,8151,3,0,0,0.926,0,0,0,0,0,0
main,CSDVRP-S-n15-s4,S,15,4,base,Random-9,3,,5,585.7427,624.2332,582.2908,3.4519,0.0,5.0,5.063,7340,6,0,0,0.9347,0,0,0,0,0,0
main,CSDVRP-L-n100-s1,L,100,1,base,VNS-9,1,,35,2686.849,3146.4881,2631.4053,10.4438,45.0,35.016,35.149,824,29,3,3,1.0,0,0,0,0,0,0
main,CSDVRP-S-n15-s2,S,15,2,base,Fixed-small,1,,5,604.4369,645.109,602.0225,2.4144,0.0,5.0,5.003,8601,6,0,0,0.9953,0,0,0,0,0,0
exact,CSDVRP-S-n6-s4,S,6,4,base,VNS-9,8,,5,307.3738,316.7228,305.135,2.2389,0.0,5.0,5.044,19417,3,0,0,0.906,0,0,0,0,0,0
main,CSDVRP-M-n50-s1,M,50,1,base,Marginal-9,0,1,15,1497.8794,1718.5004,1477.199,5.6804,15.0,15.0,15.092,1942,15,1,1,1.0,0,0,0,0,0,0
main,CSDVRP-S-n20-s5,S,20,5,base,VNS-9,0,,6,763.2502,865.7,758.6853,4.5649,0.0,6.0,6.014,5931,7,0,0,0.9947,0,0,0,0,0,0
exact,CSDVRP-S-n8-s5,S,8,5,base,VNS-9,8,,5,423.2126,427.0275,419.9371,3.2754,0.0,5.0,4.999,15569,3,0,0,0.894,0,0,0,0,0,0
exact,CSDVRP-S-n6-s4,S,6,4,base,Marginal-9,6,2,5,307.1905,316.7228,305.135,2.0555,0.0,5.0,5.092,19276,3,0,0,0.906,0,0,0,0,0,0
main,CSDVRP-S-n15-s5,S,15,5,base,ALNS+,4,,5,668.7079,800.4223,664.0584,4.6496,0.0,5.0,5.029,8330,6,0,0,0.998,0,0,0,0,0,0
main,CSDVRP-M-n50-s5,M,50,5,base,ALNS+,6,,15,1707.7194,1904.3598,1668.4256,9.2939,30.0,15.0,15.08,1877,16,1,2,0.9875,0,0,0,0,0,0
exact,CSDVRP-S-n6-s5,S,6,5,base,Random-9,6,,5,347.3173,347.7063,345.0582,2.2591,0.0,5.0,4.993,24914,3,0,0,0.9907,0,0,0,0,0,0
main,CSDVRP-M-n30-s5,M,30,5,base,Roulette-9,5,,10,1128.5178,1247.2838,1123.3845,5.1334,0.0,10.0,10.062,4410,10,0,0,0.9905,0,0,0,0,0,0
main,CSDVRP-L-n100-s4,L,100,4,base,Roulette-9,6,,35,2940.6611,3371.4529,2928.2495,12.4116,0.0,35.0,35.138,777,31,0,0,0.9976,0,0,0,0,0,0
exact,CSDVRP-S-n10-s3,S,10,3,base,VNS,1,,5,398.3226,456.2198,394.9219,3.4007,0.0,5.0,5.029,13342,3,0,0,0.9427,0,0,0,0,0,0
main,CSDVRP-M-n50-s3,M,50,3,base,VNS-9,8,,15,1399.255,1746.7745,1392.5811,6.6739,0.0,15.0,15.082,2041,15,0,0,0.994,0,0,0,0,0,0
main,CSDVRP-M-n30-s3,M,30,3,base,Fixed-small,0,,10,969.1696,1099.7766,965.9069,3.2627,0.0,10.0,10.027,5455,10,0,0,0.988,0,0,0,0,0,0
main,CSDVRP-M-n30-s3,M,30,3,base,DRL-ALNS,8,4,10,970.4006,1099.7766,965.9069,4.4938,0.0,10.0,10.076,3492,10,0,0,0.988,0,0,0,0,0,0
main,CSDVRP-S-n15-s0,S,15,0,base,Roulette-9,4,,5,606.5233,666.3141,602.2712,4.2521,0.0,5.0,5.029,7172,5,0,0,0.9927,0,0,0,0,0,0
main,CSDVRP-S-n20-s3,S,20,3,base,VNS-9,8,,6,714.5796,797.0264,695.6625,3.9171,15.0,6.0,5.999,5228,7,1,1,1.0,0,0,0,0,0,0
main,CSDVRP-M-n30-s3,M,30,3,base,VNS,1,,10,969.1696,1099.7766,965.9069,3.2627,0.0,10.0,10.137,4066,10,0,0,0.988,0,0,0,0,0,0
exact,CSDVRP-S-n12-s3,S,12,3,base,Marginal-9,7,3,5,522.4878,589.3086,503.6872,3.8005,15.0,5.0,4.998,12060,4,1,1,1.0,0,0,0,0,0,0
main,CSDVRP-S-n15-s5,S,15,5,base,DRL-VNS,0,1,5,666.5148,800.4223,662.7682,3.7467,0.0,5.0,4.997,5085,5,0,0,0.9993,0,0,0,0,0,0
main,CSDVRP-XL-n150-s2,XL,150,2,base,Marginal-9,5,1,50,4048.3908,4545.4892,4032.8489,15.5419,0.0,50.0,50.253,1538,46,0,0,1.0,0,0,0,0,0,0
main,CSDVRP-S-n20-s5,S,20,5,base,ALNS+,6,,6,763.1659,865.7,758.6853,4.4806,0.0,6.0,5.993,6554,7,0,0,0.9947,0,0,0,0,0,0
main,CSDVRP-L-n100-s3,L,100,3,base,DRL-ALNS,6,2,35,2739.1043,3095.0715,2725.7226,13.3817,0.0,35.0,35.182,558,31,0,0,0.9992,0,0,0,0,0,0
exact,CSDVRP-S-n6-s5,S,6,5,base,Fixed-small,9,,5,347.3173,347.7063,345.0582,2.2591,0.0,5.0,5.049,24674,3,0,0,0.9907,0,0,0,0,0,0
exact,CSDVRP-S-n12-s1,S,12,1,base,Marginal-9,4,5,5,527.1742,602.7068,508.3795,3.7947,15.0,5.0,4.998,10081,4,1,1,1.0,0,0,0,0,0,0
main,CSDVRP-S-n20-s4,S,20,4,base,DRL-VNS,3,4,6,719.4697,798.0501,715.5041,3.9656,0.0,6.0,6.029,3749,7,0,0,0.986,0,0,0,0,0,0
exact,CSDVRP-S-n8-s2,S,8,2,base,VNS-9,6,,5,344.8888,398.3755,342.4078,2.481,0.0,5.0,5.027,17740,3,0,0,0.8753,0,0,0,0,0,0
main,CSDVRP-L-n75-s5,L,75,5,base,DRL-ALNS,9,5,25,2178.7015,2327.4464,2168.9135,9.788,0.0,25.0,25.194,878,23,0,0,0.9984,0,0,0,0,0,0
main,CSDVRP-L-n100-s1,L,100,1,base,Random-9,2,,35,2660.4795,3146.4881,2649.2412,11.2383,0.0,35.031,35.231,749,29,0,0,0.9996,0,0,0,0,0,0
main,CSDVRP-M-n50-s3,M,50,3,base,VNS-9,9,,15,1411.1491,1746.7745,1390.1385,6.0106,15.0,15.0,15.056,2068,15,1,1,1.0,0,0,0,0,0,0
exact,CSDVRP-S-n6-s1,S,6,1,base,ALNS+,8,,5,341.7876,362.2464,340.1093,1.6783,0.0,5.0,5.028,21996,3,0,0,0.926,0,0,0,0,0,0
main,CSDVRP-M-n50-s2,M,50,2,base,Random-9,8,,15,1467.8485,1677.4231,1462.0673,5.7812,0.0,15.0,15.079,1810,16,0,0,0.9985,0,0,0,0,0,0
main,CSDVRP-M-n50-s4,M,50,4,base,Random-9,5,,15,1650.4368,1919.2804,1644.0168,6.4199,0.0,15.0,15.124,1817,16,0,0,0.984,0,0,0,0,0,0
main,CSDVRP-L-n75-s4,L,75,4,base,Marginal-9,2,3,25,2201.7599,2460.454,2193.7247,8.0352,0.0,25.0,25.165,1039,24,0,0,0.998,0,0,0,0,0,0
main,CSDVRP-XL-n150-s5,XL,150,5,base,DRL-VNS,8,4,50,3887.6295,4291.4727,3841.4356,16.1939,30.0,50.0,50.178,1271,45,1,2,1.0,0,0,0,0,0,0
main,CSDVRP-S-n20-s5,S,20,5,base,VNS-9,3,,6,763.1659,865.7,758.6853,4.4806,0.0,6.0,6.035,6025,7,0,0,0.9947,0,0,0,0,0,0
main,CSDVRP-L-n100-s0,L,100,0,base,Roulette-9,3,,35,3109.6966,3458.8862,3051.3573,13.3393,45.0,35.0,35.162,761,31,2,3,1.0,0,0,0,0,0,0
exact,CSDVRP-S-n10-s1,S,10,1,base,VNS-9,4,,5,394.7924,479.2322,392.2685,2.5239,0.0,5.0,5.035,9388,4,0,0,0.9253,0,0,0,0,0,0
exact,CSDVRP-S-n12-s3,S,12,3,base,Marginal-9,4,5,5,522.4878,589.3086,503.6872,3.8005,15.0,5.0,5.015,11655,4,1,1,1.0,0,0,0,0,0,0
main,CSDVRP-L-n100-s4,L,100,4,base,Random-9,9,,35,2928.6291,3371.4529,2915.4857,13.1434,0.0,35.0,35.309,814,31,0,0,0.9924,0,0,0,0,0,0
main,CSDVRP-S-n20-s3,S,20,3,base,Marginal-9,6,2,6,691.2399,797.0264,687.1116,4.1284,0.0,6.0,6.029,5144,7,0,0,0.9707,0,0,0,0,0,0
exact,CSDVRP-S-n6-s2,S,6,2,base,Roulette-9,4,,5,330.7872,334.9047,328.2873,2.4999,0.0,5.0,5.013,17977,3,0,0,0.8567,0,0,0,0,0,0
exact,CSDVRP-S-n8-s3,S,8,3,base,Marginal-9,2,3,5,339.8466,351.7127,337.5902,2.2564,0.0,5.0,5.062,17094,3,0,0,0.9567,0,0,0,0,0,0
exact,CSDVRP-S-n12-s4,S,12,4,base,VNS,8,,5,487.5063,536.3904,484.4937,3.0126,0.0,5.0,5.061,8953,4,0,0,0.9867,0,0,0,0,0,0
exact,CSDVRP-S-n10-s5,S,10,5,base,DRL-ALNS,4,5,5,454.5993,485.8354,450.6688,3.9305,0.0,5.0,5.061,5762,3,0,0,0.956,0,0,0,0,0,0
exact,CSDVRP-S-n12-s2,S,12,2,base,DRL-ALNS,1,2,5,460.175,518.4642,458.0808,2.0942,0.0,5.0,5.108,5829,4,0,0,0.998,0,0,0,0,0,0
exact,CSDVRP-S-n6-s1,S,6,1,base,DRL-ALNS,6,2,5,341.7876,362.2464,340.1093,1.6783,0.0,5.0,5.014,6981,3,0,0,0.926,0,0,0,0,0,0
main,CSDVRP-XL-n150-s2,XL,150,2,base,VNS,2,,50,4021.0395,4545.4892,3974.1839,16.8556,30.0,50.031,50.172,1416,45,2,2,1.0,0,0,0,0,0,0
main,CSDVRP-S-n20-s1,S,20,1,base,Marginal-9,8,4,6,785.2664,908.0268,780.5879,4.6785,0.0,6.0,6.118,5110,7,0,0,0.9833,0,0,0,0,0,0
main,CSDVRP-M-n50-s4,M,50,4,base,ALNS+,4,,15,1635.7249,1919.2804,1613.993,6.7319,15.0,15.016,15.136,1866,16,1,1,1.0,0,0,0,0,0,0
exact,CSDVRP-S-n12-s1,S,12,1,base,Fixed-small,1,,5,527.4422,602.7068,508.6521,3.7901,15.0,5.0,4.986,10968,4,1,1,0.994,0,0,0,0,0,0
main,CSDVRP-L-n100-s0,L,100,0,base,ALNS+,1,,35,3288.5144,3458.8862,3274.0792,14.4352,0.0,35.078,35.175,532,35,0,0,0.9988,0,0,0,0,0,0
main,CSDVRP-M-n30-s0,M,30,0,base,Roulette-9,0,,10,1110.3793,1303.6377,1091.4559,3.9234,15.0,10.0,9.993,3913,11,1,1,0.997,0,0,0,0,0,0
exact,CSDVRP-S-n6-s4,S,6,4,base,VNS,1,,5,307.1905,316.7228,305.135,2.0555,0.0,5.0,4.997,18483,3,0,0,0.906,0,0,0,0,0,0
main,CSDVRP-M-n50-s5,M,50,5,base,VNS-9,9,,15,1638.0181,1904.3598,1630.4499,7.5682,0.0,15.0,15.08,1831,16,0,0,0.998,0,0,0,0,0,0
exact,CSDVRP-S-n10-s2,S,10,2,base,Marginal-9,5,1,5,391.6922,436.4179,389.0812,2.6111,0.0,5.0,4.994,16338,3,0,0,0.9787,0,0,0,0,0,0
main,CSDVRP-M-n50-s0,M,50,0,base,Roulette-9,2,,15,1755.5266,1986.2853,1717.9131,7.6135,30.0,15.0,15.129,2061,16,2,2,1.0,0,0,0,0,0,0
main,CSDVRP-L-n100-s3,L,100,3,base,VNS-9,1,,35,2749.1008,3095.0715,2695.1323,8.9685,45.0,35.031,35.186,798,31,2,3,1.0,0,0,0,0,0,0
exact,CSDVRP-S-n12-s1,S,12,1,base,ALNS+,3,,5,511.8119,602.7068,507.9062,3.9057,0.0,5.0,5.022,11722,4,0,0,0.994,0,0,0,0,0,0
main,CSDVRP-M-n30-s0,M,30,0,base,Marginal-9,6,2,10,1093.0763,1303.6377,1088.8964,4.1799,0.0,10.0,10.03,4226,11,0,0,0.997,0,0,0,0,0,0
main,CSDVRP-S-n15-s5,S,15,5,base,Marginal-9,7,3,5,666.5148,800.4223,662.7682,3.7467,0.0,5.0,5.153,9347,5,0,0,0.9993,0,0,0,0,0,0
exact,CSDVRP-S-n12-s4,S,12,4,base,DRL-ALNS,8,4,5,487.6731,536.3904,484.4937,3.1794,0.0,5.0,5.046,5092,4,0,0,0.9867,0,0,0,0,0,0
main,CSDVRP-S-n15-s1,S,15,1,base,VNS-9,7,,5,599.4153,675.8866,596.1341,3.2813,0.0,5.0,5.028,6509,6,0,0,0.9,0,0,0,0,0,0
exact,CSDVRP-S-n12-s2,S,12,2,base,Random-9,1,,5,460.175,518.4642,458.0808,2.0942,0.0,5.0,5.029,13996,4,0,0,0.998,0,0,0,0,0,0
exact,CSDVRP-S-n6-s5,S,6,5,base,Marginal-9,3,4,5,347.3173,347.7063,345.0582,2.2591,0.0,5.0,5.03,23471,3,0,0,0.9907,0,0,0,0,0,0
main,CSDVRP-XL-n150-s1,XL,150,1,base,Roulette-9,2,,50,4217.5908,4744.1508,4200.9204,16.6704,0.0,50.016,50.407,1846,45,0,0,0.9963,0,0,0,0,0,0
case,CSDVRP-CS-Riyadh,case,30,0,base,VNS,4,,30,420.8407,711.0291,415.2538,5.5869,0.0,30.0,30.117,13674,4,0,0,0.982,0,0,0,0,0,0
main,CSDVRP-S-n15-s4,S,15,4,base,ALNS+,6,,5,602.9731,624.2332,584.1074,3.8657,15.0,5.0,5.062,8813,5,1,1,1.0,0,0,0,0,0,0
main,CSDVRP-XL-n150-s2,XL,150,2,base,VNS,1,,50,4034.3367,4545.4892,4002.6915,16.6452,15.0,50.0,50.58,1538,45,1,1,1.0,0,0,0,0,0,0
main,CSDVRP-M-n50-s4,M,50,4,base,Marginal-9,8,4,15,1663.6872,1919.2804,1657.7773,5.91,0.0,15.0,15.088,1856,16,0,0,0.984,0,0,0,0,0,0
main,CSDVRP-S-n15-s1,S,15,1,base,DRL-ALNS,4,5,5,590.7648,675.8866,586.7939,3.9709,0.0,5.0,4.996,3906,5,0,0,0.9987,0,0,0,0,0,0
main,CSDVRP-M-n30-s0,M,30,0,base,Marginal-9,3,4,10,1092.964,1303.6377,1089.1614,3.8025,0.0,10.0,10.032,3993,11,0,0,0.997,0,0,0,0,0,0
exact,CSDVRP-S-n6-s2,S,6,2,base,VNS-9,4,,5,330.2083,334.9047,328.2873,1.921,0.0,5.0,5.028,19256,3,0,0,0.8567,0,0,0,0,0,0
main,CSDVRP-S-n20-s4,S,20,4,base,Roulette-9,6,,6,719.4697,798.0501,715.5041,3.9656,0.0,6.0,6.06,4739,7,0,0,0.986,0,0,0,0,0,0
main,CSDVRP-M-n50-s0,M,50,0,base,DRL-VNS,8,4,15,1705.071,1986.2853,1698.6227,6.4483,0.0,15.0,15.08,1925,16,0,0,0.991,0,0,0,0,0,0
main,CSDVRP-L-n75-s1,L,75,1,base,VNS-9,5,,25,2083.9063,2408.8056,2046.0208,7.8855,30.0,25.0,25.087,1229,23,2,2,1.0,0,0,0,0,0,0
main,CSDVRP-M-n30-s3,M,30,3,base,VNS,5,,10,969.1696,1099.7766,965.9069,3.2627,0.0,10.0,10.075,4162,10,0,0,0.988,0,0,0,0,0,0
main,CSDVRP-M-n50-s4,M,50,4,base,DRL-VNS,5,1,15,1654.8871,1919.2804,1648.6074,6.2797,0.0,15.0,15.088,1561,17,0,0,0.9785,0,0,0,0,0,0
main,CSDVRP-L-n75-s0,L,75,0,base,DRL-ALNS,6,2,25,2451.0616,2688.4285,2436.7284,14.3332,0.0,25.016,25.114,864,24,0,0,0.9984,0,0,0,0,0,0
main,CSDVRP-M-n30-s2,M,30,2,base,Fixed-small,6,,10,960.7455,1162.4183,942.0096,3.7359,15.0,10.0,10.06,4675,10,1,1,0.9865,0,0,0,0,0,0
exact,CSDVRP-S-n8-s3,S,8,3,base,Fixed-small,9,,5,339.8466,351.7127,337.5902,2.2564,0.0,5.0,5.057,18716,3,0,0,0.9567,0,0,0,0,0,0
exact,CSDVRP-S-n8-s1,S,8,1,base,Fixed-small,2,,5,335.8429,376.3954,333.6723,2.1706,0.0,5.0,5.044,19704,3,0,0,0.9073,0,0,0,0,0,0
main,CSDVRP-S-n15-s1,S,15,1,base,Fixed-small,2,,5,599.6997,675.8866,596.1341,3.5656,0.0,5.0,5.046,7636,6,0,0,0.9,0,0,0,0,0,0
exact,CSDVRP-S-n10-s2,S,10,2,base,ALNS+,0,,5,386.2368,436.4179,383.4745,2.7622,0.0,5.0,5.06,17686,3,0,0,0.9893,0,0,0,0,0,0
main,CSDVRP-L-n75-s3,L,75,3,base,ALNS+,9,,25,2214.5723,2332.9982,2207.5518,7.0206,0.0,25.0,25.063,968,27,0,0,0.9952,0,0,0,0,0,0
main,CSDVRP-XL-n150-s1,XL,150,1,base,Marginal-9,9,5,50,4308.2602,4744.1508,4218.1332,15.127,75.0,50.0,50.361,1348,46,4,5,1.0,0,0,0,0,0,0
main,CSDVRP-S-n15-s1,S,15,1,base,DRL-VNS,7,3,5,599.4153,675.8866,596.1341,3.2813,0.0,5.0,5.039,4284,6,0,0,0.9,0,0,0,0,0,0
main,CSDVRP-L-n100-s4,L,100,4,base,Roulette-9,2,,35,2945.9226,3371.4529,2934.3754,11.5472,0.0,35.0,35.135,806,31,0,0,0.9984,0,0,0,0,0,0
main,CSDVRP-S-n15-s3,S,15,3,base,DRL-ALNS,5,1,5,613.8541,692.2972,595.8443,3.0098,15.0,5.0,5.031,4566,5,1,1,1.0,0,0,0,0,0,0
main,CSDVRP-L-n75-s5,L,75,5,base,VNS-9,8,,25,2115.2264,2327.4464,2093.1349,7.0915,15.0,25.0,25.152,1214,23,1,1,1.0,0,0,0,0,0,0
main,CSDVRP-S-n20-s5,S,20,5,base,Random-9,4,,6,763.1659,865.7,758.6853,4.4806,0.0,6.0,6.046,6033,7,0,0,0.9947,0,0,0,0,0,0
exact,CSDVRP-S-n12-s3,S,12,3,base,ALNS+,8,,5,522.4878,589.3086,503.6872,3.8005,15.0,5.0,5.031,11878,4,1,1,1.0,0,0,0,0,0,0
main,CSDVRP-L-n75-s3,L,75,3,base,Roulette-9,4,,25,2087.6495,2332.9982,2067.8315,4.818,15.0,25.0,25.174,1355,24,1,1,1.0,0,0,0,0,0,0
main,CSDVRP-L-n75-s5,L,75,5,base,DRL-VNS,8,4,25,2083.0847,2327.4464,2074.5295,8.5552,0.0,25.016,25.112,1255,22,0,0,0.9908,0,0,0,0,0,0
exact,CSDVRP-S-n6-s4,S,6,4,base,ALNS+,0,,5,307.1905,316.7228,305.135,2.0555,0.0,5.0,5.064,20060,3,0,0,0.906,0,0,0,0,0,0
exact,CSDVRP-S-n8-s1,S,8,1,base,Random-9,4,,5,335.8429,376.3954,333.6723,2.1706,0.0,5.0,5.013,18789,3,0,0,0.9073,0,0,0,0,0,0
exact,CSDVRP-S-n6-s4,S,6,4,base,VNS-9,6,,5,307.3738,316.7228,305.135,2.2389,0.0,5.0,5.062,20175,3,0,0,0.906,0,0,0,0,0,0
main,CSDVRP-S-n20-s3,S,20,3,base,Marginal-9,0,1,6,703.796,797.0264,684.6426,4.1534,15.0,6.0,6.048,4992,7,1,1,1.0,0,0,0,0,0,0
main,CSDVRP-XL-n150-s1,XL,150,1,base,VNS,8,,50,4280.049,4744.1508,4247.2816,17.7673,15.0,50.0,50.14,1398,45,1,1,0.9997,0,0,0,0,0,0
main,CSDVRP-S-n15-s0,S,15,0,base,Random-9,4,,5,606.5233,666.3141,602.2712,4.2521,0.0,5.0,5.009,7483,5,0,0,0.9927,0,0,0,0,0,0
main,CSDVRP-XL-n150-s2,XL,150,2,base,Marginal-9,9,5,50,4075.8446,4545.4892,4044.3988,16.4458,15.0,50.0,50.238,1395,46,1,1,1.0,0,0,0,0,0,0
main,CSDVRP-M-n50-s2,M,50,2,base,Roulette-9,1,,15,1468.9028,1677.4231,1461.7612,7.1416,0.0,15.0,15.072,1890,16,0,0,0.9985,0,0,0,0,0,0
main,CSDVRP-S-n15-s4,S,15,4,base,DRL-VNS,4,5,5,602.9731,624.2332,584.1074,3.8657,15.0,5.0,5.01,4749,5,1,1,1.0,0,0,0,0,0,0
exact,CSDVRP-S-n10-s4,S,10,4,base,DRL-VNS,4,5,5,387.4582,460.8567,384.9244,2.5338,0.0,5.0,5.011,7105,3,0,0,0.98,0,0,0,0,0,0
exact,CSDVRP-S-n8-s4,S,8,4,base,VNS,5,,5,359.1905,397.2233,357.0731,2.1174,0.0,5.0,5.014,15045,3,0,0,0.8793,0,0,0,0,0,0
main,CSDVRP-M-n50-s4,M,50,4,base,VNS,0,,15,1641.1601,1919.2804,1604.8975,6.2625,30.0,15.0,15.066,2752,16,2,2,1.0,0,0,0,0,0,0
exact,CSDVRP-S-n6-s2,S,6,2,base,Random-9,3,,5,330.2083,334.9047,328.2873,1.921,0.0,5.0,5.056,20349,3,0,0,0.8567,0,0,0,0,0,0
main,CSDVRP-L-n75-s4,L,75,4,base,Fixed-small,0,,25,2210.3437,2460.454,2202.9462,7.3975,0.0,25.0,25.141,1792,24,0,0,0.998,0,0,0,0,0,0
main,CSDVRP-L-n100-s0,L,100,0,base,DRL-VNS,5,1,35,3092.3335,3458.8862,3049.5111,12.8224,30.0,35.0,35.254,713,31,1,2,1.0,0,0,0,0,0,0
main,CSDVRP-S-n20-s2,S,20,2,base,Roulette-9,2,,6,670.121,732.8183,667.0092,3.1118,0.0,6.0,6.02,4846,7,0,0,0.9933,0,0,0,0,0,0
exact,CSDVRP-S-n10-s1,S,10,1,base,VNS-9,6,,5,394.7924,479.2322,392.2685,2.5239,0.0,5.0,5.059,9395,4,0,0,0.9253,0,0,0,0,0,0
main,CSDVRP-L-n75-s5,L,75,5,base,VNS-9,3,,25,2108.9397,2327.4464,2100.7168,8.2229,0.0,25.0,25.138,1187,23,0,0,1.0,0,0,0,0,0,0
main,CSDVRP-M-n30-s4,M,30,4,base,ALNS+,1,,10,925.7043,1151.8487,921.3091,4.3952,0.0,10.0,10.046,4678,10,0,0,0.99,0,0,0,0,0,0
main,CSDVRP-M-n30-s1,M,30,1,base,Roulette-9,6,,10,1050.3053,1231.1888,1031.6902,3.6151,15.0,10.0,10.064,3588,10,1,1,1.0,0,0,0,0,0,0
main,CSDVRP-S-n20-s4,S,20,4,base,Random-9,0,,6,719.4697,798.0501,715.5041,3.9656,0.0,6.0,6.026,4852,7,0,0,0.986,0,0,0,0,0,0
main,CSDVRP-M-n30-s0,M,30,0,base,ALNS+,6,,10,1109.3732,1303.6377,1103.9946,5.3786,0.0,10.0,10.094,4158,11,0,0,0.997,0,0,0,0,0,0
main,CSDVRP-M-n50-s4,M,50,4,base,Fixed-small,4,,15,1663.7845,1919.2804,1656.8734,6.9111,0.0,15.0,15.093,3014,16,0,0,0.9915,0,0,0,0,0,0
main,CSDVRP-M-n50-s5,M,50,5,base,Random-9,2,,15,1635.9972,1904.3598,1628.624,7.3732,0.0,15.0,15.071,1883,16,0,0,0.998,0,0,0,0,0,0
main,CSDVRP-XL-n150-s3,XL,150,3,base,Marginal-9,1,2,50,3841.6004,4237.9876,3827.3744,14.226,0.0,50.062,50.374,1654,44,0,0,0.998,0,0,0,0,0,0
main,CSDVRP-S-n15-s3,S,15,3,base,DRL-VNS,0,1,5,601.7995,692.2972,597.8561,3.9435,0.0,5.0,5.059,4384,6,0,0,0.998,0,0,0,0,0,0
exact,CSDVRP-S-n8-s1,S,8,1,base,DRL-VNS,8,4,5,335.8429,376.3954,333.6723,2.1706,0.0,5.0,5.027,7628,3,0,0,0.9073,0,0,0,0,0,0
main,CSDVRP-M-n30-s2,M,30,2,base,Marginal-9,9,5,10,941.0511,1162.4183,938.3163,2.7347,0.0,10.0,10.075,3569,10,0,0,0.9865,0,0,0,0,0,0
case,CSDVRP-CS-Riyadh,case,30,0,base,Fixed-small,3,,30,424.5242,711.0291,418.987,5.5372,0.0,30.0,30.168,19481,4,0,0,0.996,0,0,0,0,0,0
exact,CSDVRP-S-n12-s2,S,12,2,base,Fixed-small,3,,5,475.9776,518.4642,473.3356,2.642,0.0,5.0,4.998,11596,5,0,0,0.9853,0,0,0,0,0,0
exact,CSDVRP-S-n12-s5,S,12,5,base,Roulette-9,3,,5,521.0601,535.5205,517.6832,3.3769,0.0,5.0,4.998,9802,4,0,0,0.978,0,0,0,0,0,0
exact,CSDVRP-S-n10-s2,S,10,2,base,DRL-ALNS,7,3,5,386.4955,436.4179,383.4745,3.021,0.0,5.0,5.028,6443,3,0,0,0.9893,0,0,0,0,0,0
main,CSDVRP-L-n100-s1,L,100,1,base,DRL-VNS,6,2,35,2703.448,3146.4881,2646.9139,11.5341,45.0,35.0,35.211,817,29,2,3,1.0,0,0,0,0,0,0
exact,CSDVRP-S-n10-s3,S,10,3,base,Marginal-9,0,1,5,398.3226,456.2198,394.9219,3.4007,0.0,5.0,5.001,13890,3,0,0,0.9427,0,0,0,0,0,0
exact,CSDVRP-S-n6-s3,S,6,3,base,VNS,8,,5,230.2731,253.5784,228.5871,1.686,0.0,5.0,5.016,28980,2,0,0,0.9873,0,0,0,0,0,0
exact,CSDVRP-S-n8-s5,S,8,5,base,Random-9,7,,5,423.2126,427.0275,419.9371,3.2754,0.0,5.0,4.997,15338,3,0,0,0.894,0,0,0,0,0,0
main,CSDVRP-XL-n150-s2,XL,150,2,base,VNS,0,,50,3971.9971,4545.4892,3957.3783,14.6188,0.0,50.016,50.094,1472,45,0,0,1.0,0,0,0,0,0,0
case,CSDVRP-CS-Riyadh,case,30,0,base,VNS-9,3,,30,416.3117,711.0291,411.6246,4.6871,0.0,30.0,30.26,15092,4,0,0,0.986,0,0,0,0,0,0
main,CSDVRP-M-n50-s0,M,50,0,base,Fixed-small,5,,15,1749.7427,1986.2853,1742.9477,6.795,0.0,15.0,15.023,2204,17,0,0,0.9855,0,0,0,0,0,0
main,CSDVRP-XL-n150-s1,XL,150,1,base,VNS,2,,50,4192.4509,4744.1508,4175.1253,17.3256,0.0,50.0,50.239,1582,45,0,0,0.999,0,0,0,0,0,0
main,CSDVRP-S-n15-s5,S,15,5,base,Random-9,7,,5,666.5148,800.4223,662.7682,3.7467,0.0,5.0,5.012,8967,5,0,0,0.9993,0,0,0,0,0,0
main,CSDVRP-L-n75-s1,L,75,1,base,Fixed-small,1,,25,2191.7216,2408.8056,2065.6135,6.1081,120.0,25.016,25.141,2057,23,6,8,1.0,0,0,0,0,0,0
main,CSDVRP-XL-n150-s3,XL,150,3,base,Roulette-9,5,,50,3819.3224,4237.9876,3804.795,14.5275,0.0,50.0,50.263,1731,44,0,0,0.9997,0,0,0,0,0,0
main,CSDVRP-M-n50-s5,M,50,5,base,Fixed-small,1,,15,1655.3267,1904.3598,1648.0484,7.2783,0.0,15.0,15.073,3190,16,0,0,0.998,0,0,0,0,0,0
main,CSDVRP-XL-n150-s4,XL,150,4,base,DRL-VNS,9,5,50,4037.0984,4802.2805,3933.2234,13.875,90.0,50.016,50.292,1423,45,3,6,1.0,0,0,0,0,0,0
main,CSDVRP-M-n50-s0,M,50,0,base,DRL-ALNS,1,2,15,1751.2218,1986.2853,1740.422,10.7999,0.0,15.0,15.092,1728,16,0,0,0.9995,0,0,0,0,0,0
main,CSDVRP-S-n20-s1,S,20,1,base,DRL-ALNS,6,2,6,809.0995,908.0268,789.1391,4.9604,15.0,6.0,6.014,3464,7,1,1,1.0,0,0,0,0,0,0
main,CSDVRP-M-n30-s5,M,30,5,base,DRL-ALNS,4,5,10,1130.1718,1247.2838,1094.982,5.1899,30.0,10.0,10.031,3062,10,2,2,1.0,0,0,0,0,0,0
main,CSDVRP-L-n100-s4,L,100,4,base,DRL-ALNS,4,5,35,3117.4265,3371.4529,3103.4956,13.9309,0.0,35.047,35.317,531,34,0,0,0.9976,0,0,0,0,0,0
main,CSDVRP-XL-n150-s0,XL,150,0,base,DRL-VNS,1,2,50,4393.6035,5021.4451,4378.4213,15.1822,0.0,50.016,50.479,1787,47,0,0,0.9977,0,0,0,0,0,0
main,CSDVRP-S-n20-s5,S,20,5,base,Random-9,0,,6,763.1659,865.7,758.6853,4.4806,0.0,6.0,6.05,5966,7,0,0,0.9947,0,0,0,0,0,0
main,CSDVRP-M-n50-s4,M,50,4,base,DRL-ALNS,5,1,15,1668.8734,1919.2804,1601.9208,6.9526,60.0,15.0,15.062,1384,16,3,4,1.0,0,0,0,0,0,0
exact,CSDVRP-S-n12-s5,S,12,5,base,DRL-VNS,5,1,5,521.0601,535.5205,517.6832,3.3769,0.0,5.0,5.012,5514,4,0,0,0.978,0,0,0,0,0,0
exact,CSDVRP-S-n12-s1,S,12,1,base,DRL-ALNS,8,4,5,511.8119,602.7068,507.9062,3.9057,0.0,5.0,5.045,5320,4,0,0,0.994,0,0,0,0,0,0
main,CSDVRP-S-n20-s0,S,20,0,base,Random-9,4,,6,756.3441,835.2978,752.4896,3.8544,0.0,6.0,6.06,5155,7,0,0,0.9987,0,0,0,0,0,0
main,CSDVRP-XL-n150-s2,XL,150,2,base,VNS-9,3,,50,4045.6265,4545.4892,4030.4256,15.2008,0.0,50.0,50.176,1581,46,0,0,1.0,0,0,0,0,0,0
main,CSDVRP-XL-n150-s0,XL,150,0,base,VNS,1,,50,4343.8341,5021.4451,4326.2508,17.5832,0.0,50.016,50.353,1654,45,0,0,0.9997,0,0,0,0,0,0
main,CSDVRP-M-n30-s1,M,30,1,base,Roulette-9,8,,10,1053.9546,1231.1888,1034.5406,4.414,15.0,10.0,10.027,3601,10,1,1,1.0,0,0,0,0,0,0
main,CSDVRP-L-n100-s5,L,100,5,base,DRL-ALNS,7,3,35,2706.9291,3154.3549,2693.3766,13.5525,0.0,35.062,35.145,541,34,0,0,0.9988,0,0,0,0,0,0
exact,CSDVRP-S-n10-s5,S,10,5,base,Roulette-9,1,,5,454.5993,485.8354,450.6688,3.9305,0.0,5.0,5.036,12570,3,0,0,0.956,0,0,0,0,0,0
main,CSDVRP-XL-n150-s5,XL,150,5,base,DRL-VNS,9,5,50,4016.0159,4291.4727,3970.4686,15.5473,30.0,50.0,50.195,1255,47,1,2,1.0,0,0,0,0,0,0
main,CSDVRP-XL-n150-s0,XL,150,0,base,ALNS+,6,,50,4523.1809,5021.4451,4504.5866,18.5943,0.0,50.0,50.163,741,49,0,0,0.999,0,0,0,0,0,0
main,CSDVRP-S-n15-s3,S,15,3,base,Marginal-9,1,2,5,601.4006,692.2972,597.8561,3.5445,0.0,5.0,5.01,7352,6,0,0,0.998,0,0,0,0,0,0
main,CSDVRP-S-n20-s0,S,20,0,base,ALNS+,0,,6,778.5849,835.2978,773.183,5.4019,0.0,6.0,5.996,5634,7,0,0,0.9987,0,0,0,0,0,0
main,CSDVRP-L-n75-s3,L,75,3,base,Fixed-small,9,,25,2106.0692,2332.9982,2054.4756,6.5937,45.0,25.0,25.123,2163,23,2,3,1.0,0,0,0,0,0,0
main,CSDVRP-L-n75-s3,L,75,3,base,VNS-9,5,,25,2087.8224,2332.9982,2067.8315,4.9909,15.0,25.0,25.155,1247,24,1,1,1.0,0,0,0,0,0,0
exact,CSDVRP-S-n10-s4,S,10,4,base,ALNS+,3,,5,387.4582,460.8567,384.9244,2.5338,0.0,5.0,5.015,16375,3,0,0,0.98,0,0,0,0,0,0
main,CSDVRP-XL-n150-s4,XL,150,4,base,DRL-VNS,7,3,50,3892.431,4802.2805,3805.4881,11.9429,75.0,50.0,50.194,1790,44,3,5,1.0,0,0,0,0,0,0
exact,CSDVRP-S-n10-s4,S,10,4,base,Roulette-9,5,,5,387.4582,460.8567,384.9244,2.5338,0.0,5.0,5.019,16140,3,0,0,0.98,0,0,0,0,0,0
main,CSDVRP-XL-n150-s0,XL,150,0,base,ALNS+,3,,50,4618.3844,5021.4451,4602.6407,15.7437,0.0,50.141,50.368,652,51,0,0,0.9907,0,0,0,0,0,0
main,CSDVRP-S-n15-s0,S,15,0,base,Roulette-9,1,,5,606.5233,666.3141,602.2712,4.2521,0.0,5.0,5.002,7214,5,0,0,0.9927,0,0,0,0,0,0
exact,CSDVRP-S-n6-s1,S,6,1,base,Roulette-9,9,,5,341.7876,362.2464,340.1093,1.6783,0.0,5.0,5.012,21168,3,0,0,0.926,0,0,0,0,0,0
exact,CSDVRP-S-n8-s1,S,8,1,base,Marginal-9,0,1,5,335.8429,376.3954,333.6723,2.1706,0.0,5.0,5.014,18059,3,0,0,0.9073,0,0,0,0,0,0
exact,CSDVRP-S-n6-s5,S,6,5,base,ALNS+,0,,5,347.3173,347.7063,345.0582,2.2591,0.0,5.0,4.999,22192,3,0,0,0.9907,0,0,0,0,0,0
main,CSDVRP-M-n50-s0,M,50,0,base,ALNS+,8,,15,1761.7916,1986.2853,1708.711,8.0806,45.0,15.0,15.078,1879,16,3,3,1.0,0,0,0,0,0,0
main,CSDVRP-M-n50-s2,M,50,2,base,DRL-ALNS,9,5,15,1479.1778,1677.4231,1471.6006,7.5773,0.0,15.0,15.151,1607,16,0,0,0.9985,0,0,0,0,0,0
exact,CSDVRP-S-n12-s1,S,12,1,base,VNS,2,,5,511.4838,602.7068,507.9062,3.5776,0.0,5.0,5.015,8367,4,0,0,0.994,0,0,0,0,0,0
exact,CSDVRP-S-n6-s1,S,6,1,base,VNS-9,7,,5,341.7876,362.2464,340.1093,1.6783,0.0,5.0,5.013,22530,3,0,0,0.926,0,0,0,0,0,0
main,CSDVRP-M-n30-s1,M,30,1,base,VNS,9,,10,1031.4688,1231.1888,1027.1043,4.3646,0.0,10.0,10.048,3815,10,0,0,0.98,0,0,0,0,0,0
main,CSDVRP-XL-n150-s5,XL,150,5,base,Roulette-9,8,,50,3916.2271,4291.4727,3869.9233,16.3038,30.0,50.0,50.207,1703,45,1,2,1.0,0,0,0,0,0,0
main,CSDVRP-S-n15-s1,S,15,1,base,VNS,0,,5,590.7648,675.8866,586.7939,3.9709,0.0,5.0,5.053,6309,5,0,0,0.9987,0,0,0,0,0,0
main,CSDVRP-L-n100-s2,L,100,2,base,Fixed-small,1,,35,2828.2338,3167.7225,2787.313,10.9208,30.0,35.016,35.261,1238,30,1,2,1.0,0,0,0,0,0,0
main,CSDVRP-M-n50-s3,M,50,3,base,DRL-VNS,9,5,15,1398.7698,1746.7745,1392.5811,6.1887,0.0,15.0,15.097,1764,15,0,0,0.994,0,0,0,0,0,0
main,CSDVRP-L-n100-s3,L,100,3,base,DRL-ALNS,5,1,35,2759.2199,3095.0715,2744.8476,14.3723,0.0,35.031,35.233,477,31,0,0,0.9928,0,0,0,0,0,0
main,CSDVRP-S-n20-s0,S,20,0,base,DRL-ALNS,0,1,6,756.2207,835.2978,752.4896,3.7311,0.0,6.0,6.022,3472,7,0,0,0.9987,0,0,0,0,0,0
main,CSDVRP-M-n50-s5,M,50,5,base,VNS,5,,15,1644.075,1904.3598,1636.7604,7.3147,0.0,15.0,15.088,2639,16,0,0,0.9875,0,0,0,0,0,0
main,CSDVRP-L-n100-s1,L,100,1,base,DRL-ALNS,3,4,35,2806.4926,3146.4881,2794.0116,12.481,0.0,35.0,35.224,567,32,0,0,0.9988,0,0,0,0,0,0
main,CSDVRP-M-n50-s3,M,50,3,base,VNS,6,,15,1410.3581,1746.7745,1390.1385,5.2196,15.0,15.0,15.198,2916,15,1,1,1.0,0,0,0,0,0,0
main,CSDVRP-L-n100-s4,L,100,4,base,VNS,3,,35,2971.0024,3371.4529,2928.0586,12.9439,30.0,35.016,35.16,877,30,2,2,1.0,0,0,0,0,0,0
main,CSDVRP-S-n15-s2,S,15,2,base,Random-9,3,,5,604.4369,645.109,602.0225,2.4144,0.0,5.0,4.99,6739,6,0,0,0.9953,0,0,0,0,0,0
exact,CSDVRP-S-n6-s1,S,6,1,base,VNS,9,,5,341.7876,362.2464,340.1093,1.6783,0.0,5.0,5.03,21821,3,0,0,0.926,0,0,0,0,0,0
exact,CSDVRP-S-n12-s4,S,12,4,base,ALNS+,2,,5,487.5063,536.3904,484.4937,3.0126,0.0,5.0,5.122,11912,4,0,0,0.9867,0,0,0,0,0,0
exact,CSDVRP-S-n12-s1,S,12,1,base,DRL-ALNS,5,1,5,511.4838,602.7068,507.9062,3.5776,0.0,5.0,5.077,5028,4,0,0,0.994,0,0,0,0,0,0
exact,CSDVRP-S-n12-s5,S,12,5,base,Fixed-small,5,,5,521.1985,535.5205,517.6832,3.5154,0.0,5.0,5.03,12592,4,0,0,0.978,0,0,0,0,0,0
exact,CSDVRP-S-n10-s2,S,10,2,base,VNS,4,,5,386.2368,436.4179,383.4745,2.7622,0.0,5.0,5.015,14668,3,0,0,0.9893,0,0,0,0,0,0
exact,CSDVRP-S-n6-s4,S,6,4,base,DRL-ALNS,2,3,5,307.1905,316.7228,305.135,2.0555,0.0,5.0,5.108,6718,3,0,0,0.906,0,0,0,0,0,0
main,CSDVRP-L-n75-s1,L,75,1,base,ALNS+,8,,25,2171.1137,2408.8056,2058.067,8.0468,105.0,25.0,25.085,1032,23,5,7,1.0,0,0,0,0,0,0
exact,CSDVRP-S-n10-s5,S,10,5,base,Random-9,3,,5,454.5993,485.8354,450.6688,3.9305,0.0,5.0,5.066,13329,3,0,0,0.956,0,0,0,0,0,0
exact,CSDVRP-S-n8-s2,S,8,2,base,ALNS+,8,,5,344.8888,398.3755,342.4078,2.481,0.0,5.0,5.03,17856,3,0,0,0.8753,0,0,0,0,0,0
main,CSDVRP-L-n100-s0,L,100,0,base,Marginal-9,2,3,35,3077.8666,3458.8862,3033.1437,14.7229,30.0,35.016,35.128,722,31,1,2,1.0,0,0,0,0,0,0
main,CSDVRP-M-n30-s1,M,30,1,base,DRL-ALNS,3,4,10,1049.5384,1231.1888,1030.777,3.7614,15.0,10.0,10.072,3323,10,1,1,1.0,0,0,0,0,0,0
case,CSDVRP-CS-Riyadh,case,30,0,base,Random-9,1,,30,420.8407,711.0291,415.2538,5.5869,0.0,30.0,30.111,12672,4,0,0,0.982,0,0,0,0,0,0
exact,CSDVRP-S-n6-s4,S,6,4,base,Fixed-small,2,,5,307.3738,316.7228,305.135,2.2389,0.0,5.0,5.038,19959,3,0,0,0.906,0,0,0,0,0,0
main,CSDVRP-M-n50-s4,M,50,4,base,Fixed-small,5,,15,1668.8881,1919.2804,1662.1301,6.758,0.0,15.0,15.062,3133,16,0,0,0.984,0,0,0,0,0,0
main,CSDVRP-M-n30-s5,M,30,5,base,ALNS+,6,,10,1127.0222,1247.2838,1092.2244,4.7978,30.0,10.0,10.09,4760,10,1,2,1.0,0,0,0,0,0,0
main,CSDVRP-S-n20-s4,S,20,4,base,DRL-VNS,2,3,6,719.4697,798.0501,715.5041,3.9656,0.0,6.0,6.042,3781,7,0,0,0.986,0,0,0,0,0,0
exact,CSDVRP-S-n6-s5,S,6,5,base,Roulette-9,5,,5,347.3173,347.7063,345.0582,2.2591,0.0,5.0,5.045,23139,3,0,0,0.9907,0,0,0,0,0,0
exact,CSDVRP-S-n6-s5,S,6,5,base,VNS,2,,5,347.3173,347.7063,345.0582,2.2591,0.0,5.0,5.031,19796,3,0,0,0.9907,0,0,0,0,0,0
exact,CSDVRP-S-n10-s1,S,10,1,base,ALNS+,3,,5,394.7924,479.2322,392.2685,2.5239,0.0,5.0,5.108,12062,4,0,0,0.9253,0,0,0,0,0,0
main,CSDVRP-M-n30-s1,M,30,1,base,Fixed-small,8,,10,1049.547,1231.1888,1030.777,3.77,15.0,10.0,10.061,4738,10,1,1,1.0,0,0,0,0,0,0
main,CSDVRP-M-n50-s5,M,50,5,base,Random-9,5,,15,1644.2216,1904.3598,1637.0455,7.176,0.0,15.0,15.046,1839,16,0,0,0.9985,0,0,0,0,0,0
main,CSDVRP-M-n50-s0,M,50,0,base,DRL-ALNS,2,3,15,1759.2681,1986.2853,1705.7725,8.4956,45.0,15.0,15.092,1502,16,3,3,1.0,0,0,0,0,0,0
main,CSDVRP-S-n15-s0,S,15,0,base,VNS,0,,5,622.621,666.3141,603.3505,4.2704,15.0,5.0,5.028,6184,5,1,1,1.0,0,0,0,0,0,0
exact,CSDVRP-S-n8-s1,S,8,1,base,VNS-9,4,,5,335.8429,376.3954,333.6723,2.1706,0.0,5.0,5.014,18701,3,0,0,0.9073,0,0,0,0,0,0
main,CSDVRP-L-n100-s0,L,100,0,base,VNS,3,,35,3082.5169,3458.8862,3068.3938,14.1231,0.0,35.0,35.184,896,31,0,0,0.9988,0,0,0,0,0,0
main,CSDVRP-M-n50-s2,M,50,2,base,Random-9,3,,15,1471.7108,1677.4231,1465.5918,6.119,0.0,15.0,15.097,2037,16,0,0,0.9985,0,0,0,0,0,0
main,CSDVRP-L-n75-s2,L,75,2,base,Marginal-9,5,1,25,2101.4506,2442.0216,2092.1665,9.2841,0.0,25.0,25.096,1136,22,0,0,0.9916,0,0,0,0,0,0
main,CSDVRP-L-n75-s3,L,75,3,base,DRL-ALNS,6,2,25,2178.1673,2332.9982,2167.71,10.4573,0.0,25.0,25.146,997,23,0,0,0.9996,0,0,0,0,0,0
exact,CSDVRP-S-n12-s3,S,12,3,base,VNS-9,3,,5,522.4878,589.3086,503.6872,3.8005,15.0,5.0,5.026,12396,4,1,1,1.0,0,0,0,0,0,0
exact,CSDVRP-S-n6-s3,S,6,3,base,VNS,9,,5,230.2731,253.5784,228.5871,1.686,0.0,5.0,5.029,29075,2,0,0,0.9873,0,0,0,0,0,0
exact,CSDVRP-S-n8-s2,S,8,2,base,VNS-9,1,,5,344.8888,398.3755,342.4078,2.481,0.0,5.0,5.062,17675,3,0,0,0.8753,0,0,0,0,0,0
main,CSDVRP-XL-n150-s5,XL,150,5,base,DRL-VNS,2,3,50,3940.1985,4291.4727,3924.4738,15.7247,0.0,50.016,50.227,1614,46,0,0,0.9993,0,0,0,0,0,0
main,CSDVRP-S-n15-s0,S,15,0,base,DRL-ALNS,0,1,5,624.0465,666.3141,603.6481,5.3984,15.0,5.0,5.033,4229,5,1,1,1.0,0,0,0,0,0,0
main,CSDVRP-S-n15-s3,S,15,3,base,DRL-ALNS,8,4,5,613.8541,692.2972,595.8443,3.0098,15.0,5.0,4.997,4653,5,1,1,1.0,0,0,0,0,0,0
main,CSDVRP-L-n75-s5,L,75,5,base,VNS,5,,25,2102.0086,2327.4464,2094.4475,7.5611,0.0,25.0,25.237,1812,23,0,0,0.9904,0,0,0,0,0,0
main,CSDVRP-M-n30-s3,M,30,3,base,VNS-9,8,,10,969.1696,1099.7766,965.9069,3.2627,0.0,10.0,10.06,3856,10,0,0,0.988,0,0,0,0,0,0
main,CSDVRP-L-n75-s4,L,75,4,base,Fixed-small,8,,25,2214.603,2460.454,2193.1008,6.5022,15.0,25.0,25.142,2059,24,1,1,1.0,0,0,0,0,0,0
main,CSDVRP-S-n20-s3,S,20,3,base,Roulette-9,5,,6,691.2399,797.0264,687.1116,4.1284,0.0,6.0,6.022,5146,7,0,0,0.9707,0,0,0,0,0,0
main,CSDVRP-M-n30-s5,M,30,5,base,Fixed-small,8,,10,1124.8813,1247.2838,1089.1217,5.7596,30.0,10.0,10.03,5453,10,1,2,1.0,0,0,0,0,0,0
main,CSDVRP-L-n100-s5,L,100,5,base,Fixed-small,5,,35,2673.928,3154.3549,2572.1366,11.7914,90.0,35.031,35.285,1350,30,4,6,1.0,0,0,0,0,0,0
main,CSDVRP-L-n100-s5,L,100,5,base,Roulette-9,5,,35,2584.967,3154.3549,2558.3161,11.6509,15.0,35.0,35.175,777,30,1,1,1.0,0,0,0,0,0,0
main,CSDVRP-M-n50-s1,M,50,1,base,ALNS+,3,,15,1538.3992,1718.5004,1487.1161,6.2831,45.0,15.0,15.16,2015,15,3,3,1.0,0,0,0,0,0,0
main,CSDVRP-S-n20-s0,S,20,0,base,Fixed-small,1,,6,784.7513,835.2978,781.7371,3.0142,0.0,6.0,6.029,6116,8,0,0,0.9987,0,0,0,0,0,0
exact,CSDVRP-S-n10-s3,S,10,3,base,Roulette-9,2,,5,398.3934,456.2198,394.9219,3.4715,0.0,5.0,5.012,14865,3,0,0,0.9427,0,0,0,0,0,0
main,CSDVRP-M-n30-s0,M,30,0,base,Roulette-9,3,,10,1092.964,1303.6377,1089.1614,3.8025,0.0,10.0,10.047,4124,11,0,0,0.997,0,0,0,0,0,0
main,CSDVRP-S-n15-s5,S,15,5,base,ALNS+,5,,5,666.5148,800.4223,662.7682,3.7467,0.0,5.0,4.997,9549,5,0,0,0.9993,0,0,0,0,0,0
exact,CSDVRP-S-n6-s4,S,6,4,base,Fixed-small,3,,5,307.3738,316.7228,305.135,2.2389,0.0,5.0,5.013,20700,3,0,0,0.906,0,0,0,0,0,0
main,CSDVRP-L-n100-s0,L,100,0,base,DRL-ALNS,9,5,35,3292.6396,3458.8862,3277.5151,15.1246,0.0,35.078,35.228,475,35,0,0,0.996,0,0,0,0,0,0
main,CSDVRP-L-n75-s3,L,75,3,base,DRL-VNS,0,1,25,2085.3064,2332.9982,2077.4496,7.8568,0.0,25.016,25.096,1152,24,0,0,0.9956,0,0,0,0,0,0
main,CSDVRP-M-n50-s0,M,50,0,base,VNS,8,,15,1705.1455,1986.2853,1698.6227,6.5228,0.0,15.0,15.092,3058,16,0,0,0.991,0,0,0,0,0,0
main,CSDVRP-S-n15-s5,S,15,5,base,Fixed-small,1,,5,668.1861,800.4223,664.0584,4.1277,0.0,5.0,5.012,9878,6,0,0,0.998,0,0,0,0,0,0
main,CSDVRP-M-n30-s2,M,30,2,base,DRL-ALNS,3,4,10,948.7289,1162.4183,944.8225,3.9065,0.0,10.0,10.0,3979,10,0,0,0.9865,0,0,0,0,0,0
main,CSDVRP-S-n20-s3,S,20,3,base,DRL-ALNS,5,1,6,690.5413,797.0264,671.6629,3.8783,15.0,6.0,6.029,3746,7,1,1,1.0,0,0,0,0,0,0
exact,CSDVRP-S-n10-s1,S,10,1,base,Marginal-9,4,5,5,394.7924,479.2322,392.2685,2.5239,0.0,5.0,5.044,9532,4,0,0,0.9253,0,0,0,0,0,0
exact,CSDVRP-S-n6-s2,S,6,2,base,VNS,2,,5,330.2083,334.9047,328.2873,1.921,0.0,5.0,5.046,17352,3,0,0,0.8567,0,0,0,0,0,0
main,CSDVRP-S-n20-s3,S,20,3,base,Marginal-9,8,4,6,691.2399,797.0264,687.1116,4.1284,0.0,6.0,6.028,5608,7,0,0,0.9707,0,0,0,0,0,0
main,CSDVRP-XL-n150-s3,XL,150,3,base,ALNS+,8,,50,3962.4413,4237.9876,3945.8214,16.6198,0.0,50.0,50.203,763,45,0,0,0.9953,0,0,0,0,0,0
exact,CSDVRP-S-n6-s1,S,6,1,base,Fixed-small,6,,5,341.7876,362.2464,340.1093,1.6783,0.0,5.0,5.027,23762,3,0,0,0.926,0,0,0,0,0,0
case,CSDVRP-CS-Riyadh,case,30,0,base,DRL-ALNS,9,5,30,416.3117,711.0291,411.6246,4.6871,0.0,30.0,30.358,11480,4,0,0,0.986,0,0,0,0,0,0
exact,CSDVRP-S-n10-s3,S,10,3,base,Roulette-9,9,,5,398.3934,456.2198,394.9219,3.4715,0.0,5.0,5.06,15096,3,0,0,0.9427,0,0,0,0,0,0
exact,CSDVRP-S-n10-s5,S,10,5,base,ALNS+,3,,5,454.5993,485.8354,450.6688,3.9305,0.0,5.0,5.015,14754,3,0,0,0.956,0,0,0,0,0,0
main,CSDVRP-S-n20-s1,S,20,1,base,VNS,0,,6,785.2664,908.0268,780.5879,4.6785,0.0,6.0,6.046,4545,7,0,0,0.9833,0,0,0,0,0,0
main,CSDVRP-L-n75-s2,L,75,2,base,ALNS+,7,,25,2251.5973,2442.0216,2241.6838,9.9135,0.0,25.016,25.318,936,26,0,0,0.9868,0,0,0,0,0,0
exact,CSDVRP-S-n12-s5,S,12,5,base,Random-9,4,,5,521.0601,535.5205,517.6832,3.3769,0.0,5.0,5.006,10584,4,0,0,0.978,0,0,0,0,0,0
main,CSDVRP-S-n15-s0,S,15,0,base,DRL-ALNS,3,4,5,623.6827,666.3141,603.7658,4.9169,15.0,5.0,5.015,4662,5,1,1,1.0,0,0,0,0,0,0
exact,CSDVRP-S-n8-s4,S,8,4,base,Marginal-9,6,2,5,359.1905,397.2233,357.0731,2.1174,0.0,5.0,5.013,17044,3,0,0,0.8793,0,0,0,0,0,0
